2025-09-02 20:50:08.931 +02:00 [INF] User profile is available. Using 'C:\Users\Usuario\AppData\Local\ASP.NET\DataProtection-Keys' as key repository and Windows DPAPI to encrypt keys at rest.
2025-09-02 20:50:09.585 +02:00 [INF] Now listening on: http://localhost:5088
2025-09-02 20:50:09.591 +02:00 [INF] Application started. Press Ctrl+C to shut down.
2025-09-02 20:50:09.592 +02:00 [INF] Hosting environment: Development
2025-09-02 20:50:09.593 +02:00 [INF] Content root path: D:\BearDevelopment\AutoAgent\autoagent_back\src\AutoAgentes.Api
2025-09-02 20:52:51.026 +02:00 [INF] Request starting HTTP/1.1 OPTIONS http://localhost:5088/agents/1e5ffb9e-fb28-4405-b82b-b4647aa5a865 - null null
2025-09-02 20:52:51.027 +02:00 [INF] Request starting HTTP/1.1 OPTIONS http://localhost:5088/agents/1e5ffb9e-fb28-4405-b82b-b4647aa5a865/bindings - null null
2025-09-02 20:52:51.341 +02:00 [INF] CORS policy execution successful.
2025-09-02 20:52:51.341 +02:00 [INF] CORS policy execution successful.
2025-09-02 20:52:51.371 +02:00 [INF] Request finished HTTP/1.1 OPTIONS http://localhost:5088/agents/1e5ffb9e-fb28-4405-b82b-b4647aa5a865 - 204 null null 380.2092ms
2025-09-02 20:52:51.371 +02:00 [INF] Request finished HTTP/1.1 OPTIONS http://localhost:5088/agents/1e5ffb9e-fb28-4405-b82b-b4647aa5a865/bindings - 204 null null 383.6677ms
2025-09-02 20:52:54.578 +02:00 [INF] Request starting HTTP/1.1 OPTIONS http://localhost:5088/agents/1e5ffb9e-fb28-4405-b82b-b4647aa5a865 - null null
2025-09-02 20:52:54.578 +02:00 [INF] Request starting HTTP/1.1 OPTIONS http://localhost:5088/agents/1e5ffb9e-fb28-4405-b82b-b4647aa5a865/bindings - null null
2025-09-02 20:52:54.593 +02:00 [INF] CORS policy execution successful.
2025-09-02 20:52:54.595 +02:00 [INF] CORS policy execution successful.
2025-09-02 20:52:54.601 +02:00 [INF] Request finished HTTP/1.1 OPTIONS http://localhost:5088/agents/1e5ffb9e-fb28-4405-b82b-b4647aa5a865 - 204 null null 23.3467ms
2025-09-02 20:52:54.605 +02:00 [INF] Request finished HTTP/1.1 OPTIONS http://localhost:5088/agents/1e5ffb9e-fb28-4405-b82b-b4647aa5a865/bindings - 204 null null 27.2918ms
2025-09-02 20:52:54.613 +02:00 [INF] Request starting HTTP/1.1 GET http://localhost:5088/agents/1e5ffb9e-fb28-4405-b82b-b4647aa5a865 - application/json null
2025-09-02 20:52:54.618 +02:00 [INF] Request starting HTTP/1.1 GET http://localhost:5088/agents/1e5ffb9e-fb28-4405-b82b-b4647aa5a865/bindings - application/json null
2025-09-02 20:52:54.635 +02:00 [INF] CORS policy execution successful.
2025-09-02 20:52:54.635 +02:00 [INF] CORS policy execution successful.
2025-09-02 20:52:54.669 +02:00 [INF] Executing endpoint 'HTTP: GET /agents/{id:guid}'
2025-09-02 20:52:54.669 +02:00 [INF] Executing endpoint 'HTTP: GET /agents/{id:guid}/bindings'
2025-09-02 20:52:57.232 +02:00 [INF] Executed DbCommand (17ms) [Parameters=[@__p_0='?' (DbType = Guid)], CommandType='"Text"', CommandTimeout='30']
SELECT "a"."Id", "a"."Autonomy", "a"."CreatedUtc", "a"."GuardrailsJson", "a"."Name", "a"."ParamsJson", "a"."Provider", "a"."SystemPrompt", "a"."Temperature", "a"."TemplateRef", "a"."TokenBudget", "a"."ToolBudget", "a"."TopP", "a"."UpdatedUtc"
FROM "Agents" AS "a"
WHERE "a"."Id" = @__p_0
LIMIT 1
2025-09-02 20:52:57.236 +02:00 [INF] Executed DbCommand (29ms) [Parameters=[@__agentId_0='?' (DbType = Guid)], CommandType='"Text"', CommandTimeout='30']
SELECT "a"."Id", "a"."AgentId", "a"."ConfigJson", "a"."Enabled", "a"."ToolId"
FROM "AgentToolBindings" AS "a"
WHERE "a"."AgentId" = @__agentId_0
2025-09-02 20:52:57.344 +02:00 [INF] Setting HTTP status code 200.
2025-09-02 20:52:57.344 +02:00 [INF] Setting HTTP status code 200.
2025-09-02 20:52:57.366 +02:00 [INF] Writing value of type 'AgentResponse' as Json.
2025-09-02 20:52:57.368 +02:00 [INF] Writing value of type 'List`1' as Json.
2025-09-02 20:52:57.396 +02:00 [INF] Executed endpoint 'HTTP: GET /agents/{id:guid}'
2025-09-02 20:52:57.398 +02:00 [INF] Executed endpoint 'HTTP: GET /agents/{id:guid}/bindings'
2025-09-02 20:52:57.416 +02:00 [INF] Request finished HTTP/1.1 GET http://localhost:5088/agents/1e5ffb9e-fb28-4405-b82b-b4647aa5a865/bindings - 200 null application/json; charset=utf-8 2798.5744ms
2025-09-02 20:52:57.416 +02:00 [INF] Request finished HTTP/1.1 GET http://localhost:5088/agents/1e5ffb9e-fb28-4405-b82b-b4647aa5a865 - 200 null application/json; charset=utf-8 2803.4129ms
2025-09-02 20:52:57.466 +02:00 [INF] Request starting HTTP/1.1 GET http://localhost:5088/swagger/v1/swagger.json - null null
2025-09-02 20:52:57.493 +02:00 [INF] No action descriptors found. This may indicate an incorrectly configured application or missing application parts. To learn more, visit https://aka.ms/aspnet/mvc/app-parts
2025-09-02 20:52:57.695 +02:00 [INF] Request finished HTTP/1.1 GET http://localhost:5088/swagger/v1/swagger.json - 200 null application/json;charset=utf-8 229.944ms
2025-09-02 20:52:58.474 +02:00 [INF] Request starting HTTP/1.1 OPTIONS http://localhost:5088/agents/57625e22-774b-470d-8ba6-785bc04f15f5 - null null
2025-09-02 20:52:58.474 +02:00 [INF] Request starting HTTP/1.1 OPTIONS http://localhost:5088/agents/57625e22-774b-470d-8ba6-785bc04f15f5/bindings - null null
2025-09-02 20:52:58.481 +02:00 [INF] CORS policy execution successful.
2025-09-02 20:52:58.488 +02:00 [INF] CORS policy execution successful.
2025-09-02 20:52:58.493 +02:00 [INF] Request finished HTTP/1.1 OPTIONS http://localhost:5088/agents/57625e22-774b-470d-8ba6-785bc04f15f5 - 204 null null 19.8784ms
2025-09-02 20:52:58.498 +02:00 [INF] Request finished HTTP/1.1 OPTIONS http://localhost:5088/agents/57625e22-774b-470d-8ba6-785bc04f15f5/bindings - 204 null null 24.7758ms
2025-09-02 20:53:00.306 +02:00 [INF] Request starting HTTP/1.1 OPTIONS http://localhost:5088/sessions - null null
2025-09-02 20:53:00.314 +02:00 [INF] CORS policy execution successful.
2025-09-02 20:53:00.318 +02:00 [INF] Request finished HTTP/1.1 OPTIONS http://localhost:5088/sessions - 204 null null 12.42ms
2025-09-02 20:53:00.324 +02:00 [INF] Request starting HTTP/1.1 POST http://localhost:5088/sessions - application/json 50
2025-09-02 20:53:00.331 +02:00 [INF] CORS policy execution successful.
2025-09-02 20:53:00.340 +02:00 [INF] Executing endpoint 'HTTP: POST /sessions/'
2025-09-02 20:53:00.451 +02:00 [INF] Executed DbCommand (1ms) [Parameters=[@__p_0='?' (DbType = Guid)], CommandType='"Text"', CommandTimeout='30']
SELECT "a"."Id", "a"."Autonomy", "a"."CreatedUtc", "a"."GuardrailsJson", "a"."Name", "a"."ParamsJson", "a"."Provider", "a"."SystemPrompt", "a"."Temperature", "a"."TemplateRef", "a"."TokenBudget", "a"."ToolBudget", "a"."TopP", "a"."UpdatedUtc"
FROM "Agents" AS "a"
WHERE "a"."Id" = @__p_0
LIMIT 1
2025-09-02 20:53:00.690 +02:00 [INF] Executed DbCommand (12ms) [Parameters=[@p0='?' (DbType = Guid), @p1='?' (DbType = Guid), @p2='?' (DbType = DateTime), @p3='?' (DbType = Int32), @p4='?' (DbType = DateTime), @p5='?' (Size = 7), @p6='?'], CommandType='"Text"', CommandTimeout='30']
INSERT INTO "Sessions" ("Id", "AgentId", "EndedUtc", "LastEventIdx", "StartedUtc", "Status", "UserId")
VALUES (@p0, @p1, @p2, @p3, @p4, @p5, @p6);
2025-09-02 20:53:00.706 +02:00 [INF] Setting HTTP status code 201.
2025-09-02 20:53:00.715 +02:00 [INF] Writing value of type 'SessionCreatedResponse' as Json.
2025-09-02 20:53:00.723 +02:00 [INF] Executed endpoint 'HTTP: POST /sessions/'
2025-09-02 20:53:00.731 +02:00 [INF] Request finished HTTP/1.1 POST http://localhost:5088/sessions - 201 null application/json; charset=utf-8 407.6587ms
2025-09-02 20:53:00.764 +02:00 [INF] Request starting HTTP/1.1 OPTIONS http://localhost:5088/hubs/trace/negotiate?negotiateVersion=1 - null null
2025-09-02 20:53:00.771 +02:00 [INF] CORS policy execution successful.
2025-09-02 20:53:00.778 +02:00 [INF] Request finished HTTP/1.1 OPTIONS http://localhost:5088/hubs/trace/negotiate?negotiateVersion=1 - 204 null null 15.2399ms
2025-09-02 20:53:00.782 +02:00 [INF] Request starting HTTP/1.1 POST http://localhost:5088/hubs/trace/negotiate?negotiateVersion=1 - null 0
2025-09-02 20:53:00.794 +02:00 [INF] CORS policy execution successful.
2025-09-02 20:53:00.806 +02:00 [INF] ApiKey was not authenticated. Failure message: Missing API key
2025-09-02 20:53:00.811 +02:00 [INF] Executing endpoint '/hubs/trace/negotiate'
2025-09-02 20:53:00.829 +02:00 [INF] Executed endpoint '/hubs/trace/negotiate'
2025-09-02 20:53:00.835 +02:00 [INF] Request finished HTTP/1.1 POST http://localhost:5088/hubs/trace/negotiate?negotiateVersion=1 - 200 316 application/json 53.4731ms
2025-09-02 20:53:00.837 +02:00 [INF] Request starting HTTP/1.1 GET http://localhost:5088/hubs/trace?id=tPdcU5k3NcNZL42AcE0SOA - null null
2025-09-02 20:53:00.849 +02:00 [INF] CORS policy execution successful.
2025-09-02 20:53:00.855 +02:00 [INF] ApiKey was not authenticated. Failure message: Missing API key
2025-09-02 20:53:00.862 +02:00 [INF] Executing endpoint '/hubs/trace'
2025-09-02 20:53:03.478 +02:00 [INF] Request starting HTTP/1.1 OPTIONS http://localhost:5088/sessions/f2bd4713-32ce-489c-9f03-9bc78e92f179/messages - null null
2025-09-02 20:53:03.486 +02:00 [INF] CORS policy execution successful.
2025-09-02 20:53:03.491 +02:00 [INF] Request finished HTTP/1.1 OPTIONS http://localhost:5088/sessions/f2bd4713-32ce-489c-9f03-9bc78e92f179/messages - 204 null null 12.9562ms
2025-09-02 20:53:03.498 +02:00 [INF] Request starting HTTP/1.1 POST http://localhost:5088/sessions/f2bd4713-32ce-489c-9f03-9bc78e92f179/messages - application/json 18
2025-09-02 20:53:03.504 +02:00 [INF] CORS policy execution successful.
2025-09-02 20:53:03.509 +02:00 [INF] Executing endpoint 'HTTP: POST /sessions/{id:guid}/messages'
2025-09-02 20:53:03.527 +02:00 [INF] Executed DbCommand (0ms) [Parameters=[@__p_0='?' (DbType = Guid)], CommandType='"Text"', CommandTimeout='30']
SELECT "s"."Id", "s"."AgentId", "s"."EndedUtc", "s"."LastEventIdx", "s"."StartedUtc", "s"."Status", "s"."UserId"
FROM "Sessions" AS "s"
WHERE "s"."Id" = @__p_0
LIMIT 1
2025-09-02 20:53:03.573 +02:00 [INF] Executed DbCommand (18ms) [Parameters=[@p0='?' (DbType = Guid), @p1='?' (Size = 4), @p2='?' (DbType = DateTime), @p3='?', @p4='?' (Size = 4), @p5='?' (DbType = Guid), @p6='?'], CommandType='"Text"', CommandTimeout='30']
INSERT INTO "Messages" ("Id", "Content", "CreatedUtc", "Kind", "Role", "SessionId", "TokenUsageJson")
VALUES (@p0, @p1, @p2, @p3, @p4, @p5, @p6);
2025-09-02 20:53:03.591 +02:00 [INF] Setting HTTP status code 202.
2025-09-02 20:53:03.595 +02:00 [INF] Executed DbCommand (1ms) [Parameters=[@__p_0='?' (DbType = Guid)], CommandType='"Text"', CommandTimeout='30']
SELECT "a"."Id", "a"."Autonomy", "a"."CreatedUtc", "a"."GuardrailsJson", "a"."Name", "a"."ParamsJson", "a"."Provider", "a"."SystemPrompt", "a"."Temperature", "a"."TemplateRef", "a"."TokenBudget", "a"."ToolBudget", "a"."TopP", "a"."UpdatedUtc"
FROM "Agents" AS "a"
WHERE "a"."Id" = @__p_0
LIMIT 1
2025-09-02 20:53:03.599 +02:00 [INF] Writing value of type 'AcceptedResponse' as Json.
2025-09-02 20:53:03.608 +02:00 [INF] Executed endpoint 'HTTP: POST /sessions/{id:guid}/messages'
2025-09-02 20:53:03.613 +02:00 [INF] Request finished HTTP/1.1 POST http://localhost:5088/sessions/f2bd4713-32ce-489c-9f03-9bc78e92f179/messages - 202 null application/json; charset=utf-8 115.366ms
2025-09-02 20:53:03.777 +02:00 [INF] Executed DbCommand (7ms) [Parameters=[@p0='?' (DbType = Guid), @p1='?' (Size = 4), @p2='?' (DbType = DateTime), @p3='?', @p4='?' (Size = 4), @p5='?' (DbType = Guid), @p6='?'], CommandType='"Text"', CommandTimeout='30']
INSERT INTO "Messages" ("Id", "Content", "CreatedUtc", "Kind", "Role", "SessionId", "TokenUsageJson")
VALUES (@p0, @p1, @p2, @p3, @p4, @p5, @p6);
2025-09-02 20:53:04.419 +02:00 [INF] Executed DbCommand (1ms) [Parameters=[@__agentId_0='?' (DbType = Guid)], CommandType='"Text"', CommandTimeout='30']
SELECT "a"."Id", "a"."AgentId", "a"."ConfigJson", "a"."Enabled", "a"."ToolId", "t"."Id", "t"."Description", "t"."Enabled", "t"."InputSchemaJson", "t"."McpServerId", "t"."Name", "t"."Scope", "m"."Id", "m"."AuthType", "m"."BaseUrl", "m"."LastSeenUtc", "m"."MetadataJson", "m"."Name", "m"."Status"
FROM "AgentToolBindings" AS "a"
INNER JOIN "Tools" AS "t" ON "a"."ToolId" = "t"."Id"
INNER JOIN "McpServers" AS "m" ON "t"."McpServerId" = "m"."Id"
WHERE "a"."AgentId" = @__agentId_0 AND "a"."Enabled"
2025-09-02 20:53:04.617 +02:00 [INF] Executed DbCommand (1ms) [Parameters=[@__sessionId_0='?' (DbType = Guid), @__kind_1='?' (Size = 11), @__p_2='?' (DbType = Int32)], CommandType='"Text"', CommandTimeout='30']
SELECT "m"."Id", "m"."Content", "m"."CreatedUtc", "m"."Kind", "m"."Role", "m"."SessionId", "m"."TokenUsageJson"
FROM "Messages" AS "m"
WHERE "m"."SessionId" = @__sessionId_0 AND "m"."Kind" = @__kind_1
ORDER BY "m"."CreatedUtc" DESC
LIMIT @__p_2
2025-09-02 20:53:04.647 +02:00 [INF] Executed DbCommand (1ms) [Parameters=[@__sessionId_0='?' (DbType = Guid), @__p_1='?' (DbType = Int32)], CommandType='"Text"', CommandTimeout='30']
SELECT "m"."Id", "m"."Content", "m"."CreatedUtc", "m"."Kind", "m"."Role", "m"."SessionId", "m"."TokenUsageJson"
FROM "Messages" AS "m"
WHERE "m"."SessionId" = @__sessionId_0
ORDER BY "m"."CreatedUtc" DESC
LIMIT @__p_1
2025-09-02 20:53:05.356 +02:00 [INF] Executed DbCommand (0ms) [Parameters=[@__agentId_0='?' (DbType = Guid)], CommandType='"Text"', CommandTimeout='30']
SELECT "a"."Id", "a"."AgentId", "a"."ConfigJson", "a"."Enabled", "a"."ToolId", "t"."Id", "t"."Description", "t"."Enabled", "t"."InputSchemaJson", "t"."McpServerId", "t"."Name", "t"."Scope", "m"."Id", "m"."AuthType", "m"."BaseUrl", "m"."LastSeenUtc", "m"."MetadataJson", "m"."Name", "m"."Status"
FROM "AgentToolBindings" AS "a"
INNER JOIN "Tools" AS "t" ON "a"."ToolId" = "t"."Id"
INNER JOIN "McpServers" AS "m" ON "t"."McpServerId" = "m"."Id"
WHERE "a"."AgentId" = @__agentId_0 AND "a"."Enabled"
2025-09-02 20:53:06.661 +02:00 [INF] Executed DbCommand (0ms) [Parameters=[@__agentId_0='?' (DbType = Guid)], CommandType='"Text"', CommandTimeout='30']
SELECT "a"."Id", "a"."AgentId", "a"."ConfigJson", "a"."Enabled", "a"."ToolId", "t"."Id", "t"."Description", "t"."Enabled", "t"."InputSchemaJson", "t"."McpServerId", "t"."Name", "t"."Scope", "m"."Id", "m"."AuthType", "m"."BaseUrl", "m"."LastSeenUtc", "m"."MetadataJson", "m"."Name", "m"."Status"
FROM "AgentToolBindings" AS "a"
INNER JOIN "Tools" AS "t" ON "a"."ToolId" = "t"."Id"
INNER JOIN "McpServers" AS "m" ON "t"."McpServerId" = "m"."Id"
WHERE "a"."AgentId" = @__agentId_0 AND "a"."Enabled"
2025-09-02 20:53:06.676 +02:00 [INF] Executed DbCommand (0ms) [Parameters=[@__agentId_0='?' (DbType = Guid)], CommandType='"Text"', CommandTimeout='30']
SELECT "a"."Id", "a"."AgentId", "a"."ConfigJson", "a"."Enabled", "a"."ToolId", "t"."Id", "t"."Description", "t"."Enabled", "t"."InputSchemaJson", "t"."McpServerId", "t"."Name", "t"."Scope", "m"."Id", "m"."AuthType", "m"."BaseUrl", "m"."LastSeenUtc", "m"."MetadataJson", "m"."Name", "m"."Status"
FROM "AgentToolBindings" AS "a"
INNER JOIN "Tools" AS "t" ON "a"."ToolId" = "t"."Id"
INNER JOIN "McpServers" AS "m" ON "t"."McpServerId" = "m"."Id"
WHERE "a"."AgentId" = @__agentId_0 AND "a"."Enabled"
2025-09-02 20:53:07.232 +02:00 [INF] Executed DbCommand (1ms) [Parameters=[], CommandType='"Text"', CommandTimeout='30']
SELECT "m"."Id", "m"."AuthType", "m"."BaseUrl", "m"."LastSeenUtc", "m"."MetadataJson", "m"."Name", "m"."Status"
FROM "McpServers" AS "m"
ORDER BY "m"."LastSeenUtc"
2025-09-02 20:53:07.240 +02:00 [INF] Conectando a MCP WebSocket: ws://localhost:8970/ws
2025-09-02 20:53:08.251 +02:00 [INF] Executed DbCommand (1ms) [Parameters=[@__agentId_0='?' (DbType = Guid)], CommandType='"Text"', CommandTimeout='30']
SELECT "a"."Id", "a"."AgentId", "a"."ConfigJson", "a"."Enabled", "a"."ToolId", "t"."Id", "t"."Description", "t"."Enabled", "t"."InputSchemaJson", "t"."McpServerId", "t"."Name", "t"."Scope", "m"."Id", "m"."AuthType", "m"."BaseUrl", "m"."LastSeenUtc", "m"."MetadataJson", "m"."Name", "m"."Status"
FROM "AgentToolBindings" AS "a"
INNER JOIN "Tools" AS "t" ON "a"."ToolId" = "t"."Id"
INNER JOIN "McpServers" AS "m" ON "t"."McpServerId" = "m"."Id"
WHERE "a"."AgentId" = @__agentId_0 AND "a"."Enabled"
2025-09-02 20:53:10.952 +02:00 [INF] Executed DbCommand (19ms) [Parameters=[@p0='?' (DbType = Guid), @p1='?' (Size = 51), @p2='?' (DbType = DateTime), @p3='?' (Size = 11), @p4='?' (Size = 9), @p5='?' (DbType = Guid), @p6='?'], CommandType='"Text"', CommandTimeout='30']
INSERT INTO "Messages" ("Id", "Content", "CreatedUtc", "Kind", "Role", "SessionId", "TokenUsageJson")
VALUES (@p0, @p1, @p2, @p3, @p4, @p5, @p6);
2025-09-02 20:53:10.970 +02:00 [INF] Executed DbCommand (1ms) [Parameters=[@__sessionId_0='?' (DbType = Guid), @__p_1='?' (DbType = Int32)], CommandType='"Text"', CommandTimeout='30']
SELECT "m"."Id", "m"."Content", "m"."CreatedUtc", "m"."Kind", "m"."Role", "m"."SessionId", "m"."TokenUsageJson"
FROM "Messages" AS "m"
WHERE "m"."SessionId" = @__sessionId_0
ORDER BY "m"."CreatedUtc" DESC
LIMIT @__p_1
2025-09-02 20:53:11.304 +02:00 [INF] Executed DbCommand (18ms) [Parameters=[@p0='?' (DbType = Guid), @p1='?' (Size = 32), @p2='?' (DbType = DateTime), @p3='?', @p4='?' (Size = 9), @p5='?' (DbType = Guid), @p6='?'], CommandType='"Text"', CommandTimeout='30']
INSERT INTO "Messages" ("Id", "Content", "CreatedUtc", "Kind", "Role", "SessionId", "TokenUsageJson")
VALUES (@p0, @p1, @p2, @p3, @p4, @p5, @p6);
2025-09-02 20:53:11.324 +02:00 [INF] Executed DbCommand (9ms) [Parameters=[@p0='?' (DbType = Guid), @p1='?' (Size = 32), @p2='?' (DbType = DateTime), @p3='?', @p4='?' (Size = 9), @p5='?' (DbType = Guid), @p6='?'], CommandType='"Text"', CommandTimeout='30']
INSERT INTO "Messages" ("Id", "Content", "CreatedUtc", "Kind", "Role", "SessionId", "TokenUsageJson")
VALUES (@p0, @p1, @p2, @p3, @p4, @p5, @p6);
2025-09-02 20:53:22.348 +02:00 [INF] Request starting HTTP/1.1 OPTIONS http://localhost:5088/sessions/f2bd4713-32ce-489c-9f03-9bc78e92f179/messages - null null
2025-09-02 20:53:22.354 +02:00 [INF] CORS policy execution successful.
2025-09-02 20:53:22.358 +02:00 [INF] Request finished HTTP/1.1 OPTIONS http://localhost:5088/sessions/f2bd4713-32ce-489c-9f03-9bc78e92f179/messages - 204 null null 10.6426ms
2025-09-02 20:53:22.365 +02:00 [INF] Request starting HTTP/1.1 POST http://localhost:5088/sessions/f2bd4713-32ce-489c-9f03-9bc78e92f179/messages - application/json 28
2025-09-02 20:53:22.369 +02:00 [INF] CORS policy execution successful.
2025-09-02 20:53:22.374 +02:00 [INF] Executing endpoint 'HTTP: POST /sessions/{id:guid}/messages'
2025-09-02 20:53:22.381 +02:00 [INF] Executed DbCommand (0ms) [Parameters=[@__p_0='?' (DbType = Guid)], CommandType='"Text"', CommandTimeout='30']
SELECT "s"."Id", "s"."AgentId", "s"."EndedUtc", "s"."LastEventIdx", "s"."StartedUtc", "s"."Status", "s"."UserId"
FROM "Sessions" AS "s"
WHERE "s"."Id" = @__p_0
LIMIT 1
2025-09-02 20:53:22.406 +02:00 [INF] Executed DbCommand (18ms) [Parameters=[@p0='?' (DbType = Guid), @p1='?' (Size = 14), @p2='?' (DbType = DateTime), @p3='?', @p4='?' (Size = 4), @p5='?' (DbType = Guid), @p6='?'], CommandType='"Text"', CommandTimeout='30']
INSERT INTO "Messages" ("Id", "Content", "CreatedUtc", "Kind", "Role", "SessionId", "TokenUsageJson")
VALUES (@p0, @p1, @p2, @p3, @p4, @p5, @p6);
2025-09-02 20:53:22.415 +02:00 [INF] Setting HTTP status code 202.
2025-09-02 20:53:22.417 +02:00 [INF] Executed DbCommand (1ms) [Parameters=[@__p_0='?' (DbType = Guid)], CommandType='"Text"', CommandTimeout='30']
SELECT "a"."Id", "a"."Autonomy", "a"."CreatedUtc", "a"."GuardrailsJson", "a"."Name", "a"."ParamsJson", "a"."Provider", "a"."SystemPrompt", "a"."Temperature", "a"."TemplateRef", "a"."TokenBudget", "a"."ToolBudget", "a"."TopP", "a"."UpdatedUtc"
FROM "Agents" AS "a"
WHERE "a"."Id" = @__p_0
LIMIT 1
2025-09-02 20:53:22.422 +02:00 [INF] Writing value of type 'AcceptedResponse' as Json.
2025-09-02 20:53:22.434 +02:00 [INF] Executed endpoint 'HTTP: POST /sessions/{id:guid}/messages'
2025-09-02 20:53:22.440 +02:00 [INF] Request finished HTTP/1.1 POST http://localhost:5088/sessions/f2bd4713-32ce-489c-9f03-9bc78e92f179/messages - 202 null application/json; charset=utf-8 75.432ms
2025-09-02 20:53:22.446 +02:00 [INF] Executed DbCommand (10ms) [Parameters=[@p0='?' (DbType = Guid), @p1='?' (Size = 14), @p2='?' (DbType = DateTime), @p3='?', @p4='?' (Size = 4), @p5='?' (DbType = Guid), @p6='?'], CommandType='"Text"', CommandTimeout='30']
INSERT INTO "Messages" ("Id", "Content", "CreatedUtc", "Kind", "Role", "SessionId", "TokenUsageJson")
VALUES (@p0, @p1, @p2, @p3, @p4, @p5, @p6);
2025-09-02 20:53:22.460 +02:00 [INF] Executed DbCommand (1ms) [Parameters=[@__agentId_0='?' (DbType = Guid)], CommandType='"Text"', CommandTimeout='30']
SELECT "a"."Id", "a"."AgentId", "a"."ConfigJson", "a"."Enabled", "a"."ToolId", "t"."Id", "t"."Description", "t"."Enabled", "t"."InputSchemaJson", "t"."McpServerId", "t"."Name", "t"."Scope", "m"."Id", "m"."AuthType", "m"."BaseUrl", "m"."LastSeenUtc", "m"."MetadataJson", "m"."Name", "m"."Status"
FROM "AgentToolBindings" AS "a"
INNER JOIN "Tools" AS "t" ON "a"."ToolId" = "t"."Id"
INNER JOIN "McpServers" AS "m" ON "t"."McpServerId" = "m"."Id"
WHERE "a"."AgentId" = @__agentId_0 AND "a"."Enabled"
2025-09-02 20:53:22.474 +02:00 [INF] Executed DbCommand (1ms) [Parameters=[@__sessionId_0='?' (DbType = Guid), @__kind_1='?' (Size = 11), @__p_2='?' (DbType = Int32)], CommandType='"Text"', CommandTimeout='30']
SELECT "m"."Id", "m"."Content", "m"."CreatedUtc", "m"."Kind", "m"."Role", "m"."SessionId", "m"."TokenUsageJson"
FROM "Messages" AS "m"
WHERE "m"."SessionId" = @__sessionId_0 AND "m"."Kind" = @__kind_1
ORDER BY "m"."CreatedUtc" DESC
LIMIT @__p_2
2025-09-02 20:53:22.497 +02:00 [INF] Executed DbCommand (1ms) [Parameters=[@__sessionId_0='?' (DbType = Guid), @__p_1='?' (DbType = Int32)], CommandType='"Text"', CommandTimeout='30']
SELECT "m"."Id", "m"."Content", "m"."CreatedUtc", "m"."Kind", "m"."Role", "m"."SessionId", "m"."TokenUsageJson"
FROM "Messages" AS "m"
WHERE "m"."SessionId" = @__sessionId_0
ORDER BY "m"."CreatedUtc" DESC
LIMIT @__p_1
2025-09-02 20:53:22.508 +02:00 [INF] Executed DbCommand (1ms) [Parameters=[@__agentId_0='?' (DbType = Guid)], CommandType='"Text"', CommandTimeout='30']
SELECT "a"."Id", "a"."AgentId", "a"."ConfigJson", "a"."Enabled", "a"."ToolId", "t"."Id", "t"."Description", "t"."Enabled", "t"."InputSchemaJson", "t"."McpServerId", "t"."Name", "t"."Scope", "m"."Id", "m"."AuthType", "m"."BaseUrl", "m"."LastSeenUtc", "m"."MetadataJson", "m"."Name", "m"."Status"
FROM "AgentToolBindings" AS "a"
INNER JOIN "Tools" AS "t" ON "a"."ToolId" = "t"."Id"
INNER JOIN "McpServers" AS "m" ON "t"."McpServerId" = "m"."Id"
WHERE "a"."AgentId" = @__agentId_0 AND "a"."Enabled"
2025-09-02 20:53:23.217 +02:00 [INF] Executed DbCommand (1ms) [Parameters=[@__agentId_0='?' (DbType = Guid)], CommandType='"Text"', CommandTimeout='30']
SELECT "a"."Id", "a"."AgentId", "a"."ConfigJson", "a"."Enabled", "a"."ToolId", "t"."Id", "t"."Description", "t"."Enabled", "t"."InputSchemaJson", "t"."McpServerId", "t"."Name", "t"."Scope", "m"."Id", "m"."AuthType", "m"."BaseUrl", "m"."LastSeenUtc", "m"."MetadataJson", "m"."Name", "m"."Status"
FROM "AgentToolBindings" AS "a"
INNER JOIN "Tools" AS "t" ON "a"."ToolId" = "t"."Id"
INNER JOIN "McpServers" AS "m" ON "t"."McpServerId" = "m"."Id"
WHERE "a"."AgentId" = @__agentId_0 AND "a"."Enabled"
2025-09-02 20:53:23.228 +02:00 [INF] Executed DbCommand (1ms) [Parameters=[@__agentId_0='?' (DbType = Guid)], CommandType='"Text"', CommandTimeout='30']
SELECT "a"."Id", "a"."AgentId", "a"."ConfigJson", "a"."Enabled", "a"."ToolId", "t"."Id", "t"."Description", "t"."Enabled", "t"."InputSchemaJson", "t"."McpServerId", "t"."Name", "t"."Scope", "m"."Id", "m"."AuthType", "m"."BaseUrl", "m"."LastSeenUtc", "m"."MetadataJson", "m"."Name", "m"."Status"
FROM "AgentToolBindings" AS "a"
INNER JOIN "Tools" AS "t" ON "a"."ToolId" = "t"."Id"
INNER JOIN "McpServers" AS "m" ON "t"."McpServerId" = "m"."Id"
WHERE "a"."AgentId" = @__agentId_0 AND "a"."Enabled"
2025-09-02 20:53:23.615 +02:00 [INF] Executed DbCommand (0ms) [Parameters=[], CommandType='"Text"', CommandTimeout='30']
SELECT "m"."Id", "m"."AuthType", "m"."BaseUrl", "m"."LastSeenUtc", "m"."MetadataJson", "m"."Name", "m"."Status"
FROM "McpServers" AS "m"
ORDER BY "m"."LastSeenUtc"
2025-09-02 20:53:23.623 +02:00 [INF] Conectando a MCP WebSocket: ws://localhost:8970/ws
2025-09-02 20:53:23.843 +02:00 [INF] Executed DbCommand (0ms) [Parameters=[@__agentId_0='?' (DbType = Guid)], CommandType='"Text"', CommandTimeout='30']
SELECT "a"."Id", "a"."AgentId", "a"."ConfigJson", "a"."Enabled", "a"."ToolId", "t"."Id", "t"."Description", "t"."Enabled", "t"."InputSchemaJson", "t"."McpServerId", "t"."Name", "t"."Scope", "m"."Id", "m"."AuthType", "m"."BaseUrl", "m"."LastSeenUtc", "m"."MetadataJson", "m"."Name", "m"."Status"
FROM "AgentToolBindings" AS "a"
INNER JOIN "Tools" AS "t" ON "a"."ToolId" = "t"."Id"
INNER JOIN "McpServers" AS "m" ON "t"."McpServerId" = "m"."Id"
WHERE "a"."AgentId" = @__agentId_0 AND "a"."Enabled"
2025-09-02 20:53:24.534 +02:00 [INF] Executed DbCommand (18ms) [Parameters=[@p0='?' (DbType = Guid), @p1='?' (Size = 48), @p2='?' (DbType = DateTime), @p3='?' (Size = 11), @p4='?' (Size = 9), @p5='?' (DbType = Guid), @p6='?'], CommandType='"Text"', CommandTimeout='30']
INSERT INTO "Messages" ("Id", "Content", "CreatedUtc", "Kind", "Role", "SessionId", "TokenUsageJson")
VALUES (@p0, @p1, @p2, @p3, @p4, @p5, @p6);
2025-09-02 20:53:24.543 +02:00 [INF] Executed DbCommand (0ms) [Parameters=[@__sessionId_0='?' (DbType = Guid), @__p_1='?' (DbType = Int32)], CommandType='"Text"', CommandTimeout='30']
SELECT "m"."Id", "m"."Content", "m"."CreatedUtc", "m"."Kind", "m"."Role", "m"."SessionId", "m"."TokenUsageJson"
FROM "Messages" AS "m"
WHERE "m"."SessionId" = @__sessionId_0
ORDER BY "m"."CreatedUtc" DESC
LIMIT @__p_1
2025-09-02 20:53:25.275 +02:00 [INF] Executed DbCommand (18ms) [Parameters=[@p0='?' (DbType = Guid), @p1='?' (Size = 40), @p2='?' (DbType = DateTime), @p3='?', @p4='?' (Size = 9), @p5='?' (DbType = Guid), @p6='?'], CommandType='"Text"', CommandTimeout='30']
INSERT INTO "Messages" ("Id", "Content", "CreatedUtc", "Kind", "Role", "SessionId", "TokenUsageJson")
VALUES (@p0, @p1, @p2, @p3, @p4, @p5, @p6);
2025-09-02 20:53:25.292 +02:00 [INF] Executed DbCommand (8ms) [Parameters=[@p0='?' (DbType = Guid), @p1='?' (Size = 40), @p2='?' (DbType = DateTime), @p3='?', @p4='?' (Size = 9), @p5='?' (DbType = Guid), @p6='?'], CommandType='"Text"', CommandTimeout='30']
INSERT INTO "Messages" ("Id", "Content", "CreatedUtc", "Kind", "Role", "SessionId", "TokenUsageJson")
VALUES (@p0, @p1, @p2, @p3, @p4, @p5, @p6);
2025-09-02 20:53:37.190 +02:00 [INF] Request starting HTTP/1.1 OPTIONS http://localhost:5088/sessions/f2bd4713-32ce-489c-9f03-9bc78e92f179/messages - null null
2025-09-02 20:53:37.199 +02:00 [INF] CORS policy execution successful.
2025-09-02 20:53:37.203 +02:00 [INF] Request finished HTTP/1.1 OPTIONS http://localhost:5088/sessions/f2bd4713-32ce-489c-9f03-9bc78e92f179/messages - 204 null null 13.8799ms
2025-09-02 20:53:37.208 +02:00 [INF] Request starting HTTP/1.1 POST http://localhost:5088/sessions/f2bd4713-32ce-489c-9f03-9bc78e92f179/messages - application/json 58
2025-09-02 20:53:37.213 +02:00 [INF] CORS policy execution successful.
2025-09-02 20:53:37.217 +02:00 [INF] Executing endpoint 'HTTP: POST /sessions/{id:guid}/messages'
2025-09-02 20:53:37.223 +02:00 [INF] Executed DbCommand (0ms) [Parameters=[@__p_0='?' (DbType = Guid)], CommandType='"Text"', CommandTimeout='30']
SELECT "s"."Id", "s"."AgentId", "s"."EndedUtc", "s"."LastEventIdx", "s"."StartedUtc", "s"."Status", "s"."UserId"
FROM "Sessions" AS "s"
WHERE "s"."Id" = @__p_0
LIMIT 1
2025-09-02 20:53:37.247 +02:00 [INF] Executed DbCommand (17ms) [Parameters=[@p0='?' (DbType = Guid), @p1='?' (Size = 44), @p2='?' (DbType = DateTime), @p3='?', @p4='?' (Size = 4), @p5='?' (DbType = Guid), @p6='?'], CommandType='"Text"', CommandTimeout='30']
INSERT INTO "Messages" ("Id", "Content", "CreatedUtc", "Kind", "Role", "SessionId", "TokenUsageJson")
VALUES (@p0, @p1, @p2, @p3, @p4, @p5, @p6);
2025-09-02 20:53:37.253 +02:00 [INF] Setting HTTP status code 202.
2025-09-02 20:53:37.255 +02:00 [INF] Executed DbCommand (1ms) [Parameters=[@__p_0='?' (DbType = Guid)], CommandType='"Text"', CommandTimeout='30']
SELECT "a"."Id", "a"."Autonomy", "a"."CreatedUtc", "a"."GuardrailsJson", "a"."Name", "a"."ParamsJson", "a"."Provider", "a"."SystemPrompt", "a"."Temperature", "a"."TemplateRef", "a"."TokenBudget", "a"."ToolBudget", "a"."TopP", "a"."UpdatedUtc"
FROM "Agents" AS "a"
WHERE "a"."Id" = @__p_0
LIMIT 1
2025-09-02 20:53:37.260 +02:00 [INF] Writing value of type 'AcceptedResponse' as Json.
2025-09-02 20:53:37.269 +02:00 [INF] Executed endpoint 'HTTP: POST /sessions/{id:guid}/messages'
2025-09-02 20:53:37.275 +02:00 [INF] Request finished HTTP/1.1 POST http://localhost:5088/sessions/f2bd4713-32ce-489c-9f03-9bc78e92f179/messages - 202 null application/json; charset=utf-8 67.101ms
2025-09-02 20:53:37.280 +02:00 [INF] Executed DbCommand (10ms) [Parameters=[@p0='?' (DbType = Guid), @p1='?' (Size = 44), @p2='?' (DbType = DateTime), @p3='?', @p4='?' (Size = 4), @p5='?' (DbType = Guid), @p6='?'], CommandType='"Text"', CommandTimeout='30']
INSERT INTO "Messages" ("Id", "Content", "CreatedUtc", "Kind", "Role", "SessionId", "TokenUsageJson")
VALUES (@p0, @p1, @p2, @p3, @p4, @p5, @p6);
2025-09-02 20:53:37.291 +02:00 [INF] Executed DbCommand (1ms) [Parameters=[@__agentId_0='?' (DbType = Guid)], CommandType='"Text"', CommandTimeout='30']
SELECT "a"."Id", "a"."AgentId", "a"."ConfigJson", "a"."Enabled", "a"."ToolId", "t"."Id", "t"."Description", "t"."Enabled", "t"."InputSchemaJson", "t"."McpServerId", "t"."Name", "t"."Scope", "m"."Id", "m"."AuthType", "m"."BaseUrl", "m"."LastSeenUtc", "m"."MetadataJson", "m"."Name", "m"."Status"
FROM "AgentToolBindings" AS "a"
INNER JOIN "Tools" AS "t" ON "a"."ToolId" = "t"."Id"
INNER JOIN "McpServers" AS "m" ON "t"."McpServerId" = "m"."Id"
WHERE "a"."AgentId" = @__agentId_0 AND "a"."Enabled"
2025-09-02 20:53:37.302 +02:00 [INF] Executed DbCommand (1ms) [Parameters=[@__sessionId_0='?' (DbType = Guid), @__kind_1='?' (Size = 11), @__p_2='?' (DbType = Int32)], CommandType='"Text"', CommandTimeout='30']
SELECT "m"."Id", "m"."Content", "m"."CreatedUtc", "m"."Kind", "m"."Role", "m"."SessionId", "m"."TokenUsageJson"
FROM "Messages" AS "m"
WHERE "m"."SessionId" = @__sessionId_0 AND "m"."Kind" = @__kind_1
ORDER BY "m"."CreatedUtc" DESC
LIMIT @__p_2
2025-09-02 20:53:37.311 +02:00 [INF] Executed DbCommand (1ms) [Parameters=[@__sessionId_0='?' (DbType = Guid), @__p_1='?' (DbType = Int32)], CommandType='"Text"', CommandTimeout='30']
SELECT "m"."Id", "m"."Content", "m"."CreatedUtc", "m"."Kind", "m"."Role", "m"."SessionId", "m"."TokenUsageJson"
FROM "Messages" AS "m"
WHERE "m"."SessionId" = @__sessionId_0
ORDER BY "m"."CreatedUtc" DESC
LIMIT @__p_1
2025-09-02 20:53:37.322 +02:00 [INF] Executed DbCommand (1ms) [Parameters=[@__agentId_0='?' (DbType = Guid)], CommandType='"Text"', CommandTimeout='30']
SELECT "a"."Id", "a"."AgentId", "a"."ConfigJson", "a"."Enabled", "a"."ToolId", "t"."Id", "t"."Description", "t"."Enabled", "t"."InputSchemaJson", "t"."McpServerId", "t"."Name", "t"."Scope", "m"."Id", "m"."AuthType", "m"."BaseUrl", "m"."LastSeenUtc", "m"."MetadataJson", "m"."Name", "m"."Status"
FROM "AgentToolBindings" AS "a"
INNER JOIN "Tools" AS "t" ON "a"."ToolId" = "t"."Id"
INNER JOIN "McpServers" AS "m" ON "t"."McpServerId" = "m"."Id"
WHERE "a"."AgentId" = @__agentId_0 AND "a"."Enabled"
2025-09-02 20:53:38.219 +02:00 [INF] Executed DbCommand (0ms) [Parameters=[@__agentId_0='?' (DbType = Guid)], CommandType='"Text"', CommandTimeout='30']
SELECT "a"."Id", "a"."AgentId", "a"."ConfigJson", "a"."Enabled", "a"."ToolId", "t"."Id", "t"."Description", "t"."Enabled", "t"."InputSchemaJson", "t"."McpServerId", "t"."Name", "t"."Scope", "m"."Id", "m"."AuthType", "m"."BaseUrl", "m"."LastSeenUtc", "m"."MetadataJson", "m"."Name", "m"."Status"
FROM "AgentToolBindings" AS "a"
INNER JOIN "Tools" AS "t" ON "a"."ToolId" = "t"."Id"
INNER JOIN "McpServers" AS "m" ON "t"."McpServerId" = "m"."Id"
WHERE "a"."AgentId" = @__agentId_0 AND "a"."Enabled"
2025-09-02 20:53:38.228 +02:00 [INF] Executed DbCommand (0ms) [Parameters=[@__agentId_0='?' (DbType = Guid)], CommandType='"Text"', CommandTimeout='30']
SELECT "a"."Id", "a"."AgentId", "a"."ConfigJson", "a"."Enabled", "a"."ToolId", "t"."Id", "t"."Description", "t"."Enabled", "t"."InputSchemaJson", "t"."McpServerId", "t"."Name", "t"."Scope", "m"."Id", "m"."AuthType", "m"."BaseUrl", "m"."LastSeenUtc", "m"."MetadataJson", "m"."Name", "m"."Status"
FROM "AgentToolBindings" AS "a"
INNER JOIN "Tools" AS "t" ON "a"."ToolId" = "t"."Id"
INNER JOIN "McpServers" AS "m" ON "t"."McpServerId" = "m"."Id"
WHERE "a"."AgentId" = @__agentId_0 AND "a"."Enabled"
2025-09-02 20:53:38.720 +02:00 [INF] Executed DbCommand (0ms) [Parameters=[], CommandType='"Text"', CommandTimeout='30']
SELECT "m"."Id", "m"."AuthType", "m"."BaseUrl", "m"."LastSeenUtc", "m"."MetadataJson", "m"."Name", "m"."Status"
FROM "McpServers" AS "m"
ORDER BY "m"."LastSeenUtc"
2025-09-02 20:53:38.727 +02:00 [INF] Conectando a MCP WebSocket: ws://localhost:8970/ws
2025-09-02 20:53:38.927 +02:00 [INF] Executed DbCommand (0ms) [Parameters=[@__agentId_0='?' (DbType = Guid)], CommandType='"Text"', CommandTimeout='30']
SELECT "a"."Id", "a"."AgentId", "a"."ConfigJson", "a"."Enabled", "a"."ToolId", "t"."Id", "t"."Description", "t"."Enabled", "t"."InputSchemaJson", "t"."McpServerId", "t"."Name", "t"."Scope", "m"."Id", "m"."AuthType", "m"."BaseUrl", "m"."LastSeenUtc", "m"."MetadataJson", "m"."Name", "m"."Status"
FROM "AgentToolBindings" AS "a"
INNER JOIN "Tools" AS "t" ON "a"."ToolId" = "t"."Id"
INNER JOIN "McpServers" AS "m" ON "t"."McpServerId" = "m"."Id"
WHERE "a"."AgentId" = @__agentId_0 AND "a"."Enabled"
2025-09-02 20:53:41.100 +02:00 [INF] Executed DbCommand (18ms) [Parameters=[@p0='?' (DbType = Guid), @p1='?' (Size = 165), @p2='?' (DbType = DateTime), @p3='?' (Size = 11), @p4='?' (Size = 9), @p5='?' (DbType = Guid), @p6='?'], CommandType='"Text"', CommandTimeout='30']
INSERT INTO "Messages" ("Id", "Content", "CreatedUtc", "Kind", "Role", "SessionId", "TokenUsageJson")
VALUES (@p0, @p1, @p2, @p3, @p4, @p5, @p6);
2025-09-02 20:53:41.110 +02:00 [INF] Executed DbCommand (1ms) [Parameters=[@__sessionId_0='?' (DbType = Guid), @__p_1='?' (DbType = Int32)], CommandType='"Text"', CommandTimeout='30']
SELECT "m"."Id", "m"."Content", "m"."CreatedUtc", "m"."Kind", "m"."Role", "m"."SessionId", "m"."TokenUsageJson"
FROM "Messages" AS "m"
WHERE "m"."SessionId" = @__sessionId_0
ORDER BY "m"."CreatedUtc" DESC
LIMIT @__p_1
2025-09-02 20:53:41.658 +02:00 [INF] Executed DbCommand (18ms) [Parameters=[@p0='?' (DbType = Guid), @p1='?' (Size = 138), @p2='?' (DbType = DateTime), @p3='?', @p4='?' (Size = 9), @p5='?' (DbType = Guid), @p6='?'], CommandType='"Text"', CommandTimeout='30']
INSERT INTO "Messages" ("Id", "Content", "CreatedUtc", "Kind", "Role", "SessionId", "TokenUsageJson")
VALUES (@p0, @p1, @p2, @p3, @p4, @p5, @p6);
2025-09-02 20:53:41.674 +02:00 [INF] Executed DbCommand (8ms) [Parameters=[@p0='?' (DbType = Guid), @p1='?' (Size = 138), @p2='?' (DbType = DateTime), @p3='?', @p4='?' (Size = 9), @p5='?' (DbType = Guid), @p6='?'], CommandType='"Text"', CommandTimeout='30']
INSERT INTO "Messages" ("Id", "Content", "CreatedUtc", "Kind", "Role", "SessionId", "TokenUsageJson")
VALUES (@p0, @p1, @p2, @p3, @p4, @p5, @p6);
2025-09-02 20:54:02.664 +02:00 [INF] Request starting HTTP/1.1 OPTIONS http://localhost:5088/sessions/f2bd4713-32ce-489c-9f03-9bc78e92f179/messages - null null
2025-09-02 20:54:02.671 +02:00 [INF] CORS policy execution successful.
2025-09-02 20:54:02.676 +02:00 [INF] Request finished HTTP/1.1 OPTIONS http://localhost:5088/sessions/f2bd4713-32ce-489c-9f03-9bc78e92f179/messages - 204 null null 12.2427ms
2025-09-02 20:54:02.682 +02:00 [INF] Request starting HTTP/1.1 POST http://localhost:5088/sessions/f2bd4713-32ce-489c-9f03-9bc78e92f179/messages - application/json 85
2025-09-02 20:54:02.688 +02:00 [INF] CORS policy execution successful.
2025-09-02 20:54:02.694 +02:00 [INF] Executing endpoint 'HTTP: POST /sessions/{id:guid}/messages'
2025-09-02 20:54:02.700 +02:00 [INF] Executed DbCommand (0ms) [Parameters=[@__p_0='?' (DbType = Guid)], CommandType='"Text"', CommandTimeout='30']
SELECT "s"."Id", "s"."AgentId", "s"."EndedUtc", "s"."LastEventIdx", "s"."StartedUtc", "s"."Status", "s"."UserId"
FROM "Sessions" AS "s"
WHERE "s"."Id" = @__p_0
LIMIT 1
2025-09-02 20:54:02.726 +02:00 [INF] Executed DbCommand (19ms) [Parameters=[@p0='?' (DbType = Guid), @p1='?' (Size = 70), @p2='?' (DbType = DateTime), @p3='?', @p4='?' (Size = 4), @p5='?' (DbType = Guid), @p6='?'], CommandType='"Text"', CommandTimeout='30']
INSERT INTO "Messages" ("Id", "Content", "CreatedUtc", "Kind", "Role", "SessionId", "TokenUsageJson")
VALUES (@p0, @p1, @p2, @p3, @p4, @p5, @p6);
2025-09-02 20:54:02.734 +02:00 [INF] Setting HTTP status code 202.
2025-09-02 20:54:02.735 +02:00 [INF] Executed DbCommand (0ms) [Parameters=[@__p_0='?' (DbType = Guid)], CommandType='"Text"', CommandTimeout='30']
SELECT "a"."Id", "a"."Autonomy", "a"."CreatedUtc", "a"."GuardrailsJson", "a"."Name", "a"."ParamsJson", "a"."Provider", "a"."SystemPrompt", "a"."Temperature", "a"."TemplateRef", "a"."TokenBudget", "a"."ToolBudget", "a"."TopP", "a"."UpdatedUtc"
FROM "Agents" AS "a"
WHERE "a"."Id" = @__p_0
LIMIT 1
2025-09-02 20:54:02.738 +02:00 [INF] Writing value of type 'AcceptedResponse' as Json.
2025-09-02 20:54:02.747 +02:00 [INF] Executed endpoint 'HTTP: POST /sessions/{id:guid}/messages'
2025-09-02 20:54:02.752 +02:00 [INF] Request finished HTTP/1.1 POST http://localhost:5088/sessions/f2bd4713-32ce-489c-9f03-9bc78e92f179/messages - 202 null application/json; charset=utf-8 70.409ms
2025-09-02 20:54:02.754 +02:00 [INF] Executed DbCommand (9ms) [Parameters=[@p0='?' (DbType = Guid), @p1='?' (Size = 70), @p2='?' (DbType = DateTime), @p3='?', @p4='?' (Size = 4), @p5='?' (DbType = Guid), @p6='?'], CommandType='"Text"', CommandTimeout='30']
INSERT INTO "Messages" ("Id", "Content", "CreatedUtc", "Kind", "Role", "SessionId", "TokenUsageJson")
VALUES (@p0, @p1, @p2, @p3, @p4, @p5, @p6);
2025-09-02 20:54:02.766 +02:00 [INF] Executed DbCommand (0ms) [Parameters=[@__agentId_0='?' (DbType = Guid)], CommandType='"Text"', CommandTimeout='30']
SELECT "a"."Id", "a"."AgentId", "a"."ConfigJson", "a"."Enabled", "a"."ToolId", "t"."Id", "t"."Description", "t"."Enabled", "t"."InputSchemaJson", "t"."McpServerId", "t"."Name", "t"."Scope", "m"."Id", "m"."AuthType", "m"."BaseUrl", "m"."LastSeenUtc", "m"."MetadataJson", "m"."Name", "m"."Status"
FROM "AgentToolBindings" AS "a"
INNER JOIN "Tools" AS "t" ON "a"."ToolId" = "t"."Id"
INNER JOIN "McpServers" AS "m" ON "t"."McpServerId" = "m"."Id"
WHERE "a"."AgentId" = @__agentId_0 AND "a"."Enabled"
2025-09-02 20:54:02.773 +02:00 [INF] Executed DbCommand (0ms) [Parameters=[@__sessionId_0='?' (DbType = Guid), @__kind_1='?' (Size = 11), @__p_2='?' (DbType = Int32)], CommandType='"Text"', CommandTimeout='30']
SELECT "m"."Id", "m"."Content", "m"."CreatedUtc", "m"."Kind", "m"."Role", "m"."SessionId", "m"."TokenUsageJson"
FROM "Messages" AS "m"
WHERE "m"."SessionId" = @__sessionId_0 AND "m"."Kind" = @__kind_1
ORDER BY "m"."CreatedUtc" DESC
LIMIT @__p_2
2025-09-02 20:54:02.781 +02:00 [INF] Executed DbCommand (1ms) [Parameters=[@__sessionId_0='?' (DbType = Guid), @__p_1='?' (DbType = Int32)], CommandType='"Text"', CommandTimeout='30']
SELECT "m"."Id", "m"."Content", "m"."CreatedUtc", "m"."Kind", "m"."Role", "m"."SessionId", "m"."TokenUsageJson"
FROM "Messages" AS "m"
WHERE "m"."SessionId" = @__sessionId_0
ORDER BY "m"."CreatedUtc" DESC
LIMIT @__p_1
2025-09-02 20:54:02.788 +02:00 [INF] Executed DbCommand (0ms) [Parameters=[@__agentId_0='?' (DbType = Guid)], CommandType='"Text"', CommandTimeout='30']
SELECT "a"."Id", "a"."AgentId", "a"."ConfigJson", "a"."Enabled", "a"."ToolId", "t"."Id", "t"."Description", "t"."Enabled", "t"."InputSchemaJson", "t"."McpServerId", "t"."Name", "t"."Scope", "m"."Id", "m"."AuthType", "m"."BaseUrl", "m"."LastSeenUtc", "m"."MetadataJson", "m"."Name", "m"."Status"
FROM "AgentToolBindings" AS "a"
INNER JOIN "Tools" AS "t" ON "a"."ToolId" = "t"."Id"
INNER JOIN "McpServers" AS "m" ON "t"."McpServerId" = "m"."Id"
WHERE "a"."AgentId" = @__agentId_0 AND "a"."Enabled"
2025-09-02 20:54:03.599 +02:00 [INF] Executed DbCommand (0ms) [Parameters=[@__agentId_0='?' (DbType = Guid)], CommandType='"Text"', CommandTimeout='30']
SELECT "a"."Id", "a"."AgentId", "a"."ConfigJson", "a"."Enabled", "a"."ToolId", "t"."Id", "t"."Description", "t"."Enabled", "t"."InputSchemaJson", "t"."McpServerId", "t"."Name", "t"."Scope", "m"."Id", "m"."AuthType", "m"."BaseUrl", "m"."LastSeenUtc", "m"."MetadataJson", "m"."Name", "m"."Status"
FROM "AgentToolBindings" AS "a"
INNER JOIN "Tools" AS "t" ON "a"."ToolId" = "t"."Id"
INNER JOIN "McpServers" AS "m" ON "t"."McpServerId" = "m"."Id"
WHERE "a"."AgentId" = @__agentId_0 AND "a"."Enabled"
2025-09-02 20:54:03.606 +02:00 [INF] Executed DbCommand (0ms) [Parameters=[@__agentId_0='?' (DbType = Guid)], CommandType='"Text"', CommandTimeout='30']
SELECT "a"."Id", "a"."AgentId", "a"."ConfigJson", "a"."Enabled", "a"."ToolId", "t"."Id", "t"."Description", "t"."Enabled", "t"."InputSchemaJson", "t"."McpServerId", "t"."Name", "t"."Scope", "m"."Id", "m"."AuthType", "m"."BaseUrl", "m"."LastSeenUtc", "m"."MetadataJson", "m"."Name", "m"."Status"
FROM "AgentToolBindings" AS "a"
INNER JOIN "Tools" AS "t" ON "a"."ToolId" = "t"."Id"
INNER JOIN "McpServers" AS "m" ON "t"."McpServerId" = "m"."Id"
WHERE "a"."AgentId" = @__agentId_0 AND "a"."Enabled"
2025-09-02 20:54:04.146 +02:00 [INF] Executed DbCommand (0ms) [Parameters=[], CommandType='"Text"', CommandTimeout='30']
SELECT "m"."Id", "m"."AuthType", "m"."BaseUrl", "m"."LastSeenUtc", "m"."MetadataJson", "m"."Name", "m"."Status"
FROM "McpServers" AS "m"
ORDER BY "m"."LastSeenUtc"
2025-09-02 20:54:04.153 +02:00 [INF] Conectando a MCP WebSocket: ws://localhost:8970/ws
2025-09-02 20:54:04.357 +02:00 [INF] Executed DbCommand (0ms) [Parameters=[@__agentId_0='?' (DbType = Guid)], CommandType='"Text"', CommandTimeout='30']
SELECT "a"."Id", "a"."AgentId", "a"."ConfigJson", "a"."Enabled", "a"."ToolId", "t"."Id", "t"."Description", "t"."Enabled", "t"."InputSchemaJson", "t"."McpServerId", "t"."Name", "t"."Scope", "m"."Id", "m"."AuthType", "m"."BaseUrl", "m"."LastSeenUtc", "m"."MetadataJson", "m"."Name", "m"."Status"
FROM "AgentToolBindings" AS "a"
INNER JOIN "Tools" AS "t" ON "a"."ToolId" = "t"."Id"
INNER JOIN "McpServers" AS "m" ON "t"."McpServerId" = "m"."Id"
WHERE "a"."AgentId" = @__agentId_0 AND "a"."Enabled"
2025-09-02 20:54:07.267 +02:00 [INF] Executed DbCommand (18ms) [Parameters=[@p0='?' (DbType = Guid), @p1='?' (Size = 63), @p2='?' (DbType = DateTime), @p3='?' (Size = 11), @p4='?' (Size = 9), @p5='?' (DbType = Guid), @p6='?'], CommandType='"Text"', CommandTimeout='30']
INSERT INTO "Messages" ("Id", "Content", "CreatedUtc", "Kind", "Role", "SessionId", "TokenUsageJson")
VALUES (@p0, @p1, @p2, @p3, @p4, @p5, @p6);
2025-09-02 20:54:07.275 +02:00 [INF] Executed DbCommand (0ms) [Parameters=[@__sessionId_0='?' (DbType = Guid), @__p_1='?' (DbType = Int32)], CommandType='"Text"', CommandTimeout='30']
SELECT "m"."Id", "m"."Content", "m"."CreatedUtc", "m"."Kind", "m"."Role", "m"."SessionId", "m"."TokenUsageJson"
FROM "Messages" AS "m"
WHERE "m"."SessionId" = @__sessionId_0
ORDER BY "m"."CreatedUtc" DESC
LIMIT @__p_1
2025-09-02 20:54:08.094 +02:00 [INF] Executed DbCommand (18ms) [Parameters=[@p0='?' (DbType = Guid), @p1='?' (Size = 305), @p2='?' (DbType = DateTime), @p3='?', @p4='?' (Size = 9), @p5='?' (DbType = Guid), @p6='?'], CommandType='"Text"', CommandTimeout='30']
INSERT INTO "Messages" ("Id", "Content", "CreatedUtc", "Kind", "Role", "SessionId", "TokenUsageJson")
VALUES (@p0, @p1, @p2, @p3, @p4, @p5, @p6);
2025-09-02 20:54:08.110 +02:00 [INF] Executed DbCommand (8ms) [Parameters=[@p0='?' (DbType = Guid), @p1='?' (Size = 305), @p2='?' (DbType = DateTime), @p3='?', @p4='?' (Size = 9), @p5='?' (DbType = Guid), @p6='?'], CommandType='"Text"', CommandTimeout='30']
INSERT INTO "Messages" ("Id", "Content", "CreatedUtc", "Kind", "Role", "SessionId", "TokenUsageJson")
VALUES (@p0, @p1, @p2, @p3, @p4, @p5, @p6);
2025-09-02 20:54:16.804 +02:00 [INF] Request starting HTTP/1.1 OPTIONS http://localhost:5088/sessions/f2bd4713-32ce-489c-9f03-9bc78e92f179/messages - null null
2025-09-02 20:54:16.812 +02:00 [INF] CORS policy execution successful.
2025-09-02 20:54:16.816 +02:00 [INF] Request finished HTTP/1.1 OPTIONS http://localhost:5088/sessions/f2bd4713-32ce-489c-9f03-9bc78e92f179/messages - 204 null null 11.7452ms
2025-09-02 20:54:16.821 +02:00 [INF] Request starting HTTP/1.1 POST http://localhost:5088/sessions/f2bd4713-32ce-489c-9f03-9bc78e92f179/messages - application/json 29
2025-09-02 20:54:16.826 +02:00 [INF] CORS policy execution successful.
2025-09-02 20:54:16.830 +02:00 [INF] Executing endpoint 'HTTP: POST /sessions/{id:guid}/messages'
2025-09-02 20:54:16.835 +02:00 [INF] Executed DbCommand (0ms) [Parameters=[@__p_0='?' (DbType = Guid)], CommandType='"Text"', CommandTimeout='30']
SELECT "s"."Id", "s"."AgentId", "s"."EndedUtc", "s"."LastEventIdx", "s"."StartedUtc", "s"."Status", "s"."UserId"
FROM "Sessions" AS "s"
WHERE "s"."Id" = @__p_0
LIMIT 1
2025-09-02 20:54:16.858 +02:00 [INF] Executed DbCommand (17ms) [Parameters=[@p0='?' (DbType = Guid), @p1='?' (Size = 15), @p2='?' (DbType = DateTime), @p3='?', @p4='?' (Size = 4), @p5='?' (DbType = Guid), @p6='?'], CommandType='"Text"', CommandTimeout='30']
INSERT INTO "Messages" ("Id", "Content", "CreatedUtc", "Kind", "Role", "SessionId", "TokenUsageJson")
VALUES (@p0, @p1, @p2, @p3, @p4, @p5, @p6);
2025-09-02 20:54:16.864 +02:00 [INF] Setting HTTP status code 202.
2025-09-02 20:54:16.866 +02:00 [INF] Executed DbCommand (0ms) [Parameters=[@__p_0='?' (DbType = Guid)], CommandType='"Text"', CommandTimeout='30']
SELECT "a"."Id", "a"."Autonomy", "a"."CreatedUtc", "a"."GuardrailsJson", "a"."Name", "a"."ParamsJson", "a"."Provider", "a"."SystemPrompt", "a"."Temperature", "a"."TemplateRef", "a"."TokenBudget", "a"."ToolBudget", "a"."TopP", "a"."UpdatedUtc"
FROM "Agents" AS "a"
WHERE "a"."Id" = @__p_0
LIMIT 1
2025-09-02 20:54:16.869 +02:00 [INF] Writing value of type 'AcceptedResponse' as Json.
2025-09-02 20:54:16.879 +02:00 [INF] Executed endpoint 'HTTP: POST /sessions/{id:guid}/messages'
2025-09-02 20:54:16.883 +02:00 [INF] Request finished HTTP/1.1 POST http://localhost:5088/sessions/f2bd4713-32ce-489c-9f03-9bc78e92f179/messages - 202 null application/json; charset=utf-8 62.53ms
2025-09-02 20:54:16.885 +02:00 [INF] Executed DbCommand (8ms) [Parameters=[@p0='?' (DbType = Guid), @p1='?' (Size = 15), @p2='?' (DbType = DateTime), @p3='?', @p4='?' (Size = 4), @p5='?' (DbType = Guid), @p6='?'], CommandType='"Text"', CommandTimeout='30']
INSERT INTO "Messages" ("Id", "Content", "CreatedUtc", "Kind", "Role", "SessionId", "TokenUsageJson")
VALUES (@p0, @p1, @p2, @p3, @p4, @p5, @p6);
2025-09-02 20:54:16.898 +02:00 [INF] Executed DbCommand (1ms) [Parameters=[@__agentId_0='?' (DbType = Guid)], CommandType='"Text"', CommandTimeout='30']
SELECT "a"."Id", "a"."AgentId", "a"."ConfigJson", "a"."Enabled", "a"."ToolId", "t"."Id", "t"."Description", "t"."Enabled", "t"."InputSchemaJson", "t"."McpServerId", "t"."Name", "t"."Scope", "m"."Id", "m"."AuthType", "m"."BaseUrl", "m"."LastSeenUtc", "m"."MetadataJson", "m"."Name", "m"."Status"
FROM "AgentToolBindings" AS "a"
INNER JOIN "Tools" AS "t" ON "a"."ToolId" = "t"."Id"
INNER JOIN "McpServers" AS "m" ON "t"."McpServerId" = "m"."Id"
WHERE "a"."AgentId" = @__agentId_0 AND "a"."Enabled"
2025-09-02 20:54:16.905 +02:00 [INF] Executed DbCommand (0ms) [Parameters=[@__sessionId_0='?' (DbType = Guid), @__kind_1='?' (Size = 11), @__p_2='?' (DbType = Int32)], CommandType='"Text"', CommandTimeout='30']
SELECT "m"."Id", "m"."Content", "m"."CreatedUtc", "m"."Kind", "m"."Role", "m"."SessionId", "m"."TokenUsageJson"
FROM "Messages" AS "m"
WHERE "m"."SessionId" = @__sessionId_0 AND "m"."Kind" = @__kind_1
ORDER BY "m"."CreatedUtc" DESC
LIMIT @__p_2
2025-09-02 20:54:16.913 +02:00 [INF] Executed DbCommand (1ms) [Parameters=[@__sessionId_0='?' (DbType = Guid), @__p_1='?' (DbType = Int32)], CommandType='"Text"', CommandTimeout='30']
SELECT "m"."Id", "m"."Content", "m"."CreatedUtc", "m"."Kind", "m"."Role", "m"."SessionId", "m"."TokenUsageJson"
FROM "Messages" AS "m"
WHERE "m"."SessionId" = @__sessionId_0
ORDER BY "m"."CreatedUtc" DESC
LIMIT @__p_1
2025-09-02 20:54:16.920 +02:00 [INF] Executed DbCommand (0ms) [Parameters=[@__agentId_0='?' (DbType = Guid)], CommandType='"Text"', CommandTimeout='30']
SELECT "a"."Id", "a"."AgentId", "a"."ConfigJson", "a"."Enabled", "a"."ToolId", "t"."Id", "t"."Description", "t"."Enabled", "t"."InputSchemaJson", "t"."McpServerId", "t"."Name", "t"."Scope", "m"."Id", "m"."AuthType", "m"."BaseUrl", "m"."LastSeenUtc", "m"."MetadataJson", "m"."Name", "m"."Status"
FROM "AgentToolBindings" AS "a"
INNER JOIN "Tools" AS "t" ON "a"."ToolId" = "t"."Id"
INNER JOIN "McpServers" AS "m" ON "t"."McpServerId" = "m"."Id"
WHERE "a"."AgentId" = @__agentId_0 AND "a"."Enabled"
2025-09-02 20:54:17.947 +02:00 [INF] Executed DbCommand (0ms) [Parameters=[@__agentId_0='?' (DbType = Guid)], CommandType='"Text"', CommandTimeout='30']
SELECT "a"."Id", "a"."AgentId", "a"."ConfigJson", "a"."Enabled", "a"."ToolId", "t"."Id", "t"."Description", "t"."Enabled", "t"."InputSchemaJson", "t"."McpServerId", "t"."Name", "t"."Scope", "m"."Id", "m"."AuthType", "m"."BaseUrl", "m"."LastSeenUtc", "m"."MetadataJson", "m"."Name", "m"."Status"
FROM "AgentToolBindings" AS "a"
INNER JOIN "Tools" AS "t" ON "a"."ToolId" = "t"."Id"
INNER JOIN "McpServers" AS "m" ON "t"."McpServerId" = "m"."Id"
WHERE "a"."AgentId" = @__agentId_0 AND "a"."Enabled"
2025-09-02 20:54:17.957 +02:00 [INF] Executed DbCommand (0ms) [Parameters=[@__agentId_0='?' (DbType = Guid)], CommandType='"Text"', CommandTimeout='30']
SELECT "a"."Id", "a"."AgentId", "a"."ConfigJson", "a"."Enabled", "a"."ToolId", "t"."Id", "t"."Description", "t"."Enabled", "t"."InputSchemaJson", "t"."McpServerId", "t"."Name", "t"."Scope", "m"."Id", "m"."AuthType", "m"."BaseUrl", "m"."LastSeenUtc", "m"."MetadataJson", "m"."Name", "m"."Status"
FROM "AgentToolBindings" AS "a"
INNER JOIN "Tools" AS "t" ON "a"."ToolId" = "t"."Id"
INNER JOIN "McpServers" AS "m" ON "t"."McpServerId" = "m"."Id"
WHERE "a"."AgentId" = @__agentId_0 AND "a"."Enabled"
2025-09-02 20:54:18.364 +02:00 [INF] Executed DbCommand (0ms) [Parameters=[], CommandType='"Text"', CommandTimeout='30']
SELECT "m"."Id", "m"."AuthType", "m"."BaseUrl", "m"."LastSeenUtc", "m"."MetadataJson", "m"."Name", "m"."Status"
FROM "McpServers" AS "m"
ORDER BY "m"."LastSeenUtc"
2025-09-02 20:54:18.372 +02:00 [INF] Conectando a MCP WebSocket: ws://localhost:8970/ws
2025-09-02 20:54:18.583 +02:00 [INF] Executed DbCommand (0ms) [Parameters=[@__agentId_0='?' (DbType = Guid)], CommandType='"Text"', CommandTimeout='30']
SELECT "a"."Id", "a"."AgentId", "a"."ConfigJson", "a"."Enabled", "a"."ToolId", "t"."Id", "t"."Description", "t"."Enabled", "t"."InputSchemaJson", "t"."McpServerId", "t"."Name", "t"."Scope", "m"."Id", "m"."AuthType", "m"."BaseUrl", "m"."LastSeenUtc", "m"."MetadataJson", "m"."Name", "m"."Status"
FROM "AgentToolBindings" AS "a"
INNER JOIN "Tools" AS "t" ON "a"."ToolId" = "t"."Id"
INNER JOIN "McpServers" AS "m" ON "t"."McpServerId" = "m"."Id"
WHERE "a"."AgentId" = @__agentId_0 AND "a"."Enabled"
2025-09-02 20:54:21.032 +02:00 [INF] Executed DbCommand (17ms) [Parameters=[@p0='?' (DbType = Guid), @p1='?' (Size = 55), @p2='?' (DbType = DateTime), @p3='?' (Size = 11), @p4='?' (Size = 9), @p5='?' (DbType = Guid), @p6='?'], CommandType='"Text"', CommandTimeout='30']
INSERT INTO "Messages" ("Id", "Content", "CreatedUtc", "Kind", "Role", "SessionId", "TokenUsageJson")
VALUES (@p0, @p1, @p2, @p3, @p4, @p5, @p6);
2025-09-02 20:54:21.040 +02:00 [INF] Executed DbCommand (0ms) [Parameters=[@__sessionId_0='?' (DbType = Guid), @__p_1='?' (DbType = Int32)], CommandType='"Text"', CommandTimeout='30']
SELECT "m"."Id", "m"."Content", "m"."CreatedUtc", "m"."Kind", "m"."Role", "m"."SessionId", "m"."TokenUsageJson"
FROM "Messages" AS "m"
WHERE "m"."SessionId" = @__sessionId_0
ORDER BY "m"."CreatedUtc" DESC
LIMIT @__p_1
2025-09-02 20:54:21.957 +02:00 [INF] Executed DbCommand (18ms) [Parameters=[@p0='?' (DbType = Guid), @p1='?' (Size = 400), @p2='?' (DbType = DateTime), @p3='?', @p4='?' (Size = 9), @p5='?' (DbType = Guid), @p6='?'], CommandType='"Text"', CommandTimeout='30']
INSERT INTO "Messages" ("Id", "Content", "CreatedUtc", "Kind", "Role", "SessionId", "TokenUsageJson")
VALUES (@p0, @p1, @p2, @p3, @p4, @p5, @p6);
2025-09-02 20:54:21.973 +02:00 [INF] Executed DbCommand (8ms) [Parameters=[@p0='?' (DbType = Guid), @p1='?' (Size = 400), @p2='?' (DbType = DateTime), @p3='?', @p4='?' (Size = 9), @p5='?' (DbType = Guid), @p6='?'], CommandType='"Text"', CommandTimeout='30']
INSERT INTO "Messages" ("Id", "Content", "CreatedUtc", "Kind", "Role", "SessionId", "TokenUsageJson")
VALUES (@p0, @p1, @p2, @p3, @p4, @p5, @p6);
2025-09-02 20:54:29.700 +02:00 [INF] Request starting HTTP/1.1 OPTIONS http://localhost:5088/sessions/f2bd4713-32ce-489c-9f03-9bc78e92f179/messages - null null
2025-09-02 20:54:29.707 +02:00 [INF] CORS policy execution successful.
2025-09-02 20:54:29.711 +02:00 [INF] Request finished HTTP/1.1 OPTIONS http://localhost:5088/sessions/f2bd4713-32ce-489c-9f03-9bc78e92f179/messages - 204 null null 11.2756ms
2025-09-02 20:54:29.716 +02:00 [INF] Request starting HTTP/1.1 POST http://localhost:5088/sessions/f2bd4713-32ce-489c-9f03-9bc78e92f179/messages - application/json 28
2025-09-02 20:54:29.722 +02:00 [INF] CORS policy execution successful.
2025-09-02 20:54:29.727 +02:00 [INF] Executing endpoint 'HTTP: POST /sessions/{id:guid}/messages'
2025-09-02 20:54:29.733 +02:00 [INF] Executed DbCommand (0ms) [Parameters=[@__p_0='?' (DbType = Guid)], CommandType='"Text"', CommandTimeout='30']
SELECT "s"."Id", "s"."AgentId", "s"."EndedUtc", "s"."LastEventIdx", "s"."StartedUtc", "s"."Status", "s"."UserId"
FROM "Sessions" AS "s"
WHERE "s"."Id" = @__p_0
LIMIT 1
2025-09-02 20:54:29.748 +02:00 [INF] Executed DbCommand (9ms) [Parameters=[@p0='?' (DbType = Guid), @p1='?' (Size = 14), @p2='?' (DbType = DateTime), @p3='?', @p4='?' (Size = 4), @p5='?' (DbType = Guid), @p6='?'], CommandType='"Text"', CommandTimeout='30']
INSERT INTO "Messages" ("Id", "Content", "CreatedUtc", "Kind", "Role", "SessionId", "TokenUsageJson")
VALUES (@p0, @p1, @p2, @p3, @p4, @p5, @p6);
2025-09-02 20:54:29.755 +02:00 [INF] Setting HTTP status code 202.
2025-09-02 20:54:29.756 +02:00 [INF] Executed DbCommand (0ms) [Parameters=[@__p_0='?' (DbType = Guid)], CommandType='"Text"', CommandTimeout='30']
SELECT "a"."Id", "a"."Autonomy", "a"."CreatedUtc", "a"."GuardrailsJson", "a"."Name", "a"."ParamsJson", "a"."Provider", "a"."SystemPrompt", "a"."Temperature", "a"."TemplateRef", "a"."TokenBudget", "a"."ToolBudget", "a"."TopP", "a"."UpdatedUtc"
FROM "Agents" AS "a"
WHERE "a"."Id" = @__p_0
LIMIT 1
2025-09-02 20:54:29.760 +02:00 [INF] Writing value of type 'AcceptedResponse' as Json.
2025-09-02 20:54:29.771 +02:00 [INF] Executed endpoint 'HTTP: POST /sessions/{id:guid}/messages'
2025-09-02 20:54:29.776 +02:00 [INF] Request finished HTTP/1.1 POST http://localhost:5088/sessions/f2bd4713-32ce-489c-9f03-9bc78e92f179/messages - 202 null application/json; charset=utf-8 60.6009ms
2025-09-02 20:54:29.777 +02:00 [INF] Executed DbCommand (10ms) [Parameters=[@p0='?' (DbType = Guid), @p1='?' (Size = 14), @p2='?' (DbType = DateTime), @p3='?', @p4='?' (Size = 4), @p5='?' (DbType = Guid), @p6='?'], CommandType='"Text"', CommandTimeout='30']
INSERT INTO "Messages" ("Id", "Content", "CreatedUtc", "Kind", "Role", "SessionId", "TokenUsageJson")
VALUES (@p0, @p1, @p2, @p3, @p4, @p5, @p6);
2025-09-02 20:54:29.789 +02:00 [INF] Executed DbCommand (0ms) [Parameters=[@__agentId_0='?' (DbType = Guid)], CommandType='"Text"', CommandTimeout='30']
SELECT "a"."Id", "a"."AgentId", "a"."ConfigJson", "a"."Enabled", "a"."ToolId", "t"."Id", "t"."Description", "t"."Enabled", "t"."InputSchemaJson", "t"."McpServerId", "t"."Name", "t"."Scope", "m"."Id", "m"."AuthType", "m"."BaseUrl", "m"."LastSeenUtc", "m"."MetadataJson", "m"."Name", "m"."Status"
FROM "AgentToolBindings" AS "a"
INNER JOIN "Tools" AS "t" ON "a"."ToolId" = "t"."Id"
INNER JOIN "McpServers" AS "m" ON "t"."McpServerId" = "m"."Id"
WHERE "a"."AgentId" = @__agentId_0 AND "a"."Enabled"
2025-09-02 20:54:29.798 +02:00 [INF] Executed DbCommand (0ms) [Parameters=[@__sessionId_0='?' (DbType = Guid), @__kind_1='?' (Size = 11), @__p_2='?' (DbType = Int32)], CommandType='"Text"', CommandTimeout='30']
SELECT "m"."Id", "m"."Content", "m"."CreatedUtc", "m"."Kind", "m"."Role", "m"."SessionId", "m"."TokenUsageJson"
FROM "Messages" AS "m"
WHERE "m"."SessionId" = @__sessionId_0 AND "m"."Kind" = @__kind_1
ORDER BY "m"."CreatedUtc" DESC
LIMIT @__p_2
2025-09-02 20:54:29.807 +02:00 [INF] Executed DbCommand (1ms) [Parameters=[@__sessionId_0='?' (DbType = Guid), @__p_1='?' (DbType = Int32)], CommandType='"Text"', CommandTimeout='30']
SELECT "m"."Id", "m"."Content", "m"."CreatedUtc", "m"."Kind", "m"."Role", "m"."SessionId", "m"."TokenUsageJson"
FROM "Messages" AS "m"
WHERE "m"."SessionId" = @__sessionId_0
ORDER BY "m"."CreatedUtc" DESC
LIMIT @__p_1
2025-09-02 20:54:29.819 +02:00 [INF] Executed DbCommand (0ms) [Parameters=[@__agentId_0='?' (DbType = Guid)], CommandType='"Text"', CommandTimeout='30']
SELECT "a"."Id", "a"."AgentId", "a"."ConfigJson", "a"."Enabled", "a"."ToolId", "t"."Id", "t"."Description", "t"."Enabled", "t"."InputSchemaJson", "t"."McpServerId", "t"."Name", "t"."Scope", "m"."Id", "m"."AuthType", "m"."BaseUrl", "m"."LastSeenUtc", "m"."MetadataJson", "m"."Name", "m"."Status"
FROM "AgentToolBindings" AS "a"
INNER JOIN "Tools" AS "t" ON "a"."ToolId" = "t"."Id"
INNER JOIN "McpServers" AS "m" ON "t"."McpServerId" = "m"."Id"
WHERE "a"."AgentId" = @__agentId_0 AND "a"."Enabled"
2025-09-02 20:54:30.225 +02:00 [INF] Executed DbCommand (0ms) [Parameters=[@__sessionId_0='?' (DbType = Guid), @__p_1='?' (DbType = Int32)], CommandType='"Text"', CommandTimeout='30']
SELECT "m"."Id", "m"."Content", "m"."CreatedUtc", "m"."Kind", "m"."Role", "m"."SessionId", "m"."TokenUsageJson"
FROM "Messages" AS "m"
WHERE "m"."SessionId" = @__sessionId_0
ORDER BY "m"."CreatedUtc" DESC
LIMIT @__p_1
2025-09-02 20:54:30.617 +02:00 [INF] Executed DbCommand (19ms) [Parameters=[@p0='?' (DbType = Guid), @p1='?' (Size = 48), @p2='?' (DbType = DateTime), @p3='?', @p4='?' (Size = 9), @p5='?' (DbType = Guid), @p6='?'], CommandType='"Text"', CommandTimeout='30']
INSERT INTO "Messages" ("Id", "Content", "CreatedUtc", "Kind", "Role", "SessionId", "TokenUsageJson")
VALUES (@p0, @p1, @p2, @p3, @p4, @p5, @p6);
2025-09-02 20:54:30.633 +02:00 [INF] Executed DbCommand (8ms) [Parameters=[@p0='?' (DbType = Guid), @p1='?' (Size = 48), @p2='?' (DbType = DateTime), @p3='?', @p4='?' (Size = 9), @p5='?' (DbType = Guid), @p6='?'], CommandType='"Text"', CommandTimeout='30']
INSERT INTO "Messages" ("Id", "Content", "CreatedUtc", "Kind", "Role", "SessionId", "TokenUsageJson")
VALUES (@p0, @p1, @p2, @p3, @p4, @p5, @p6);
2025-09-02 20:54:38.625 +02:00 [INF] Request starting HTTP/1.1 OPTIONS http://localhost:5088/sessions/f2bd4713-32ce-489c-9f03-9bc78e92f179/messages - null null
2025-09-02 20:54:38.633 +02:00 [INF] CORS policy execution successful.
2025-09-02 20:54:38.638 +02:00 [INF] Request finished HTTP/1.1 OPTIONS http://localhost:5088/sessions/f2bd4713-32ce-489c-9f03-9bc78e92f179/messages - 204 null null 12.8983ms
2025-09-02 20:54:38.646 +02:00 [INF] Request starting HTTP/1.1 POST http://localhost:5088/sessions/f2bd4713-32ce-489c-9f03-9bc78e92f179/messages - application/json 42
2025-09-02 20:54:38.651 +02:00 [INF] CORS policy execution successful.
2025-09-02 20:54:38.655 +02:00 [INF] Executing endpoint 'HTTP: POST /sessions/{id:guid}/messages'
2025-09-02 20:54:38.663 +02:00 [INF] Executed DbCommand (0ms) [Parameters=[@__p_0='?' (DbType = Guid)], CommandType='"Text"', CommandTimeout='30']
SELECT "s"."Id", "s"."AgentId", "s"."EndedUtc", "s"."LastEventIdx", "s"."StartedUtc", "s"."Status", "s"."UserId"
FROM "Sessions" AS "s"
WHERE "s"."Id" = @__p_0
LIMIT 1
2025-09-02 20:54:38.686 +02:00 [INF] Executed DbCommand (17ms) [Parameters=[@p0='?' (DbType = Guid), @p1='?' (Size = 28), @p2='?' (DbType = DateTime), @p3='?', @p4='?' (Size = 4), @p5='?' (DbType = Guid), @p6='?'], CommandType='"Text"', CommandTimeout='30']
INSERT INTO "Messages" ("Id", "Content", "CreatedUtc", "Kind", "Role", "SessionId", "TokenUsageJson")
VALUES (@p0, @p1, @p2, @p3, @p4, @p5, @p6);
2025-09-02 20:54:38.693 +02:00 [INF] Setting HTTP status code 202.
2025-09-02 20:54:38.694 +02:00 [INF] Executed DbCommand (0ms) [Parameters=[@__p_0='?' (DbType = Guid)], CommandType='"Text"', CommandTimeout='30']
SELECT "a"."Id", "a"."Autonomy", "a"."CreatedUtc", "a"."GuardrailsJson", "a"."Name", "a"."ParamsJson", "a"."Provider", "a"."SystemPrompt", "a"."Temperature", "a"."TemplateRef", "a"."TokenBudget", "a"."ToolBudget", "a"."TopP", "a"."UpdatedUtc"
FROM "Agents" AS "a"
WHERE "a"."Id" = @__p_0
LIMIT 1
2025-09-02 20:54:38.698 +02:00 [INF] Writing value of type 'AcceptedResponse' as Json.
2025-09-02 20:54:38.707 +02:00 [INF] Executed endpoint 'HTTP: POST /sessions/{id:guid}/messages'
2025-09-02 20:54:38.712 +02:00 [INF] Request finished HTTP/1.1 POST http://localhost:5088/sessions/f2bd4713-32ce-489c-9f03-9bc78e92f179/messages - 202 null application/json; charset=utf-8 66.959ms
2025-09-02 20:54:38.714 +02:00 [INF] Executed DbCommand (9ms) [Parameters=[@p0='?' (DbType = Guid), @p1='?' (Size = 28), @p2='?' (DbType = DateTime), @p3='?', @p4='?' (Size = 4), @p5='?' (DbType = Guid), @p6='?'], CommandType='"Text"', CommandTimeout='30']
INSERT INTO "Messages" ("Id", "Content", "CreatedUtc", "Kind", "Role", "SessionId", "TokenUsageJson")
VALUES (@p0, @p1, @p2, @p3, @p4, @p5, @p6);
2025-09-02 20:54:38.727 +02:00 [INF] Executed DbCommand (0ms) [Parameters=[@__agentId_0='?' (DbType = Guid)], CommandType='"Text"', CommandTimeout='30']
SELECT "a"."Id", "a"."AgentId", "a"."ConfigJson", "a"."Enabled", "a"."ToolId", "t"."Id", "t"."Description", "t"."Enabled", "t"."InputSchemaJson", "t"."McpServerId", "t"."Name", "t"."Scope", "m"."Id", "m"."AuthType", "m"."BaseUrl", "m"."LastSeenUtc", "m"."MetadataJson", "m"."Name", "m"."Status"
FROM "AgentToolBindings" AS "a"
INNER JOIN "Tools" AS "t" ON "a"."ToolId" = "t"."Id"
INNER JOIN "McpServers" AS "m" ON "t"."McpServerId" = "m"."Id"
WHERE "a"."AgentId" = @__agentId_0 AND "a"."Enabled"
2025-09-02 20:54:38.735 +02:00 [INF] Executed DbCommand (0ms) [Parameters=[@__sessionId_0='?' (DbType = Guid), @__kind_1='?' (Size = 11), @__p_2='?' (DbType = Int32)], CommandType='"Text"', CommandTimeout='30']
SELECT "m"."Id", "m"."Content", "m"."CreatedUtc", "m"."Kind", "m"."Role", "m"."SessionId", "m"."TokenUsageJson"
FROM "Messages" AS "m"
WHERE "m"."SessionId" = @__sessionId_0 AND "m"."Kind" = @__kind_1
ORDER BY "m"."CreatedUtc" DESC
LIMIT @__p_2
2025-09-02 20:54:38.742 +02:00 [INF] Executed DbCommand (1ms) [Parameters=[@__sessionId_0='?' (DbType = Guid), @__p_1='?' (DbType = Int32)], CommandType='"Text"', CommandTimeout='30']
SELECT "m"."Id", "m"."Content", "m"."CreatedUtc", "m"."Kind", "m"."Role", "m"."SessionId", "m"."TokenUsageJson"
FROM "Messages" AS "m"
WHERE "m"."SessionId" = @__sessionId_0
ORDER BY "m"."CreatedUtc" DESC
LIMIT @__p_1
2025-09-02 20:54:38.750 +02:00 [INF] Executed DbCommand (1ms) [Parameters=[@__agentId_0='?' (DbType = Guid)], CommandType='"Text"', CommandTimeout='30']
SELECT "a"."Id", "a"."AgentId", "a"."ConfigJson", "a"."Enabled", "a"."ToolId", "t"."Id", "t"."Description", "t"."Enabled", "t"."InputSchemaJson", "t"."McpServerId", "t"."Name", "t"."Scope", "m"."Id", "m"."AuthType", "m"."BaseUrl", "m"."LastSeenUtc", "m"."MetadataJson", "m"."Name", "m"."Status"
FROM "AgentToolBindings" AS "a"
INNER JOIN "Tools" AS "t" ON "a"."ToolId" = "t"."Id"
INNER JOIN "McpServers" AS "m" ON "t"."McpServerId" = "m"."Id"
WHERE "a"."AgentId" = @__agentId_0 AND "a"."Enabled"
2025-09-02 20:54:39.405 +02:00 [INF] Executed DbCommand (0ms) [Parameters=[@__agentId_0='?' (DbType = Guid)], CommandType='"Text"', CommandTimeout='30']
SELECT "a"."Id", "a"."AgentId", "a"."ConfigJson", "a"."Enabled", "a"."ToolId", "t"."Id", "t"."Description", "t"."Enabled", "t"."InputSchemaJson", "t"."McpServerId", "t"."Name", "t"."Scope", "m"."Id", "m"."AuthType", "m"."BaseUrl", "m"."LastSeenUtc", "m"."MetadataJson", "m"."Name", "m"."Status"
FROM "AgentToolBindings" AS "a"
INNER JOIN "Tools" AS "t" ON "a"."ToolId" = "t"."Id"
INNER JOIN "McpServers" AS "m" ON "t"."McpServerId" = "m"."Id"
WHERE "a"."AgentId" = @__agentId_0 AND "a"."Enabled"
2025-09-02 20:54:39.416 +02:00 [INF] Executed DbCommand (0ms) [Parameters=[@__agentId_0='?' (DbType = Guid)], CommandType='"Text"', CommandTimeout='30']
SELECT "a"."Id", "a"."AgentId", "a"."ConfigJson", "a"."Enabled", "a"."ToolId", "t"."Id", "t"."Description", "t"."Enabled", "t"."InputSchemaJson", "t"."McpServerId", "t"."Name", "t"."Scope", "m"."Id", "m"."AuthType", "m"."BaseUrl", "m"."LastSeenUtc", "m"."MetadataJson", "m"."Name", "m"."Status"
FROM "AgentToolBindings" AS "a"
INNER JOIN "Tools" AS "t" ON "a"."ToolId" = "t"."Id"
INNER JOIN "McpServers" AS "m" ON "t"."McpServerId" = "m"."Id"
WHERE "a"."AgentId" = @__agentId_0 AND "a"."Enabled"
2025-09-02 20:54:39.668 +02:00 [INF] Executed DbCommand (0ms) [Parameters=[], CommandType='"Text"', CommandTimeout='30']
SELECT "m"."Id", "m"."AuthType", "m"."BaseUrl", "m"."LastSeenUtc", "m"."MetadataJson", "m"."Name", "m"."Status"
FROM "McpServers" AS "m"
ORDER BY "m"."LastSeenUtc"
2025-09-02 20:54:39.672 +02:00 [INF] Conectando a MCP WebSocket: ws://localhost:8970/ws
2025-09-02 20:54:39.837 +02:00 [ERR] Error inesperado en WebSocket: MCP Tool error: No se encontró el archivo de herramienta: ../../bundles\kb-tools\tools/summarize.js
2025-09-02 20:54:39.854 +02:00 [INF] Executed DbCommand (8ms) [Parameters=[@p0='?' (DbType = Guid), @p1='?' (Size = 150), @p2='?' (DbType = DateTime), @p3='?' (Size = 11), @p4='?' (Size = 9), @p5='?' (DbType = Guid), @p6='?'], CommandType='"Text"', CommandTimeout='30']
INSERT INTO "Messages" ("Id", "Content", "CreatedUtc", "Kind", "Role", "SessionId", "TokenUsageJson")
VALUES (@p0, @p1, @p2, @p3, @p4, @p5, @p6);
2025-09-02 20:54:39.863 +02:00 [INF] Executed DbCommand (0ms) [Parameters=[@__sessionId_0='?' (DbType = Guid), @__p_1='?' (DbType = Int32)], CommandType='"Text"', CommandTimeout='30']
SELECT "m"."Id", "m"."Content", "m"."CreatedUtc", "m"."Kind", "m"."Role", "m"."SessionId", "m"."TokenUsageJson"
FROM "Messages" AS "m"
WHERE "m"."SessionId" = @__sessionId_0
ORDER BY "m"."CreatedUtc" DESC
LIMIT @__p_1
2025-09-02 20:54:40.382 +02:00 [INF] Executed DbCommand (18ms) [Parameters=[@p0='?' (DbType = Guid), @p1='?' (Size = 109), @p2='?' (DbType = DateTime), @p3='?', @p4='?' (Size = 9), @p5='?' (DbType = Guid), @p6='?'], CommandType='"Text"', CommandTimeout='30']
INSERT INTO "Messages" ("Id", "Content", "CreatedUtc", "Kind", "Role", "SessionId", "TokenUsageJson")
VALUES (@p0, @p1, @p2, @p3, @p4, @p5, @p6);
2025-09-02 20:54:40.400 +02:00 [INF] Executed DbCommand (9ms) [Parameters=[@p0='?' (DbType = Guid), @p1='?' (Size = 109), @p2='?' (DbType = DateTime), @p3='?', @p4='?' (Size = 9), @p5='?' (DbType = Guid), @p6='?'], CommandType='"Text"', CommandTimeout='30']
INSERT INTO "Messages" ("Id", "Content", "CreatedUtc", "Kind", "Role", "SessionId", "TokenUsageJson")
VALUES (@p0, @p1, @p2, @p3, @p4, @p5, @p6);
2025-09-02 20:54:57.043 +02:00 [INF] Request starting HTTP/1.1 OPTIONS http://localhost:5088/sessions/f2bd4713-32ce-489c-9f03-9bc78e92f179/messages - null null
2025-09-02 20:54:57.050 +02:00 [INF] CORS policy execution successful.
2025-09-02 20:54:57.054 +02:00 [INF] Request finished HTTP/1.1 OPTIONS http://localhost:5088/sessions/f2bd4713-32ce-489c-9f03-9bc78e92f179/messages - 204 null null 11.3114ms
2025-09-02 20:54:57.060 +02:00 [INF] Request starting HTTP/1.1 POST http://localhost:5088/sessions/f2bd4713-32ce-489c-9f03-9bc78e92f179/messages - application/json 44
2025-09-02 20:54:57.065 +02:00 [INF] CORS policy execution successful.
2025-09-02 20:54:57.069 +02:00 [INF] Executing endpoint 'HTTP: POST /sessions/{id:guid}/messages'
2025-09-02 20:54:57.075 +02:00 [INF] Executed DbCommand (0ms) [Parameters=[@__p_0='?' (DbType = Guid)], CommandType='"Text"', CommandTimeout='30']
SELECT "s"."Id", "s"."AgentId", "s"."EndedUtc", "s"."LastEventIdx", "s"."StartedUtc", "s"."Status", "s"."UserId"
FROM "Sessions" AS "s"
WHERE "s"."Id" = @__p_0
LIMIT 1
2025-09-02 20:54:57.099 +02:00 [INF] Executed DbCommand (18ms) [Parameters=[@p0='?' (DbType = Guid), @p1='?' (Size = 30), @p2='?' (DbType = DateTime), @p3='?', @p4='?' (Size = 4), @p5='?' (DbType = Guid), @p6='?'], CommandType='"Text"', CommandTimeout='30']
INSERT INTO "Messages" ("Id", "Content", "CreatedUtc", "Kind", "Role", "SessionId", "TokenUsageJson")
VALUES (@p0, @p1, @p2, @p3, @p4, @p5, @p6);
2025-09-02 20:54:57.104 +02:00 [INF] Setting HTTP status code 202.
2025-09-02 20:54:57.105 +02:00 [INF] Executed DbCommand (0ms) [Parameters=[@__p_0='?' (DbType = Guid)], CommandType='"Text"', CommandTimeout='30']
SELECT "a"."Id", "a"."Autonomy", "a"."CreatedUtc", "a"."GuardrailsJson", "a"."Name", "a"."ParamsJson", "a"."Provider", "a"."SystemPrompt", "a"."Temperature", "a"."TemplateRef", "a"."TokenBudget", "a"."ToolBudget", "a"."TopP", "a"."UpdatedUtc"
FROM "Agents" AS "a"
WHERE "a"."Id" = @__p_0
LIMIT 1
2025-09-02 20:54:57.110 +02:00 [INF] Writing value of type 'AcceptedResponse' as Json.
2025-09-02 20:54:57.119 +02:00 [INF] Executed endpoint 'HTTP: POST /sessions/{id:guid}/messages'
2025-09-02 20:54:57.123 +02:00 [INF] Request finished HTTP/1.1 POST http://localhost:5088/sessions/f2bd4713-32ce-489c-9f03-9bc78e92f179/messages - 202 null application/json; charset=utf-8 63.806ms
2025-09-02 20:54:57.125 +02:00 [INF] Executed DbCommand (8ms) [Parameters=[@p0='?' (DbType = Guid), @p1='?' (Size = 30), @p2='?' (DbType = DateTime), @p3='?', @p4='?' (Size = 4), @p5='?' (DbType = Guid), @p6='?'], CommandType='"Text"', CommandTimeout='30']
INSERT INTO "Messages" ("Id", "Content", "CreatedUtc", "Kind", "Role", "SessionId", "TokenUsageJson")
VALUES (@p0, @p1, @p2, @p3, @p4, @p5, @p6);
2025-09-02 20:54:57.135 +02:00 [INF] Executed DbCommand (0ms) [Parameters=[@__agentId_0='?' (DbType = Guid)], CommandType='"Text"', CommandTimeout='30']
SELECT "a"."Id", "a"."AgentId", "a"."ConfigJson", "a"."Enabled", "a"."ToolId", "t"."Id", "t"."Description", "t"."Enabled", "t"."InputSchemaJson", "t"."McpServerId", "t"."Name", "t"."Scope", "m"."Id", "m"."AuthType", "m"."BaseUrl", "m"."LastSeenUtc", "m"."MetadataJson", "m"."Name", "m"."Status"
FROM "AgentToolBindings" AS "a"
INNER JOIN "Tools" AS "t" ON "a"."ToolId" = "t"."Id"
INNER JOIN "McpServers" AS "m" ON "t"."McpServerId" = "m"."Id"
WHERE "a"."AgentId" = @__agentId_0 AND "a"."Enabled"
2025-09-02 20:54:57.145 +02:00 [INF] Executed DbCommand (0ms) [Parameters=[@__sessionId_0='?' (DbType = Guid), @__kind_1='?' (Size = 11), @__p_2='?' (DbType = Int32)], CommandType='"Text"', CommandTimeout='30']
SELECT "m"."Id", "m"."Content", "m"."CreatedUtc", "m"."Kind", "m"."Role", "m"."SessionId", "m"."TokenUsageJson"
FROM "Messages" AS "m"
WHERE "m"."SessionId" = @__sessionId_0 AND "m"."Kind" = @__kind_1
ORDER BY "m"."CreatedUtc" DESC
LIMIT @__p_2
2025-09-02 20:54:57.151 +02:00 [INF] Executed DbCommand (0ms) [Parameters=[@__sessionId_0='?' (DbType = Guid), @__p_1='?' (DbType = Int32)], CommandType='"Text"', CommandTimeout='30']
SELECT "m"."Id", "m"."Content", "m"."CreatedUtc", "m"."Kind", "m"."Role", "m"."SessionId", "m"."TokenUsageJson"
FROM "Messages" AS "m"
WHERE "m"."SessionId" = @__sessionId_0
ORDER BY "m"."CreatedUtc" DESC
LIMIT @__p_1
2025-09-02 20:54:57.160 +02:00 [INF] Executed DbCommand (0ms) [Parameters=[@__agentId_0='?' (DbType = Guid)], CommandType='"Text"', CommandTimeout='30']
SELECT "a"."Id", "a"."AgentId", "a"."ConfigJson", "a"."Enabled", "a"."ToolId", "t"."Id", "t"."Description", "t"."Enabled", "t"."InputSchemaJson", "t"."McpServerId", "t"."Name", "t"."Scope", "m"."Id", "m"."AuthType", "m"."BaseUrl", "m"."LastSeenUtc", "m"."MetadataJson", "m"."Name", "m"."Status"
FROM "AgentToolBindings" AS "a"
INNER JOIN "Tools" AS "t" ON "a"."ToolId" = "t"."Id"
INNER JOIN "McpServers" AS "m" ON "t"."McpServerId" = "m"."Id"
WHERE "a"."AgentId" = @__agentId_0 AND "a"."Enabled"
2025-09-02 20:54:57.930 +02:00 [INF] Executed DbCommand (0ms) [Parameters=[@__agentId_0='?' (DbType = Guid)], CommandType='"Text"', CommandTimeout='30']
SELECT "a"."Id", "a"."AgentId", "a"."ConfigJson", "a"."Enabled", "a"."ToolId", "t"."Id", "t"."Description", "t"."Enabled", "t"."InputSchemaJson", "t"."McpServerId", "t"."Name", "t"."Scope", "m"."Id", "m"."AuthType", "m"."BaseUrl", "m"."LastSeenUtc", "m"."MetadataJson", "m"."Name", "m"."Status"
FROM "AgentToolBindings" AS "a"
INNER JOIN "Tools" AS "t" ON "a"."ToolId" = "t"."Id"
INNER JOIN "McpServers" AS "m" ON "t"."McpServerId" = "m"."Id"
WHERE "a"."AgentId" = @__agentId_0 AND "a"."Enabled"
2025-09-02 20:54:57.937 +02:00 [INF] Executed DbCommand (0ms) [Parameters=[@__agentId_0='?' (DbType = Guid)], CommandType='"Text"', CommandTimeout='30']
SELECT "a"."Id", "a"."AgentId", "a"."ConfigJson", "a"."Enabled", "a"."ToolId", "t"."Id", "t"."Description", "t"."Enabled", "t"."InputSchemaJson", "t"."McpServerId", "t"."Name", "t"."Scope", "m"."Id", "m"."AuthType", "m"."BaseUrl", "m"."LastSeenUtc", "m"."MetadataJson", "m"."Name", "m"."Status"
FROM "AgentToolBindings" AS "a"
INNER JOIN "Tools" AS "t" ON "a"."ToolId" = "t"."Id"
INNER JOIN "McpServers" AS "m" ON "t"."McpServerId" = "m"."Id"
WHERE "a"."AgentId" = @__agentId_0 AND "a"."Enabled"
2025-09-02 20:54:58.534 +02:00 [INF] Executed DbCommand (0ms) [Parameters=[], CommandType='"Text"', CommandTimeout='30']
SELECT "m"."Id", "m"."AuthType", "m"."BaseUrl", "m"."LastSeenUtc", "m"."MetadataJson", "m"."Name", "m"."Status"
FROM "McpServers" AS "m"
ORDER BY "m"."LastSeenUtc"
2025-09-02 20:54:58.539 +02:00 [INF] Conectando a MCP WebSocket: ws://localhost:8970/ws
2025-09-02 20:54:58.734 +02:00 [INF] Executed DbCommand (0ms) [Parameters=[@__agentId_0='?' (DbType = Guid)], CommandType='"Text"', CommandTimeout='30']
SELECT "a"."Id", "a"."AgentId", "a"."ConfigJson", "a"."Enabled", "a"."ToolId", "t"."Id", "t"."Description", "t"."Enabled", "t"."InputSchemaJson", "t"."McpServerId", "t"."Name", "t"."Scope", "m"."Id", "m"."AuthType", "m"."BaseUrl", "m"."LastSeenUtc", "m"."MetadataJson", "m"."Name", "m"."Status"
FROM "AgentToolBindings" AS "a"
INNER JOIN "Tools" AS "t" ON "a"."ToolId" = "t"."Id"
INNER JOIN "McpServers" AS "m" ON "t"."McpServerId" = "m"."Id"
WHERE "a"."AgentId" = @__agentId_0 AND "a"."Enabled"
2025-09-02 20:54:59.601 +02:00 [INF] Executed DbCommand (18ms) [Parameters=[@p0='?' (DbType = Guid), @p1='?' (Size = 52), @p2='?' (DbType = DateTime), @p3='?' (Size = 11), @p4='?' (Size = 9), @p5='?' (DbType = Guid), @p6='?'], CommandType='"Text"', CommandTimeout='30']
INSERT INTO "Messages" ("Id", "Content", "CreatedUtc", "Kind", "Role", "SessionId", "TokenUsageJson")
VALUES (@p0, @p1, @p2, @p3, @p4, @p5, @p6);
2025-09-02 20:54:59.610 +02:00 [INF] Executed DbCommand (0ms) [Parameters=[@__sessionId_0='?' (DbType = Guid), @__p_1='?' (DbType = Int32)], CommandType='"Text"', CommandTimeout='30']
SELECT "m"."Id", "m"."Content", "m"."CreatedUtc", "m"."Kind", "m"."Role", "m"."SessionId", "m"."TokenUsageJson"
FROM "Messages" AS "m"
WHERE "m"."SessionId" = @__sessionId_0
ORDER BY "m"."CreatedUtc" DESC
LIMIT @__p_1
2025-09-02 20:55:00.049 +02:00 [INF] Executed DbCommand (18ms) [Parameters=[@p0='?' (DbType = Guid), @p1='?' (Size = 85), @p2='?' (DbType = DateTime), @p3='?', @p4='?' (Size = 9), @p5='?' (DbType = Guid), @p6='?'], CommandType='"Text"', CommandTimeout='30']
INSERT INTO "Messages" ("Id", "Content", "CreatedUtc", "Kind", "Role", "SessionId", "TokenUsageJson")
VALUES (@p0, @p1, @p2, @p3, @p4, @p5, @p6);
2025-09-02 20:55:00.067 +02:00 [INF] Executed DbCommand (9ms) [Parameters=[@p0='?' (DbType = Guid), @p1='?' (Size = 85), @p2='?' (DbType = DateTime), @p3='?', @p4='?' (Size = 9), @p5='?' (DbType = Guid), @p6='?'], CommandType='"Text"', CommandTimeout='30']
INSERT INTO "Messages" ("Id", "Content", "CreatedUtc", "Kind", "Role", "SessionId", "TokenUsageJson")
VALUES (@p0, @p1, @p2, @p3, @p4, @p5, @p6);
2025-09-02 20:55:08.975 +02:00 [INF] Request starting HTTP/1.1 OPTIONS http://localhost:5088/sessions/f2bd4713-32ce-489c-9f03-9bc78e92f179/messages - null null
2025-09-02 20:55:08.985 +02:00 [INF] CORS policy execution successful.
2025-09-02 20:55:08.990 +02:00 [INF] Request finished HTTP/1.1 OPTIONS http://localhost:5088/sessions/f2bd4713-32ce-489c-9f03-9bc78e92f179/messages - 204 null null 14.6423ms
2025-09-02 20:55:08.994 +02:00 [INF] Request starting HTTP/1.1 POST http://localhost:5088/sessions/f2bd4713-32ce-489c-9f03-9bc78e92f179/messages - application/json 51
2025-09-02 20:55:08.999 +02:00 [INF] CORS policy execution successful.
2025-09-02 20:55:09.005 +02:00 [INF] Executing endpoint 'HTTP: POST /sessions/{id:guid}/messages'
2025-09-02 20:55:09.012 +02:00 [INF] Executed DbCommand (0ms) [Parameters=[@__p_0='?' (DbType = Guid)], CommandType='"Text"', CommandTimeout='30']
SELECT "s"."Id", "s"."AgentId", "s"."EndedUtc", "s"."LastEventIdx", "s"."StartedUtc", "s"."Status", "s"."UserId"
FROM "Sessions" AS "s"
WHERE "s"."Id" = @__p_0
LIMIT 1
2025-09-02 20:55:09.039 +02:00 [INF] Executed DbCommand (18ms) [Parameters=[@p0='?' (DbType = Guid), @p1='?' (Size = 37), @p2='?' (DbType = DateTime), @p3='?', @p4='?' (Size = 4), @p5='?' (DbType = Guid), @p6='?'], CommandType='"Text"', CommandTimeout='30']
INSERT INTO "Messages" ("Id", "Content", "CreatedUtc", "Kind", "Role", "SessionId", "TokenUsageJson")
VALUES (@p0, @p1, @p2, @p3, @p4, @p5, @p6);
2025-09-02 20:55:09.044 +02:00 [INF] Setting HTTP status code 202.
2025-09-02 20:55:09.045 +02:00 [INF] Executed DbCommand (0ms) [Parameters=[@__p_0='?' (DbType = Guid)], CommandType='"Text"', CommandTimeout='30']
SELECT "a"."Id", "a"."Autonomy", "a"."CreatedUtc", "a"."GuardrailsJson", "a"."Name", "a"."ParamsJson", "a"."Provider", "a"."SystemPrompt", "a"."Temperature", "a"."TemplateRef", "a"."TokenBudget", "a"."ToolBudget", "a"."TopP", "a"."UpdatedUtc"
FROM "Agents" AS "a"
WHERE "a"."Id" = @__p_0
LIMIT 1
2025-09-02 20:55:09.048 +02:00 [INF] Writing value of type 'AcceptedResponse' as Json.
2025-09-02 20:55:09.059 +02:00 [INF] Executed endpoint 'HTTP: POST /sessions/{id:guid}/messages'
2025-09-02 20:55:09.064 +02:00 [INF] Request finished HTTP/1.1 POST http://localhost:5088/sessions/f2bd4713-32ce-489c-9f03-9bc78e92f179/messages - 202 null application/json; charset=utf-8 69.5885ms
2025-09-02 20:55:09.065 +02:00 [INF] Executed DbCommand (9ms) [Parameters=[@p0='?' (DbType = Guid), @p1='?' (Size = 37), @p2='?' (DbType = DateTime), @p3='?', @p4='?' (Size = 4), @p5='?' (DbType = Guid), @p6='?'], CommandType='"Text"', CommandTimeout='30']
INSERT INTO "Messages" ("Id", "Content", "CreatedUtc", "Kind", "Role", "SessionId", "TokenUsageJson")
VALUES (@p0, @p1, @p2, @p3, @p4, @p5, @p6);
2025-09-02 20:55:09.076 +02:00 [INF] Executed DbCommand (0ms) [Parameters=[@__agentId_0='?' (DbType = Guid)], CommandType='"Text"', CommandTimeout='30']
SELECT "a"."Id", "a"."AgentId", "a"."ConfigJson", "a"."Enabled", "a"."ToolId", "t"."Id", "t"."Description", "t"."Enabled", "t"."InputSchemaJson", "t"."McpServerId", "t"."Name", "t"."Scope", "m"."Id", "m"."AuthType", "m"."BaseUrl", "m"."LastSeenUtc", "m"."MetadataJson", "m"."Name", "m"."Status"
FROM "AgentToolBindings" AS "a"
INNER JOIN "Tools" AS "t" ON "a"."ToolId" = "t"."Id"
INNER JOIN "McpServers" AS "m" ON "t"."McpServerId" = "m"."Id"
WHERE "a"."AgentId" = @__agentId_0 AND "a"."Enabled"
2025-09-02 20:55:09.085 +02:00 [INF] Executed DbCommand (1ms) [Parameters=[@__sessionId_0='?' (DbType = Guid), @__kind_1='?' (Size = 11), @__p_2='?' (DbType = Int32)], CommandType='"Text"', CommandTimeout='30']
SELECT "m"."Id", "m"."Content", "m"."CreatedUtc", "m"."Kind", "m"."Role", "m"."SessionId", "m"."TokenUsageJson"
FROM "Messages" AS "m"
WHERE "m"."SessionId" = @__sessionId_0 AND "m"."Kind" = @__kind_1
ORDER BY "m"."CreatedUtc" DESC
LIMIT @__p_2
2025-09-02 20:55:09.092 +02:00 [INF] Executed DbCommand (0ms) [Parameters=[@__sessionId_0='?' (DbType = Guid), @__p_1='?' (DbType = Int32)], CommandType='"Text"', CommandTimeout='30']
SELECT "m"."Id", "m"."Content", "m"."CreatedUtc", "m"."Kind", "m"."Role", "m"."SessionId", "m"."TokenUsageJson"
FROM "Messages" AS "m"
WHERE "m"."SessionId" = @__sessionId_0
ORDER BY "m"."CreatedUtc" DESC
LIMIT @__p_1
2025-09-02 20:55:09.099 +02:00 [INF] Executed DbCommand (1ms) [Parameters=[@__agentId_0='?' (DbType = Guid)], CommandType='"Text"', CommandTimeout='30']
SELECT "a"."Id", "a"."AgentId", "a"."ConfigJson", "a"."Enabled", "a"."ToolId", "t"."Id", "t"."Description", "t"."Enabled", "t"."InputSchemaJson", "t"."McpServerId", "t"."Name", "t"."Scope", "m"."Id", "m"."AuthType", "m"."BaseUrl", "m"."LastSeenUtc", "m"."MetadataJson", "m"."Name", "m"."Status"
FROM "AgentToolBindings" AS "a"
INNER JOIN "Tools" AS "t" ON "a"."ToolId" = "t"."Id"
INNER JOIN "McpServers" AS "m" ON "t"."McpServerId" = "m"."Id"
WHERE "a"."AgentId" = @__agentId_0 AND "a"."Enabled"
2025-09-02 20:55:09.919 +02:00 [INF] Executed DbCommand (0ms) [Parameters=[@__sessionId_0='?' (DbType = Guid), @__p_1='?' (DbType = Int32)], CommandType='"Text"', CommandTimeout='30']
SELECT "m"."Id", "m"."Content", "m"."CreatedUtc", "m"."Kind", "m"."Role", "m"."SessionId", "m"."TokenUsageJson"
FROM "Messages" AS "m"
WHERE "m"."SessionId" = @__sessionId_0
ORDER BY "m"."CreatedUtc" DESC
LIMIT @__p_1
2025-09-02 20:55:10.318 +02:00 [INF] Executed DbCommand (17ms) [Parameters=[@p0='?' (DbType = Guid), @p1='?' (Size = 63), @p2='?' (DbType = DateTime), @p3='?', @p4='?' (Size = 9), @p5='?' (DbType = Guid), @p6='?'], CommandType='"Text"', CommandTimeout='30']
INSERT INTO "Messages" ("Id", "Content", "CreatedUtc", "Kind", "Role", "SessionId", "TokenUsageJson")
VALUES (@p0, @p1, @p2, @p3, @p4, @p5, @p6);
2025-09-02 20:55:10.333 +02:00 [INF] Executed DbCommand (8ms) [Parameters=[@p0='?' (DbType = Guid), @p1='?' (Size = 63), @p2='?' (DbType = DateTime), @p3='?', @p4='?' (Size = 9), @p5='?' (DbType = Guid), @p6='?'], CommandType='"Text"', CommandTimeout='30']
INSERT INTO "Messages" ("Id", "Content", "CreatedUtc", "Kind", "Role", "SessionId", "TokenUsageJson")
VALUES (@p0, @p1, @p2, @p3, @p4, @p5, @p6);
2025-09-02 20:55:25.956 +02:00 [INF] Request starting HTTP/1.1 OPTIONS http://localhost:5088/sessions/f2bd4713-32ce-489c-9f03-9bc78e92f179/messages - null null
2025-09-02 20:55:25.963 +02:00 [INF] CORS policy execution successful.
2025-09-02 20:55:25.968 +02:00 [INF] Request finished HTTP/1.1 OPTIONS http://localhost:5088/sessions/f2bd4713-32ce-489c-9f03-9bc78e92f179/messages - 204 null null 12.472ms
2025-09-02 20:55:25.974 +02:00 [INF] Request starting HTTP/1.1 POST http://localhost:5088/sessions/f2bd4713-32ce-489c-9f03-9bc78e92f179/messages - application/json 84
2025-09-02 20:55:25.978 +02:00 [INF] CORS policy execution successful.
2025-09-02 20:55:25.983 +02:00 [INF] Executing endpoint 'HTTP: POST /sessions/{id:guid}/messages'
2025-09-02 20:55:25.989 +02:00 [INF] Executed DbCommand (0ms) [Parameters=[@__p_0='?' (DbType = Guid)], CommandType='"Text"', CommandTimeout='30']
SELECT "s"."Id", "s"."AgentId", "s"."EndedUtc", "s"."LastEventIdx", "s"."StartedUtc", "s"."Status", "s"."UserId"
FROM "Sessions" AS "s"
WHERE "s"."Id" = @__p_0
LIMIT 1
2025-09-02 20:55:26.017 +02:00 [INF] Executed DbCommand (20ms) [Parameters=[@p0='?' (DbType = Guid), @p1='?' (Size = 70), @p2='?' (DbType = DateTime), @p3='?', @p4='?' (Size = 4), @p5='?' (DbType = Guid), @p6='?'], CommandType='"Text"', CommandTimeout='30']
INSERT INTO "Messages" ("Id", "Content", "CreatedUtc", "Kind", "Role", "SessionId", "TokenUsageJson")
VALUES (@p0, @p1, @p2, @p3, @p4, @p5, @p6);
2025-09-02 20:55:26.026 +02:00 [INF] Setting HTTP status code 202.
2025-09-02 20:55:26.027 +02:00 [INF] Executed DbCommand (1ms) [Parameters=[@__p_0='?' (DbType = Guid)], CommandType='"Text"', CommandTimeout='30']
SELECT "a"."Id", "a"."Autonomy", "a"."CreatedUtc", "a"."GuardrailsJson", "a"."Name", "a"."ParamsJson", "a"."Provider", "a"."SystemPrompt", "a"."Temperature", "a"."TemplateRef", "a"."TokenBudget", "a"."ToolBudget", "a"."TopP", "a"."UpdatedUtc"
FROM "Agents" AS "a"
WHERE "a"."Id" = @__p_0
LIMIT 1
2025-09-02 20:55:26.031 +02:00 [INF] Writing value of type 'AcceptedResponse' as Json.
2025-09-02 20:55:26.043 +02:00 [INF] Executed endpoint 'HTTP: POST /sessions/{id:guid}/messages'
2025-09-02 20:55:26.049 +02:00 [INF] Request finished HTTP/1.1 POST http://localhost:5088/sessions/f2bd4713-32ce-489c-9f03-9bc78e92f179/messages - 202 null application/json; charset=utf-8 75.2624ms
2025-09-02 20:55:26.051 +02:00 [INF] Executed DbCommand (11ms) [Parameters=[@p0='?' (DbType = Guid), @p1='?' (Size = 70), @p2='?' (DbType = DateTime), @p3='?', @p4='?' (Size = 4), @p5='?' (DbType = Guid), @p6='?'], CommandType='"Text"', CommandTimeout='30']
INSERT INTO "Messages" ("Id", "Content", "CreatedUtc", "Kind", "Role", "SessionId", "TokenUsageJson")
VALUES (@p0, @p1, @p2, @p3, @p4, @p5, @p6);
2025-09-02 20:55:26.066 +02:00 [INF] Executed DbCommand (1ms) [Parameters=[@__agentId_0='?' (DbType = Guid)], CommandType='"Text"', CommandTimeout='30']
SELECT "a"."Id", "a"."AgentId", "a"."ConfigJson", "a"."Enabled", "a"."ToolId", "t"."Id", "t"."Description", "t"."Enabled", "t"."InputSchemaJson", "t"."McpServerId", "t"."Name", "t"."Scope", "m"."Id", "m"."AuthType", "m"."BaseUrl", "m"."LastSeenUtc", "m"."MetadataJson", "m"."Name", "m"."Status"
FROM "AgentToolBindings" AS "a"
INNER JOIN "Tools" AS "t" ON "a"."ToolId" = "t"."Id"
INNER JOIN "McpServers" AS "m" ON "t"."McpServerId" = "m"."Id"
WHERE "a"."AgentId" = @__agentId_0 AND "a"."Enabled"
2025-09-02 20:55:26.076 +02:00 [INF] Executed DbCommand (0ms) [Parameters=[@__sessionId_0='?' (DbType = Guid), @__kind_1='?' (Size = 11), @__p_2='?' (DbType = Int32)], CommandType='"Text"', CommandTimeout='30']
SELECT "m"."Id", "m"."Content", "m"."CreatedUtc", "m"."Kind", "m"."Role", "m"."SessionId", "m"."TokenUsageJson"
FROM "Messages" AS "m"
WHERE "m"."SessionId" = @__sessionId_0 AND "m"."Kind" = @__kind_1
ORDER BY "m"."CreatedUtc" DESC
LIMIT @__p_2
2025-09-02 20:55:26.087 +02:00 [INF] Executed DbCommand (1ms) [Parameters=[@__sessionId_0='?' (DbType = Guid), @__p_1='?' (DbType = Int32)], CommandType='"Text"', CommandTimeout='30']
SELECT "m"."Id", "m"."Content", "m"."CreatedUtc", "m"."Kind", "m"."Role", "m"."SessionId", "m"."TokenUsageJson"
FROM "Messages" AS "m"
WHERE "m"."SessionId" = @__sessionId_0
ORDER BY "m"."CreatedUtc" DESC
LIMIT @__p_1
2025-09-02 20:55:26.098 +02:00 [INF] Executed DbCommand (1ms) [Parameters=[@__agentId_0='?' (DbType = Guid)], CommandType='"Text"', CommandTimeout='30']
SELECT "a"."Id", "a"."AgentId", "a"."ConfigJson", "a"."Enabled", "a"."ToolId", "t"."Id", "t"."Description", "t"."Enabled", "t"."InputSchemaJson", "t"."McpServerId", "t"."Name", "t"."Scope", "m"."Id", "m"."AuthType", "m"."BaseUrl", "m"."LastSeenUtc", "m"."MetadataJson", "m"."Name", "m"."Status"
FROM "AgentToolBindings" AS "a"
INNER JOIN "Tools" AS "t" ON "a"."ToolId" = "t"."Id"
INNER JOIN "McpServers" AS "m" ON "t"."McpServerId" = "m"."Id"
WHERE "a"."AgentId" = @__agentId_0 AND "a"."Enabled"
2025-09-02 20:55:26.952 +02:00 [INF] Executed DbCommand (0ms) [Parameters=[@__agentId_0='?' (DbType = Guid)], CommandType='"Text"', CommandTimeout='30']
SELECT "a"."Id", "a"."AgentId", "a"."ConfigJson", "a"."Enabled", "a"."ToolId", "t"."Id", "t"."Description", "t"."Enabled", "t"."InputSchemaJson", "t"."McpServerId", "t"."Name", "t"."Scope", "m"."Id", "m"."AuthType", "m"."BaseUrl", "m"."LastSeenUtc", "m"."MetadataJson", "m"."Name", "m"."Status"
FROM "AgentToolBindings" AS "a"
INNER JOIN "Tools" AS "t" ON "a"."ToolId" = "t"."Id"
INNER JOIN "McpServers" AS "m" ON "t"."McpServerId" = "m"."Id"
WHERE "a"."AgentId" = @__agentId_0 AND "a"."Enabled"
2025-09-02 20:55:26.962 +02:00 [INF] Executed DbCommand (0ms) [Parameters=[@__agentId_0='?' (DbType = Guid)], CommandType='"Text"', CommandTimeout='30']
SELECT "a"."Id", "a"."AgentId", "a"."ConfigJson", "a"."Enabled", "a"."ToolId", "t"."Id", "t"."Description", "t"."Enabled", "t"."InputSchemaJson", "t"."McpServerId", "t"."Name", "t"."Scope", "m"."Id", "m"."AuthType", "m"."BaseUrl", "m"."LastSeenUtc", "m"."MetadataJson", "m"."Name", "m"."Status"
FROM "AgentToolBindings" AS "a"
INNER JOIN "Tools" AS "t" ON "a"."ToolId" = "t"."Id"
INNER JOIN "McpServers" AS "m" ON "t"."McpServerId" = "m"."Id"
WHERE "a"."AgentId" = @__agentId_0 AND "a"."Enabled"
2025-09-02 20:55:27.190 +02:00 [INF] Executed DbCommand (0ms) [Parameters=[], CommandType='"Text"', CommandTimeout='30']
SELECT "m"."Id", "m"."AuthType", "m"."BaseUrl", "m"."LastSeenUtc", "m"."MetadataJson", "m"."Name", "m"."Status"
FROM "McpServers" AS "m"
ORDER BY "m"."LastSeenUtc"
2025-09-02 20:55:27.197 +02:00 [INF] Conectando a MCP WebSocket: ws://localhost:8970/ws
2025-09-02 20:55:27.332 +02:00 [ERR] Error inesperado en WebSocket: MCP Tool error: No se encontró el archivo de herramienta: ../../bundles\kb-tools\tools/summarize.js
2025-09-02 20:55:27.357 +02:00 [INF] Executed DbCommand (19ms) [Parameters=[@p0='?' (DbType = Guid), @p1='?' (Size = 150), @p2='?' (DbType = DateTime), @p3='?' (Size = 11), @p4='?' (Size = 9), @p5='?' (DbType = Guid), @p6='?'], CommandType='"Text"', CommandTimeout='30']
INSERT INTO "Messages" ("Id", "Content", "CreatedUtc", "Kind", "Role", "SessionId", "TokenUsageJson")
VALUES (@p0, @p1, @p2, @p3, @p4, @p5, @p6);
2025-09-02 20:55:27.367 +02:00 [INF] Executed DbCommand (0ms) [Parameters=[@__sessionId_0='?' (DbType = Guid), @__p_1='?' (DbType = Int32)], CommandType='"Text"', CommandTimeout='30']
SELECT "m"."Id", "m"."Content", "m"."CreatedUtc", "m"."Kind", "m"."Role", "m"."SessionId", "m"."TokenUsageJson"
FROM "Messages" AS "m"
WHERE "m"."SessionId" = @__sessionId_0
ORDER BY "m"."CreatedUtc" DESC
LIMIT @__p_1
2025-09-02 20:55:27.752 +02:00 [INF] Executed DbCommand (19ms) [Parameters=[@p0='?' (DbType = Guid), @p1='?' (Size = 72), @p2='?' (DbType = DateTime), @p3='?', @p4='?' (Size = 9), @p5='?' (DbType = Guid), @p6='?'], CommandType='"Text"', CommandTimeout='30']
INSERT INTO "Messages" ("Id", "Content", "CreatedUtc", "Kind", "Role", "SessionId", "TokenUsageJson")
VALUES (@p0, @p1, @p2, @p3, @p4, @p5, @p6);
2025-09-02 20:55:27.768 +02:00 [INF] Executed DbCommand (8ms) [Parameters=[@p0='?' (DbType = Guid), @p1='?' (Size = 72), @p2='?' (DbType = DateTime), @p3='?', @p4='?' (Size = 9), @p5='?' (DbType = Guid), @p6='?'], CommandType='"Text"', CommandTimeout='30']
INSERT INTO "Messages" ("Id", "Content", "CreatedUtc", "Kind", "Role", "SessionId", "TokenUsageJson")
VALUES (@p0, @p1, @p2, @p3, @p4, @p5, @p6);
2025-09-02 20:57:56.173 +02:00 [INF] Executed endpoint '/hubs/trace'
2025-09-02 20:57:56.180 +02:00 [INF] Request finished HTTP/1.1 GET http://localhost:5088/hubs/trace?id=tPdcU5k3NcNZL42AcE0SOA - 101 null null 295343.5928ms
2025-09-02 20:57:56.424 +02:00 [INF] Request starting HTTP/1.1 OPTIONS http://localhost:5088/agents/1e5ffb9e-fb28-4405-b82b-b4647aa5a865 - null null
2025-09-02 20:57:56.424 +02:00 [INF] Request starting HTTP/1.1 OPTIONS http://localhost:5088/agents/1e5ffb9e-fb28-4405-b82b-b4647aa5a865/bindings - null null
2025-09-02 20:57:56.430 +02:00 [INF] CORS policy execution successful.
2025-09-02 20:57:56.438 +02:00 [INF] CORS policy execution successful.
2025-09-02 20:57:56.447 +02:00 [INF] Request finished HTTP/1.1 OPTIONS http://localhost:5088/agents/1e5ffb9e-fb28-4405-b82b-b4647aa5a865 - 204 null null 23.444ms
2025-09-02 20:57:56.461 +02:00 [INF] Request finished HTTP/1.1 OPTIONS http://localhost:5088/agents/1e5ffb9e-fb28-4405-b82b-b4647aa5a865/bindings - 204 null null 36.9385ms
2025-09-02 20:57:56.471 +02:00 [INF] Request starting HTTP/1.1 GET http://localhost:5088/agents/1e5ffb9e-fb28-4405-b82b-b4647aa5a865 - application/json null
2025-09-02 20:57:56.477 +02:00 [INF] Request starting HTTP/1.1 GET http://localhost:5088/agents/1e5ffb9e-fb28-4405-b82b-b4647aa5a865/bindings - application/json null
2025-09-02 20:57:56.483 +02:00 [INF] CORS policy execution successful.
2025-09-02 20:57:56.488 +02:00 [INF] CORS policy execution successful.
2025-09-02 20:57:56.494 +02:00 [INF] Executing endpoint 'HTTP: GET /agents/{id:guid}'
2025-09-02 20:57:56.499 +02:00 [INF] Executing endpoint 'HTTP: GET /agents/{id:guid}/bindings'
2025-09-02 20:57:56.508 +02:00 [INF] Executed DbCommand (1ms) [Parameters=[@__p_0='?' (DbType = Guid)], CommandType='"Text"', CommandTimeout='30']
SELECT "a"."Id", "a"."Autonomy", "a"."CreatedUtc", "a"."GuardrailsJson", "a"."Name", "a"."ParamsJson", "a"."Provider", "a"."SystemPrompt", "a"."Temperature", "a"."TemplateRef", "a"."TokenBudget", "a"."ToolBudget", "a"."TopP", "a"."UpdatedUtc"
FROM "Agents" AS "a"
WHERE "a"."Id" = @__p_0
LIMIT 1
2025-09-02 20:57:56.513 +02:00 [INF] Executed DbCommand (1ms) [Parameters=[@__agentId_0='?' (DbType = Guid)], CommandType='"Text"', CommandTimeout='30']
SELECT "a"."Id", "a"."AgentId", "a"."ConfigJson", "a"."Enabled", "a"."ToolId"
FROM "AgentToolBindings" AS "a"
WHERE "a"."AgentId" = @__agentId_0
2025-09-02 20:57:56.517 +02:00 [INF] Setting HTTP status code 200.
2025-09-02 20:57:56.523 +02:00 [INF] Setting HTTP status code 200.
2025-09-02 20:57:56.527 +02:00 [INF] Writing value of type 'AgentResponse' as Json.
2025-09-02 20:57:56.531 +02:00 [INF] Writing value of type 'List`1' as Json.
2025-09-02 20:57:56.535 +02:00 [INF] Executed endpoint 'HTTP: GET /agents/{id:guid}'
2025-09-02 20:57:56.540 +02:00 [INF] Executed endpoint 'HTTP: GET /agents/{id:guid}/bindings'
2025-09-02 20:57:56.544 +02:00 [INF] Request finished HTTP/1.1 GET http://localhost:5088/agents/1e5ffb9e-fb28-4405-b82b-b4647aa5a865 - 200 null application/json; charset=utf-8 73.6647ms
2025-09-02 20:57:56.549 +02:00 [INF] Request finished HTTP/1.1 GET http://localhost:5088/agents/1e5ffb9e-fb28-4405-b82b-b4647aa5a865/bindings - 200 null application/json; charset=utf-8 72.1638ms
2025-09-02 20:57:59.141 +02:00 [INF] Request starting HTTP/1.1 OPTIONS http://localhost:5088/sessions - null null
2025-09-02 20:57:59.149 +02:00 [INF] CORS policy execution successful.
2025-09-02 20:57:59.153 +02:00 [INF] Request finished HTTP/1.1 OPTIONS http://localhost:5088/sessions - 204 null null 12.0793ms
2025-09-02 20:57:59.159 +02:00 [INF] Request starting HTTP/1.1 POST http://localhost:5088/sessions - application/json 50
2025-09-02 20:57:59.164 +02:00 [INF] CORS policy execution successful.
2025-09-02 20:57:59.169 +02:00 [INF] Executing endpoint 'HTTP: POST /sessions/'
2025-09-02 20:57:59.175 +02:00 [INF] Executed DbCommand (0ms) [Parameters=[@__p_0='?' (DbType = Guid)], CommandType='"Text"', CommandTimeout='30']
SELECT "a"."Id", "a"."Autonomy", "a"."CreatedUtc", "a"."GuardrailsJson", "a"."Name", "a"."ParamsJson", "a"."Provider", "a"."SystemPrompt", "a"."Temperature", "a"."TemplateRef", "a"."TokenBudget", "a"."ToolBudget", "a"."TopP", "a"."UpdatedUtc"
FROM "Agents" AS "a"
WHERE "a"."Id" = @__p_0
LIMIT 1
2025-09-02 20:57:59.201 +02:00 [INF] Executed DbCommand (19ms) [Parameters=[@p0='?' (DbType = Guid), @p1='?' (DbType = Guid), @p2='?' (DbType = DateTime), @p3='?' (DbType = Int32), @p4='?' (DbType = DateTime), @p5='?' (Size = 7), @p6='?'], CommandType='"Text"', CommandTimeout='30']
INSERT INTO "Sessions" ("Id", "AgentId", "EndedUtc", "LastEventIdx", "StartedUtc", "Status", "UserId")
VALUES (@p0, @p1, @p2, @p3, @p4, @p5, @p6);
2025-09-02 20:57:59.208 +02:00 [INF] Setting HTTP status code 201.
2025-09-02 20:57:59.213 +02:00 [INF] Writing value of type 'SessionCreatedResponse' as Json.
2025-09-02 20:57:59.218 +02:00 [INF] Executed endpoint 'HTTP: POST /sessions/'
2025-09-02 20:57:59.223 +02:00 [INF] Request finished HTTP/1.1 POST http://localhost:5088/sessions - 201 null application/json; charset=utf-8 63.8639ms
2025-09-02 20:57:59.236 +02:00 [INF] Request starting HTTP/1.1 OPTIONS http://localhost:5088/hubs/trace/negotiate?negotiateVersion=1 - null null
2025-09-02 20:57:59.242 +02:00 [INF] CORS policy execution successful.
2025-09-02 20:57:59.248 +02:00 [INF] Request finished HTTP/1.1 OPTIONS http://localhost:5088/hubs/trace/negotiate?negotiateVersion=1 - 204 null null 12.2428ms
2025-09-02 20:57:59.252 +02:00 [INF] Request starting HTTP/1.1 POST http://localhost:5088/hubs/trace/negotiate?negotiateVersion=1 - null 0
2025-09-02 20:57:59.260 +02:00 [INF] CORS policy execution successful.
2025-09-02 20:57:59.267 +02:00 [INF] ApiKey was not authenticated. Failure message: Missing API key
2025-09-02 20:57:59.271 +02:00 [INF] Executing endpoint '/hubs/trace/negotiate'
2025-09-02 20:57:59.276 +02:00 [INF] Executed endpoint '/hubs/trace/negotiate'
2025-09-02 20:57:59.282 +02:00 [INF] Request finished HTTP/1.1 POST http://localhost:5088/hubs/trace/negotiate?negotiateVersion=1 - 200 316 application/json 30.2937ms
2025-09-02 20:57:59.283 +02:00 [INF] Request starting HTTP/1.1 GET http://localhost:5088/hubs/trace?id=REJtSuJTluCLpOeBuJYfew - null null
2025-09-02 20:57:59.293 +02:00 [INF] CORS policy execution successful.
2025-09-02 20:57:59.298 +02:00 [INF] ApiKey was not authenticated. Failure message: Missing API key
2025-09-02 20:57:59.302 +02:00 [INF] Executing endpoint '/hubs/trace'
2025-09-02 20:58:01.213 +02:00 [INF] Request starting HTTP/1.1 OPTIONS http://localhost:5088/sessions/b760abd7-a328-4d79-8797-dceb5b9b3629/messages - null null
2025-09-02 20:58:01.220 +02:00 [INF] CORS policy execution successful.
2025-09-02 20:58:01.224 +02:00 [INF] Request finished HTTP/1.1 OPTIONS http://localhost:5088/sessions/b760abd7-a328-4d79-8797-dceb5b9b3629/messages - 204 null null 10.5041ms
2025-09-02 20:58:01.230 +02:00 [INF] Request starting HTTP/1.1 POST http://localhost:5088/sessions/b760abd7-a328-4d79-8797-dceb5b9b3629/messages - application/json 18
2025-09-02 20:58:01.235 +02:00 [INF] CORS policy execution successful.
2025-09-02 20:58:01.240 +02:00 [INF] Executing endpoint 'HTTP: POST /sessions/{id:guid}/messages'
2025-09-02 20:58:01.246 +02:00 [INF] Executed DbCommand (0ms) [Parameters=[@__p_0='?' (DbType = Guid)], CommandType='"Text"', CommandTimeout='30']
SELECT "s"."Id", "s"."AgentId", "s"."EndedUtc", "s"."LastEventIdx", "s"."StartedUtc", "s"."Status", "s"."UserId"
FROM "Sessions" AS "s"
WHERE "s"."Id" = @__p_0
LIMIT 1
2025-09-02 20:58:01.268 +02:00 [INF] Executed DbCommand (16ms) [Parameters=[@p0='?' (DbType = Guid), @p1='?' (Size = 4), @p2='?' (DbType = DateTime), @p3='?', @p4='?' (Size = 4), @p5='?' (DbType = Guid), @p6='?'], CommandType='"Text"', CommandTimeout='30']
INSERT INTO "Messages" ("Id", "Content", "CreatedUtc", "Kind", "Role", "SessionId", "TokenUsageJson")
VALUES (@p0, @p1, @p2, @p3, @p4, @p5, @p6);
2025-09-02 20:58:01.273 +02:00 [INF] Setting HTTP status code 202.
2025-09-02 20:58:01.274 +02:00 [INF] Executed DbCommand (0ms) [Parameters=[@__p_0='?' (DbType = Guid)], CommandType='"Text"', CommandTimeout='30']
SELECT "a"."Id", "a"."Autonomy", "a"."CreatedUtc", "a"."GuardrailsJson", "a"."Name", "a"."ParamsJson", "a"."Provider", "a"."SystemPrompt", "a"."Temperature", "a"."TemplateRef", "a"."TokenBudget", "a"."ToolBudget", "a"."TopP", "a"."UpdatedUtc"
FROM "Agents" AS "a"
WHERE "a"."Id" = @__p_0
LIMIT 1
2025-09-02 20:58:01.278 +02:00 [INF] Writing value of type 'AcceptedResponse' as Json.
2025-09-02 20:58:01.287 +02:00 [INF] Executed endpoint 'HTTP: POST /sessions/{id:guid}/messages'
2025-09-02 20:58:01.292 +02:00 [INF] Request finished HTTP/1.1 POST http://localhost:5088/sessions/b760abd7-a328-4d79-8797-dceb5b9b3629/messages - 202 null application/json; charset=utf-8 62.111ms
2025-09-02 20:58:01.293 +02:00 [INF] Executed DbCommand (8ms) [Parameters=[@p0='?' (DbType = Guid), @p1='?' (Size = 4), @p2='?' (DbType = DateTime), @p3='?', @p4='?' (Size = 4), @p5='?' (DbType = Guid), @p6='?'], CommandType='"Text"', CommandTimeout='30']
INSERT INTO "Messages" ("Id", "Content", "CreatedUtc", "Kind", "Role", "SessionId", "TokenUsageJson")
VALUES (@p0, @p1, @p2, @p3, @p4, @p5, @p6);
2025-09-02 20:58:01.305 +02:00 [INF] Executed DbCommand (0ms) [Parameters=[@__agentId_0='?' (DbType = Guid)], CommandType='"Text"', CommandTimeout='30']
SELECT "a"."Id", "a"."AgentId", "a"."ConfigJson", "a"."Enabled", "a"."ToolId", "t"."Id", "t"."Description", "t"."Enabled", "t"."InputSchemaJson", "t"."McpServerId", "t"."Name", "t"."Scope", "m"."Id", "m"."AuthType", "m"."BaseUrl", "m"."LastSeenUtc", "m"."MetadataJson", "m"."Name", "m"."Status"
FROM "AgentToolBindings" AS "a"
INNER JOIN "Tools" AS "t" ON "a"."ToolId" = "t"."Id"
INNER JOIN "McpServers" AS "m" ON "t"."McpServerId" = "m"."Id"
WHERE "a"."AgentId" = @__agentId_0 AND "a"."Enabled"
2025-09-02 20:58:01.314 +02:00 [INF] Executed DbCommand (1ms) [Parameters=[@__sessionId_0='?' (DbType = Guid), @__kind_1='?' (Size = 11), @__p_2='?' (DbType = Int32)], CommandType='"Text"', CommandTimeout='30']
SELECT "m"."Id", "m"."Content", "m"."CreatedUtc", "m"."Kind", "m"."Role", "m"."SessionId", "m"."TokenUsageJson"
FROM "Messages" AS "m"
WHERE "m"."SessionId" = @__sessionId_0 AND "m"."Kind" = @__kind_1
ORDER BY "m"."CreatedUtc" DESC
LIMIT @__p_2
2025-09-02 20:58:01.322 +02:00 [INF] Executed DbCommand (0ms) [Parameters=[@__sessionId_0='?' (DbType = Guid), @__p_1='?' (DbType = Int32)], CommandType='"Text"', CommandTimeout='30']
SELECT "m"."Id", "m"."Content", "m"."CreatedUtc", "m"."Kind", "m"."Role", "m"."SessionId", "m"."TokenUsageJson"
FROM "Messages" AS "m"
WHERE "m"."SessionId" = @__sessionId_0
ORDER BY "m"."CreatedUtc" DESC
LIMIT @__p_1
2025-09-02 20:58:01.330 +02:00 [INF] Executed DbCommand (1ms) [Parameters=[@__agentId_0='?' (DbType = Guid)], CommandType='"Text"', CommandTimeout='30']
SELECT "a"."Id", "a"."AgentId", "a"."ConfigJson", "a"."Enabled", "a"."ToolId", "t"."Id", "t"."Description", "t"."Enabled", "t"."InputSchemaJson", "t"."McpServerId", "t"."Name", "t"."Scope", "m"."Id", "m"."AuthType", "m"."BaseUrl", "m"."LastSeenUtc", "m"."MetadataJson", "m"."Name", "m"."Status"
FROM "AgentToolBindings" AS "a"
INNER JOIN "Tools" AS "t" ON "a"."ToolId" = "t"."Id"
INNER JOIN "McpServers" AS "m" ON "t"."McpServerId" = "m"."Id"
WHERE "a"."AgentId" = @__agentId_0 AND "a"."Enabled"
2025-09-02 20:58:02.298 +02:00 [INF] Executed DbCommand (0ms) [Parameters=[@__agentId_0='?' (DbType = Guid)], CommandType='"Text"', CommandTimeout='30']
SELECT "a"."Id", "a"."AgentId", "a"."ConfigJson", "a"."Enabled", "a"."ToolId", "t"."Id", "t"."Description", "t"."Enabled", "t"."InputSchemaJson", "t"."McpServerId", "t"."Name", "t"."Scope", "m"."Id", "m"."AuthType", "m"."BaseUrl", "m"."LastSeenUtc", "m"."MetadataJson", "m"."Name", "m"."Status"
FROM "AgentToolBindings" AS "a"
INNER JOIN "Tools" AS "t" ON "a"."ToolId" = "t"."Id"
INNER JOIN "McpServers" AS "m" ON "t"."McpServerId" = "m"."Id"
WHERE "a"."AgentId" = @__agentId_0 AND "a"."Enabled"
2025-09-02 20:58:02.308 +02:00 [INF] Executed DbCommand (0ms) [Parameters=[@__agentId_0='?' (DbType = Guid)], CommandType='"Text"', CommandTimeout='30']
SELECT "a"."Id", "a"."AgentId", "a"."ConfigJson", "a"."Enabled", "a"."ToolId", "t"."Id", "t"."Description", "t"."Enabled", "t"."InputSchemaJson", "t"."McpServerId", "t"."Name", "t"."Scope", "m"."Id", "m"."AuthType", "m"."BaseUrl", "m"."LastSeenUtc", "m"."MetadataJson", "m"."Name", "m"."Status"
FROM "AgentToolBindings" AS "a"
INNER JOIN "Tools" AS "t" ON "a"."ToolId" = "t"."Id"
INNER JOIN "McpServers" AS "m" ON "t"."McpServerId" = "m"."Id"
WHERE "a"."AgentId" = @__agentId_0 AND "a"."Enabled"
2025-09-02 20:58:02.659 +02:00 [INF] Executed DbCommand (0ms) [Parameters=[], CommandType='"Text"', CommandTimeout='30']
SELECT "m"."Id", "m"."AuthType", "m"."BaseUrl", "m"."LastSeenUtc", "m"."MetadataJson", "m"."Name", "m"."Status"
FROM "McpServers" AS "m"
ORDER BY "m"."LastSeenUtc"
2025-09-02 20:58:02.666 +02:00 [INF] Conectando a MCP WebSocket: ws://localhost:8970/ws
2025-09-02 20:58:02.864 +02:00 [INF] Executed DbCommand (0ms) [Parameters=[@__agentId_0='?' (DbType = Guid)], CommandType='"Text"', CommandTimeout='30']
SELECT "a"."Id", "a"."AgentId", "a"."ConfigJson", "a"."Enabled", "a"."ToolId", "t"."Id", "t"."Description", "t"."Enabled", "t"."InputSchemaJson", "t"."McpServerId", "t"."Name", "t"."Scope", "m"."Id", "m"."AuthType", "m"."BaseUrl", "m"."LastSeenUtc", "m"."MetadataJson", "m"."Name", "m"."Status"
FROM "AgentToolBindings" AS "a"
INNER JOIN "Tools" AS "t" ON "a"."ToolId" = "t"."Id"
INNER JOIN "McpServers" AS "m" ON "t"."McpServerId" = "m"."Id"
WHERE "a"."AgentId" = @__agentId_0 AND "a"."Enabled"
2025-09-02 20:58:04.731 +02:00 [INF] Executed DbCommand (19ms) [Parameters=[@p0='?' (DbType = Guid), @p1='?' (Size = 50), @p2='?' (DbType = DateTime), @p3='?' (Size = 11), @p4='?' (Size = 9), @p5='?' (DbType = Guid), @p6='?'], CommandType='"Text"', CommandTimeout='30']
INSERT INTO "Messages" ("Id", "Content", "CreatedUtc", "Kind", "Role", "SessionId", "TokenUsageJson")
VALUES (@p0, @p1, @p2, @p3, @p4, @p5, @p6);
2025-09-02 20:58:04.741 +02:00 [INF] Executed DbCommand (0ms) [Parameters=[@__sessionId_0='?' (DbType = Guid), @__p_1='?' (DbType = Int32)], CommandType='"Text"', CommandTimeout='30']
SELECT "m"."Id", "m"."Content", "m"."CreatedUtc", "m"."Kind", "m"."Role", "m"."SessionId", "m"."TokenUsageJson"
FROM "Messages" AS "m"
WHERE "m"."SessionId" = @__sessionId_0
ORDER BY "m"."CreatedUtc" DESC
LIMIT @__p_1
2025-09-02 20:58:05.065 +02:00 [INF] Executed DbCommand (8ms) [Parameters=[@p0='?' (DbType = Guid), @p1='?' (Size = 34), @p2='?' (DbType = DateTime), @p3='?', @p4='?' (Size = 9), @p5='?' (DbType = Guid), @p6='?'], CommandType='"Text"', CommandTimeout='30']
INSERT INTO "Messages" ("Id", "Content", "CreatedUtc", "Kind", "Role", "SessionId", "TokenUsageJson")
VALUES (@p0, @p1, @p2, @p3, @p4, @p5, @p6);
2025-09-02 20:58:05.080 +02:00 [INF] Executed DbCommand (9ms) [Parameters=[@p0='?' (DbType = Guid), @p1='?' (Size = 34), @p2='?' (DbType = DateTime), @p3='?', @p4='?' (Size = 9), @p5='?' (DbType = Guid), @p6='?'], CommandType='"Text"', CommandTimeout='30']
INSERT INTO "Messages" ("Id", "Content", "CreatedUtc", "Kind", "Role", "SessionId", "TokenUsageJson")
VALUES (@p0, @p1, @p2, @p3, @p4, @p5, @p6);
2025-09-02 20:58:10.295 +02:00 [INF] Request starting HTTP/1.1 OPTIONS http://localhost:5088/sessions/b760abd7-a328-4d79-8797-dceb5b9b3629/messages - null null
2025-09-02 20:58:10.302 +02:00 [INF] CORS policy execution successful.
2025-09-02 20:58:10.305 +02:00 [INF] Request finished HTTP/1.1 OPTIONS http://localhost:5088/sessions/b760abd7-a328-4d79-8797-dceb5b9b3629/messages - 204 null null 10.0461ms
2025-09-02 20:58:10.310 +02:00 [INF] Request starting HTTP/1.1 POST http://localhost:5088/sessions/b760abd7-a328-4d79-8797-dceb5b9b3629/messages - application/json 28
2025-09-02 20:58:10.314 +02:00 [INF] CORS policy execution successful.
2025-09-02 20:58:10.319 +02:00 [INF] Executing endpoint 'HTTP: POST /sessions/{id:guid}/messages'
2025-09-02 20:58:10.324 +02:00 [INF] Executed DbCommand (0ms) [Parameters=[@__p_0='?' (DbType = Guid)], CommandType='"Text"', CommandTimeout='30']
SELECT "s"."Id", "s"."AgentId", "s"."EndedUtc", "s"."LastEventIdx", "s"."StartedUtc", "s"."Status", "s"."UserId"
FROM "Sessions" AS "s"
WHERE "s"."Id" = @__p_0
LIMIT 1
2025-09-02 20:58:10.347 +02:00 [INF] Executed DbCommand (17ms) [Parameters=[@p0='?' (DbType = Guid), @p1='?' (Size = 14), @p2='?' (DbType = DateTime), @p3='?', @p4='?' (Size = 4), @p5='?' (DbType = Guid), @p6='?'], CommandType='"Text"', CommandTimeout='30']
INSERT INTO "Messages" ("Id", "Content", "CreatedUtc", "Kind", "Role", "SessionId", "TokenUsageJson")
VALUES (@p0, @p1, @p2, @p3, @p4, @p5, @p6);
2025-09-02 20:58:10.354 +02:00 [INF] Setting HTTP status code 202.
2025-09-02 20:58:10.356 +02:00 [INF] Executed DbCommand (0ms) [Parameters=[@__p_0='?' (DbType = Guid)], CommandType='"Text"', CommandTimeout='30']
SELECT "a"."Id", "a"."Autonomy", "a"."CreatedUtc", "a"."GuardrailsJson", "a"."Name", "a"."ParamsJson", "a"."Provider", "a"."SystemPrompt", "a"."Temperature", "a"."TemplateRef", "a"."TokenBudget", "a"."ToolBudget", "a"."TopP", "a"."UpdatedUtc"
FROM "Agents" AS "a"
WHERE "a"."Id" = @__p_0
LIMIT 1
2025-09-02 20:58:10.359 +02:00 [INF] Writing value of type 'AcceptedResponse' as Json.
2025-09-02 20:58:10.372 +02:00 [INF] Executed endpoint 'HTTP: POST /sessions/{id:guid}/messages'
2025-09-02 20:58:10.379 +02:00 [INF] Executed DbCommand (10ms) [Parameters=[@p0='?' (DbType = Guid), @p1='?' (Size = 14), @p2='?' (DbType = DateTime), @p3='?', @p4='?' (Size = 4), @p5='?' (DbType = Guid), @p6='?'], CommandType='"Text"', CommandTimeout='30']
INSERT INTO "Messages" ("Id", "Content", "CreatedUtc", "Kind", "Role", "SessionId", "TokenUsageJson")
VALUES (@p0, @p1, @p2, @p3, @p4, @p5, @p6);
2025-09-02 20:58:10.380 +02:00 [INF] Request finished HTTP/1.1 POST http://localhost:5088/sessions/b760abd7-a328-4d79-8797-dceb5b9b3629/messages - 202 null application/json; charset=utf-8 69.7631ms
2025-09-02 20:58:10.391 +02:00 [INF] Executed DbCommand (0ms) [Parameters=[@__agentId_0='?' (DbType = Guid)], CommandType='"Text"', CommandTimeout='30']
SELECT "a"."Id", "a"."AgentId", "a"."ConfigJson", "a"."Enabled", "a"."ToolId", "t"."Id", "t"."Description", "t"."Enabled", "t"."InputSchemaJson", "t"."McpServerId", "t"."Name", "t"."Scope", "m"."Id", "m"."AuthType", "m"."BaseUrl", "m"."LastSeenUtc", "m"."MetadataJson", "m"."Name", "m"."Status"
FROM "AgentToolBindings" AS "a"
INNER JOIN "Tools" AS "t" ON "a"."ToolId" = "t"."Id"
INNER JOIN "McpServers" AS "m" ON "t"."McpServerId" = "m"."Id"
WHERE "a"."AgentId" = @__agentId_0 AND "a"."Enabled"
2025-09-02 20:58:10.407 +02:00 [INF] Executed DbCommand (1ms) [Parameters=[@__sessionId_0='?' (DbType = Guid), @__kind_1='?' (Size = 11), @__p_2='?' (DbType = Int32)], CommandType='"Text"', CommandTimeout='30']
SELECT "m"."Id", "m"."Content", "m"."CreatedUtc", "m"."Kind", "m"."Role", "m"."SessionId", "m"."TokenUsageJson"
FROM "Messages" AS "m"
WHERE "m"."SessionId" = @__sessionId_0 AND "m"."Kind" = @__kind_1
ORDER BY "m"."CreatedUtc" DESC
LIMIT @__p_2
2025-09-02 20:58:10.419 +02:00 [INF] Executed DbCommand (1ms) [Parameters=[@__sessionId_0='?' (DbType = Guid), @__p_1='?' (DbType = Int32)], CommandType='"Text"', CommandTimeout='30']
SELECT "m"."Id", "m"."Content", "m"."CreatedUtc", "m"."Kind", "m"."Role", "m"."SessionId", "m"."TokenUsageJson"
FROM "Messages" AS "m"
WHERE "m"."SessionId" = @__sessionId_0
ORDER BY "m"."CreatedUtc" DESC
LIMIT @__p_1
2025-09-02 20:58:10.430 +02:00 [INF] Executed DbCommand (1ms) [Parameters=[@__agentId_0='?' (DbType = Guid)], CommandType='"Text"', CommandTimeout='30']
SELECT "a"."Id", "a"."AgentId", "a"."ConfigJson", "a"."Enabled", "a"."ToolId", "t"."Id", "t"."Description", "t"."Enabled", "t"."InputSchemaJson", "t"."McpServerId", "t"."Name", "t"."Scope", "m"."Id", "m"."AuthType", "m"."BaseUrl", "m"."LastSeenUtc", "m"."MetadataJson", "m"."Name", "m"."Status"
FROM "AgentToolBindings" AS "a"
INNER JOIN "Tools" AS "t" ON "a"."ToolId" = "t"."Id"
INNER JOIN "McpServers" AS "m" ON "t"."McpServerId" = "m"."Id"
WHERE "a"."AgentId" = @__agentId_0 AND "a"."Enabled"
2025-09-02 20:58:11.018 +02:00 [INF] Executed DbCommand (1ms) [Parameters=[@__agentId_0='?' (DbType = Guid)], CommandType='"Text"', CommandTimeout='30']
SELECT "a"."Id", "a"."AgentId", "a"."ConfigJson", "a"."Enabled", "a"."ToolId", "t"."Id", "t"."Description", "t"."Enabled", "t"."InputSchemaJson", "t"."McpServerId", "t"."Name", "t"."Scope", "m"."Id", "m"."AuthType", "m"."BaseUrl", "m"."LastSeenUtc", "m"."MetadataJson", "m"."Name", "m"."Status"
FROM "AgentToolBindings" AS "a"
INNER JOIN "Tools" AS "t" ON "a"."ToolId" = "t"."Id"
INNER JOIN "McpServers" AS "m" ON "t"."McpServerId" = "m"."Id"
WHERE "a"."AgentId" = @__agentId_0 AND "a"."Enabled"
2025-09-02 20:58:11.029 +02:00 [INF] Executed DbCommand (0ms) [Parameters=[@__agentId_0='?' (DbType = Guid)], CommandType='"Text"', CommandTimeout='30']
SELECT "a"."Id", "a"."AgentId", "a"."ConfigJson", "a"."Enabled", "a"."ToolId", "t"."Id", "t"."Description", "t"."Enabled", "t"."InputSchemaJson", "t"."McpServerId", "t"."Name", "t"."Scope", "m"."Id", "m"."AuthType", "m"."BaseUrl", "m"."LastSeenUtc", "m"."MetadataJson", "m"."Name", "m"."Status"
FROM "AgentToolBindings" AS "a"
INNER JOIN "Tools" AS "t" ON "a"."ToolId" = "t"."Id"
INNER JOIN "McpServers" AS "m" ON "t"."McpServerId" = "m"."Id"
WHERE "a"."AgentId" = @__agentId_0 AND "a"."Enabled"
2025-09-02 20:58:11.486 +02:00 [INF] Executed DbCommand (0ms) [Parameters=[], CommandType='"Text"', CommandTimeout='30']
SELECT "m"."Id", "m"."AuthType", "m"."BaseUrl", "m"."LastSeenUtc", "m"."MetadataJson", "m"."Name", "m"."Status"
FROM "McpServers" AS "m"
ORDER BY "m"."LastSeenUtc"
2025-09-02 20:58:11.492 +02:00 [INF] Conectando a MCP WebSocket: ws://localhost:8970/ws
2025-09-02 20:58:11.686 +02:00 [INF] Executed DbCommand (0ms) [Parameters=[@__agentId_0='?' (DbType = Guid)], CommandType='"Text"', CommandTimeout='30']
SELECT "a"."Id", "a"."AgentId", "a"."ConfigJson", "a"."Enabled", "a"."ToolId", "t"."Id", "t"."Description", "t"."Enabled", "t"."InputSchemaJson", "t"."McpServerId", "t"."Name", "t"."Scope", "m"."Id", "m"."AuthType", "m"."BaseUrl", "m"."LastSeenUtc", "m"."MetadataJson", "m"."Name", "m"."Status"
FROM "AgentToolBindings" AS "a"
INNER JOIN "Tools" AS "t" ON "a"."ToolId" = "t"."Id"
INNER JOIN "McpServers" AS "m" ON "t"."McpServerId" = "m"."Id"
WHERE "a"."AgentId" = @__agentId_0 AND "a"."Enabled"
2025-09-02 20:58:14.302 +02:00 [INF] Executed DbCommand (18ms) [Parameters=[@p0='?' (DbType = Guid), @p1='?' (Size = 94), @p2='?' (DbType = DateTime), @p3='?' (Size = 11), @p4='?' (Size = 9), @p5='?' (DbType = Guid), @p6='?'], CommandType='"Text"', CommandTimeout='30']
INSERT INTO "Messages" ("Id", "Content", "CreatedUtc", "Kind", "Role", "SessionId", "TokenUsageJson")
VALUES (@p0, @p1, @p2, @p3, @p4, @p5, @p6);
2025-09-02 20:58:14.312 +02:00 [INF] Executed DbCommand (0ms) [Parameters=[@__sessionId_0='?' (DbType = Guid), @__p_1='?' (DbType = Int32)], CommandType='"Text"', CommandTimeout='30']
SELECT "m"."Id", "m"."Content", "m"."CreatedUtc", "m"."Kind", "m"."Role", "m"."SessionId", "m"."TokenUsageJson"
FROM "Messages" AS "m"
WHERE "m"."SessionId" = @__sessionId_0
ORDER BY "m"."CreatedUtc" DESC
LIMIT @__p_1
2025-09-02 20:58:14.711 +02:00 [INF] Executed DbCommand (10ms) [Parameters=[@p0='?' (DbType = Guid), @p1='?' (Size = 90), @p2='?' (DbType = DateTime), @p3='?', @p4='?' (Size = 9), @p5='?' (DbType = Guid), @p6='?'], CommandType='"Text"', CommandTimeout='30']
INSERT INTO "Messages" ("Id", "Content", "CreatedUtc", "Kind", "Role", "SessionId", "TokenUsageJson")
VALUES (@p0, @p1, @p2, @p3, @p4, @p5, @p6);
2025-09-02 20:58:14.730 +02:00 [INF] Executed DbCommand (10ms) [Parameters=[@p0='?' (DbType = Guid), @p1='?' (Size = 90), @p2='?' (DbType = DateTime), @p3='?', @p4='?' (Size = 9), @p5='?' (DbType = Guid), @p6='?'], CommandType='"Text"', CommandTimeout='30']
INSERT INTO "Messages" ("Id", "Content", "CreatedUtc", "Kind", "Role", "SessionId", "TokenUsageJson")
VALUES (@p0, @p1, @p2, @p3, @p4, @p5, @p6);
2025-09-02 20:58:19.781 +02:00 [INF] Request starting HTTP/1.1 OPTIONS http://localhost:5088/sessions/b760abd7-a328-4d79-8797-dceb5b9b3629/messages - null null
2025-09-02 20:58:19.789 +02:00 [INF] CORS policy execution successful.
2025-09-02 20:58:19.794 +02:00 [INF] Request finished HTTP/1.1 OPTIONS http://localhost:5088/sessions/b760abd7-a328-4d79-8797-dceb5b9b3629/messages - 204 null null 12.6498ms
2025-09-02 20:58:19.799 +02:00 [INF] Request starting HTTP/1.1 POST http://localhost:5088/sessions/b760abd7-a328-4d79-8797-dceb5b9b3629/messages - application/json 56
2025-09-02 20:58:19.804 +02:00 [INF] CORS policy execution successful.
2025-09-02 20:58:19.809 +02:00 [INF] Executing endpoint 'HTTP: POST /sessions/{id:guid}/messages'
2025-09-02 20:58:19.814 +02:00 [INF] Executed DbCommand (0ms) [Parameters=[@__p_0='?' (DbType = Guid)], CommandType='"Text"', CommandTimeout='30']
SELECT "s"."Id", "s"."AgentId", "s"."EndedUtc", "s"."LastEventIdx", "s"."StartedUtc", "s"."Status", "s"."UserId"
FROM "Sessions" AS "s"
WHERE "s"."Id" = @__p_0
LIMIT 1
2025-09-02 20:58:19.839 +02:00 [INF] Executed DbCommand (19ms) [Parameters=[@p0='?' (DbType = Guid), @p1='?' (Size = 42), @p2='?' (DbType = DateTime), @p3='?', @p4='?' (Size = 4), @p5='?' (DbType = Guid), @p6='?'], CommandType='"Text"', CommandTimeout='30']
INSERT INTO "Messages" ("Id", "Content", "CreatedUtc", "Kind", "Role", "SessionId", "TokenUsageJson")
VALUES (@p0, @p1, @p2, @p3, @p4, @p5, @p6);
2025-09-02 20:58:19.849 +02:00 [INF] Setting HTTP status code 202.
2025-09-02 20:58:19.850 +02:00 [INF] Executed DbCommand (0ms) [Parameters=[@__p_0='?' (DbType = Guid)], CommandType='"Text"', CommandTimeout='30']
SELECT "a"."Id", "a"."Autonomy", "a"."CreatedUtc", "a"."GuardrailsJson", "a"."Name", "a"."ParamsJson", "a"."Provider", "a"."SystemPrompt", "a"."Temperature", "a"."TemplateRef", "a"."TokenBudget", "a"."ToolBudget", "a"."TopP", "a"."UpdatedUtc"
FROM "Agents" AS "a"
WHERE "a"."Id" = @__p_0
LIMIT 1
2025-09-02 20:58:19.854 +02:00 [INF] Writing value of type 'AcceptedResponse' as Json.
2025-09-02 20:58:19.864 +02:00 [INF] Executed endpoint 'HTTP: POST /sessions/{id:guid}/messages'
2025-09-02 20:58:19.869 +02:00 [INF] Request finished HTTP/1.1 POST http://localhost:5088/sessions/b760abd7-a328-4d79-8797-dceb5b9b3629/messages - 202 null application/json; charset=utf-8 69.6027ms
2025-09-02 20:58:19.870 +02:00 [INF] Executed DbCommand (9ms) [Parameters=[@p0='?' (DbType = Guid), @p1='?' (Size = 42), @p2='?' (DbType = DateTime), @p3='?', @p4='?' (Size = 4), @p5='?' (DbType = Guid), @p6='?'], CommandType='"Text"', CommandTimeout='30']
INSERT INTO "Messages" ("Id", "Content", "CreatedUtc", "Kind", "Role", "SessionId", "TokenUsageJson")
VALUES (@p0, @p1, @p2, @p3, @p4, @p5, @p6);
2025-09-02 20:58:19.882 +02:00 [INF] Executed DbCommand (0ms) [Parameters=[@__agentId_0='?' (DbType = Guid)], CommandType='"Text"', CommandTimeout='30']
SELECT "a"."Id", "a"."AgentId", "a"."ConfigJson", "a"."Enabled", "a"."ToolId", "t"."Id", "t"."Description", "t"."Enabled", "t"."InputSchemaJson", "t"."McpServerId", "t"."Name", "t"."Scope", "m"."Id", "m"."AuthType", "m"."BaseUrl", "m"."LastSeenUtc", "m"."MetadataJson", "m"."Name", "m"."Status"
FROM "AgentToolBindings" AS "a"
INNER JOIN "Tools" AS "t" ON "a"."ToolId" = "t"."Id"
INNER JOIN "McpServers" AS "m" ON "t"."McpServerId" = "m"."Id"
WHERE "a"."AgentId" = @__agentId_0 AND "a"."Enabled"
2025-09-02 20:58:19.891 +02:00 [INF] Executed DbCommand (1ms) [Parameters=[@__sessionId_0='?' (DbType = Guid), @__kind_1='?' (Size = 11), @__p_2='?' (DbType = Int32)], CommandType='"Text"', CommandTimeout='30']
SELECT "m"."Id", "m"."Content", "m"."CreatedUtc", "m"."Kind", "m"."Role", "m"."SessionId", "m"."TokenUsageJson"
FROM "Messages" AS "m"
WHERE "m"."SessionId" = @__sessionId_0 AND "m"."Kind" = @__kind_1
ORDER BY "m"."CreatedUtc" DESC
LIMIT @__p_2
2025-09-02 20:58:19.900 +02:00 [INF] Executed DbCommand (1ms) [Parameters=[@__sessionId_0='?' (DbType = Guid), @__p_1='?' (DbType = Int32)], CommandType='"Text"', CommandTimeout='30']
SELECT "m"."Id", "m"."Content", "m"."CreatedUtc", "m"."Kind", "m"."Role", "m"."SessionId", "m"."TokenUsageJson"
FROM "Messages" AS "m"
WHERE "m"."SessionId" = @__sessionId_0
ORDER BY "m"."CreatedUtc" DESC
LIMIT @__p_1
2025-09-02 20:58:19.910 +02:00 [INF] Executed DbCommand (1ms) [Parameters=[@__agentId_0='?' (DbType = Guid)], CommandType='"Text"', CommandTimeout='30']
SELECT "a"."Id", "a"."AgentId", "a"."ConfigJson", "a"."Enabled", "a"."ToolId", "t"."Id", "t"."Description", "t"."Enabled", "t"."InputSchemaJson", "t"."McpServerId", "t"."Name", "t"."Scope", "m"."Id", "m"."AuthType", "m"."BaseUrl", "m"."LastSeenUtc", "m"."MetadataJson", "m"."Name", "m"."Status"
FROM "AgentToolBindings" AS "a"
INNER JOIN "Tools" AS "t" ON "a"."ToolId" = "t"."Id"
INNER JOIN "McpServers" AS "m" ON "t"."McpServerId" = "m"."Id"
WHERE "a"."AgentId" = @__agentId_0 AND "a"."Enabled"
2025-09-02 20:58:20.685 +02:00 [INF] Executed DbCommand (1ms) [Parameters=[@__agentId_0='?' (DbType = Guid)], CommandType='"Text"', CommandTimeout='30']
SELECT "a"."Id", "a"."AgentId", "a"."ConfigJson", "a"."Enabled", "a"."ToolId", "t"."Id", "t"."Description", "t"."Enabled", "t"."InputSchemaJson", "t"."McpServerId", "t"."Name", "t"."Scope", "m"."Id", "m"."AuthType", "m"."BaseUrl", "m"."LastSeenUtc", "m"."MetadataJson", "m"."Name", "m"."Status"
FROM "AgentToolBindings" AS "a"
INNER JOIN "Tools" AS "t" ON "a"."ToolId" = "t"."Id"
INNER JOIN "McpServers" AS "m" ON "t"."McpServerId" = "m"."Id"
WHERE "a"."AgentId" = @__agentId_0 AND "a"."Enabled"
2025-09-02 20:58:20.697 +02:00 [INF] Executed DbCommand (1ms) [Parameters=[@__agentId_0='?' (DbType = Guid)], CommandType='"Text"', CommandTimeout='30']
SELECT "a"."Id", "a"."AgentId", "a"."ConfigJson", "a"."Enabled", "a"."ToolId", "t"."Id", "t"."Description", "t"."Enabled", "t"."InputSchemaJson", "t"."McpServerId", "t"."Name", "t"."Scope", "m"."Id", "m"."AuthType", "m"."BaseUrl", "m"."LastSeenUtc", "m"."MetadataJson", "m"."Name", "m"."Status"
FROM "AgentToolBindings" AS "a"
INNER JOIN "Tools" AS "t" ON "a"."ToolId" = "t"."Id"
INNER JOIN "McpServers" AS "m" ON "t"."McpServerId" = "m"."Id"
WHERE "a"."AgentId" = @__agentId_0 AND "a"."Enabled"
2025-09-02 20:58:21.063 +02:00 [INF] Executed DbCommand (0ms) [Parameters=[], CommandType='"Text"', CommandTimeout='30']
SELECT "m"."Id", "m"."AuthType", "m"."BaseUrl", "m"."LastSeenUtc", "m"."MetadataJson", "m"."Name", "m"."Status"
FROM "McpServers" AS "m"
ORDER BY "m"."LastSeenUtc"
2025-09-02 20:58:21.070 +02:00 [INF] Conectando a MCP WebSocket: ws://localhost:8970/ws
2025-09-02 20:58:21.268 +02:00 [INF] Executed DbCommand (0ms) [Parameters=[@__agentId_0='?' (DbType = Guid)], CommandType='"Text"', CommandTimeout='30']
SELECT "a"."Id", "a"."AgentId", "a"."ConfigJson", "a"."Enabled", "a"."ToolId", "t"."Id", "t"."Description", "t"."Enabled", "t"."InputSchemaJson", "t"."McpServerId", "t"."Name", "t"."Scope", "m"."Id", "m"."AuthType", "m"."BaseUrl", "m"."LastSeenUtc", "m"."MetadataJson", "m"."Name", "m"."Status"
FROM "AgentToolBindings" AS "a"
INNER JOIN "Tools" AS "t" ON "a"."ToolId" = "t"."Id"
INNER JOIN "McpServers" AS "m" ON "t"."McpServerId" = "m"."Id"
WHERE "a"."AgentId" = @__agentId_0 AND "a"."Enabled"
2025-09-02 20:58:21.978 +02:00 [INF] Executed DbCommand (19ms) [Parameters=[@p0='?' (DbType = Guid), @p1='?' (Size = 45), @p2='?' (DbType = DateTime), @p3='?' (Size = 11), @p4='?' (Size = 9), @p5='?' (DbType = Guid), @p6='?'], CommandType='"Text"', CommandTimeout='30']
INSERT INTO "Messages" ("Id", "Content", "CreatedUtc", "Kind", "Role", "SessionId", "TokenUsageJson")
VALUES (@p0, @p1, @p2, @p3, @p4, @p5, @p6);
2025-09-02 20:58:21.986 +02:00 [INF] Executed DbCommand (0ms) [Parameters=[@__sessionId_0='?' (DbType = Guid), @__p_1='?' (DbType = Int32)], CommandType='"Text"', CommandTimeout='30']
SELECT "m"."Id", "m"."Content", "m"."CreatedUtc", "m"."Kind", "m"."Role", "m"."SessionId", "m"."TokenUsageJson"
FROM "Messages" AS "m"
WHERE "m"."SessionId" = @__sessionId_0
ORDER BY "m"."CreatedUtc" DESC
LIMIT @__p_1
2025-09-02 20:58:24.026 +02:00 [INF] Executed DbCommand (18ms) [Parameters=[@p0='?' (DbType = Guid), @p1='?' (Size = 1060), @p2='?' (DbType = DateTime), @p3='?', @p4='?' (Size = 9), @p5='?' (DbType = Guid), @p6='?'], CommandType='"Text"', CommandTimeout='30']
INSERT INTO "Messages" ("Id", "Content", "CreatedUtc", "Kind", "Role", "SessionId", "TokenUsageJson")
VALUES (@p0, @p1, @p2, @p3, @p4, @p5, @p6);
2025-09-02 20:58:24.041 +02:00 [INF] Executed DbCommand (8ms) [Parameters=[@p0='?' (DbType = Guid), @p1='?' (Size = 1060), @p2='?' (DbType = DateTime), @p3='?', @p4='?' (Size = 9), @p5='?' (DbType = Guid), @p6='?'], CommandType='"Text"', CommandTimeout='30']
INSERT INTO "Messages" ("Id", "Content", "CreatedUtc", "Kind", "Role", "SessionId", "TokenUsageJson")
VALUES (@p0, @p1, @p2, @p3, @p4, @p5, @p6);
2025-09-02 20:58:32.167 +02:00 [INF] Request starting HTTP/1.1 OPTIONS http://localhost:5088/sessions/b760abd7-a328-4d79-8797-dceb5b9b3629/messages - null null
2025-09-02 20:58:32.175 +02:00 [INF] CORS policy execution successful.
2025-09-02 20:58:32.180 +02:00 [INF] Request finished HTTP/1.1 OPTIONS http://localhost:5088/sessions/b760abd7-a328-4d79-8797-dceb5b9b3629/messages - 204 null null 13.0283ms
2025-09-02 20:58:32.185 +02:00 [INF] Request starting HTTP/1.1 POST http://localhost:5088/sessions/b760abd7-a328-4d79-8797-dceb5b9b3629/messages - application/json 39
2025-09-02 20:58:32.191 +02:00 [INF] CORS policy execution successful.
2025-09-02 20:58:32.196 +02:00 [INF] Executing endpoint 'HTTP: POST /sessions/{id:guid}/messages'
2025-09-02 20:58:32.203 +02:00 [INF] Executed DbCommand (0ms) [Parameters=[@__p_0='?' (DbType = Guid)], CommandType='"Text"', CommandTimeout='30']
SELECT "s"."Id", "s"."AgentId", "s"."EndedUtc", "s"."LastEventIdx", "s"."StartedUtc", "s"."Status", "s"."UserId"
FROM "Sessions" AS "s"
WHERE "s"."Id" = @__p_0
LIMIT 1
2025-09-02 20:58:32.229 +02:00 [INF] Executed DbCommand (18ms) [Parameters=[@p0='?' (DbType = Guid), @p1='?' (Size = 25), @p2='?' (DbType = DateTime), @p3='?', @p4='?' (Size = 4), @p5='?' (DbType = Guid), @p6='?'], CommandType='"Text"', CommandTimeout='30']
INSERT INTO "Messages" ("Id", "Content", "CreatedUtc", "Kind", "Role", "SessionId", "TokenUsageJson")
VALUES (@p0, @p1, @p2, @p3, @p4, @p5, @p6);
2025-09-02 20:58:32.236 +02:00 [INF] Setting HTTP status code 202.
2025-09-02 20:58:32.238 +02:00 [INF] Executed DbCommand (1ms) [Parameters=[@__p_0='?' (DbType = Guid)], CommandType='"Text"', CommandTimeout='30']
SELECT "a"."Id", "a"."Autonomy", "a"."CreatedUtc", "a"."GuardrailsJson", "a"."Name", "a"."ParamsJson", "a"."Provider", "a"."SystemPrompt", "a"."Temperature", "a"."TemplateRef", "a"."TokenBudget", "a"."ToolBudget", "a"."TopP", "a"."UpdatedUtc"
FROM "Agents" AS "a"
WHERE "a"."Id" = @__p_0
LIMIT 1
2025-09-02 20:58:32.241 +02:00 [INF] Writing value of type 'AcceptedResponse' as Json.
2025-09-02 20:58:32.251 +02:00 [INF] Executed endpoint 'HTTP: POST /sessions/{id:guid}/messages'
2025-09-02 20:58:32.257 +02:00 [INF] Request finished HTTP/1.1 POST http://localhost:5088/sessions/b760abd7-a328-4d79-8797-dceb5b9b3629/messages - 202 null application/json; charset=utf-8 72.1226ms
2025-09-02 20:58:32.259 +02:00 [INF] Executed DbCommand (10ms) [Parameters=[@p0='?' (DbType = Guid), @p1='?' (Size = 25), @p2='?' (DbType = DateTime), @p3='?', @p4='?' (Size = 4), @p5='?' (DbType = Guid), @p6='?'], CommandType='"Text"', CommandTimeout='30']
INSERT INTO "Messages" ("Id", "Content", "CreatedUtc", "Kind", "Role", "SessionId", "TokenUsageJson")
VALUES (@p0, @p1, @p2, @p3, @p4, @p5, @p6);
2025-09-02 20:58:32.272 +02:00 [INF] Executed DbCommand (1ms) [Parameters=[@__agentId_0='?' (DbType = Guid)], CommandType='"Text"', CommandTimeout='30']
SELECT "a"."Id", "a"."AgentId", "a"."ConfigJson", "a"."Enabled", "a"."ToolId", "t"."Id", "t"."Description", "t"."Enabled", "t"."InputSchemaJson", "t"."McpServerId", "t"."Name", "t"."Scope", "m"."Id", "m"."AuthType", "m"."BaseUrl", "m"."LastSeenUtc", "m"."MetadataJson", "m"."Name", "m"."Status"
FROM "AgentToolBindings" AS "a"
INNER JOIN "Tools" AS "t" ON "a"."ToolId" = "t"."Id"
INNER JOIN "McpServers" AS "m" ON "t"."McpServerId" = "m"."Id"
WHERE "a"."AgentId" = @__agentId_0 AND "a"."Enabled"
2025-09-02 20:58:32.281 +02:00 [INF] Executed DbCommand (0ms) [Parameters=[@__sessionId_0='?' (DbType = Guid), @__kind_1='?' (Size = 11), @__p_2='?' (DbType = Int32)], CommandType='"Text"', CommandTimeout='30']
SELECT "m"."Id", "m"."Content", "m"."CreatedUtc", "m"."Kind", "m"."Role", "m"."SessionId", "m"."TokenUsageJson"
FROM "Messages" AS "m"
WHERE "m"."SessionId" = @__sessionId_0 AND "m"."Kind" = @__kind_1
ORDER BY "m"."CreatedUtc" DESC
LIMIT @__p_2
2025-09-02 20:58:32.288 +02:00 [INF] Executed DbCommand (0ms) [Parameters=[@__sessionId_0='?' (DbType = Guid), @__p_1='?' (DbType = Int32)], CommandType='"Text"', CommandTimeout='30']
SELECT "m"."Id", "m"."Content", "m"."CreatedUtc", "m"."Kind", "m"."Role", "m"."SessionId", "m"."TokenUsageJson"
FROM "Messages" AS "m"
WHERE "m"."SessionId" = @__sessionId_0
ORDER BY "m"."CreatedUtc" DESC
LIMIT @__p_1
2025-09-02 20:58:32.297 +02:00 [INF] Executed DbCommand (1ms) [Parameters=[@__agentId_0='?' (DbType = Guid)], CommandType='"Text"', CommandTimeout='30']
SELECT "a"."Id", "a"."AgentId", "a"."ConfigJson", "a"."Enabled", "a"."ToolId", "t"."Id", "t"."Description", "t"."Enabled", "t"."InputSchemaJson", "t"."McpServerId", "t"."Name", "t"."Scope", "m"."Id", "m"."AuthType", "m"."BaseUrl", "m"."LastSeenUtc", "m"."MetadataJson", "m"."Name", "m"."Status"
FROM "AgentToolBindings" AS "a"
INNER JOIN "Tools" AS "t" ON "a"."ToolId" = "t"."Id"
INNER JOIN "McpServers" AS "m" ON "t"."McpServerId" = "m"."Id"
WHERE "a"."AgentId" = @__agentId_0 AND "a"."Enabled"
2025-09-02 20:58:33.008 +02:00 [INF] Executed DbCommand (0ms) [Parameters=[@__agentId_0='?' (DbType = Guid)], CommandType='"Text"', CommandTimeout='30']
SELECT "a"."Id", "a"."AgentId", "a"."ConfigJson", "a"."Enabled", "a"."ToolId", "t"."Id", "t"."Description", "t"."Enabled", "t"."InputSchemaJson", "t"."McpServerId", "t"."Name", "t"."Scope", "m"."Id", "m"."AuthType", "m"."BaseUrl", "m"."LastSeenUtc", "m"."MetadataJson", "m"."Name", "m"."Status"
FROM "AgentToolBindings" AS "a"
INNER JOIN "Tools" AS "t" ON "a"."ToolId" = "t"."Id"
INNER JOIN "McpServers" AS "m" ON "t"."McpServerId" = "m"."Id"
WHERE "a"."AgentId" = @__agentId_0 AND "a"."Enabled"
2025-09-02 20:58:33.018 +02:00 [INF] Executed DbCommand (0ms) [Parameters=[@__agentId_0='?' (DbType = Guid)], CommandType='"Text"', CommandTimeout='30']
SELECT "a"."Id", "a"."AgentId", "a"."ConfigJson", "a"."Enabled", "a"."ToolId", "t"."Id", "t"."Description", "t"."Enabled", "t"."InputSchemaJson", "t"."McpServerId", "t"."Name", "t"."Scope", "m"."Id", "m"."AuthType", "m"."BaseUrl", "m"."LastSeenUtc", "m"."MetadataJson", "m"."Name", "m"."Status"
FROM "AgentToolBindings" AS "a"
INNER JOIN "Tools" AS "t" ON "a"."ToolId" = "t"."Id"
INNER JOIN "McpServers" AS "m" ON "t"."McpServerId" = "m"."Id"
WHERE "a"."AgentId" = @__agentId_0 AND "a"."Enabled"
2025-09-02 20:58:33.546 +02:00 [INF] Executed DbCommand (0ms) [Parameters=[], CommandType='"Text"', CommandTimeout='30']
SELECT "m"."Id", "m"."AuthType", "m"."BaseUrl", "m"."LastSeenUtc", "m"."MetadataJson", "m"."Name", "m"."Status"
FROM "McpServers" AS "m"
ORDER BY "m"."LastSeenUtc"
2025-09-02 20:58:33.552 +02:00 [INF] Conectando a MCP WebSocket: ws://localhost:8970/ws
2025-09-02 20:58:33.771 +02:00 [INF] Executed DbCommand (0ms) [Parameters=[@__agentId_0='?' (DbType = Guid)], CommandType='"Text"', CommandTimeout='30']
SELECT "a"."Id", "a"."AgentId", "a"."ConfigJson", "a"."Enabled", "a"."ToolId", "t"."Id", "t"."Description", "t"."Enabled", "t"."InputSchemaJson", "t"."McpServerId", "t"."Name", "t"."Scope", "m"."Id", "m"."AuthType", "m"."BaseUrl", "m"."LastSeenUtc", "m"."MetadataJson", "m"."Name", "m"."Status"
FROM "AgentToolBindings" AS "a"
INNER JOIN "Tools" AS "t" ON "a"."ToolId" = "t"."Id"
INNER JOIN "McpServers" AS "m" ON "t"."McpServerId" = "m"."Id"
WHERE "a"."AgentId" = @__agentId_0 AND "a"."Enabled"
2025-09-02 20:58:34.959 +02:00 [INF] Executed DbCommand (18ms) [Parameters=[@p0='?' (DbType = Guid), @p1='?' (Size = 152), @p2='?' (DbType = DateTime), @p3='?' (Size = 11), @p4='?' (Size = 9), @p5='?' (DbType = Guid), @p6='?'], CommandType='"Text"', CommandTimeout='30']
INSERT INTO "Messages" ("Id", "Content", "CreatedUtc", "Kind", "Role", "SessionId", "TokenUsageJson")
VALUES (@p0, @p1, @p2, @p3, @p4, @p5, @p6);
2025-09-02 20:58:34.967 +02:00 [INF] Executed DbCommand (0ms) [Parameters=[@__sessionId_0='?' (DbType = Guid), @__p_1='?' (DbType = Int32)], CommandType='"Text"', CommandTimeout='30']
SELECT "m"."Id", "m"."Content", "m"."CreatedUtc", "m"."Kind", "m"."Role", "m"."SessionId", "m"."TokenUsageJson"
FROM "Messages" AS "m"
WHERE "m"."SessionId" = @__sessionId_0
ORDER BY "m"."CreatedUtc" DESC
LIMIT @__p_1
2025-09-02 20:58:37.089 +02:00 [INF] Executed DbCommand (18ms) [Parameters=[@p0='?' (DbType = Guid), @p1='?' (Size = 1036), @p2='?' (DbType = DateTime), @p3='?', @p4='?' (Size = 9), @p5='?' (DbType = Guid), @p6='?'], CommandType='"Text"', CommandTimeout='30']
INSERT INTO "Messages" ("Id", "Content", "CreatedUtc", "Kind", "Role", "SessionId", "TokenUsageJson")
VALUES (@p0, @p1, @p2, @p3, @p4, @p5, @p6);
2025-09-02 20:58:37.104 +02:00 [INF] Executed DbCommand (8ms) [Parameters=[@p0='?' (DbType = Guid), @p1='?' (Size = 1036), @p2='?' (DbType = DateTime), @p3='?', @p4='?' (Size = 9), @p5='?' (DbType = Guid), @p6='?'], CommandType='"Text"', CommandTimeout='30']
INSERT INTO "Messages" ("Id", "Content", "CreatedUtc", "Kind", "Role", "SessionId", "TokenUsageJson")
VALUES (@p0, @p1, @p2, @p3, @p4, @p5, @p6);
2025-09-02 20:58:46.887 +02:00 [INF] Request starting HTTP/1.1 OPTIONS http://localhost:5088/sessions/b760abd7-a328-4d79-8797-dceb5b9b3629/messages - null null
2025-09-02 20:58:46.897 +02:00 [INF] CORS policy execution successful.
2025-09-02 20:58:46.902 +02:00 [INF] Request finished HTTP/1.1 OPTIONS http://localhost:5088/sessions/b760abd7-a328-4d79-8797-dceb5b9b3629/messages - 204 null null 15.3971ms
2025-09-02 20:58:46.910 +02:00 [INF] Request starting HTTP/1.1 POST http://localhost:5088/sessions/b760abd7-a328-4d79-8797-dceb5b9b3629/messages - application/json 39
2025-09-02 20:58:46.917 +02:00 [INF] CORS policy execution successful.
2025-09-02 20:58:46.924 +02:00 [INF] Executing endpoint 'HTTP: POST /sessions/{id:guid}/messages'
2025-09-02 20:58:46.931 +02:00 [INF] Executed DbCommand (0ms) [Parameters=[@__p_0='?' (DbType = Guid)], CommandType='"Text"', CommandTimeout='30']
SELECT "s"."Id", "s"."AgentId", "s"."EndedUtc", "s"."LastEventIdx", "s"."StartedUtc", "s"."Status", "s"."UserId"
FROM "Sessions" AS "s"
WHERE "s"."Id" = @__p_0
LIMIT 1
2025-09-02 20:58:46.955 +02:00 [INF] Executed DbCommand (17ms) [Parameters=[@p0='?' (DbType = Guid), @p1='?' (Size = 25), @p2='?' (DbType = DateTime), @p3='?', @p4='?' (Size = 4), @p5='?' (DbType = Guid), @p6='?'], CommandType='"Text"', CommandTimeout='30']
INSERT INTO "Messages" ("Id", "Content", "CreatedUtc", "Kind", "Role", "SessionId", "TokenUsageJson")
VALUES (@p0, @p1, @p2, @p3, @p4, @p5, @p6);
2025-09-02 20:58:46.960 +02:00 [INF] Setting HTTP status code 202.
2025-09-02 20:58:46.961 +02:00 [INF] Executed DbCommand (0ms) [Parameters=[@__p_0='?' (DbType = Guid)], CommandType='"Text"', CommandTimeout='30']
SELECT "a"."Id", "a"."Autonomy", "a"."CreatedUtc", "a"."GuardrailsJson", "a"."Name", "a"."ParamsJson", "a"."Provider", "a"."SystemPrompt", "a"."Temperature", "a"."TemplateRef", "a"."TokenBudget", "a"."ToolBudget", "a"."TopP", "a"."UpdatedUtc"
FROM "Agents" AS "a"
WHERE "a"."Id" = @__p_0
LIMIT 1
2025-09-02 20:58:46.965 +02:00 [INF] Writing value of type 'AcceptedResponse' as Json.
2025-09-02 20:58:46.975 +02:00 [INF] Executed endpoint 'HTTP: POST /sessions/{id:guid}/messages'
2025-09-02 20:58:46.979 +02:00 [INF] Request finished HTTP/1.1 POST http://localhost:5088/sessions/b760abd7-a328-4d79-8797-dceb5b9b3629/messages - 202 null application/json; charset=utf-8 68.5523ms
2025-09-02 20:58:46.981 +02:00 [INF] Executed DbCommand (9ms) [Parameters=[@p0='?' (DbType = Guid), @p1='?' (Size = 25), @p2='?' (DbType = DateTime), @p3='?', @p4='?' (Size = 4), @p5='?' (DbType = Guid), @p6='?'], CommandType='"Text"', CommandTimeout='30']
INSERT INTO "Messages" ("Id", "Content", "CreatedUtc", "Kind", "Role", "SessionId", "TokenUsageJson")
VALUES (@p0, @p1, @p2, @p3, @p4, @p5, @p6);
2025-09-02 20:58:46.992 +02:00 [INF] Executed DbCommand (0ms) [Parameters=[@__agentId_0='?' (DbType = Guid)], CommandType='"Text"', CommandTimeout='30']
SELECT "a"."Id", "a"."AgentId", "a"."ConfigJson", "a"."Enabled", "a"."ToolId", "t"."Id", "t"."Description", "t"."Enabled", "t"."InputSchemaJson", "t"."McpServerId", "t"."Name", "t"."Scope", "m"."Id", "m"."AuthType", "m"."BaseUrl", "m"."LastSeenUtc", "m"."MetadataJson", "m"."Name", "m"."Status"
FROM "AgentToolBindings" AS "a"
INNER JOIN "Tools" AS "t" ON "a"."ToolId" = "t"."Id"
INNER JOIN "McpServers" AS "m" ON "t"."McpServerId" = "m"."Id"
WHERE "a"."AgentId" = @__agentId_0 AND "a"."Enabled"
2025-09-02 20:58:47.002 +02:00 [INF] Executed DbCommand (1ms) [Parameters=[@__sessionId_0='?' (DbType = Guid), @__kind_1='?' (Size = 11), @__p_2='?' (DbType = Int32)], CommandType='"Text"', CommandTimeout='30']
SELECT "m"."Id", "m"."Content", "m"."CreatedUtc", "m"."Kind", "m"."Role", "m"."SessionId", "m"."TokenUsageJson"
FROM "Messages" AS "m"
WHERE "m"."SessionId" = @__sessionId_0 AND "m"."Kind" = @__kind_1
ORDER BY "m"."CreatedUtc" DESC
LIMIT @__p_2
2025-09-02 20:58:47.009 +02:00 [INF] Executed DbCommand (0ms) [Parameters=[@__sessionId_0='?' (DbType = Guid), @__p_1='?' (DbType = Int32)], CommandType='"Text"', CommandTimeout='30']
SELECT "m"."Id", "m"."Content", "m"."CreatedUtc", "m"."Kind", "m"."Role", "m"."SessionId", "m"."TokenUsageJson"
FROM "Messages" AS "m"
WHERE "m"."SessionId" = @__sessionId_0
ORDER BY "m"."CreatedUtc" DESC
LIMIT @__p_1
2025-09-02 20:58:47.019 +02:00 [INF] Executed DbCommand (1ms) [Parameters=[@__agentId_0='?' (DbType = Guid)], CommandType='"Text"', CommandTimeout='30']
SELECT "a"."Id", "a"."AgentId", "a"."ConfigJson", "a"."Enabled", "a"."ToolId", "t"."Id", "t"."Description", "t"."Enabled", "t"."InputSchemaJson", "t"."McpServerId", "t"."Name", "t"."Scope", "m"."Id", "m"."AuthType", "m"."BaseUrl", "m"."LastSeenUtc", "m"."MetadataJson", "m"."Name", "m"."Status"
FROM "AgentToolBindings" AS "a"
INNER JOIN "Tools" AS "t" ON "a"."ToolId" = "t"."Id"
INNER JOIN "McpServers" AS "m" ON "t"."McpServerId" = "m"."Id"
WHERE "a"."AgentId" = @__agentId_0 AND "a"."Enabled"
2025-09-02 20:58:47.967 +02:00 [INF] Executed DbCommand (1ms) [Parameters=[@__agentId_0='?' (DbType = Guid)], CommandType='"Text"', CommandTimeout='30']
SELECT "a"."Id", "a"."AgentId", "a"."ConfigJson", "a"."Enabled", "a"."ToolId", "t"."Id", "t"."Description", "t"."Enabled", "t"."InputSchemaJson", "t"."McpServerId", "t"."Name", "t"."Scope", "m"."Id", "m"."AuthType", "m"."BaseUrl", "m"."LastSeenUtc", "m"."MetadataJson", "m"."Name", "m"."Status"
FROM "AgentToolBindings" AS "a"
INNER JOIN "Tools" AS "t" ON "a"."ToolId" = "t"."Id"
INNER JOIN "McpServers" AS "m" ON "t"."McpServerId" = "m"."Id"
WHERE "a"."AgentId" = @__agentId_0 AND "a"."Enabled"
2025-09-02 20:58:47.977 +02:00 [INF] Executed DbCommand (0ms) [Parameters=[@__agentId_0='?' (DbType = Guid)], CommandType='"Text"', CommandTimeout='30']
SELECT "a"."Id", "a"."AgentId", "a"."ConfigJson", "a"."Enabled", "a"."ToolId", "t"."Id", "t"."Description", "t"."Enabled", "t"."InputSchemaJson", "t"."McpServerId", "t"."Name", "t"."Scope", "m"."Id", "m"."AuthType", "m"."BaseUrl", "m"."LastSeenUtc", "m"."MetadataJson", "m"."Name", "m"."Status"
FROM "AgentToolBindings" AS "a"
INNER JOIN "Tools" AS "t" ON "a"."ToolId" = "t"."Id"
INNER JOIN "McpServers" AS "m" ON "t"."McpServerId" = "m"."Id"
WHERE "a"."AgentId" = @__agentId_0 AND "a"."Enabled"
2025-09-02 20:58:48.369 +02:00 [INF] Executed DbCommand (0ms) [Parameters=[], CommandType='"Text"', CommandTimeout='30']
SELECT "m"."Id", "m"."AuthType", "m"."BaseUrl", "m"."LastSeenUtc", "m"."MetadataJson", "m"."Name", "m"."Status"
FROM "McpServers" AS "m"
ORDER BY "m"."LastSeenUtc"
2025-09-02 20:58:48.376 +02:00 [INF] Conectando a MCP WebSocket: ws://localhost:8970/ws
2025-09-02 20:58:48.570 +02:00 [ERR] Error inesperado en WebSocket: MCP Tool error: Proceso falló con código 1: {
  "error": "Plantilla 'famous meme Pikachu surprised' no encontrada",
  "timestamp": "2025-09-02T18:58:48.553Z"
}

2025-09-02 20:58:48.594 +02:00 [INF] Executed DbCommand (17ms) [Parameters=[@p0='?' (DbType = Guid), @p1='?' (Size = 95), @p2='?' (DbType = DateTime), @p3='?' (Size = 11), @p4='?' (Size = 9), @p5='?' (DbType = Guid), @p6='?'], CommandType='"Text"', CommandTimeout='30']
INSERT INTO "Messages" ("Id", "Content", "CreatedUtc", "Kind", "Role", "SessionId", "TokenUsageJson")
VALUES (@p0, @p1, @p2, @p3, @p4, @p5, @p6);
2025-09-02 20:58:48.604 +02:00 [INF] Executed DbCommand (0ms) [Parameters=[@__sessionId_0='?' (DbType = Guid), @__p_1='?' (DbType = Int32)], CommandType='"Text"', CommandTimeout='30']
SELECT "m"."Id", "m"."Content", "m"."CreatedUtc", "m"."Kind", "m"."Role", "m"."SessionId", "m"."TokenUsageJson"
FROM "Messages" AS "m"
WHERE "m"."SessionId" = @__sessionId_0
ORDER BY "m"."CreatedUtc" DESC
LIMIT @__p_1
2025-09-02 20:58:49.203 +02:00 [INF] Executed DbCommand (19ms) [Parameters=[@p0='?' (DbType = Guid), @p1='?' (Size = 162), @p2='?' (DbType = DateTime), @p3='?', @p4='?' (Size = 9), @p5='?' (DbType = Guid), @p6='?'], CommandType='"Text"', CommandTimeout='30']
INSERT INTO "Messages" ("Id", "Content", "CreatedUtc", "Kind", "Role", "SessionId", "TokenUsageJson")
VALUES (@p0, @p1, @p2, @p3, @p4, @p5, @p6);
2025-09-02 20:58:49.221 +02:00 [INF] Executed DbCommand (9ms) [Parameters=[@p0='?' (DbType = Guid), @p1='?' (Size = 162), @p2='?' (DbType = DateTime), @p3='?', @p4='?' (Size = 9), @p5='?' (DbType = Guid), @p6='?'], CommandType='"Text"', CommandTimeout='30']
INSERT INTO "Messages" ("Id", "Content", "CreatedUtc", "Kind", "Role", "SessionId", "TokenUsageJson")
VALUES (@p0, @p1, @p2, @p3, @p4, @p5, @p6);
2025-09-02 20:59:17.449 +02:00 [INF] Request starting HTTP/1.1 OPTIONS http://localhost:5088/hubs/trace/negotiate?negotiateVersion=1 - null null
2025-09-02 20:59:17.457 +02:00 [INF] CORS policy execution successful.
2025-09-02 20:59:17.463 +02:00 [INF] Request finished HTTP/1.1 OPTIONS http://localhost:5088/hubs/trace/negotiate?negotiateVersion=1 - 204 null null 13.8204ms
2025-09-02 20:59:17.463 +02:00 [INF] Executed endpoint '/hubs/trace'
2025-09-02 20:59:17.466 +02:00 [INF] Request starting HTTP/1.1 POST http://localhost:5088/hubs/trace/negotiate?negotiateVersion=1 - null 0
2025-09-02 20:59:17.474 +02:00 [INF] Request finished HTTP/1.1 GET http://localhost:5088/hubs/trace?id=REJtSuJTluCLpOeBuJYfew - 101 null null 78190.9426ms
2025-09-02 20:59:17.479 +02:00 [INF] CORS policy execution successful.
2025-09-02 20:59:17.489 +02:00 [INF] ApiKey was not authenticated. Failure message: Missing API key
2025-09-02 20:59:17.494 +02:00 [INF] Executing endpoint '/hubs/trace/negotiate'
2025-09-02 20:59:17.500 +02:00 [INF] Executed endpoint '/hubs/trace/negotiate'
2025-09-02 20:59:17.505 +02:00 [INF] Request finished HTTP/1.1 POST http://localhost:5088/hubs/trace/negotiate?negotiateVersion=1 - 200 316 application/json 39.6017ms
2025-09-02 20:59:17.507 +02:00 [INF] Request starting HTTP/1.1 GET http://localhost:5088/hubs/trace?id=iYbTrhb5SNVJQbwkx-JNbw - null null
2025-09-02 20:59:17.516 +02:00 [INF] CORS policy execution successful.
2025-09-02 20:59:17.520 +02:00 [INF] ApiKey was not authenticated. Failure message: Missing API key
2025-09-02 20:59:17.526 +02:00 [INF] Executing endpoint '/hubs/trace'
2025-09-02 20:59:30.412 +02:00 [INF] Executed endpoint '/hubs/trace'
2025-09-02 20:59:30.420 +02:00 [INF] Request finished HTTP/1.1 GET http://localhost:5088/hubs/trace?id=iYbTrhb5SNVJQbwkx-JNbw - 101 null null 12912.8557ms
2025-09-02 21:03:04.246 +02:00 [INF] Application is shutting down...
2025-09-02 21:14:58.589 +02:00 [INF] User profile is available. Using 'C:\Users\Usuario\AppData\Local\ASP.NET\DataProtection-Keys' as key repository and Windows DPAPI to encrypt keys at rest.
2025-09-02 21:14:58.967 +02:00 [INF] Now listening on: http://localhost:5088
2025-09-02 21:14:58.974 +02:00 [INF] Application started. Press Ctrl+C to shut down.
2025-09-02 21:14:58.976 +02:00 [INF] Hosting environment: Development
2025-09-02 21:14:58.977 +02:00 [INF] Content root path: D:\BearDevelopment\AutoAgent\autoagent_back\src\AutoAgentes.Api
2025-09-02 21:15:02.209 +02:00 [INF] Request starting HTTP/1.1 OPTIONS http://localhost:5088/agents/1e5ffb9e-fb28-4405-b82b-b4647aa5a865 - null null
2025-09-02 21:15:02.209 +02:00 [INF] Request starting HTTP/1.1 OPTIONS http://localhost:5088/agents/1e5ffb9e-fb28-4405-b82b-b4647aa5a865/bindings - null null
2025-09-02 21:15:02.288 +02:00 [INF] CORS policy execution successful.
2025-09-02 21:15:02.288 +02:00 [INF] CORS policy execution successful.
2025-09-02 21:15:02.299 +02:00 [INF] Request finished HTTP/1.1 OPTIONS http://localhost:5088/agents/1e5ffb9e-fb28-4405-b82b-b4647aa5a865 - 204 null null 111.9313ms
2025-09-02 21:15:02.299 +02:00 [INF] Request finished HTTP/1.1 OPTIONS http://localhost:5088/agents/1e5ffb9e-fb28-4405-b82b-b4647aa5a865/bindings - 204 null null 113.3891ms
2025-09-02 21:15:02.314 +02:00 [INF] Request starting HTTP/1.1 GET http://localhost:5088/agents/1e5ffb9e-fb28-4405-b82b-b4647aa5a865 - application/json null
2025-09-02 21:15:02.314 +02:00 [INF] Request starting HTTP/1.1 GET http://localhost:5088/agents/1e5ffb9e-fb28-4405-b82b-b4647aa5a865/bindings - application/json null
2025-09-02 21:15:02.325 +02:00 [INF] CORS policy execution successful.
2025-09-02 21:15:02.325 +02:00 [INF] CORS policy execution successful.
2025-09-02 21:15:02.363 +02:00 [INF] Executing endpoint 'HTTP: GET /agents/{id:guid}/bindings'
2025-09-02 21:15:02.363 +02:00 [INF] Executing endpoint 'HTTP: GET /agents/{id:guid}'
2025-09-02 21:15:03.350 +02:00 [INF] Executed DbCommand (7ms) [Parameters=[@__p_0='?' (DbType = Guid)], CommandType='"Text"', CommandTimeout='30']
SELECT "a"."Id", "a"."Autonomy", "a"."CreatedUtc", "a"."GuardrailsJson", "a"."Name", "a"."ParamsJson", "a"."Provider", "a"."SystemPrompt", "a"."Temperature", "a"."TemplateRef", "a"."TokenBudget", "a"."ToolBudget", "a"."TopP", "a"."UpdatedUtc"
FROM "Agents" AS "a"
WHERE "a"."Id" = @__p_0
LIMIT 1
2025-09-02 21:15:03.352 +02:00 [INF] Executed DbCommand (14ms) [Parameters=[@__agentId_0='?' (DbType = Guid)], CommandType='"Text"', CommandTimeout='30']
SELECT "a"."Id", "a"."AgentId", "a"."ConfigJson", "a"."Enabled", "a"."ToolId"
FROM "AgentToolBindings" AS "a"
WHERE "a"."AgentId" = @__agentId_0
2025-09-02 21:15:03.404 +02:00 [INF] Setting HTTP status code 200.
2025-09-02 21:15:03.404 +02:00 [INF] Setting HTTP status code 200.
2025-09-02 21:15:03.416 +02:00 [INF] Writing value of type 'AgentResponse' as Json.
2025-09-02 21:15:03.420 +02:00 [INF] Writing value of type 'List`1' as Json.
2025-09-02 21:15:03.431 +02:00 [INF] Executed endpoint 'HTTP: GET /agents/{id:guid}'
2025-09-02 21:15:03.432 +02:00 [INF] Executed endpoint 'HTTP: GET /agents/{id:guid}/bindings'
2025-09-02 21:15:03.442 +02:00 [INF] Request finished HTTP/1.1 GET http://localhost:5088/agents/1e5ffb9e-fb28-4405-b82b-b4647aa5a865 - 200 null application/json; charset=utf-8 1128.0556ms
2025-09-02 21:15:03.442 +02:00 [INF] Request finished HTTP/1.1 GET http://localhost:5088/agents/1e5ffb9e-fb28-4405-b82b-b4647aa5a865/bindings - 200 null application/json; charset=utf-8 1128.256ms
2025-09-02 21:15:04.389 +02:00 [INF] Request starting HTTP/1.1 GET http://localhost:5088/agents/1e5ffb9e-fb28-4405-b82b-b4647aa5a865 - application/json null
2025-09-02 21:15:04.389 +02:00 [INF] Request starting HTTP/1.1 GET http://localhost:5088/agents/1e5ffb9e-fb28-4405-b82b-b4647aa5a865/bindings - application/json null
2025-09-02 21:15:04.396 +02:00 [INF] CORS policy execution successful.
2025-09-02 21:15:04.401 +02:00 [INF] CORS policy execution successful.
2025-09-02 21:15:04.410 +02:00 [INF] Executing endpoint 'HTTP: GET /agents/{id:guid}'
2025-09-02 21:15:04.411 +02:00 [INF] Executing endpoint 'HTTP: GET /agents/{id:guid}/bindings'
2025-09-02 21:15:04.466 +02:00 [INF] Executed DbCommand (0ms) [Parameters=[@__p_0='?' (DbType = Guid)], CommandType='"Text"', CommandTimeout='30']
SELECT "a"."Id", "a"."Autonomy", "a"."CreatedUtc", "a"."GuardrailsJson", "a"."Name", "a"."ParamsJson", "a"."Provider", "a"."SystemPrompt", "a"."Temperature", "a"."TemplateRef", "a"."TokenBudget", "a"."ToolBudget", "a"."TopP", "a"."UpdatedUtc"
FROM "Agents" AS "a"
WHERE "a"."Id" = @__p_0
LIMIT 1
2025-09-02 21:15:04.473 +02:00 [INF] Setting HTTP status code 200.
2025-09-02 21:15:04.478 +02:00 [INF] Writing value of type 'AgentResponse' as Json.
2025-09-02 21:15:04.480 +02:00 [INF] Executed DbCommand (14ms) [Parameters=[@__agentId_0='?' (DbType = Guid)], CommandType='"Text"', CommandTimeout='30']
SELECT "a"."Id", "a"."AgentId", "a"."ConfigJson", "a"."Enabled", "a"."ToolId"
FROM "AgentToolBindings" AS "a"
WHERE "a"."AgentId" = @__agentId_0
2025-09-02 21:15:04.484 +02:00 [INF] Executed endpoint 'HTTP: GET /agents/{id:guid}'
2025-09-02 21:15:04.490 +02:00 [INF] Setting HTTP status code 200.
2025-09-02 21:15:04.495 +02:00 [INF] Request finished HTTP/1.1 GET http://localhost:5088/agents/1e5ffb9e-fb28-4405-b82b-b4647aa5a865 - 200 null application/json; charset=utf-8 105.9026ms
2025-09-02 21:15:04.499 +02:00 [INF] Writing value of type 'List`1' as Json.
2025-09-02 21:15:04.509 +02:00 [INF] Executed endpoint 'HTTP: GET /agents/{id:guid}/bindings'
2025-09-02 21:15:04.516 +02:00 [INF] Request finished HTTP/1.1 GET http://localhost:5088/agents/1e5ffb9e-fb28-4405-b82b-b4647aa5a865/bindings - 200 null application/json; charset=utf-8 126.7836ms
2025-09-02 21:15:05.738 +02:00 [INF] Request starting HTTP/1.1 OPTIONS http://localhost:5088/sessions - null null
2025-09-02 21:15:05.745 +02:00 [INF] CORS policy execution successful.
2025-09-02 21:15:05.754 +02:00 [INF] Request finished HTTP/1.1 OPTIONS http://localhost:5088/sessions - 204 null null 17.2352ms
2025-09-02 21:15:05.765 +02:00 [INF] Request starting HTTP/1.1 POST http://localhost:5088/sessions - application/json 50
2025-09-02 21:15:05.773 +02:00 [INF] CORS policy execution successful.
2025-09-02 21:15:05.779 +02:00 [INF] Executing endpoint 'HTTP: POST /sessions/'
2025-09-02 21:15:05.816 +02:00 [INF] Executed DbCommand (1ms) [Parameters=[@__p_0='?' (DbType = Guid)], CommandType='"Text"', CommandTimeout='30']
SELECT "a"."Id", "a"."Autonomy", "a"."CreatedUtc", "a"."GuardrailsJson", "a"."Name", "a"."ParamsJson", "a"."Provider", "a"."SystemPrompt", "a"."Temperature", "a"."TemplateRef", "a"."TokenBudget", "a"."ToolBudget", "a"."TopP", "a"."UpdatedUtc"
FROM "Agents" AS "a"
WHERE "a"."Id" = @__p_0
LIMIT 1
2025-09-02 21:15:05.988 +02:00 [INF] Executed DbCommand (18ms) [Parameters=[@p0='?' (DbType = Guid), @p1='?' (DbType = Guid), @p2='?' (DbType = DateTime), @p3='?' (DbType = Int32), @p4='?' (DbType = DateTime), @p5='?' (Size = 7), @p6='?'], CommandType='"Text"', CommandTimeout='30']
INSERT INTO "Sessions" ("Id", "AgentId", "EndedUtc", "LastEventIdx", "StartedUtc", "Status", "UserId")
VALUES (@p0, @p1, @p2, @p3, @p4, @p5, @p6);
2025-09-02 21:15:06.004 +02:00 [INF] Setting HTTP status code 201.
2025-09-02 21:15:06.010 +02:00 [INF] Writing value of type 'SessionCreatedResponse' as Json.
2025-09-02 21:15:06.017 +02:00 [INF] Executed endpoint 'HTTP: POST /sessions/'
2025-09-02 21:15:06.021 +02:00 [INF] Request finished HTTP/1.1 POST http://localhost:5088/sessions - 201 null application/json; charset=utf-8 256.4481ms
2025-09-02 21:15:06.037 +02:00 [INF] Request starting HTTP/1.1 OPTIONS http://localhost:5088/hubs/trace/negotiate?negotiateVersion=1 - null null
2025-09-02 21:15:06.044 +02:00 [INF] CORS policy execution successful.
2025-09-02 21:15:06.053 +02:00 [INF] Request finished HTTP/1.1 OPTIONS http://localhost:5088/hubs/trace/negotiate?negotiateVersion=1 - 204 null null 15.9768ms
2025-09-02 21:15:06.059 +02:00 [INF] Request starting HTTP/1.1 POST http://localhost:5088/hubs/trace/negotiate?negotiateVersion=1 - null 0
2025-09-02 21:15:06.068 +02:00 [INF] CORS policy execution successful.
2025-09-02 21:15:06.081 +02:00 [INF] ApiKey was not authenticated. Failure message: Missing API key
2025-09-02 21:15:06.087 +02:00 [INF] Executing endpoint '/hubs/trace/negotiate'
2025-09-02 21:15:06.105 +02:00 [INF] Executed endpoint '/hubs/trace/negotiate'
2025-09-02 21:15:06.110 +02:00 [INF] Request finished HTTP/1.1 POST http://localhost:5088/hubs/trace/negotiate?negotiateVersion=1 - 200 316 application/json 52.0235ms
2025-09-02 21:15:06.112 +02:00 [INF] Request starting HTTP/1.1 GET http://localhost:5088/hubs/trace?id=Zf53TsdLKrsTrQYF5NhLLg - null null
2025-09-02 21:15:06.124 +02:00 [INF] CORS policy execution successful.
2025-09-02 21:15:06.130 +02:00 [INF] ApiKey was not authenticated. Failure message: Missing API key
2025-09-02 21:15:06.136 +02:00 [INF] Executing endpoint '/hubs/trace'
2025-09-02 21:15:08.643 +02:00 [INF] Request starting HTTP/1.1 OPTIONS http://localhost:5088/sessions/e9f3b338-19ee-426c-a057-14189009b63b/messages - null null
2025-09-02 21:15:08.651 +02:00 [INF] CORS policy execution successful.
2025-09-02 21:15:08.656 +02:00 [INF] Request finished HTTP/1.1 OPTIONS http://localhost:5088/sessions/e9f3b338-19ee-426c-a057-14189009b63b/messages - 204 null null 13.0074ms
2025-09-02 21:15:08.662 +02:00 [INF] Request starting HTTP/1.1 POST http://localhost:5088/sessions/e9f3b338-19ee-426c-a057-14189009b63b/messages - application/json 18
2025-09-02 21:15:08.668 +02:00 [INF] CORS policy execution successful.
2025-09-02 21:15:08.673 +02:00 [INF] Executing endpoint 'HTTP: POST /sessions/{id:guid}/messages'
2025-09-02 21:15:08.695 +02:00 [INF] Executed DbCommand (0ms) [Parameters=[@__p_0='?' (DbType = Guid)], CommandType='"Text"', CommandTimeout='30']
SELECT "s"."Id", "s"."AgentId", "s"."EndedUtc", "s"."LastEventIdx", "s"."StartedUtc", "s"."Status", "s"."UserId"
FROM "Sessions" AS "s"
WHERE "s"."Id" = @__p_0
LIMIT 1
2025-09-02 21:15:08.742 +02:00 [INF] Executed DbCommand (19ms) [Parameters=[@p0='?' (DbType = Guid), @p1='?' (Size = 4), @p2='?' (DbType = DateTime), @p3='?', @p4='?' (Size = 4), @p5='?' (DbType = Guid), @p6='?'], CommandType='"Text"', CommandTimeout='30']
INSERT INTO "Messages" ("Id", "Content", "CreatedUtc", "Kind", "Role", "SessionId", "TokenUsageJson")
VALUES (@p0, @p1, @p2, @p3, @p4, @p5, @p6);
2025-09-02 21:15:08.769 +02:00 [INF] Setting HTTP status code 202.
2025-09-02 21:15:08.775 +02:00 [INF] Executed DbCommand (1ms) [Parameters=[@__p_0='?' (DbType = Guid)], CommandType='"Text"', CommandTimeout='30']
SELECT "a"."Id", "a"."Autonomy", "a"."CreatedUtc", "a"."GuardrailsJson", "a"."Name", "a"."ParamsJson", "a"."Provider", "a"."SystemPrompt", "a"."Temperature", "a"."TemplateRef", "a"."TokenBudget", "a"."ToolBudget", "a"."TopP", "a"."UpdatedUtc"
FROM "Agents" AS "a"
WHERE "a"."Id" = @__p_0
LIMIT 1
2025-09-02 21:15:08.777 +02:00 [INF] Writing value of type 'AcceptedResponse' as Json.
2025-09-02 21:15:08.789 +02:00 [INF] Executed endpoint 'HTTP: POST /sessions/{id:guid}/messages'
2025-09-02 21:15:08.796 +02:00 [INF] Request finished HTTP/1.1 POST http://localhost:5088/sessions/e9f3b338-19ee-426c-a057-14189009b63b/messages - 202 null application/json; charset=utf-8 134.685ms
2025-09-02 21:15:08.816 +02:00 [INF] Executed DbCommand (10ms) [Parameters=[@p0='?' (DbType = Guid), @p1='?' (Size = 4), @p2='?' (DbType = DateTime), @p3='?', @p4='?' (Size = 4), @p5='?' (DbType = Guid), @p6='?'], CommandType='"Text"', CommandTimeout='30']
INSERT INTO "Messages" ("Id", "Content", "CreatedUtc", "Kind", "Role", "SessionId", "TokenUsageJson")
VALUES (@p0, @p1, @p2, @p3, @p4, @p5, @p6);
2025-09-02 21:15:08.907 +02:00 [INF] Executed DbCommand (0ms) [Parameters=[@__agentId_0='?' (DbType = Guid)], CommandType='"Text"', CommandTimeout='30']
SELECT "a"."Id", "a"."AgentId", "a"."ConfigJson", "a"."Enabled", "a"."ToolId", "t"."Id", "t"."Description", "t"."Enabled", "t"."InputSchemaJson", "t"."McpServerId", "t"."Name", "t"."Scope", "m"."Id", "m"."AuthType", "m"."BaseUrl", "m"."LastSeenUtc", "m"."MetadataJson", "m"."Name", "m"."Status"
FROM "AgentToolBindings" AS "a"
INNER JOIN "Tools" AS "t" ON "a"."ToolId" = "t"."Id"
INNER JOIN "McpServers" AS "m" ON "t"."McpServerId" = "m"."Id"
WHERE "a"."AgentId" = @__agentId_0 AND "a"."Enabled"
2025-09-02 21:15:08.995 +02:00 [INF] Executed DbCommand (1ms) [Parameters=[@__sessionId_0='?' (DbType = Guid), @__kind_1='?' (Size = 11), @__p_2='?' (DbType = Int32)], CommandType='"Text"', CommandTimeout='30']
SELECT "m"."Id", "m"."Content", "m"."CreatedUtc", "m"."Kind", "m"."Role", "m"."SessionId", "m"."TokenUsageJson"
FROM "Messages" AS "m"
WHERE "m"."SessionId" = @__sessionId_0 AND "m"."Kind" = @__kind_1
ORDER BY "m"."CreatedUtc" DESC
LIMIT @__p_2
2025-09-02 21:15:09.015 +02:00 [INF] Executed DbCommand (0ms) [Parameters=[@__sessionId_0='?' (DbType = Guid), @__p_1='?' (DbType = Int32)], CommandType='"Text"', CommandTimeout='30']
SELECT "m"."Id", "m"."Content", "m"."CreatedUtc", "m"."Kind", "m"."Role", "m"."SessionId", "m"."TokenUsageJson"
FROM "Messages" AS "m"
WHERE "m"."SessionId" = @__sessionId_0
ORDER BY "m"."CreatedUtc" DESC
LIMIT @__p_1
2025-09-02 21:15:09.091 +02:00 [INF] Executed DbCommand (0ms) [Parameters=[@__agentId_0='?' (DbType = Guid)], CommandType='"Text"', CommandTimeout='30']
SELECT "a"."Id", "a"."AgentId", "a"."ConfigJson", "a"."Enabled", "a"."ToolId", "t"."Id", "t"."Description", "t"."Enabled", "t"."InputSchemaJson", "t"."McpServerId", "t"."Name", "t"."Scope", "m"."Id", "m"."AuthType", "m"."BaseUrl", "m"."LastSeenUtc", "m"."MetadataJson", "m"."Name", "m"."Status"
FROM "AgentToolBindings" AS "a"
INNER JOIN "Tools" AS "t" ON "a"."ToolId" = "t"."Id"
INNER JOIN "McpServers" AS "m" ON "t"."McpServerId" = "m"."Id"
WHERE "a"."AgentId" = @__agentId_0 AND "a"."Enabled"
2025-09-02 21:15:10.152 +02:00 [INF] Executed DbCommand (1ms) [Parameters=[@__agentId_0='?' (DbType = Guid)], CommandType='"Text"', CommandTimeout='30']
SELECT "a"."Id", "a"."AgentId", "a"."ConfigJson", "a"."Enabled", "a"."ToolId", "t"."Id", "t"."Description", "t"."Enabled", "t"."InputSchemaJson", "t"."McpServerId", "t"."Name", "t"."Scope", "m"."Id", "m"."AuthType", "m"."BaseUrl", "m"."LastSeenUtc", "m"."MetadataJson", "m"."Name", "m"."Status"
FROM "AgentToolBindings" AS "a"
INNER JOIN "Tools" AS "t" ON "a"."ToolId" = "t"."Id"
INNER JOIN "McpServers" AS "m" ON "t"."McpServerId" = "m"."Id"
WHERE "a"."AgentId" = @__agentId_0 AND "a"."Enabled"
2025-09-02 21:15:10.170 +02:00 [INF] Executed DbCommand (0ms) [Parameters=[@__agentId_0='?' (DbType = Guid)], CommandType='"Text"', CommandTimeout='30']
SELECT "a"."Id", "a"."AgentId", "a"."ConfigJson", "a"."Enabled", "a"."ToolId", "t"."Id", "t"."Description", "t"."Enabled", "t"."InputSchemaJson", "t"."McpServerId", "t"."Name", "t"."Scope", "m"."Id", "m"."AuthType", "m"."BaseUrl", "m"."LastSeenUtc", "m"."MetadataJson", "m"."Name", "m"."Status"
FROM "AgentToolBindings" AS "a"
INNER JOIN "Tools" AS "t" ON "a"."ToolId" = "t"."Id"
INNER JOIN "McpServers" AS "m" ON "t"."McpServerId" = "m"."Id"
WHERE "a"."AgentId" = @__agentId_0 AND "a"."Enabled"
2025-09-02 21:15:10.686 +02:00 [INF] Executed DbCommand (0ms) [Parameters=[], CommandType='"Text"', CommandTimeout='30']
SELECT "m"."Id", "m"."AuthType", "m"."BaseUrl", "m"."LastSeenUtc", "m"."MetadataJson", "m"."Name", "m"."Status"
FROM "McpServers" AS "m"
ORDER BY "m"."LastSeenUtc"
2025-09-02 21:15:10.697 +02:00 [INF] Conectando a MCP WebSocket: ws://localhost:8970/ws
2025-09-02 21:15:10.919 +02:00 [INF] Executed DbCommand (0ms) [Parameters=[@__agentId_0='?' (DbType = Guid)], CommandType='"Text"', CommandTimeout='30']
SELECT "a"."Id", "a"."AgentId", "a"."ConfigJson", "a"."Enabled", "a"."ToolId", "t"."Id", "t"."Description", "t"."Enabled", "t"."InputSchemaJson", "t"."McpServerId", "t"."Name", "t"."Scope", "m"."Id", "m"."AuthType", "m"."BaseUrl", "m"."LastSeenUtc", "m"."MetadataJson", "m"."Name", "m"."Status"
FROM "AgentToolBindings" AS "a"
INNER JOIN "Tools" AS "t" ON "a"."ToolId" = "t"."Id"
INNER JOIN "McpServers" AS "m" ON "t"."McpServerId" = "m"."Id"
WHERE "a"."AgentId" = @__agentId_0 AND "a"."Enabled"
2025-09-02 21:15:11.893 +02:00 [INF] Executed DbCommand (19ms) [Parameters=[@p0='?' (DbType = Guid), @p1='?' (Size = 159), @p2='?' (DbType = DateTime), @p3='?' (Size = 11), @p4='?' (Size = 9), @p5='?' (DbType = Guid), @p6='?'], CommandType='"Text"', CommandTimeout='30']
INSERT INTO "Messages" ("Id", "Content", "CreatedUtc", "Kind", "Role", "SessionId", "TokenUsageJson")
VALUES (@p0, @p1, @p2, @p3, @p4, @p5, @p6);
2025-09-02 21:15:11.913 +02:00 [INF] Executed DbCommand (1ms) [Parameters=[@__sessionId_0='?' (DbType = Guid), @__p_1='?' (DbType = Int32)], CommandType='"Text"', CommandTimeout='30']
SELECT "m"."Id", "m"."Content", "m"."CreatedUtc", "m"."Kind", "m"."Role", "m"."SessionId", "m"."TokenUsageJson"
FROM "Messages" AS "m"
WHERE "m"."SessionId" = @__sessionId_0
ORDER BY "m"."CreatedUtc" DESC
LIMIT @__p_1
2025-09-02 21:15:12.324 +02:00 [INF] Executed DbCommand (18ms) [Parameters=[@p0='?' (DbType = Guid), @p1='?' (Size = 34), @p2='?' (DbType = DateTime), @p3='?', @p4='?' (Size = 9), @p5='?' (DbType = Guid), @p6='?'], CommandType='"Text"', CommandTimeout='30']
INSERT INTO "Messages" ("Id", "Content", "CreatedUtc", "Kind", "Role", "SessionId", "TokenUsageJson")
VALUES (@p0, @p1, @p2, @p3, @p4, @p5, @p6);
2025-09-02 21:15:12.343 +02:00 [INF] Executed DbCommand (9ms) [Parameters=[@p0='?' (DbType = Guid), @p1='?' (Size = 34), @p2='?' (DbType = DateTime), @p3='?', @p4='?' (Size = 9), @p5='?' (DbType = Guid), @p6='?'], CommandType='"Text"', CommandTimeout='30']
INSERT INTO "Messages" ("Id", "Content", "CreatedUtc", "Kind", "Role", "SessionId", "TokenUsageJson")
VALUES (@p0, @p1, @p2, @p3, @p4, @p5, @p6);
2025-09-02 21:15:16.715 +02:00 [INF] Request starting HTTP/1.1 OPTIONS http://localhost:5088/sessions/e9f3b338-19ee-426c-a057-14189009b63b/messages - null null
2025-09-02 21:15:16.723 +02:00 [INF] CORS policy execution successful.
2025-09-02 21:15:16.729 +02:00 [INF] Request finished HTTP/1.1 OPTIONS http://localhost:5088/sessions/e9f3b338-19ee-426c-a057-14189009b63b/messages - 204 null null 13.6276ms
2025-09-02 21:15:16.736 +02:00 [INF] Request starting HTTP/1.1 POST http://localhost:5088/sessions/e9f3b338-19ee-426c-a057-14189009b63b/messages - application/json 23
2025-09-02 21:15:16.743 +02:00 [INF] CORS policy execution successful.
2025-09-02 21:15:16.748 +02:00 [INF] Executing endpoint 'HTTP: POST /sessions/{id:guid}/messages'
2025-09-02 21:15:16.758 +02:00 [INF] Executed DbCommand (0ms) [Parameters=[@__p_0='?' (DbType = Guid)], CommandType='"Text"', CommandTimeout='30']
SELECT "s"."Id", "s"."AgentId", "s"."EndedUtc", "s"."LastEventIdx", "s"."StartedUtc", "s"."Status", "s"."UserId"
FROM "Sessions" AS "s"
WHERE "s"."Id" = @__p_0
LIMIT 1
2025-09-02 21:15:16.783 +02:00 [INF] Executed DbCommand (18ms) [Parameters=[@p0='?' (DbType = Guid), @p1='?' (Size = 9), @p2='?' (DbType = DateTime), @p3='?', @p4='?' (Size = 4), @p5='?' (DbType = Guid), @p6='?'], CommandType='"Text"', CommandTimeout='30']
INSERT INTO "Messages" ("Id", "Content", "CreatedUtc", "Kind", "Role", "SessionId", "TokenUsageJson")
VALUES (@p0, @p1, @p2, @p3, @p4, @p5, @p6);
2025-09-02 21:15:16.790 +02:00 [INF] Setting HTTP status code 202.
2025-09-02 21:15:16.791 +02:00 [INF] Executed DbCommand (0ms) [Parameters=[@__p_0='?' (DbType = Guid)], CommandType='"Text"', CommandTimeout='30']
SELECT "a"."Id", "a"."Autonomy", "a"."CreatedUtc", "a"."GuardrailsJson", "a"."Name", "a"."ParamsJson", "a"."Provider", "a"."SystemPrompt", "a"."Temperature", "a"."TemplateRef", "a"."TokenBudget", "a"."ToolBudget", "a"."TopP", "a"."UpdatedUtc"
FROM "Agents" AS "a"
WHERE "a"."Id" = @__p_0
LIMIT 1
2025-09-02 21:15:16.794 +02:00 [INF] Writing value of type 'AcceptedResponse' as Json.
2025-09-02 21:15:16.804 +02:00 [INF] Executed endpoint 'HTTP: POST /sessions/{id:guid}/messages'
2025-09-02 21:15:16.810 +02:00 [INF] Request finished HTTP/1.1 POST http://localhost:5088/sessions/e9f3b338-19ee-426c-a057-14189009b63b/messages - 202 null application/json; charset=utf-8 74.0284ms
2025-09-02 21:15:16.813 +02:00 [INF] Executed DbCommand (11ms) [Parameters=[@p0='?' (DbType = Guid), @p1='?' (Size = 9), @p2='?' (DbType = DateTime), @p3='?', @p4='?' (Size = 4), @p5='?' (DbType = Guid), @p6='?'], CommandType='"Text"', CommandTimeout='30']
INSERT INTO "Messages" ("Id", "Content", "CreatedUtc", "Kind", "Role", "SessionId", "TokenUsageJson")
VALUES (@p0, @p1, @p2, @p3, @p4, @p5, @p6);
2025-09-02 21:15:16.826 +02:00 [INF] Executed DbCommand (0ms) [Parameters=[@__agentId_0='?' (DbType = Guid)], CommandType='"Text"', CommandTimeout='30']
SELECT "a"."Id", "a"."AgentId", "a"."ConfigJson", "a"."Enabled", "a"."ToolId", "t"."Id", "t"."Description", "t"."Enabled", "t"."InputSchemaJson", "t"."McpServerId", "t"."Name", "t"."Scope", "m"."Id", "m"."AuthType", "m"."BaseUrl", "m"."LastSeenUtc", "m"."MetadataJson", "m"."Name", "m"."Status"
FROM "AgentToolBindings" AS "a"
INNER JOIN "Tools" AS "t" ON "a"."ToolId" = "t"."Id"
INNER JOIN "McpServers" AS "m" ON "t"."McpServerId" = "m"."Id"
WHERE "a"."AgentId" = @__agentId_0 AND "a"."Enabled"
2025-09-02 21:15:16.839 +02:00 [INF] Executed DbCommand (1ms) [Parameters=[@__sessionId_0='?' (DbType = Guid), @__kind_1='?' (Size = 11), @__p_2='?' (DbType = Int32)], CommandType='"Text"', CommandTimeout='30']
SELECT "m"."Id", "m"."Content", "m"."CreatedUtc", "m"."Kind", "m"."Role", "m"."SessionId", "m"."TokenUsageJson"
FROM "Messages" AS "m"
WHERE "m"."SessionId" = @__sessionId_0 AND "m"."Kind" = @__kind_1
ORDER BY "m"."CreatedUtc" DESC
LIMIT @__p_2
2025-09-02 21:15:16.861 +02:00 [INF] Executed DbCommand (0ms) [Parameters=[@__sessionId_0='?' (DbType = Guid), @__p_1='?' (DbType = Int32)], CommandType='"Text"', CommandTimeout='30']
SELECT "m"."Id", "m"."Content", "m"."CreatedUtc", "m"."Kind", "m"."Role", "m"."SessionId", "m"."TokenUsageJson"
FROM "Messages" AS "m"
WHERE "m"."SessionId" = @__sessionId_0
ORDER BY "m"."CreatedUtc" DESC
LIMIT @__p_1
2025-09-02 21:15:16.869 +02:00 [INF] Executed DbCommand (1ms) [Parameters=[@__agentId_0='?' (DbType = Guid)], CommandType='"Text"', CommandTimeout='30']
SELECT "a"."Id", "a"."AgentId", "a"."ConfigJson", "a"."Enabled", "a"."ToolId", "t"."Id", "t"."Description", "t"."Enabled", "t"."InputSchemaJson", "t"."McpServerId", "t"."Name", "t"."Scope", "m"."Id", "m"."AuthType", "m"."BaseUrl", "m"."LastSeenUtc", "m"."MetadataJson", "m"."Name", "m"."Status"
FROM "AgentToolBindings" AS "a"
INNER JOIN "Tools" AS "t" ON "a"."ToolId" = "t"."Id"
INNER JOIN "McpServers" AS "m" ON "t"."McpServerId" = "m"."Id"
WHERE "a"."AgentId" = @__agentId_0 AND "a"."Enabled"
2025-09-02 21:15:17.599 +02:00 [INF] Executed DbCommand (0ms) [Parameters=[@__agentId_0='?' (DbType = Guid)], CommandType='"Text"', CommandTimeout='30']
SELECT "a"."Id", "a"."AgentId", "a"."ConfigJson", "a"."Enabled", "a"."ToolId", "t"."Id", "t"."Description", "t"."Enabled", "t"."InputSchemaJson", "t"."McpServerId", "t"."Name", "t"."Scope", "m"."Id", "m"."AuthType", "m"."BaseUrl", "m"."LastSeenUtc", "m"."MetadataJson", "m"."Name", "m"."Status"
FROM "AgentToolBindings" AS "a"
INNER JOIN "Tools" AS "t" ON "a"."ToolId" = "t"."Id"
INNER JOIN "McpServers" AS "m" ON "t"."McpServerId" = "m"."Id"
WHERE "a"."AgentId" = @__agentId_0 AND "a"."Enabled"
2025-09-02 21:15:17.613 +02:00 [INF] Executed DbCommand (1ms) [Parameters=[@__agentId_0='?' (DbType = Guid)], CommandType='"Text"', CommandTimeout='30']
SELECT "a"."Id", "a"."AgentId", "a"."ConfigJson", "a"."Enabled", "a"."ToolId", "t"."Id", "t"."Description", "t"."Enabled", "t"."InputSchemaJson", "t"."McpServerId", "t"."Name", "t"."Scope", "m"."Id", "m"."AuthType", "m"."BaseUrl", "m"."LastSeenUtc", "m"."MetadataJson", "m"."Name", "m"."Status"
FROM "AgentToolBindings" AS "a"
INNER JOIN "Tools" AS "t" ON "a"."ToolId" = "t"."Id"
INNER JOIN "McpServers" AS "m" ON "t"."McpServerId" = "m"."Id"
WHERE "a"."AgentId" = @__agentId_0 AND "a"."Enabled"
2025-09-02 21:15:18.002 +02:00 [INF] Executed DbCommand (0ms) [Parameters=[], CommandType='"Text"', CommandTimeout='30']
SELECT "m"."Id", "m"."AuthType", "m"."BaseUrl", "m"."LastSeenUtc", "m"."MetadataJson", "m"."Name", "m"."Status"
FROM "McpServers" AS "m"
ORDER BY "m"."LastSeenUtc"
2025-09-02 21:15:18.013 +02:00 [INF] Conectando a MCP WebSocket: ws://localhost:8970/ws
2025-09-02 21:15:18.209 +02:00 [INF] Executed DbCommand (0ms) [Parameters=[@__agentId_0='?' (DbType = Guid)], CommandType='"Text"', CommandTimeout='30']
SELECT "a"."Id", "a"."AgentId", "a"."ConfigJson", "a"."Enabled", "a"."ToolId", "t"."Id", "t"."Description", "t"."Enabled", "t"."InputSchemaJson", "t"."McpServerId", "t"."Name", "t"."Scope", "m"."Id", "m"."AuthType", "m"."BaseUrl", "m"."LastSeenUtc", "m"."MetadataJson", "m"."Name", "m"."Status"
FROM "AgentToolBindings" AS "a"
INNER JOIN "Tools" AS "t" ON "a"."ToolId" = "t"."Id"
INNER JOIN "McpServers" AS "m" ON "t"."McpServerId" = "m"."Id"
WHERE "a"."AgentId" = @__agentId_0 AND "a"."Enabled"
2025-09-02 21:15:18.865 +02:00 [INF] Executed DbCommand (20ms) [Parameters=[@p0='?' (DbType = Guid), @p1='?' (Size = 34), @p2='?' (DbType = DateTime), @p3='?' (Size = 11), @p4='?' (Size = 9), @p5='?' (DbType = Guid), @p6='?'], CommandType='"Text"', CommandTimeout='30']
INSERT INTO "Messages" ("Id", "Content", "CreatedUtc", "Kind", "Role", "SessionId", "TokenUsageJson")
VALUES (@p0, @p1, @p2, @p3, @p4, @p5, @p6);
2025-09-02 21:15:18.876 +02:00 [INF] Executed DbCommand (0ms) [Parameters=[@__sessionId_0='?' (DbType = Guid), @__p_1='?' (DbType = Int32)], CommandType='"Text"', CommandTimeout='30']
SELECT "m"."Id", "m"."Content", "m"."CreatedUtc", "m"."Kind", "m"."Role", "m"."SessionId", "m"."TokenUsageJson"
FROM "Messages" AS "m"
WHERE "m"."SessionId" = @__sessionId_0
ORDER BY "m"."CreatedUtc" DESC
LIMIT @__p_1
2025-09-02 21:15:19.240 +02:00 [INF] Executed DbCommand (18ms) [Parameters=[@p0='?' (DbType = Guid), @p1='?' (Size = 41), @p2='?' (DbType = DateTime), @p3='?', @p4='?' (Size = 9), @p5='?' (DbType = Guid), @p6='?'], CommandType='"Text"', CommandTimeout='30']
INSERT INTO "Messages" ("Id", "Content", "CreatedUtc", "Kind", "Role", "SessionId", "TokenUsageJson")
VALUES (@p0, @p1, @p2, @p3, @p4, @p5, @p6);
2025-09-02 21:15:19.258 +02:00 [INF] Executed DbCommand (9ms) [Parameters=[@p0='?' (DbType = Guid), @p1='?' (Size = 41), @p2='?' (DbType = DateTime), @p3='?', @p4='?' (Size = 9), @p5='?' (DbType = Guid), @p6='?'], CommandType='"Text"', CommandTimeout='30']
INSERT INTO "Messages" ("Id", "Content", "CreatedUtc", "Kind", "Role", "SessionId", "TokenUsageJson")
VALUES (@p0, @p1, @p2, @p3, @p4, @p5, @p6);
2025-09-02 21:15:28.203 +02:00 [INF] Request starting HTTP/1.1 OPTIONS http://localhost:5088/sessions/e9f3b338-19ee-426c-a057-14189009b63b/messages - null null
2025-09-02 21:15:28.212 +02:00 [INF] CORS policy execution successful.
2025-09-02 21:15:28.219 +02:00 [INF] Request finished HTTP/1.1 OPTIONS http://localhost:5088/sessions/e9f3b338-19ee-426c-a057-14189009b63b/messages - 204 null null 16.2975ms
2025-09-02 21:15:28.226 +02:00 [INF] Request starting HTTP/1.1 POST http://localhost:5088/sessions/e9f3b338-19ee-426c-a057-14189009b63b/messages - application/json 19
2025-09-02 21:15:28.232 +02:00 [INF] CORS policy execution successful.
2025-09-02 21:15:28.237 +02:00 [INF] Executing endpoint 'HTTP: POST /sessions/{id:guid}/messages'
2025-09-02 21:15:28.244 +02:00 [INF] Executed DbCommand (1ms) [Parameters=[@__p_0='?' (DbType = Guid)], CommandType='"Text"', CommandTimeout='30']
SELECT "s"."Id", "s"."AgentId", "s"."EndedUtc", "s"."LastEventIdx", "s"."StartedUtc", "s"."Status", "s"."UserId"
FROM "Sessions" AS "s"
WHERE "s"."Id" = @__p_0
LIMIT 1
2025-09-02 21:15:28.272 +02:00 [INF] Executed DbCommand (19ms) [Parameters=[@p0='?' (DbType = Guid), @p1='?' (Size = 5), @p2='?' (DbType = DateTime), @p3='?', @p4='?' (Size = 4), @p5='?' (DbType = Guid), @p6='?'], CommandType='"Text"', CommandTimeout='30']
INSERT INTO "Messages" ("Id", "Content", "CreatedUtc", "Kind", "Role", "SessionId", "TokenUsageJson")
VALUES (@p0, @p1, @p2, @p3, @p4, @p5, @p6);
2025-09-02 21:15:28.281 +02:00 [INF] Setting HTTP status code 202.
2025-09-02 21:15:28.283 +02:00 [INF] Executed DbCommand (1ms) [Parameters=[@__p_0='?' (DbType = Guid)], CommandType='"Text"', CommandTimeout='30']
SELECT "a"."Id", "a"."Autonomy", "a"."CreatedUtc", "a"."GuardrailsJson", "a"."Name", "a"."ParamsJson", "a"."Provider", "a"."SystemPrompt", "a"."Temperature", "a"."TemplateRef", "a"."TokenBudget", "a"."ToolBudget", "a"."TopP", "a"."UpdatedUtc"
FROM "Agents" AS "a"
WHERE "a"."Id" = @__p_0
LIMIT 1
2025-09-02 21:15:28.286 +02:00 [INF] Writing value of type 'AcceptedResponse' as Json.
2025-09-02 21:15:28.297 +02:00 [INF] Executed endpoint 'HTTP: POST /sessions/{id:guid}/messages'
2025-09-02 21:15:28.304 +02:00 [INF] Request finished HTTP/1.1 POST http://localhost:5088/sessions/e9f3b338-19ee-426c-a057-14189009b63b/messages - 202 null application/json; charset=utf-8 77.7565ms
2025-09-02 21:15:28.311 +02:00 [INF] Executed DbCommand (10ms) [Parameters=[@p0='?' (DbType = Guid), @p1='?' (Size = 5), @p2='?' (DbType = DateTime), @p3='?', @p4='?' (Size = 4), @p5='?' (DbType = Guid), @p6='?'], CommandType='"Text"', CommandTimeout='30']
INSERT INTO "Messages" ("Id", "Content", "CreatedUtc", "Kind", "Role", "SessionId", "TokenUsageJson")
VALUES (@p0, @p1, @p2, @p3, @p4, @p5, @p6);
2025-09-02 21:15:28.321 +02:00 [INF] Executed DbCommand (0ms) [Parameters=[@__agentId_0='?' (DbType = Guid)], CommandType='"Text"', CommandTimeout='30']
SELECT "a"."Id", "a"."AgentId", "a"."ConfigJson", "a"."Enabled", "a"."ToolId", "t"."Id", "t"."Description", "t"."Enabled", "t"."InputSchemaJson", "t"."McpServerId", "t"."Name", "t"."Scope", "m"."Id", "m"."AuthType", "m"."BaseUrl", "m"."LastSeenUtc", "m"."MetadataJson", "m"."Name", "m"."Status"
FROM "AgentToolBindings" AS "a"
INNER JOIN "Tools" AS "t" ON "a"."ToolId" = "t"."Id"
INNER JOIN "McpServers" AS "m" ON "t"."McpServerId" = "m"."Id"
WHERE "a"."AgentId" = @__agentId_0 AND "a"."Enabled"
2025-09-02 21:15:28.336 +02:00 [INF] Executed DbCommand (1ms) [Parameters=[@__sessionId_0='?' (DbType = Guid), @__kind_1='?' (Size = 11), @__p_2='?' (DbType = Int32)], CommandType='"Text"', CommandTimeout='30']
SELECT "m"."Id", "m"."Content", "m"."CreatedUtc", "m"."Kind", "m"."Role", "m"."SessionId", "m"."TokenUsageJson"
FROM "Messages" AS "m"
WHERE "m"."SessionId" = @__sessionId_0 AND "m"."Kind" = @__kind_1
ORDER BY "m"."CreatedUtc" DESC
LIMIT @__p_2
2025-09-02 21:15:28.345 +02:00 [INF] Executed DbCommand (0ms) [Parameters=[@__sessionId_0='?' (DbType = Guid), @__p_1='?' (DbType = Int32)], CommandType='"Text"', CommandTimeout='30']
SELECT "m"."Id", "m"."Content", "m"."CreatedUtc", "m"."Kind", "m"."Role", "m"."SessionId", "m"."TokenUsageJson"
FROM "Messages" AS "m"
WHERE "m"."SessionId" = @__sessionId_0
ORDER BY "m"."CreatedUtc" DESC
LIMIT @__p_1
2025-09-02 21:15:28.354 +02:00 [INF] Executed DbCommand (1ms) [Parameters=[@__agentId_0='?' (DbType = Guid)], CommandType='"Text"', CommandTimeout='30']
SELECT "a"."Id", "a"."AgentId", "a"."ConfigJson", "a"."Enabled", "a"."ToolId", "t"."Id", "t"."Description", "t"."Enabled", "t"."InputSchemaJson", "t"."McpServerId", "t"."Name", "t"."Scope", "m"."Id", "m"."AuthType", "m"."BaseUrl", "m"."LastSeenUtc", "m"."MetadataJson", "m"."Name", "m"."Status"
FROM "AgentToolBindings" AS "a"
INNER JOIN "Tools" AS "t" ON "a"."ToolId" = "t"."Id"
INNER JOIN "McpServers" AS "m" ON "t"."McpServerId" = "m"."Id"
WHERE "a"."AgentId" = @__agentId_0 AND "a"."Enabled"
2025-09-02 21:15:28.755 +02:00 [INF] Executed DbCommand (0ms) [Parameters=[@__sessionId_0='?' (DbType = Guid), @__p_1='?' (DbType = Int32)], CommandType='"Text"', CommandTimeout='30']
SELECT "m"."Id", "m"."Content", "m"."CreatedUtc", "m"."Kind", "m"."Role", "m"."SessionId", "m"."TokenUsageJson"
FROM "Messages" AS "m"
WHERE "m"."SessionId" = @__sessionId_0
ORDER BY "m"."CreatedUtc" DESC
LIMIT @__p_1
2025-09-02 21:15:29.249 +02:00 [INF] Executed DbCommand (8ms) [Parameters=[@p0='?' (DbType = Guid), @p1='?' (Size = 70), @p2='?' (DbType = DateTime), @p3='?', @p4='?' (Size = 9), @p5='?' (DbType = Guid), @p6='?'], CommandType='"Text"', CommandTimeout='30']
INSERT INTO "Messages" ("Id", "Content", "CreatedUtc", "Kind", "Role", "SessionId", "TokenUsageJson")
VALUES (@p0, @p1, @p2, @p3, @p4, @p5, @p6);
2025-09-02 21:15:29.265 +02:00 [INF] Executed DbCommand (9ms) [Parameters=[@p0='?' (DbType = Guid), @p1='?' (Size = 70), @p2='?' (DbType = DateTime), @p3='?', @p4='?' (Size = 9), @p5='?' (DbType = Guid), @p6='?'], CommandType='"Text"', CommandTimeout='30']
INSERT INTO "Messages" ("Id", "Content", "CreatedUtc", "Kind", "Role", "SessionId", "TokenUsageJson")
VALUES (@p0, @p1, @p2, @p3, @p4, @p5, @p6);
2025-09-02 21:15:37.226 +02:00 [INF] Request starting HTTP/1.1 OPTIONS http://localhost:5088/sessions/e9f3b338-19ee-426c-a057-14189009b63b/messages - null null
2025-09-02 21:15:37.232 +02:00 [INF] CORS policy execution successful.
2025-09-02 21:15:37.239 +02:00 [INF] Request finished HTTP/1.1 OPTIONS http://localhost:5088/sessions/e9f3b338-19ee-426c-a057-14189009b63b/messages - 204 null null 12.6387ms
2025-09-02 21:15:37.245 +02:00 [INF] Request starting HTTP/1.1 POST http://localhost:5088/sessions/e9f3b338-19ee-426c-a057-14189009b63b/messages - application/json 36
2025-09-02 21:15:37.251 +02:00 [INF] CORS policy execution successful.
2025-09-02 21:15:37.258 +02:00 [INF] Executing endpoint 'HTTP: POST /sessions/{id:guid}/messages'
2025-09-02 21:15:37.264 +02:00 [INF] Executed DbCommand (0ms) [Parameters=[@__p_0='?' (DbType = Guid)], CommandType='"Text"', CommandTimeout='30']
SELECT "s"."Id", "s"."AgentId", "s"."EndedUtc", "s"."LastEventIdx", "s"."StartedUtc", "s"."Status", "s"."UserId"
FROM "Sessions" AS "s"
WHERE "s"."Id" = @__p_0
LIMIT 1
2025-09-02 21:15:37.289 +02:00 [INF] Executed DbCommand (18ms) [Parameters=[@p0='?' (DbType = Guid), @p1='?' (Size = 22), @p2='?' (DbType = DateTime), @p3='?', @p4='?' (Size = 4), @p5='?' (DbType = Guid), @p6='?'], CommandType='"Text"', CommandTimeout='30']
INSERT INTO "Messages" ("Id", "Content", "CreatedUtc", "Kind", "Role", "SessionId", "TokenUsageJson")
VALUES (@p0, @p1, @p2, @p3, @p4, @p5, @p6);
2025-09-02 21:15:37.296 +02:00 [INF] Setting HTTP status code 202.
2025-09-02 21:15:37.297 +02:00 [INF] Executed DbCommand (0ms) [Parameters=[@__p_0='?' (DbType = Guid)], CommandType='"Text"', CommandTimeout='30']
SELECT "a"."Id", "a"."Autonomy", "a"."CreatedUtc", "a"."GuardrailsJson", "a"."Name", "a"."ParamsJson", "a"."Provider", "a"."SystemPrompt", "a"."Temperature", "a"."TemplateRef", "a"."TokenBudget", "a"."ToolBudget", "a"."TopP", "a"."UpdatedUtc"
FROM "Agents" AS "a"
WHERE "a"."Id" = @__p_0
LIMIT 1
2025-09-02 21:15:37.301 +02:00 [INF] Writing value of type 'AcceptedResponse' as Json.
2025-09-02 21:15:37.312 +02:00 [INF] Executed endpoint 'HTTP: POST /sessions/{id:guid}/messages'
2025-09-02 21:15:37.317 +02:00 [INF] Request finished HTTP/1.1 POST http://localhost:5088/sessions/e9f3b338-19ee-426c-a057-14189009b63b/messages - 202 null application/json; charset=utf-8 71.9652ms
2025-09-02 21:15:37.318 +02:00 [INF] Executed DbCommand (8ms) [Parameters=[@p0='?' (DbType = Guid), @p1='?' (Size = 22), @p2='?' (DbType = DateTime), @p3='?', @p4='?' (Size = 4), @p5='?' (DbType = Guid), @p6='?'], CommandType='"Text"', CommandTimeout='30']
INSERT INTO "Messages" ("Id", "Content", "CreatedUtc", "Kind", "Role", "SessionId", "TokenUsageJson")
VALUES (@p0, @p1, @p2, @p3, @p4, @p5, @p6);
2025-09-02 21:15:37.332 +02:00 [INF] Executed DbCommand (0ms) [Parameters=[@__agentId_0='?' (DbType = Guid)], CommandType='"Text"', CommandTimeout='30']
SELECT "a"."Id", "a"."AgentId", "a"."ConfigJson", "a"."Enabled", "a"."ToolId", "t"."Id", "t"."Description", "t"."Enabled", "t"."InputSchemaJson", "t"."McpServerId", "t"."Name", "t"."Scope", "m"."Id", "m"."AuthType", "m"."BaseUrl", "m"."LastSeenUtc", "m"."MetadataJson", "m"."Name", "m"."Status"
FROM "AgentToolBindings" AS "a"
INNER JOIN "Tools" AS "t" ON "a"."ToolId" = "t"."Id"
INNER JOIN "McpServers" AS "m" ON "t"."McpServerId" = "m"."Id"
WHERE "a"."AgentId" = @__agentId_0 AND "a"."Enabled"
2025-09-02 21:15:37.342 +02:00 [INF] Executed DbCommand (1ms) [Parameters=[@__sessionId_0='?' (DbType = Guid), @__kind_1='?' (Size = 11), @__p_2='?' (DbType = Int32)], CommandType='"Text"', CommandTimeout='30']
SELECT "m"."Id", "m"."Content", "m"."CreatedUtc", "m"."Kind", "m"."Role", "m"."SessionId", "m"."TokenUsageJson"
FROM "Messages" AS "m"
WHERE "m"."SessionId" = @__sessionId_0 AND "m"."Kind" = @__kind_1
ORDER BY "m"."CreatedUtc" DESC
LIMIT @__p_2
2025-09-02 21:15:37.350 +02:00 [INF] Executed DbCommand (0ms) [Parameters=[@__sessionId_0='?' (DbType = Guid), @__p_1='?' (DbType = Int32)], CommandType='"Text"', CommandTimeout='30']
SELECT "m"."Id", "m"."Content", "m"."CreatedUtc", "m"."Kind", "m"."Role", "m"."SessionId", "m"."TokenUsageJson"
FROM "Messages" AS "m"
WHERE "m"."SessionId" = @__sessionId_0
ORDER BY "m"."CreatedUtc" DESC
LIMIT @__p_1
2025-09-02 21:15:37.361 +02:00 [INF] Executed DbCommand (0ms) [Parameters=[@__agentId_0='?' (DbType = Guid)], CommandType='"Text"', CommandTimeout='30']
SELECT "a"."Id", "a"."AgentId", "a"."ConfigJson", "a"."Enabled", "a"."ToolId", "t"."Id", "t"."Description", "t"."Enabled", "t"."InputSchemaJson", "t"."McpServerId", "t"."Name", "t"."Scope", "m"."Id", "m"."AuthType", "m"."BaseUrl", "m"."LastSeenUtc", "m"."MetadataJson", "m"."Name", "m"."Status"
FROM "AgentToolBindings" AS "a"
INNER JOIN "Tools" AS "t" ON "a"."ToolId" = "t"."Id"
INNER JOIN "McpServers" AS "m" ON "t"."McpServerId" = "m"."Id"
WHERE "a"."AgentId" = @__agentId_0 AND "a"."Enabled"
2025-09-02 21:15:38.304 +02:00 [INF] Executed DbCommand (1ms) [Parameters=[@__agentId_0='?' (DbType = Guid)], CommandType='"Text"', CommandTimeout='30']
SELECT "a"."Id", "a"."AgentId", "a"."ConfigJson", "a"."Enabled", "a"."ToolId", "t"."Id", "t"."Description", "t"."Enabled", "t"."InputSchemaJson", "t"."McpServerId", "t"."Name", "t"."Scope", "m"."Id", "m"."AuthType", "m"."BaseUrl", "m"."LastSeenUtc", "m"."MetadataJson", "m"."Name", "m"."Status"
FROM "AgentToolBindings" AS "a"
INNER JOIN "Tools" AS "t" ON "a"."ToolId" = "t"."Id"
INNER JOIN "McpServers" AS "m" ON "t"."McpServerId" = "m"."Id"
WHERE "a"."AgentId" = @__agentId_0 AND "a"."Enabled"
2025-09-02 21:15:38.314 +02:00 [INF] Executed DbCommand (1ms) [Parameters=[@__agentId_0='?' (DbType = Guid)], CommandType='"Text"', CommandTimeout='30']
SELECT "a"."Id", "a"."AgentId", "a"."ConfigJson", "a"."Enabled", "a"."ToolId", "t"."Id", "t"."Description", "t"."Enabled", "t"."InputSchemaJson", "t"."McpServerId", "t"."Name", "t"."Scope", "m"."Id", "m"."AuthType", "m"."BaseUrl", "m"."LastSeenUtc", "m"."MetadataJson", "m"."Name", "m"."Status"
FROM "AgentToolBindings" AS "a"
INNER JOIN "Tools" AS "t" ON "a"."ToolId" = "t"."Id"
INNER JOIN "McpServers" AS "m" ON "t"."McpServerId" = "m"."Id"
WHERE "a"."AgentId" = @__agentId_0 AND "a"."Enabled"
2025-09-02 21:15:38.735 +02:00 [INF] Executed DbCommand (0ms) [Parameters=[], CommandType='"Text"', CommandTimeout='30']
SELECT "m"."Id", "m"."AuthType", "m"."BaseUrl", "m"."LastSeenUtc", "m"."MetadataJson", "m"."Name", "m"."Status"
FROM "McpServers" AS "m"
ORDER BY "m"."LastSeenUtc"
2025-09-02 21:15:38.743 +02:00 [INF] Conectando a MCP WebSocket: ws://localhost:8970/ws
2025-09-02 21:15:38.940 +02:00 [INF] Executed DbCommand (0ms) [Parameters=[@__agentId_0='?' (DbType = Guid)], CommandType='"Text"', CommandTimeout='30']
SELECT "a"."Id", "a"."AgentId", "a"."ConfigJson", "a"."Enabled", "a"."ToolId", "t"."Id", "t"."Description", "t"."Enabled", "t"."InputSchemaJson", "t"."McpServerId", "t"."Name", "t"."Scope", "m"."Id", "m"."AuthType", "m"."BaseUrl", "m"."LastSeenUtc", "m"."MetadataJson", "m"."Name", "m"."Status"
FROM "AgentToolBindings" AS "a"
INNER JOIN "Tools" AS "t" ON "a"."ToolId" = "t"."Id"
INNER JOIN "McpServers" AS "m" ON "t"."McpServerId" = "m"."Id"
WHERE "a"."AgentId" = @__agentId_0 AND "a"."Enabled"
2025-09-02 21:15:39.893 +02:00 [INF] Executed DbCommand (18ms) [Parameters=[@p0='?' (DbType = Guid), @p1='?' (Size = 59), @p2='?' (DbType = DateTime), @p3='?' (Size = 11), @p4='?' (Size = 9), @p5='?' (DbType = Guid), @p6='?'], CommandType='"Text"', CommandTimeout='30']
INSERT INTO "Messages" ("Id", "Content", "CreatedUtc", "Kind", "Role", "SessionId", "TokenUsageJson")
VALUES (@p0, @p1, @p2, @p3, @p4, @p5, @p6);
2025-09-02 21:15:39.901 +02:00 [INF] Executed DbCommand (0ms) [Parameters=[@__sessionId_0='?' (DbType = Guid), @__p_1='?' (DbType = Int32)], CommandType='"Text"', CommandTimeout='30']
SELECT "m"."Id", "m"."Content", "m"."CreatedUtc", "m"."Kind", "m"."Role", "m"."SessionId", "m"."TokenUsageJson"
FROM "Messages" AS "m"
WHERE "m"."SessionId" = @__sessionId_0
ORDER BY "m"."CreatedUtc" DESC
LIMIT @__p_1
2025-09-02 21:15:40.273 +02:00 [INF] Executed DbCommand (10ms) [Parameters=[@p0='?' (DbType = Guid), @p1='?' (Size = 60), @p2='?' (DbType = DateTime), @p3='?', @p4='?' (Size = 9), @p5='?' (DbType = Guid), @p6='?'], CommandType='"Text"', CommandTimeout='30']
INSERT INTO "Messages" ("Id", "Content", "CreatedUtc", "Kind", "Role", "SessionId", "TokenUsageJson")
VALUES (@p0, @p1, @p2, @p3, @p4, @p5, @p6);
2025-09-02 21:15:40.291 +02:00 [INF] Executed DbCommand (9ms) [Parameters=[@p0='?' (DbType = Guid), @p1='?' (Size = 60), @p2='?' (DbType = DateTime), @p3='?', @p4='?' (Size = 9), @p5='?' (DbType = Guid), @p6='?'], CommandType='"Text"', CommandTimeout='30']
INSERT INTO "Messages" ("Id", "Content", "CreatedUtc", "Kind", "Role", "SessionId", "TokenUsageJson")
VALUES (@p0, @p1, @p2, @p3, @p4, @p5, @p6);
2025-09-02 21:15:46.530 +02:00 [INF] Request starting HTTP/1.1 OPTIONS http://localhost:5088/sessions/e9f3b338-19ee-426c-a057-14189009b63b/messages - null null
2025-09-02 21:15:46.539 +02:00 [INF] CORS policy execution successful.
2025-09-02 21:15:46.544 +02:00 [INF] Request finished HTTP/1.1 OPTIONS http://localhost:5088/sessions/e9f3b338-19ee-426c-a057-14189009b63b/messages - 204 null null 14.4529ms
2025-09-02 21:15:46.551 +02:00 [INF] Request starting HTTP/1.1 POST http://localhost:5088/sessions/e9f3b338-19ee-426c-a057-14189009b63b/messages - application/json 19
2025-09-02 21:15:46.557 +02:00 [INF] CORS policy execution successful.
2025-09-02 21:15:46.562 +02:00 [INF] Executing endpoint 'HTTP: POST /sessions/{id:guid}/messages'
2025-09-02 21:15:46.568 +02:00 [INF] Executed DbCommand (0ms) [Parameters=[@__p_0='?' (DbType = Guid)], CommandType='"Text"', CommandTimeout='30']
SELECT "s"."Id", "s"."AgentId", "s"."EndedUtc", "s"."LastEventIdx", "s"."StartedUtc", "s"."Status", "s"."UserId"
FROM "Sessions" AS "s"
WHERE "s"."Id" = @__p_0
LIMIT 1
2025-09-02 21:15:46.594 +02:00 [INF] Executed DbCommand (18ms) [Parameters=[@p0='?' (DbType = Guid), @p1='?' (Size = 5), @p2='?' (DbType = DateTime), @p3='?', @p4='?' (Size = 4), @p5='?' (DbType = Guid), @p6='?'], CommandType='"Text"', CommandTimeout='30']
INSERT INTO "Messages" ("Id", "Content", "CreatedUtc", "Kind", "Role", "SessionId", "TokenUsageJson")
VALUES (@p0, @p1, @p2, @p3, @p4, @p5, @p6);
2025-09-02 21:15:46.601 +02:00 [INF] Setting HTTP status code 202.
2025-09-02 21:15:46.602 +02:00 [INF] Executed DbCommand (1ms) [Parameters=[@__p_0='?' (DbType = Guid)], CommandType='"Text"', CommandTimeout='30']
SELECT "a"."Id", "a"."Autonomy", "a"."CreatedUtc", "a"."GuardrailsJson", "a"."Name", "a"."ParamsJson", "a"."Provider", "a"."SystemPrompt", "a"."Temperature", "a"."TemplateRef", "a"."TokenBudget", "a"."ToolBudget", "a"."TopP", "a"."UpdatedUtc"
FROM "Agents" AS "a"
WHERE "a"."Id" = @__p_0
LIMIT 1
2025-09-02 21:15:46.605 +02:00 [INF] Writing value of type 'AcceptedResponse' as Json.
2025-09-02 21:15:46.615 +02:00 [INF] Executed endpoint 'HTTP: POST /sessions/{id:guid}/messages'
2025-09-02 21:15:46.621 +02:00 [INF] Request finished HTTP/1.1 POST http://localhost:5088/sessions/e9f3b338-19ee-426c-a057-14189009b63b/messages - 202 null application/json; charset=utf-8 69.7956ms
2025-09-02 21:15:46.624 +02:00 [INF] Executed DbCommand (10ms) [Parameters=[@p0='?' (DbType = Guid), @p1='?' (Size = 5), @p2='?' (DbType = DateTime), @p3='?', @p4='?' (Size = 4), @p5='?' (DbType = Guid), @p6='?'], CommandType='"Text"', CommandTimeout='30']
INSERT INTO "Messages" ("Id", "Content", "CreatedUtc", "Kind", "Role", "SessionId", "TokenUsageJson")
VALUES (@p0, @p1, @p2, @p3, @p4, @p5, @p6);
2025-09-02 21:15:46.638 +02:00 [INF] Executed DbCommand (1ms) [Parameters=[@__agentId_0='?' (DbType = Guid)], CommandType='"Text"', CommandTimeout='30']
SELECT "a"."Id", "a"."AgentId", "a"."ConfigJson", "a"."Enabled", "a"."ToolId", "t"."Id", "t"."Description", "t"."Enabled", "t"."InputSchemaJson", "t"."McpServerId", "t"."Name", "t"."Scope", "m"."Id", "m"."AuthType", "m"."BaseUrl", "m"."LastSeenUtc", "m"."MetadataJson", "m"."Name", "m"."Status"
FROM "AgentToolBindings" AS "a"
INNER JOIN "Tools" AS "t" ON "a"."ToolId" = "t"."Id"
INNER JOIN "McpServers" AS "m" ON "t"."McpServerId" = "m"."Id"
WHERE "a"."AgentId" = @__agentId_0 AND "a"."Enabled"
2025-09-02 21:15:46.650 +02:00 [INF] Executed DbCommand (1ms) [Parameters=[@__sessionId_0='?' (DbType = Guid), @__kind_1='?' (Size = 11), @__p_2='?' (DbType = Int32)], CommandType='"Text"', CommandTimeout='30']
SELECT "m"."Id", "m"."Content", "m"."CreatedUtc", "m"."Kind", "m"."Role", "m"."SessionId", "m"."TokenUsageJson"
FROM "Messages" AS "m"
WHERE "m"."SessionId" = @__sessionId_0 AND "m"."Kind" = @__kind_1
ORDER BY "m"."CreatedUtc" DESC
LIMIT @__p_2
2025-09-02 21:15:46.658 +02:00 [INF] Executed DbCommand (0ms) [Parameters=[@__sessionId_0='?' (DbType = Guid), @__p_1='?' (DbType = Int32)], CommandType='"Text"', CommandTimeout='30']
SELECT "m"."Id", "m"."Content", "m"."CreatedUtc", "m"."Kind", "m"."Role", "m"."SessionId", "m"."TokenUsageJson"
FROM "Messages" AS "m"
WHERE "m"."SessionId" = @__sessionId_0
ORDER BY "m"."CreatedUtc" DESC
LIMIT @__p_1
2025-09-02 21:15:46.667 +02:00 [INF] Executed DbCommand (0ms) [Parameters=[@__agentId_0='?' (DbType = Guid)], CommandType='"Text"', CommandTimeout='30']
SELECT "a"."Id", "a"."AgentId", "a"."ConfigJson", "a"."Enabled", "a"."ToolId", "t"."Id", "t"."Description", "t"."Enabled", "t"."InputSchemaJson", "t"."McpServerId", "t"."Name", "t"."Scope", "m"."Id", "m"."AuthType", "m"."BaseUrl", "m"."LastSeenUtc", "m"."MetadataJson", "m"."Name", "m"."Status"
FROM "AgentToolBindings" AS "a"
INNER JOIN "Tools" AS "t" ON "a"."ToolId" = "t"."Id"
INNER JOIN "McpServers" AS "m" ON "t"."McpServerId" = "m"."Id"
WHERE "a"."AgentId" = @__agentId_0 AND "a"."Enabled"
2025-09-02 21:15:47.453 +02:00 [INF] Executed DbCommand (0ms) [Parameters=[@__sessionId_0='?' (DbType = Guid), @__p_1='?' (DbType = Int32)], CommandType='"Text"', CommandTimeout='30']
SELECT "m"."Id", "m"."Content", "m"."CreatedUtc", "m"."Kind", "m"."Role", "m"."SessionId", "m"."TokenUsageJson"
FROM "Messages" AS "m"
WHERE "m"."SessionId" = @__sessionId_0
ORDER BY "m"."CreatedUtc" DESC
LIMIT @__p_1
2025-09-02 21:15:47.899 +02:00 [INF] Executed DbCommand (18ms) [Parameters=[@p0='?' (DbType = Guid), @p1='?' (Size = 105), @p2='?' (DbType = DateTime), @p3='?', @p4='?' (Size = 9), @p5='?' (DbType = Guid), @p6='?'], CommandType='"Text"', CommandTimeout='30']
INSERT INTO "Messages" ("Id", "Content", "CreatedUtc", "Kind", "Role", "SessionId", "TokenUsageJson")
VALUES (@p0, @p1, @p2, @p3, @p4, @p5, @p6);
2025-09-02 21:15:47.917 +02:00 [INF] Executed DbCommand (9ms) [Parameters=[@p0='?' (DbType = Guid), @p1='?' (Size = 105), @p2='?' (DbType = DateTime), @p3='?', @p4='?' (Size = 9), @p5='?' (DbType = Guid), @p6='?'], CommandType='"Text"', CommandTimeout='30']
INSERT INTO "Messages" ("Id", "Content", "CreatedUtc", "Kind", "Role", "SessionId", "TokenUsageJson")
VALUES (@p0, @p1, @p2, @p3, @p4, @p5, @p6);
2025-09-02 21:15:54.585 +02:00 [INF] Request starting HTTP/1.1 OPTIONS http://localhost:5088/sessions/e9f3b338-19ee-426c-a057-14189009b63b/messages - null null
2025-09-02 21:15:54.593 +02:00 [INF] CORS policy execution successful.
2025-09-02 21:15:54.598 +02:00 [INF] Request finished HTTP/1.1 OPTIONS http://localhost:5088/sessions/e9f3b338-19ee-426c-a057-14189009b63b/messages - 204 null null 13.0119ms
2025-09-02 21:15:54.604 +02:00 [INF] Request starting HTTP/1.1 POST http://localhost:5088/sessions/e9f3b338-19ee-426c-a057-14189009b63b/messages - application/json 24
2025-09-02 21:15:54.610 +02:00 [INF] CORS policy execution successful.
2025-09-02 21:15:54.614 +02:00 [INF] Executing endpoint 'HTTP: POST /sessions/{id:guid}/messages'
2025-09-02 21:15:54.621 +02:00 [INF] Executed DbCommand (0ms) [Parameters=[@__p_0='?' (DbType = Guid)], CommandType='"Text"', CommandTimeout='30']
SELECT "s"."Id", "s"."AgentId", "s"."EndedUtc", "s"."LastEventIdx", "s"."StartedUtc", "s"."Status", "s"."UserId"
FROM "Sessions" AS "s"
WHERE "s"."Id" = @__p_0
LIMIT 1
2025-09-02 21:15:54.648 +02:00 [INF] Executed DbCommand (19ms) [Parameters=[@p0='?' (DbType = Guid), @p1='?' (Size = 10), @p2='?' (DbType = DateTime), @p3='?', @p4='?' (Size = 4), @p5='?' (DbType = Guid), @p6='?'], CommandType='"Text"', CommandTimeout='30']
INSERT INTO "Messages" ("Id", "Content", "CreatedUtc", "Kind", "Role", "SessionId", "TokenUsageJson")
VALUES (@p0, @p1, @p2, @p3, @p4, @p5, @p6);
2025-09-02 21:15:54.658 +02:00 [INF] Setting HTTP status code 202.
2025-09-02 21:15:54.659 +02:00 [INF] Executed DbCommand (0ms) [Parameters=[@__p_0='?' (DbType = Guid)], CommandType='"Text"', CommandTimeout='30']
SELECT "a"."Id", "a"."Autonomy", "a"."CreatedUtc", "a"."GuardrailsJson", "a"."Name", "a"."ParamsJson", "a"."Provider", "a"."SystemPrompt", "a"."Temperature", "a"."TemplateRef", "a"."TokenBudget", "a"."ToolBudget", "a"."TopP", "a"."UpdatedUtc"
FROM "Agents" AS "a"
WHERE "a"."Id" = @__p_0
LIMIT 1
2025-09-02 21:15:54.664 +02:00 [INF] Writing value of type 'AcceptedResponse' as Json.
2025-09-02 21:15:54.674 +02:00 [INF] Executed endpoint 'HTTP: POST /sessions/{id:guid}/messages'
2025-09-02 21:15:54.680 +02:00 [INF] Request finished HTTP/1.1 POST http://localhost:5088/sessions/e9f3b338-19ee-426c-a057-14189009b63b/messages - 202 null application/json; charset=utf-8 75.8125ms
2025-09-02 21:15:54.684 +02:00 [INF] Executed DbCommand (10ms) [Parameters=[@p0='?' (DbType = Guid), @p1='?' (Size = 10), @p2='?' (DbType = DateTime), @p3='?', @p4='?' (Size = 4), @p5='?' (DbType = Guid), @p6='?'], CommandType='"Text"', CommandTimeout='30']
INSERT INTO "Messages" ("Id", "Content", "CreatedUtc", "Kind", "Role", "SessionId", "TokenUsageJson")
VALUES (@p0, @p1, @p2, @p3, @p4, @p5, @p6);
2025-09-02 21:15:54.696 +02:00 [INF] Executed DbCommand (1ms) [Parameters=[@__agentId_0='?' (DbType = Guid)], CommandType='"Text"', CommandTimeout='30']
SELECT "a"."Id", "a"."AgentId", "a"."ConfigJson", "a"."Enabled", "a"."ToolId", "t"."Id", "t"."Description", "t"."Enabled", "t"."InputSchemaJson", "t"."McpServerId", "t"."Name", "t"."Scope", "m"."Id", "m"."AuthType", "m"."BaseUrl", "m"."LastSeenUtc", "m"."MetadataJson", "m"."Name", "m"."Status"
FROM "AgentToolBindings" AS "a"
INNER JOIN "Tools" AS "t" ON "a"."ToolId" = "t"."Id"
INNER JOIN "McpServers" AS "m" ON "t"."McpServerId" = "m"."Id"
WHERE "a"."AgentId" = @__agentId_0 AND "a"."Enabled"
2025-09-02 21:15:54.707 +02:00 [INF] Executed DbCommand (1ms) [Parameters=[@__sessionId_0='?' (DbType = Guid), @__kind_1='?' (Size = 11), @__p_2='?' (DbType = Int32)], CommandType='"Text"', CommandTimeout='30']
SELECT "m"."Id", "m"."Content", "m"."CreatedUtc", "m"."Kind", "m"."Role", "m"."SessionId", "m"."TokenUsageJson"
FROM "Messages" AS "m"
WHERE "m"."SessionId" = @__sessionId_0 AND "m"."Kind" = @__kind_1
ORDER BY "m"."CreatedUtc" DESC
LIMIT @__p_2
2025-09-02 21:15:54.716 +02:00 [INF] Executed DbCommand (0ms) [Parameters=[@__sessionId_0='?' (DbType = Guid), @__p_1='?' (DbType = Int32)], CommandType='"Text"', CommandTimeout='30']
SELECT "m"."Id", "m"."Content", "m"."CreatedUtc", "m"."Kind", "m"."Role", "m"."SessionId", "m"."TokenUsageJson"
FROM "Messages" AS "m"
WHERE "m"."SessionId" = @__sessionId_0
ORDER BY "m"."CreatedUtc" DESC
LIMIT @__p_1
2025-09-02 21:15:54.726 +02:00 [INF] Executed DbCommand (1ms) [Parameters=[@__agentId_0='?' (DbType = Guid)], CommandType='"Text"', CommandTimeout='30']
SELECT "a"."Id", "a"."AgentId", "a"."ConfigJson", "a"."Enabled", "a"."ToolId", "t"."Id", "t"."Description", "t"."Enabled", "t"."InputSchemaJson", "t"."McpServerId", "t"."Name", "t"."Scope", "m"."Id", "m"."AuthType", "m"."BaseUrl", "m"."LastSeenUtc", "m"."MetadataJson", "m"."Name", "m"."Status"
FROM "AgentToolBindings" AS "a"
INNER JOIN "Tools" AS "t" ON "a"."ToolId" = "t"."Id"
INNER JOIN "McpServers" AS "m" ON "t"."McpServerId" = "m"."Id"
WHERE "a"."AgentId" = @__agentId_0 AND "a"."Enabled"
2025-09-02 21:15:55.487 +02:00 [INF] Executed DbCommand (1ms) [Parameters=[@__agentId_0='?' (DbType = Guid)], CommandType='"Text"', CommandTimeout='30']
SELECT "a"."Id", "a"."AgentId", "a"."ConfigJson", "a"."Enabled", "a"."ToolId", "t"."Id", "t"."Description", "t"."Enabled", "t"."InputSchemaJson", "t"."McpServerId", "t"."Name", "t"."Scope", "m"."Id", "m"."AuthType", "m"."BaseUrl", "m"."LastSeenUtc", "m"."MetadataJson", "m"."Name", "m"."Status"
FROM "AgentToolBindings" AS "a"
INNER JOIN "Tools" AS "t" ON "a"."ToolId" = "t"."Id"
INNER JOIN "McpServers" AS "m" ON "t"."McpServerId" = "m"."Id"
WHERE "a"."AgentId" = @__agentId_0 AND "a"."Enabled"
2025-09-02 21:15:55.498 +02:00 [INF] Executed DbCommand (0ms) [Parameters=[@__agentId_0='?' (DbType = Guid)], CommandType='"Text"', CommandTimeout='30']
SELECT "a"."Id", "a"."AgentId", "a"."ConfigJson", "a"."Enabled", "a"."ToolId", "t"."Id", "t"."Description", "t"."Enabled", "t"."InputSchemaJson", "t"."McpServerId", "t"."Name", "t"."Scope", "m"."Id", "m"."AuthType", "m"."BaseUrl", "m"."LastSeenUtc", "m"."MetadataJson", "m"."Name", "m"."Status"
FROM "AgentToolBindings" AS "a"
INNER JOIN "Tools" AS "t" ON "a"."ToolId" = "t"."Id"
INNER JOIN "McpServers" AS "m" ON "t"."McpServerId" = "m"."Id"
WHERE "a"."AgentId" = @__agentId_0 AND "a"."Enabled"
2025-09-02 21:15:56.015 +02:00 [INF] Executed DbCommand (0ms) [Parameters=[], CommandType='"Text"', CommandTimeout='30']
SELECT "m"."Id", "m"."AuthType", "m"."BaseUrl", "m"."LastSeenUtc", "m"."MetadataJson", "m"."Name", "m"."Status"
FROM "McpServers" AS "m"
ORDER BY "m"."LastSeenUtc"
2025-09-02 21:15:56.025 +02:00 [INF] Conectando a MCP WebSocket: ws://localhost:8970/ws
2025-09-02 21:15:56.233 +02:00 [INF] Executed DbCommand (0ms) [Parameters=[@__agentId_0='?' (DbType = Guid)], CommandType='"Text"', CommandTimeout='30']
SELECT "a"."Id", "a"."AgentId", "a"."ConfigJson", "a"."Enabled", "a"."ToolId", "t"."Id", "t"."Description", "t"."Enabled", "t"."InputSchemaJson", "t"."McpServerId", "t"."Name", "t"."Scope", "m"."Id", "m"."AuthType", "m"."BaseUrl", "m"."LastSeenUtc", "m"."MetadataJson", "m"."Name", "m"."Status"
FROM "AgentToolBindings" AS "a"
INNER JOIN "Tools" AS "t" ON "a"."ToolId" = "t"."Id"
INNER JOIN "McpServers" AS "m" ON "t"."McpServerId" = "m"."Id"
WHERE "a"."AgentId" = @__agentId_0 AND "a"."Enabled"
2025-09-02 21:15:57.219 +02:00 [INF] Executed DbCommand (10ms) [Parameters=[@p0='?' (DbType = Guid), @p1='?' (Size = 169), @p2='?' (DbType = DateTime), @p3='?' (Size = 11), @p4='?' (Size = 9), @p5='?' (DbType = Guid), @p6='?'], CommandType='"Text"', CommandTimeout='30']
INSERT INTO "Messages" ("Id", "Content", "CreatedUtc", "Kind", "Role", "SessionId", "TokenUsageJson")
VALUES (@p0, @p1, @p2, @p3, @p4, @p5, @p6);
2025-09-02 21:15:57.229 +02:00 [INF] Executed DbCommand (1ms) [Parameters=[@__sessionId_0='?' (DbType = Guid), @__p_1='?' (DbType = Int32)], CommandType='"Text"', CommandTimeout='30']
SELECT "m"."Id", "m"."Content", "m"."CreatedUtc", "m"."Kind", "m"."Role", "m"."SessionId", "m"."TokenUsageJson"
FROM "Messages" AS "m"
WHERE "m"."SessionId" = @__sessionId_0
ORDER BY "m"."CreatedUtc" DESC
LIMIT @__p_1
2025-09-02 21:15:57.581 +02:00 [INF] Executed DbCommand (17ms) [Parameters=[@p0='?' (DbType = Guid), @p1='?' (Size = 59), @p2='?' (DbType = DateTime), @p3='?', @p4='?' (Size = 9), @p5='?' (DbType = Guid), @p6='?'], CommandType='"Text"', CommandTimeout='30']
INSERT INTO "Messages" ("Id", "Content", "CreatedUtc", "Kind", "Role", "SessionId", "TokenUsageJson")
VALUES (@p0, @p1, @p2, @p3, @p4, @p5, @p6);
2025-09-02 21:15:57.600 +02:00 [INF] Executed DbCommand (8ms) [Parameters=[@p0='?' (DbType = Guid), @p1='?' (Size = 59), @p2='?' (DbType = DateTime), @p3='?', @p4='?' (Size = 9), @p5='?' (DbType = Guid), @p6='?'], CommandType='"Text"', CommandTimeout='30']
INSERT INTO "Messages" ("Id", "Content", "CreatedUtc", "Kind", "Role", "SessionId", "TokenUsageJson")
VALUES (@p0, @p1, @p2, @p3, @p4, @p5, @p6);
2025-09-02 21:16:17.366 +02:00 [INF] Request starting HTTP/1.1 OPTIONS http://localhost:5088/sessions/e9f3b338-19ee-426c-a057-14189009b63b/messages - null null
2025-09-02 21:16:17.374 +02:00 [INF] CORS policy execution successful.
2025-09-02 21:16:17.378 +02:00 [INF] Request finished HTTP/1.1 OPTIONS http://localhost:5088/sessions/e9f3b338-19ee-426c-a057-14189009b63b/messages - 204 null null 11.9909ms
2025-09-02 21:16:17.383 +02:00 [INF] Request starting HTTP/1.1 POST http://localhost:5088/sessions/e9f3b338-19ee-426c-a057-14189009b63b/messages - application/json 22
2025-09-02 21:16:17.389 +02:00 [INF] CORS policy execution successful.
2025-09-02 21:16:17.393 +02:00 [INF] Executing endpoint 'HTTP: POST /sessions/{id:guid}/messages'
2025-09-02 21:16:17.399 +02:00 [INF] Executed DbCommand (0ms) [Parameters=[@__p_0='?' (DbType = Guid)], CommandType='"Text"', CommandTimeout='30']
SELECT "s"."Id", "s"."AgentId", "s"."EndedUtc", "s"."LastEventIdx", "s"."StartedUtc", "s"."Status", "s"."UserId"
FROM "Sessions" AS "s"
WHERE "s"."Id" = @__p_0
LIMIT 1
2025-09-02 21:16:17.423 +02:00 [INF] Executed DbCommand (18ms) [Parameters=[@p0='?' (DbType = Guid), @p1='?' (Size = 8), @p2='?' (DbType = DateTime), @p3='?', @p4='?' (Size = 4), @p5='?' (DbType = Guid), @p6='?'], CommandType='"Text"', CommandTimeout='30']
INSERT INTO "Messages" ("Id", "Content", "CreatedUtc", "Kind", "Role", "SessionId", "TokenUsageJson")
VALUES (@p0, @p1, @p2, @p3, @p4, @p5, @p6);
2025-09-02 21:16:17.428 +02:00 [INF] Setting HTTP status code 202.
2025-09-02 21:16:17.429 +02:00 [INF] Executed DbCommand (0ms) [Parameters=[@__p_0='?' (DbType = Guid)], CommandType='"Text"', CommandTimeout='30']
SELECT "a"."Id", "a"."Autonomy", "a"."CreatedUtc", "a"."GuardrailsJson", "a"."Name", "a"."ParamsJson", "a"."Provider", "a"."SystemPrompt", "a"."Temperature", "a"."TemplateRef", "a"."TokenBudget", "a"."ToolBudget", "a"."TopP", "a"."UpdatedUtc"
FROM "Agents" AS "a"
WHERE "a"."Id" = @__p_0
LIMIT 1
2025-09-02 21:16:17.432 +02:00 [INF] Writing value of type 'AcceptedResponse' as Json.
2025-09-02 21:16:17.442 +02:00 [INF] Executed endpoint 'HTTP: POST /sessions/{id:guid}/messages'
2025-09-02 21:16:17.447 +02:00 [INF] Request finished HTTP/1.1 POST http://localhost:5088/sessions/e9f3b338-19ee-426c-a057-14189009b63b/messages - 202 null application/json; charset=utf-8 63.3117ms
2025-09-02 21:16:17.448 +02:00 [INF] Executed DbCommand (9ms) [Parameters=[@p0='?' (DbType = Guid), @p1='?' (Size = 8), @p2='?' (DbType = DateTime), @p3='?', @p4='?' (Size = 4), @p5='?' (DbType = Guid), @p6='?'], CommandType='"Text"', CommandTimeout='30']
INSERT INTO "Messages" ("Id", "Content", "CreatedUtc", "Kind", "Role", "SessionId", "TokenUsageJson")
VALUES (@p0, @p1, @p2, @p3, @p4, @p5, @p6);
2025-09-02 21:16:17.460 +02:00 [INF] Executed DbCommand (0ms) [Parameters=[@__agentId_0='?' (DbType = Guid)], CommandType='"Text"', CommandTimeout='30']
SELECT "a"."Id", "a"."AgentId", "a"."ConfigJson", "a"."Enabled", "a"."ToolId", "t"."Id", "t"."Description", "t"."Enabled", "t"."InputSchemaJson", "t"."McpServerId", "t"."Name", "t"."Scope", "m"."Id", "m"."AuthType", "m"."BaseUrl", "m"."LastSeenUtc", "m"."MetadataJson", "m"."Name", "m"."Status"
FROM "AgentToolBindings" AS "a"
INNER JOIN "Tools" AS "t" ON "a"."ToolId" = "t"."Id"
INNER JOIN "McpServers" AS "m" ON "t"."McpServerId" = "m"."Id"
WHERE "a"."AgentId" = @__agentId_0 AND "a"."Enabled"
2025-09-02 21:16:17.468 +02:00 [INF] Executed DbCommand (0ms) [Parameters=[@__sessionId_0='?' (DbType = Guid), @__kind_1='?' (Size = 11), @__p_2='?' (DbType = Int32)], CommandType='"Text"', CommandTimeout='30']
SELECT "m"."Id", "m"."Content", "m"."CreatedUtc", "m"."Kind", "m"."Role", "m"."SessionId", "m"."TokenUsageJson"
FROM "Messages" AS "m"
WHERE "m"."SessionId" = @__sessionId_0 AND "m"."Kind" = @__kind_1
ORDER BY "m"."CreatedUtc" DESC
LIMIT @__p_2
2025-09-02 21:16:17.476 +02:00 [INF] Executed DbCommand (0ms) [Parameters=[@__sessionId_0='?' (DbType = Guid), @__p_1='?' (DbType = Int32)], CommandType='"Text"', CommandTimeout='30']
SELECT "m"."Id", "m"."Content", "m"."CreatedUtc", "m"."Kind", "m"."Role", "m"."SessionId", "m"."TokenUsageJson"
FROM "Messages" AS "m"
WHERE "m"."SessionId" = @__sessionId_0
ORDER BY "m"."CreatedUtc" DESC
LIMIT @__p_1
2025-09-02 21:16:17.484 +02:00 [INF] Executed DbCommand (0ms) [Parameters=[@__agentId_0='?' (DbType = Guid)], CommandType='"Text"', CommandTimeout='30']
SELECT "a"."Id", "a"."AgentId", "a"."ConfigJson", "a"."Enabled", "a"."ToolId", "t"."Id", "t"."Description", "t"."Enabled", "t"."InputSchemaJson", "t"."McpServerId", "t"."Name", "t"."Scope", "m"."Id", "m"."AuthType", "m"."BaseUrl", "m"."LastSeenUtc", "m"."MetadataJson", "m"."Name", "m"."Status"
FROM "AgentToolBindings" AS "a"
INNER JOIN "Tools" AS "t" ON "a"."ToolId" = "t"."Id"
INNER JOIN "McpServers" AS "m" ON "t"."McpServerId" = "m"."Id"
WHERE "a"."AgentId" = @__agentId_0 AND "a"."Enabled"
2025-09-02 21:16:17.876 +02:00 [INF] Executed DbCommand (0ms) [Parameters=[@__sessionId_0='?' (DbType = Guid), @__p_1='?' (DbType = Int32)], CommandType='"Text"', CommandTimeout='30']
SELECT "m"."Id", "m"."Content", "m"."CreatedUtc", "m"."Kind", "m"."Role", "m"."SessionId", "m"."TokenUsageJson"
FROM "Messages" AS "m"
WHERE "m"."SessionId" = @__sessionId_0
ORDER BY "m"."CreatedUtc" DESC
LIMIT @__p_1
2025-09-02 21:16:18.286 +02:00 [INF] Executed DbCommand (16ms) [Parameters=[@p0='?' (DbType = Guid), @p1='?' (Size = 70), @p2='?' (DbType = DateTime), @p3='?', @p4='?' (Size = 9), @p5='?' (DbType = Guid), @p6='?'], CommandType='"Text"', CommandTimeout='30']
INSERT INTO "Messages" ("Id", "Content", "CreatedUtc", "Kind", "Role", "SessionId", "TokenUsageJson")
VALUES (@p0, @p1, @p2, @p3, @p4, @p5, @p6);
2025-09-02 21:16:18.303 +02:00 [INF] Executed DbCommand (9ms) [Parameters=[@p0='?' (DbType = Guid), @p1='?' (Size = 70), @p2='?' (DbType = DateTime), @p3='?', @p4='?' (Size = 9), @p5='?' (DbType = Guid), @p6='?'], CommandType='"Text"', CommandTimeout='30']
INSERT INTO "Messages" ("Id", "Content", "CreatedUtc", "Kind", "Role", "SessionId", "TokenUsageJson")
VALUES (@p0, @p1, @p2, @p3, @p4, @p5, @p6);
2025-09-02 21:16:50.368 +02:00 [INF] Request starting HTTP/1.1 OPTIONS http://localhost:5088/sessions/e9f3b338-19ee-426c-a057-14189009b63b/messages - null null
2025-09-02 21:16:50.375 +02:00 [INF] CORS policy execution successful.
2025-09-02 21:16:50.379 +02:00 [INF] Request finished HTTP/1.1 OPTIONS http://localhost:5088/sessions/e9f3b338-19ee-426c-a057-14189009b63b/messages - 204 null null 10.7038ms
2025-09-02 21:16:50.385 +02:00 [INF] Request starting HTTP/1.1 POST http://localhost:5088/sessions/e9f3b338-19ee-426c-a057-14189009b63b/messages - application/json 28
2025-09-02 21:16:50.390 +02:00 [INF] CORS policy execution successful.
2025-09-02 21:16:50.395 +02:00 [INF] Executing endpoint 'HTTP: POST /sessions/{id:guid}/messages'
2025-09-02 21:16:50.402 +02:00 [INF] Executed DbCommand (0ms) [Parameters=[@__p_0='?' (DbType = Guid)], CommandType='"Text"', CommandTimeout='30']
SELECT "s"."Id", "s"."AgentId", "s"."EndedUtc", "s"."LastEventIdx", "s"."StartedUtc", "s"."Status", "s"."UserId"
FROM "Sessions" AS "s"
WHERE "s"."Id" = @__p_0
LIMIT 1
2025-09-02 21:16:50.424 +02:00 [INF] Executed DbCommand (18ms) [Parameters=[@p0='?' (DbType = Guid), @p1='?' (Size = 14), @p2='?' (DbType = DateTime), @p3='?', @p4='?' (Size = 4), @p5='?' (DbType = Guid), @p6='?'], CommandType='"Text"', CommandTimeout='30']
INSERT INTO "Messages" ("Id", "Content", "CreatedUtc", "Kind", "Role", "SessionId", "TokenUsageJson")
VALUES (@p0, @p1, @p2, @p3, @p4, @p5, @p6);
2025-09-02 21:16:50.431 +02:00 [INF] Setting HTTP status code 202.
2025-09-02 21:16:50.432 +02:00 [INF] Executed DbCommand (0ms) [Parameters=[@__p_0='?' (DbType = Guid)], CommandType='"Text"', CommandTimeout='30']
SELECT "a"."Id", "a"."Autonomy", "a"."CreatedUtc", "a"."GuardrailsJson", "a"."Name", "a"."ParamsJson", "a"."Provider", "a"."SystemPrompt", "a"."Temperature", "a"."TemplateRef", "a"."TokenBudget", "a"."ToolBudget", "a"."TopP", "a"."UpdatedUtc"
FROM "Agents" AS "a"
WHERE "a"."Id" = @__p_0
LIMIT 1
2025-09-02 21:16:50.436 +02:00 [INF] Writing value of type 'AcceptedResponse' as Json.
2025-09-02 21:16:50.445 +02:00 [INF] Executed endpoint 'HTTP: POST /sessions/{id:guid}/messages'
2025-09-02 21:16:50.450 +02:00 [INF] Request finished HTTP/1.1 POST http://localhost:5088/sessions/e9f3b338-19ee-426c-a057-14189009b63b/messages - 202 null application/json; charset=utf-8 65.0503ms
2025-09-02 21:16:50.451 +02:00 [INF] Executed DbCommand (9ms) [Parameters=[@p0='?' (DbType = Guid), @p1='?' (Size = 14), @p2='?' (DbType = DateTime), @p3='?', @p4='?' (Size = 4), @p5='?' (DbType = Guid), @p6='?'], CommandType='"Text"', CommandTimeout='30']
INSERT INTO "Messages" ("Id", "Content", "CreatedUtc", "Kind", "Role", "SessionId", "TokenUsageJson")
VALUES (@p0, @p1, @p2, @p3, @p4, @p5, @p6);
2025-09-02 21:16:50.467 +02:00 [INF] Executed DbCommand (0ms) [Parameters=[@__agentId_0='?' (DbType = Guid)], CommandType='"Text"', CommandTimeout='30']
SELECT "a"."Id", "a"."AgentId", "a"."ConfigJson", "a"."Enabled", "a"."ToolId", "t"."Id", "t"."Description", "t"."Enabled", "t"."InputSchemaJson", "t"."McpServerId", "t"."Name", "t"."Scope", "m"."Id", "m"."AuthType", "m"."BaseUrl", "m"."LastSeenUtc", "m"."MetadataJson", "m"."Name", "m"."Status"
FROM "AgentToolBindings" AS "a"
INNER JOIN "Tools" AS "t" ON "a"."ToolId" = "t"."Id"
INNER JOIN "McpServers" AS "m" ON "t"."McpServerId" = "m"."Id"
WHERE "a"."AgentId" = @__agentId_0 AND "a"."Enabled"
2025-09-02 21:16:50.477 +02:00 [INF] Executed DbCommand (1ms) [Parameters=[@__sessionId_0='?' (DbType = Guid), @__kind_1='?' (Size = 11), @__p_2='?' (DbType = Int32)], CommandType='"Text"', CommandTimeout='30']
SELECT "m"."Id", "m"."Content", "m"."CreatedUtc", "m"."Kind", "m"."Role", "m"."SessionId", "m"."TokenUsageJson"
FROM "Messages" AS "m"
WHERE "m"."SessionId" = @__sessionId_0 AND "m"."Kind" = @__kind_1
ORDER BY "m"."CreatedUtc" DESC
LIMIT @__p_2
2025-09-02 21:16:50.487 +02:00 [INF] Executed DbCommand (1ms) [Parameters=[@__sessionId_0='?' (DbType = Guid), @__p_1='?' (DbType = Int32)], CommandType='"Text"', CommandTimeout='30']
SELECT "m"."Id", "m"."Content", "m"."CreatedUtc", "m"."Kind", "m"."Role", "m"."SessionId", "m"."TokenUsageJson"
FROM "Messages" AS "m"
WHERE "m"."SessionId" = @__sessionId_0
ORDER BY "m"."CreatedUtc" DESC
LIMIT @__p_1
2025-09-02 21:16:50.497 +02:00 [INF] Executed DbCommand (1ms) [Parameters=[@__agentId_0='?' (DbType = Guid)], CommandType='"Text"', CommandTimeout='30']
SELECT "a"."Id", "a"."AgentId", "a"."ConfigJson", "a"."Enabled", "a"."ToolId", "t"."Id", "t"."Description", "t"."Enabled", "t"."InputSchemaJson", "t"."McpServerId", "t"."Name", "t"."Scope", "m"."Id", "m"."AuthType", "m"."BaseUrl", "m"."LastSeenUtc", "m"."MetadataJson", "m"."Name", "m"."Status"
FROM "AgentToolBindings" AS "a"
INNER JOIN "Tools" AS "t" ON "a"."ToolId" = "t"."Id"
INNER JOIN "McpServers" AS "m" ON "t"."McpServerId" = "m"."Id"
WHERE "a"."AgentId" = @__agentId_0 AND "a"."Enabled"
2025-09-02 21:16:51.202 +02:00 [INF] Executed DbCommand (0ms) [Parameters=[@__agentId_0='?' (DbType = Guid)], CommandType='"Text"', CommandTimeout='30']
SELECT "a"."Id", "a"."AgentId", "a"."ConfigJson", "a"."Enabled", "a"."ToolId", "t"."Id", "t"."Description", "t"."Enabled", "t"."InputSchemaJson", "t"."McpServerId", "t"."Name", "t"."Scope", "m"."Id", "m"."AuthType", "m"."BaseUrl", "m"."LastSeenUtc", "m"."MetadataJson", "m"."Name", "m"."Status"
FROM "AgentToolBindings" AS "a"
INNER JOIN "Tools" AS "t" ON "a"."ToolId" = "t"."Id"
INNER JOIN "McpServers" AS "m" ON "t"."McpServerId" = "m"."Id"
WHERE "a"."AgentId" = @__agentId_0 AND "a"."Enabled"
2025-09-02 21:16:51.210 +02:00 [INF] Executed DbCommand (1ms) [Parameters=[@__agentId_0='?' (DbType = Guid)], CommandType='"Text"', CommandTimeout='30']
SELECT "a"."Id", "a"."AgentId", "a"."ConfigJson", "a"."Enabled", "a"."ToolId", "t"."Id", "t"."Description", "t"."Enabled", "t"."InputSchemaJson", "t"."McpServerId", "t"."Name", "t"."Scope", "m"."Id", "m"."AuthType", "m"."BaseUrl", "m"."LastSeenUtc", "m"."MetadataJson", "m"."Name", "m"."Status"
FROM "AgentToolBindings" AS "a"
INNER JOIN "Tools" AS "t" ON "a"."ToolId" = "t"."Id"
INNER JOIN "McpServers" AS "m" ON "t"."McpServerId" = "m"."Id"
WHERE "a"."AgentId" = @__agentId_0 AND "a"."Enabled"
2025-09-02 21:16:51.499 +02:00 [INF] Executed DbCommand (0ms) [Parameters=[], CommandType='"Text"', CommandTimeout='30']
SELECT "m"."Id", "m"."AuthType", "m"."BaseUrl", "m"."LastSeenUtc", "m"."MetadataJson", "m"."Name", "m"."Status"
FROM "McpServers" AS "m"
ORDER BY "m"."LastSeenUtc"
2025-09-02 21:16:51.508 +02:00 [INF] Conectando a MCP WebSocket: ws://localhost:8970/ws
2025-09-02 21:16:51.625 +02:00 [ERR] Error inesperado en WebSocket: MCP Tool error: No se encontró el archivo de herramienta: ../../bundles\kb-tools\tools/summarize.js
2025-09-02 21:16:51.677 +02:00 [INF] Executed DbCommand (19ms) [Parameters=[@p0='?' (DbType = Guid), @p1='?' (Size = 150), @p2='?' (DbType = DateTime), @p3='?' (Size = 11), @p4='?' (Size = 9), @p5='?' (DbType = Guid), @p6='?'], CommandType='"Text"', CommandTimeout='30']
INSERT INTO "Messages" ("Id", "Content", "CreatedUtc", "Kind", "Role", "SessionId", "TokenUsageJson")
VALUES (@p0, @p1, @p2, @p3, @p4, @p5, @p6);
2025-09-02 21:16:51.688 +02:00 [INF] Executed DbCommand (1ms) [Parameters=[@__sessionId_0='?' (DbType = Guid), @__p_1='?' (DbType = Int32)], CommandType='"Text"', CommandTimeout='30']
SELECT "m"."Id", "m"."Content", "m"."CreatedUtc", "m"."Kind", "m"."Role", "m"."SessionId", "m"."TokenUsageJson"
FROM "Messages" AS "m"
WHERE "m"."SessionId" = @__sessionId_0
ORDER BY "m"."CreatedUtc" DESC
LIMIT @__p_1
2025-09-02 21:16:52.004 +02:00 [INF] Executed DbCommand (19ms) [Parameters=[@p0='?' (DbType = Guid), @p1='?' (Size = 19), @p2='?' (DbType = DateTime), @p3='?', @p4='?' (Size = 9), @p5='?' (DbType = Guid), @p6='?'], CommandType='"Text"', CommandTimeout='30']
INSERT INTO "Messages" ("Id", "Content", "CreatedUtc", "Kind", "Role", "SessionId", "TokenUsageJson")
VALUES (@p0, @p1, @p2, @p3, @p4, @p5, @p6);
2025-09-02 21:16:52.020 +02:00 [INF] Executed DbCommand (9ms) [Parameters=[@p0='?' (DbType = Guid), @p1='?' (Size = 19), @p2='?' (DbType = DateTime), @p3='?', @p4='?' (Size = 9), @p5='?' (DbType = Guid), @p6='?'], CommandType='"Text"', CommandTimeout='30']
INSERT INTO "Messages" ("Id", "Content", "CreatedUtc", "Kind", "Role", "SessionId", "TokenUsageJson")
VALUES (@p0, @p1, @p2, @p3, @p4, @p5, @p6);
2025-09-02 21:16:56.790 +02:00 [INF] Request starting HTTP/1.1 OPTIONS http://localhost:5088/sessions/e9f3b338-19ee-426c-a057-14189009b63b/messages - null null
2025-09-02 21:16:56.797 +02:00 [INF] CORS policy execution successful.
2025-09-02 21:16:56.801 +02:00 [INF] Request finished HTTP/1.1 OPTIONS http://localhost:5088/sessions/e9f3b338-19ee-426c-a057-14189009b63b/messages - 204 null null 11.2432ms
2025-09-02 21:16:56.807 +02:00 [INF] Request starting HTTP/1.1 POST http://localhost:5088/sessions/e9f3b338-19ee-426c-a057-14189009b63b/messages - application/json 26
2025-09-02 21:16:56.812 +02:00 [INF] CORS policy execution successful.
2025-09-02 21:16:56.816 +02:00 [INF] Executing endpoint 'HTTP: POST /sessions/{id:guid}/messages'
2025-09-02 21:16:56.821 +02:00 [INF] Executed DbCommand (0ms) [Parameters=[@__p_0='?' (DbType = Guid)], CommandType='"Text"', CommandTimeout='30']
SELECT "s"."Id", "s"."AgentId", "s"."EndedUtc", "s"."LastEventIdx", "s"."StartedUtc", "s"."Status", "s"."UserId"
FROM "Sessions" AS "s"
WHERE "s"."Id" = @__p_0
LIMIT 1
2025-09-02 21:16:56.844 +02:00 [INF] Executed DbCommand (17ms) [Parameters=[@p0='?' (DbType = Guid), @p1='?' (Size = 12), @p2='?' (DbType = DateTime), @p3='?', @p4='?' (Size = 4), @p5='?' (DbType = Guid), @p6='?'], CommandType='"Text"', CommandTimeout='30']
INSERT INTO "Messages" ("Id", "Content", "CreatedUtc", "Kind", "Role", "SessionId", "TokenUsageJson")
VALUES (@p0, @p1, @p2, @p3, @p4, @p5, @p6);
2025-09-02 21:16:56.853 +02:00 [INF] Setting HTTP status code 202.
2025-09-02 21:16:56.854 +02:00 [INF] Executed DbCommand (0ms) [Parameters=[@__p_0='?' (DbType = Guid)], CommandType='"Text"', CommandTimeout='30']
SELECT "a"."Id", "a"."Autonomy", "a"."CreatedUtc", "a"."GuardrailsJson", "a"."Name", "a"."ParamsJson", "a"."Provider", "a"."SystemPrompt", "a"."Temperature", "a"."TemplateRef", "a"."TokenBudget", "a"."ToolBudget", "a"."TopP", "a"."UpdatedUtc"
FROM "Agents" AS "a"
WHERE "a"."Id" = @__p_0
LIMIT 1
2025-09-02 21:16:56.857 +02:00 [INF] Writing value of type 'AcceptedResponse' as Json.
2025-09-02 21:16:56.869 +02:00 [INF] Executed endpoint 'HTTP: POST /sessions/{id:guid}/messages'
2025-09-02 21:16:56.875 +02:00 [INF] Request finished HTTP/1.1 POST http://localhost:5088/sessions/e9f3b338-19ee-426c-a057-14189009b63b/messages - 202 null application/json; charset=utf-8 67.3348ms
2025-09-02 21:16:56.876 +02:00 [INF] Executed DbCommand (9ms) [Parameters=[@p0='?' (DbType = Guid), @p1='?' (Size = 12), @p2='?' (DbType = DateTime), @p3='?', @p4='?' (Size = 4), @p5='?' (DbType = Guid), @p6='?'], CommandType='"Text"', CommandTimeout='30']
INSERT INTO "Messages" ("Id", "Content", "CreatedUtc", "Kind", "Role", "SessionId", "TokenUsageJson")
VALUES (@p0, @p1, @p2, @p3, @p4, @p5, @p6);
2025-09-02 21:16:56.891 +02:00 [INF] Executed DbCommand (1ms) [Parameters=[@__agentId_0='?' (DbType = Guid)], CommandType='"Text"', CommandTimeout='30']
SELECT "a"."Id", "a"."AgentId", "a"."ConfigJson", "a"."Enabled", "a"."ToolId", "t"."Id", "t"."Description", "t"."Enabled", "t"."InputSchemaJson", "t"."McpServerId", "t"."Name", "t"."Scope", "m"."Id", "m"."AuthType", "m"."BaseUrl", "m"."LastSeenUtc", "m"."MetadataJson", "m"."Name", "m"."Status"
FROM "AgentToolBindings" AS "a"
INNER JOIN "Tools" AS "t" ON "a"."ToolId" = "t"."Id"
INNER JOIN "McpServers" AS "m" ON "t"."McpServerId" = "m"."Id"
WHERE "a"."AgentId" = @__agentId_0 AND "a"."Enabled"
2025-09-02 21:16:56.902 +02:00 [INF] Executed DbCommand (1ms) [Parameters=[@__sessionId_0='?' (DbType = Guid), @__kind_1='?' (Size = 11), @__p_2='?' (DbType = Int32)], CommandType='"Text"', CommandTimeout='30']
SELECT "m"."Id", "m"."Content", "m"."CreatedUtc", "m"."Kind", "m"."Role", "m"."SessionId", "m"."TokenUsageJson"
FROM "Messages" AS "m"
WHERE "m"."SessionId" = @__sessionId_0 AND "m"."Kind" = @__kind_1
ORDER BY "m"."CreatedUtc" DESC
LIMIT @__p_2
2025-09-02 21:16:56.915 +02:00 [INF] Executed DbCommand (1ms) [Parameters=[@__sessionId_0='?' (DbType = Guid), @__p_1='?' (DbType = Int32)], CommandType='"Text"', CommandTimeout='30']
SELECT "m"."Id", "m"."Content", "m"."CreatedUtc", "m"."Kind", "m"."Role", "m"."SessionId", "m"."TokenUsageJson"
FROM "Messages" AS "m"
WHERE "m"."SessionId" = @__sessionId_0
ORDER BY "m"."CreatedUtc" DESC
LIMIT @__p_1
2025-09-02 21:16:56.926 +02:00 [INF] Executed DbCommand (0ms) [Parameters=[@__agentId_0='?' (DbType = Guid)], CommandType='"Text"', CommandTimeout='30']
SELECT "a"."Id", "a"."AgentId", "a"."ConfigJson", "a"."Enabled", "a"."ToolId", "t"."Id", "t"."Description", "t"."Enabled", "t"."InputSchemaJson", "t"."McpServerId", "t"."Name", "t"."Scope", "m"."Id", "m"."AuthType", "m"."BaseUrl", "m"."LastSeenUtc", "m"."MetadataJson", "m"."Name", "m"."Status"
FROM "AgentToolBindings" AS "a"
INNER JOIN "Tools" AS "t" ON "a"."ToolId" = "t"."Id"
INNER JOIN "McpServers" AS "m" ON "t"."McpServerId" = "m"."Id"
WHERE "a"."AgentId" = @__agentId_0 AND "a"."Enabled"
2025-09-02 21:16:57.576 +02:00 [INF] Executed DbCommand (0ms) [Parameters=[@__agentId_0='?' (DbType = Guid)], CommandType='"Text"', CommandTimeout='30']
SELECT "a"."Id", "a"."AgentId", "a"."ConfigJson", "a"."Enabled", "a"."ToolId", "t"."Id", "t"."Description", "t"."Enabled", "t"."InputSchemaJson", "t"."McpServerId", "t"."Name", "t"."Scope", "m"."Id", "m"."AuthType", "m"."BaseUrl", "m"."LastSeenUtc", "m"."MetadataJson", "m"."Name", "m"."Status"
FROM "AgentToolBindings" AS "a"
INNER JOIN "Tools" AS "t" ON "a"."ToolId" = "t"."Id"
INNER JOIN "McpServers" AS "m" ON "t"."McpServerId" = "m"."Id"
WHERE "a"."AgentId" = @__agentId_0 AND "a"."Enabled"
2025-09-02 21:16:57.584 +02:00 [INF] Executed DbCommand (0ms) [Parameters=[@__agentId_0='?' (DbType = Guid)], CommandType='"Text"', CommandTimeout='30']
SELECT "a"."Id", "a"."AgentId", "a"."ConfigJson", "a"."Enabled", "a"."ToolId", "t"."Id", "t"."Description", "t"."Enabled", "t"."InputSchemaJson", "t"."McpServerId", "t"."Name", "t"."Scope", "m"."Id", "m"."AuthType", "m"."BaseUrl", "m"."LastSeenUtc", "m"."MetadataJson", "m"."Name", "m"."Status"
FROM "AgentToolBindings" AS "a"
INNER JOIN "Tools" AS "t" ON "a"."ToolId" = "t"."Id"
INNER JOIN "McpServers" AS "m" ON "t"."McpServerId" = "m"."Id"
WHERE "a"."AgentId" = @__agentId_0 AND "a"."Enabled"
2025-09-02 21:16:58.110 +02:00 [INF] Executed DbCommand (0ms) [Parameters=[], CommandType='"Text"', CommandTimeout='30']
SELECT "m"."Id", "m"."AuthType", "m"."BaseUrl", "m"."LastSeenUtc", "m"."MetadataJson", "m"."Name", "m"."Status"
FROM "McpServers" AS "m"
ORDER BY "m"."LastSeenUtc"
2025-09-02 21:16:58.116 +02:00 [INF] Conectando a MCP WebSocket: ws://localhost:8970/ws
2025-09-02 21:16:58.234 +02:00 [ERR] Error inesperado en WebSocket: MCP Tool error: No se encontró el archivo de herramienta: ../../bundles\kb-tools\tools/summarize.js
2025-09-02 21:16:58.259 +02:00 [INF] Executed DbCommand (18ms) [Parameters=[@p0='?' (DbType = Guid), @p1='?' (Size = 150), @p2='?' (DbType = DateTime), @p3='?' (Size = 11), @p4='?' (Size = 9), @p5='?' (DbType = Guid), @p6='?'], CommandType='"Text"', CommandTimeout='30']
INSERT INTO "Messages" ("Id", "Content", "CreatedUtc", "Kind", "Role", "SessionId", "TokenUsageJson")
VALUES (@p0, @p1, @p2, @p3, @p4, @p5, @p6);
2025-09-02 21:16:58.266 +02:00 [INF] Executed DbCommand (0ms) [Parameters=[@__sessionId_0='?' (DbType = Guid), @__p_1='?' (DbType = Int32)], CommandType='"Text"', CommandTimeout='30']
SELECT "m"."Id", "m"."Content", "m"."CreatedUtc", "m"."Kind", "m"."Role", "m"."SessionId", "m"."TokenUsageJson"
FROM "Messages" AS "m"
WHERE "m"."SessionId" = @__sessionId_0
ORDER BY "m"."CreatedUtc" DESC
LIMIT @__p_1
2025-09-02 21:16:58.697 +02:00 [INF] Executed DbCommand (18ms) [Parameters=[@p0='?' (DbType = Guid), @p1='?' (Size = 74), @p2='?' (DbType = DateTime), @p3='?', @p4='?' (Size = 9), @p5='?' (DbType = Guid), @p6='?'], CommandType='"Text"', CommandTimeout='30']
INSERT INTO "Messages" ("Id", "Content", "CreatedUtc", "Kind", "Role", "SessionId", "TokenUsageJson")
VALUES (@p0, @p1, @p2, @p3, @p4, @p5, @p6);
2025-09-02 21:16:58.714 +02:00 [INF] Executed DbCommand (9ms) [Parameters=[@p0='?' (DbType = Guid), @p1='?' (Size = 74), @p2='?' (DbType = DateTime), @p3='?', @p4='?' (Size = 9), @p5='?' (DbType = Guid), @p6='?'], CommandType='"Text"', CommandTimeout='30']
INSERT INTO "Messages" ("Id", "Content", "CreatedUtc", "Kind", "Role", "SessionId", "TokenUsageJson")
VALUES (@p0, @p1, @p2, @p3, @p4, @p5, @p6);
2025-09-02 21:17:05.797 +02:00 [INF] Request starting HTTP/1.1 OPTIONS http://localhost:5088/sessions/e9f3b338-19ee-426c-a057-14189009b63b/messages - null null
2025-09-02 21:17:05.805 +02:00 [INF] CORS policy execution successful.
2025-09-02 21:17:05.809 +02:00 [INF] Request finished HTTP/1.1 OPTIONS http://localhost:5088/sessions/e9f3b338-19ee-426c-a057-14189009b63b/messages - 204 null null 11.7514ms
2025-09-02 21:17:05.815 +02:00 [INF] Request starting HTTP/1.1 POST http://localhost:5088/sessions/e9f3b338-19ee-426c-a057-14189009b63b/messages - application/json 31
2025-09-02 21:17:05.820 +02:00 [INF] CORS policy execution successful.
2025-09-02 21:17:05.825 +02:00 [INF] Executing endpoint 'HTTP: POST /sessions/{id:guid}/messages'
2025-09-02 21:17:05.831 +02:00 [INF] Executed DbCommand (0ms) [Parameters=[@__p_0='?' (DbType = Guid)], CommandType='"Text"', CommandTimeout='30']
SELECT "s"."Id", "s"."AgentId", "s"."EndedUtc", "s"."LastEventIdx", "s"."StartedUtc", "s"."Status", "s"."UserId"
FROM "Sessions" AS "s"
WHERE "s"."Id" = @__p_0
LIMIT 1
2025-09-02 21:17:05.854 +02:00 [INF] Executed DbCommand (17ms) [Parameters=[@p0='?' (DbType = Guid), @p1='?' (Size = 17), @p2='?' (DbType = DateTime), @p3='?', @p4='?' (Size = 4), @p5='?' (DbType = Guid), @p6='?'], CommandType='"Text"', CommandTimeout='30']
INSERT INTO "Messages" ("Id", "Content", "CreatedUtc", "Kind", "Role", "SessionId", "TokenUsageJson")
VALUES (@p0, @p1, @p2, @p3, @p4, @p5, @p6);
2025-09-02 21:17:05.861 +02:00 [INF] Setting HTTP status code 202.
2025-09-02 21:17:05.862 +02:00 [INF] Executed DbCommand (0ms) [Parameters=[@__p_0='?' (DbType = Guid)], CommandType='"Text"', CommandTimeout='30']
SELECT "a"."Id", "a"."Autonomy", "a"."CreatedUtc", "a"."GuardrailsJson", "a"."Name", "a"."ParamsJson", "a"."Provider", "a"."SystemPrompt", "a"."Temperature", "a"."TemplateRef", "a"."TokenBudget", "a"."ToolBudget", "a"."TopP", "a"."UpdatedUtc"
FROM "Agents" AS "a"
WHERE "a"."Id" = @__p_0
LIMIT 1
2025-09-02 21:17:05.867 +02:00 [INF] Writing value of type 'AcceptedResponse' as Json.
2025-09-02 21:17:05.876 +02:00 [INF] Executed endpoint 'HTTP: POST /sessions/{id:guid}/messages'
2025-09-02 21:17:05.881 +02:00 [INF] Request finished HTTP/1.1 POST http://localhost:5088/sessions/e9f3b338-19ee-426c-a057-14189009b63b/messages - 202 null application/json; charset=utf-8 65.4977ms
2025-09-02 21:17:05.881 +02:00 [INF] Executed DbCommand (9ms) [Parameters=[@p0='?' (DbType = Guid), @p1='?' (Size = 17), @p2='?' (DbType = DateTime), @p3='?', @p4='?' (Size = 4), @p5='?' (DbType = Guid), @p6='?'], CommandType='"Text"', CommandTimeout='30']
INSERT INTO "Messages" ("Id", "Content", "CreatedUtc", "Kind", "Role", "SessionId", "TokenUsageJson")
VALUES (@p0, @p1, @p2, @p3, @p4, @p5, @p6);
2025-09-02 21:17:05.894 +02:00 [INF] Executed DbCommand (1ms) [Parameters=[@__agentId_0='?' (DbType = Guid)], CommandType='"Text"', CommandTimeout='30']
SELECT "a"."Id", "a"."AgentId", "a"."ConfigJson", "a"."Enabled", "a"."ToolId", "t"."Id", "t"."Description", "t"."Enabled", "t"."InputSchemaJson", "t"."McpServerId", "t"."Name", "t"."Scope", "m"."Id", "m"."AuthType", "m"."BaseUrl", "m"."LastSeenUtc", "m"."MetadataJson", "m"."Name", "m"."Status"
FROM "AgentToolBindings" AS "a"
INNER JOIN "Tools" AS "t" ON "a"."ToolId" = "t"."Id"
INNER JOIN "McpServers" AS "m" ON "t"."McpServerId" = "m"."Id"
WHERE "a"."AgentId" = @__agentId_0 AND "a"."Enabled"
2025-09-02 21:17:05.903 +02:00 [INF] Executed DbCommand (0ms) [Parameters=[@__sessionId_0='?' (DbType = Guid), @__kind_1='?' (Size = 11), @__p_2='?' (DbType = Int32)], CommandType='"Text"', CommandTimeout='30']
SELECT "m"."Id", "m"."Content", "m"."CreatedUtc", "m"."Kind", "m"."Role", "m"."SessionId", "m"."TokenUsageJson"
FROM "Messages" AS "m"
WHERE "m"."SessionId" = @__sessionId_0 AND "m"."Kind" = @__kind_1
ORDER BY "m"."CreatedUtc" DESC
LIMIT @__p_2
2025-09-02 21:17:05.911 +02:00 [INF] Executed DbCommand (1ms) [Parameters=[@__sessionId_0='?' (DbType = Guid), @__p_1='?' (DbType = Int32)], CommandType='"Text"', CommandTimeout='30']
SELECT "m"."Id", "m"."Content", "m"."CreatedUtc", "m"."Kind", "m"."Role", "m"."SessionId", "m"."TokenUsageJson"
FROM "Messages" AS "m"
WHERE "m"."SessionId" = @__sessionId_0
ORDER BY "m"."CreatedUtc" DESC
LIMIT @__p_1
2025-09-02 21:17:05.919 +02:00 [INF] Executed DbCommand (0ms) [Parameters=[@__agentId_0='?' (DbType = Guid)], CommandType='"Text"', CommandTimeout='30']
SELECT "a"."Id", "a"."AgentId", "a"."ConfigJson", "a"."Enabled", "a"."ToolId", "t"."Id", "t"."Description", "t"."Enabled", "t"."InputSchemaJson", "t"."McpServerId", "t"."Name", "t"."Scope", "m"."Id", "m"."AuthType", "m"."BaseUrl", "m"."LastSeenUtc", "m"."MetadataJson", "m"."Name", "m"."Status"
FROM "AgentToolBindings" AS "a"
INNER JOIN "Tools" AS "t" ON "a"."ToolId" = "t"."Id"
INNER JOIN "McpServers" AS "m" ON "t"."McpServerId" = "m"."Id"
WHERE "a"."AgentId" = @__agentId_0 AND "a"."Enabled"
2025-09-02 21:17:06.364 +02:00 [INF] Executed DbCommand (0ms) [Parameters=[@__sessionId_0='?' (DbType = Guid), @__p_1='?' (DbType = Int32)], CommandType='"Text"', CommandTimeout='30']
SELECT "m"."Id", "m"."Content", "m"."CreatedUtc", "m"."Kind", "m"."Role", "m"."SessionId", "m"."TokenUsageJson"
FROM "Messages" AS "m"
WHERE "m"."SessionId" = @__sessionId_0
ORDER BY "m"."CreatedUtc" DESC
LIMIT @__p_1
2025-09-02 21:17:06.839 +02:00 [INF] Executed DbCommand (19ms) [Parameters=[@p0='?' (DbType = Guid), @p1='?' (Size = 88), @p2='?' (DbType = DateTime), @p3='?', @p4='?' (Size = 9), @p5='?' (DbType = Guid), @p6='?'], CommandType='"Text"', CommandTimeout='30']
INSERT INTO "Messages" ("Id", "Content", "CreatedUtc", "Kind", "Role", "SessionId", "TokenUsageJson")
VALUES (@p0, @p1, @p2, @p3, @p4, @p5, @p6);
2025-09-02 21:17:06.856 +02:00 [INF] Executed DbCommand (9ms) [Parameters=[@p0='?' (DbType = Guid), @p1='?' (Size = 88), @p2='?' (DbType = DateTime), @p3='?', @p4='?' (Size = 9), @p5='?' (DbType = Guid), @p6='?'], CommandType='"Text"', CommandTimeout='30']
INSERT INTO "Messages" ("Id", "Content", "CreatedUtc", "Kind", "Role", "SessionId", "TokenUsageJson")
VALUES (@p0, @p1, @p2, @p3, @p4, @p5, @p6);
2025-09-02 21:17:11.760 +02:00 [INF] Request starting HTTP/1.1 OPTIONS http://localhost:5088/sessions/e9f3b338-19ee-426c-a057-14189009b63b/messages - null null
2025-09-02 21:17:11.769 +02:00 [INF] CORS policy execution successful.
2025-09-02 21:17:11.774 +02:00 [INF] Request finished HTTP/1.1 OPTIONS http://localhost:5088/sessions/e9f3b338-19ee-426c-a057-14189009b63b/messages - 204 null null 13.742ms
2025-09-02 21:17:11.779 +02:00 [INF] Request starting HTTP/1.1 POST http://localhost:5088/sessions/e9f3b338-19ee-426c-a057-14189009b63b/messages - application/json 23
2025-09-02 21:17:11.785 +02:00 [INF] CORS policy execution successful.
2025-09-02 21:17:11.789 +02:00 [INF] Executing endpoint 'HTTP: POST /sessions/{id:guid}/messages'
2025-09-02 21:17:11.795 +02:00 [INF] Executed DbCommand (0ms) [Parameters=[@__p_0='?' (DbType = Guid)], CommandType='"Text"', CommandTimeout='30']
SELECT "s"."Id", "s"."AgentId", "s"."EndedUtc", "s"."LastEventIdx", "s"."StartedUtc", "s"."Status", "s"."UserId"
FROM "Sessions" AS "s"
WHERE "s"."Id" = @__p_0
LIMIT 1
2025-09-02 21:17:11.826 +02:00 [INF] Executed DbCommand (23ms) [Parameters=[@p0='?' (DbType = Guid), @p1='?' (Size = 9), @p2='?' (DbType = DateTime), @p3='?', @p4='?' (Size = 4), @p5='?' (DbType = Guid), @p6='?'], CommandType='"Text"', CommandTimeout='30']
INSERT INTO "Messages" ("Id", "Content", "CreatedUtc", "Kind", "Role", "SessionId", "TokenUsageJson")
VALUES (@p0, @p1, @p2, @p3, @p4, @p5, @p6);
2025-09-02 21:17:11.834 +02:00 [INF] Setting HTTP status code 202.
2025-09-02 21:17:11.835 +02:00 [INF] Executed DbCommand (0ms) [Parameters=[@__p_0='?' (DbType = Guid)], CommandType='"Text"', CommandTimeout='30']
SELECT "a"."Id", "a"."Autonomy", "a"."CreatedUtc", "a"."GuardrailsJson", "a"."Name", "a"."ParamsJson", "a"."Provider", "a"."SystemPrompt", "a"."Temperature", "a"."TemplateRef", "a"."TokenBudget", "a"."ToolBudget", "a"."TopP", "a"."UpdatedUtc"
FROM "Agents" AS "a"
WHERE "a"."Id" = @__p_0
LIMIT 1
2025-09-02 21:17:11.839 +02:00 [INF] Writing value of type 'AcceptedResponse' as Json.
2025-09-02 21:17:11.850 +02:00 [INF] Executed endpoint 'HTTP: POST /sessions/{id:guid}/messages'
2025-09-02 21:17:11.855 +02:00 [INF] Request finished HTTP/1.1 POST http://localhost:5088/sessions/e9f3b338-19ee-426c-a057-14189009b63b/messages - 202 null application/json; charset=utf-8 75.7962ms
2025-09-02 21:17:11.856 +02:00 [INF] Executed DbCommand (9ms) [Parameters=[@p0='?' (DbType = Guid), @p1='?' (Size = 9), @p2='?' (DbType = DateTime), @p3='?', @p4='?' (Size = 4), @p5='?' (DbType = Guid), @p6='?'], CommandType='"Text"', CommandTimeout='30']
INSERT INTO "Messages" ("Id", "Content", "CreatedUtc", "Kind", "Role", "SessionId", "TokenUsageJson")
VALUES (@p0, @p1, @p2, @p3, @p4, @p5, @p6);
2025-09-02 21:17:11.869 +02:00 [INF] Executed DbCommand (1ms) [Parameters=[@__agentId_0='?' (DbType = Guid)], CommandType='"Text"', CommandTimeout='30']
SELECT "a"."Id", "a"."AgentId", "a"."ConfigJson", "a"."Enabled", "a"."ToolId", "t"."Id", "t"."Description", "t"."Enabled", "t"."InputSchemaJson", "t"."McpServerId", "t"."Name", "t"."Scope", "m"."Id", "m"."AuthType", "m"."BaseUrl", "m"."LastSeenUtc", "m"."MetadataJson", "m"."Name", "m"."Status"
FROM "AgentToolBindings" AS "a"
INNER JOIN "Tools" AS "t" ON "a"."ToolId" = "t"."Id"
INNER JOIN "McpServers" AS "m" ON "t"."McpServerId" = "m"."Id"
WHERE "a"."AgentId" = @__agentId_0 AND "a"."Enabled"
2025-09-02 21:17:11.879 +02:00 [INF] Executed DbCommand (0ms) [Parameters=[@__sessionId_0='?' (DbType = Guid), @__kind_1='?' (Size = 11), @__p_2='?' (DbType = Int32)], CommandType='"Text"', CommandTimeout='30']
SELECT "m"."Id", "m"."Content", "m"."CreatedUtc", "m"."Kind", "m"."Role", "m"."SessionId", "m"."TokenUsageJson"
FROM "Messages" AS "m"
WHERE "m"."SessionId" = @__sessionId_0 AND "m"."Kind" = @__kind_1
ORDER BY "m"."CreatedUtc" DESC
LIMIT @__p_2
2025-09-02 21:17:11.887 +02:00 [INF] Executed DbCommand (1ms) [Parameters=[@__sessionId_0='?' (DbType = Guid), @__p_1='?' (DbType = Int32)], CommandType='"Text"', CommandTimeout='30']
SELECT "m"."Id", "m"."Content", "m"."CreatedUtc", "m"."Kind", "m"."Role", "m"."SessionId", "m"."TokenUsageJson"
FROM "Messages" AS "m"
WHERE "m"."SessionId" = @__sessionId_0
ORDER BY "m"."CreatedUtc" DESC
LIMIT @__p_1
2025-09-02 21:17:11.896 +02:00 [INF] Executed DbCommand (1ms) [Parameters=[@__agentId_0='?' (DbType = Guid)], CommandType='"Text"', CommandTimeout='30']
SELECT "a"."Id", "a"."AgentId", "a"."ConfigJson", "a"."Enabled", "a"."ToolId", "t"."Id", "t"."Description", "t"."Enabled", "t"."InputSchemaJson", "t"."McpServerId", "t"."Name", "t"."Scope", "m"."Id", "m"."AuthType", "m"."BaseUrl", "m"."LastSeenUtc", "m"."MetadataJson", "m"."Name", "m"."Status"
FROM "AgentToolBindings" AS "a"
INNER JOIN "Tools" AS "t" ON "a"."ToolId" = "t"."Id"
INNER JOIN "McpServers" AS "m" ON "t"."McpServerId" = "m"."Id"
WHERE "a"."AgentId" = @__agentId_0 AND "a"."Enabled"
2025-09-02 21:17:12.554 +02:00 [INF] Executed DbCommand (1ms) [Parameters=[@__sessionId_0='?' (DbType = Guid), @__p_1='?' (DbType = Int32)], CommandType='"Text"', CommandTimeout='30']
SELECT "m"."Id", "m"."Content", "m"."CreatedUtc", "m"."Kind", "m"."Role", "m"."SessionId", "m"."TokenUsageJson"
FROM "Messages" AS "m"
WHERE "m"."SessionId" = @__sessionId_0
ORDER BY "m"."CreatedUtc" DESC
LIMIT @__p_1
2025-09-02 21:17:13.088 +02:00 [INF] Executed DbCommand (8ms) [Parameters=[@p0='?' (DbType = Guid), @p1='?' (Size = 114), @p2='?' (DbType = DateTime), @p3='?', @p4='?' (Size = 9), @p5='?' (DbType = Guid), @p6='?'], CommandType='"Text"', CommandTimeout='30']
INSERT INTO "Messages" ("Id", "Content", "CreatedUtc", "Kind", "Role", "SessionId", "TokenUsageJson")
VALUES (@p0, @p1, @p2, @p3, @p4, @p5, @p6);
2025-09-02 21:17:13.103 +02:00 [INF] Executed DbCommand (9ms) [Parameters=[@p0='?' (DbType = Guid), @p1='?' (Size = 114), @p2='?' (DbType = DateTime), @p3='?', @p4='?' (Size = 9), @p5='?' (DbType = Guid), @p6='?'], CommandType='"Text"', CommandTimeout='30']
INSERT INTO "Messages" ("Id", "Content", "CreatedUtc", "Kind", "Role", "SessionId", "TokenUsageJson")
VALUES (@p0, @p1, @p2, @p3, @p4, @p5, @p6);
2025-09-02 21:24:12.768 +02:00 [INF] Application is shutting down...
2025-09-02 21:24:12.786 +02:00 [INF] Executed endpoint '/hubs/trace'
2025-09-02 21:24:12.793 +02:00 [INF] Request finished HTTP/1.1 GET http://localhost:5088/hubs/trace?id=Zf53TsdLKrsTrQYF5NhLLg - 101 null null 546681.7822ms
2025-09-02 21:27:20.835 +02:00 [INF] User profile is available. Using 'C:\Users\Usuario\AppData\Local\ASP.NET\DataProtection-Keys' as key repository and Windows DPAPI to encrypt keys at rest.
2025-09-02 21:27:21.234 +02:00 [INF] Now listening on: http://localhost:5088
2025-09-02 21:27:21.239 +02:00 [INF] Application started. Press Ctrl+C to shut down.
2025-09-02 21:27:21.241 +02:00 [INF] Hosting environment: Development
2025-09-02 21:27:21.242 +02:00 [INF] Content root path: D:\BearDevelopment\AutoAgent\autoagent_back\src\AutoAgentes.Api
2025-09-02 21:27:24.735 +02:00 [INF] Request starting HTTP/1.1 OPTIONS http://localhost:5088/agents/1e5ffb9e-fb28-4405-b82b-b4647aa5a865 - null null
2025-09-02 21:27:24.735 +02:00 [INF] Request starting HTTP/1.1 OPTIONS http://localhost:5088/agents/1e5ffb9e-fb28-4405-b82b-b4647aa5a865/bindings - null null
2025-09-02 21:27:24.849 +02:00 [INF] CORS policy execution successful.
2025-09-02 21:27:24.849 +02:00 [INF] CORS policy execution successful.
2025-09-02 21:27:24.864 +02:00 [INF] Request finished HTTP/1.1 OPTIONS http://localhost:5088/agents/1e5ffb9e-fb28-4405-b82b-b4647aa5a865 - 204 null null 147.7202ms
2025-09-02 21:27:24.864 +02:00 [INF] Request finished HTTP/1.1 OPTIONS http://localhost:5088/agents/1e5ffb9e-fb28-4405-b82b-b4647aa5a865/bindings - 204 null null 147.7227ms
2025-09-02 21:27:24.892 +02:00 [INF] Request starting HTTP/1.1 GET http://localhost:5088/agents/1e5ffb9e-fb28-4405-b82b-b4647aa5a865 - application/json null
2025-09-02 21:27:24.892 +02:00 [INF] Request starting HTTP/1.1 GET http://localhost:5088/agents/1e5ffb9e-fb28-4405-b82b-b4647aa5a865/bindings - application/json null
2025-09-02 21:27:24.918 +02:00 [INF] CORS policy execution successful.
2025-09-02 21:27:24.918 +02:00 [INF] CORS policy execution successful.
2025-09-02 21:27:24.951 +02:00 [INF] Executing endpoint 'HTTP: GET /agents/{id:guid}/bindings'
2025-09-02 21:27:24.951 +02:00 [INF] Executing endpoint 'HTTP: GET /agents/{id:guid}'
2025-09-02 21:27:25.778 +02:00 [INF] Executed DbCommand (11ms) [Parameters=[@__agentId_0='?' (DbType = Guid)], CommandType='"Text"', CommandTimeout='30']
SELECT "a"."Id", "a"."AgentId", "a"."ConfigJson", "a"."Enabled", "a"."ToolId"
FROM "AgentToolBindings" AS "a"
WHERE "a"."AgentId" = @__agentId_0
2025-09-02 21:27:25.778 +02:00 [INF] Executed DbCommand (9ms) [Parameters=[@__p_0='?' (DbType = Guid)], CommandType='"Text"', CommandTimeout='30']
SELECT "a"."Id", "a"."Autonomy", "a"."CreatedUtc", "a"."GuardrailsJson", "a"."Name", "a"."ParamsJson", "a"."Provider", "a"."SystemPrompt", "a"."Temperature", "a"."TemplateRef", "a"."TokenBudget", "a"."ToolBudget", "a"."TopP", "a"."UpdatedUtc"
FROM "Agents" AS "a"
WHERE "a"."Id" = @__p_0
LIMIT 1
2025-09-02 21:27:25.839 +02:00 [INF] Setting HTTP status code 200.
2025-09-02 21:27:25.839 +02:00 [INF] Setting HTTP status code 200.
2025-09-02 21:27:25.851 +02:00 [INF] Writing value of type 'List`1' as Json.
2025-09-02 21:27:25.852 +02:00 [INF] Writing value of type 'AgentResponse' as Json.
2025-09-02 21:27:25.869 +02:00 [INF] Executed endpoint 'HTTP: GET /agents/{id:guid}'
2025-09-02 21:27:25.869 +02:00 [INF] Executed endpoint 'HTTP: GET /agents/{id:guid}/bindings'
2025-09-02 21:27:25.883 +02:00 [INF] Request finished HTTP/1.1 GET http://localhost:5088/agents/1e5ffb9e-fb28-4405-b82b-b4647aa5a865 - 200 null application/json; charset=utf-8 991.2917ms
2025-09-02 21:27:25.883 +02:00 [INF] Request finished HTTP/1.1 GET http://localhost:5088/agents/1e5ffb9e-fb28-4405-b82b-b4647aa5a865/bindings - 200 null application/json; charset=utf-8 991.2918ms
2025-09-02 21:27:26.852 +02:00 [INF] Request starting HTTP/1.1 OPTIONS http://localhost:5088/sessions - null null
2025-09-02 21:27:26.859 +02:00 [INF] CORS policy execution successful.
2025-09-02 21:27:26.865 +02:00 [INF] Request finished HTTP/1.1 OPTIONS http://localhost:5088/sessions - 204 null null 13.6043ms
2025-09-02 21:27:26.872 +02:00 [INF] Request starting HTTP/1.1 POST http://localhost:5088/sessions - application/json 50
2025-09-02 21:27:26.879 +02:00 [INF] CORS policy execution successful.
2025-09-02 21:27:26.886 +02:00 [INF] Executing endpoint 'HTTP: POST /sessions/'
2025-09-02 21:27:26.956 +02:00 [INF] Executed DbCommand (0ms) [Parameters=[@__p_0='?' (DbType = Guid)], CommandType='"Text"', CommandTimeout='30']
SELECT "a"."Id", "a"."Autonomy", "a"."CreatedUtc", "a"."GuardrailsJson", "a"."Name", "a"."ParamsJson", "a"."Provider", "a"."SystemPrompt", "a"."Temperature", "a"."TemplateRef", "a"."TokenBudget", "a"."ToolBudget", "a"."TopP", "a"."UpdatedUtc"
FROM "Agents" AS "a"
WHERE "a"."Id" = @__p_0
LIMIT 1
2025-09-02 21:27:27.081 +02:00 [INF] Executed DbCommand (10ms) [Parameters=[@p0='?' (DbType = Guid), @p1='?' (DbType = Guid), @p2='?' (DbType = DateTime), @p3='?' (DbType = Int32), @p4='?' (DbType = DateTime), @p5='?' (Size = 7), @p6='?'], CommandType='"Text"', CommandTimeout='30']
INSERT INTO "Sessions" ("Id", "AgentId", "EndedUtc", "LastEventIdx", "StartedUtc", "Status", "UserId")
VALUES (@p0, @p1, @p2, @p3, @p4, @p5, @p6);
2025-09-02 21:27:27.093 +02:00 [INF] Setting HTTP status code 201.
2025-09-02 21:27:27.099 +02:00 [INF] Writing value of type 'SessionCreatedResponse' as Json.
2025-09-02 21:27:27.105 +02:00 [INF] Executed endpoint 'HTTP: POST /sessions/'
2025-09-02 21:27:27.110 +02:00 [INF] Request finished HTTP/1.1 POST http://localhost:5088/sessions - 201 null application/json; charset=utf-8 237.9521ms
2025-09-02 21:27:27.121 +02:00 [INF] Request starting HTTP/1.1 OPTIONS http://localhost:5088/hubs/trace/negotiate?negotiateVersion=1 - null null
2025-09-02 21:27:27.129 +02:00 [INF] CORS policy execution successful.
2025-09-02 21:27:27.136 +02:00 [INF] Request finished HTTP/1.1 OPTIONS http://localhost:5088/hubs/trace/negotiate?negotiateVersion=1 - 204 null null 14.9296ms
2025-09-02 21:27:27.140 +02:00 [INF] Request starting HTTP/1.1 POST http://localhost:5088/hubs/trace/negotiate?negotiateVersion=1 - null 0
2025-09-02 21:27:27.150 +02:00 [INF] CORS policy execution successful.
2025-09-02 21:27:27.160 +02:00 [INF] ApiKey was not authenticated. Failure message: Missing API key
2025-09-02 21:27:27.165 +02:00 [INF] Executing endpoint '/hubs/trace/negotiate'
2025-09-02 21:27:27.179 +02:00 [INF] Executed endpoint '/hubs/trace/negotiate'
2025-09-02 21:27:27.185 +02:00 [INF] Request finished HTTP/1.1 POST http://localhost:5088/hubs/trace/negotiate?negotiateVersion=1 - 200 316 application/json 44.653ms
2025-09-02 21:27:27.185 +02:00 [INF] Request starting HTTP/1.1 GET http://localhost:5088/hubs/trace?id=cO2DFswnt7Qp4VHMCFsqMQ - null null
2025-09-02 21:27:27.197 +02:00 [INF] CORS policy execution successful.
2025-09-02 21:27:27.202 +02:00 [INF] ApiKey was not authenticated. Failure message: Missing API key
2025-09-02 21:27:27.207 +02:00 [INF] Executing endpoint '/hubs/trace'
2025-09-02 21:27:29.427 +02:00 [INF] Request starting HTTP/1.1 OPTIONS http://localhost:5088/sessions/4d33618e-5ee0-4a03-b091-da614e57cad1/messages - null null
2025-09-02 21:27:29.436 +02:00 [INF] CORS policy execution successful.
2025-09-02 21:27:29.441 +02:00 [INF] Request finished HTTP/1.1 OPTIONS http://localhost:5088/sessions/4d33618e-5ee0-4a03-b091-da614e57cad1/messages - 204 null null 15.0192ms
2025-09-02 21:27:29.449 +02:00 [INF] Request starting HTTP/1.1 POST http://localhost:5088/sessions/4d33618e-5ee0-4a03-b091-da614e57cad1/messages - application/json 18
2025-09-02 21:27:29.455 +02:00 [INF] CORS policy execution successful.
2025-09-02 21:27:29.461 +02:00 [INF] Executing endpoint 'HTTP: POST /sessions/{id:guid}/messages'
2025-09-02 21:27:29.484 +02:00 [INF] Executed DbCommand (1ms) [Parameters=[@__p_0='?' (DbType = Guid)], CommandType='"Text"', CommandTimeout='30']
SELECT "s"."Id", "s"."AgentId", "s"."EndedUtc", "s"."LastEventIdx", "s"."StartedUtc", "s"."Status", "s"."UserId"
FROM "Sessions" AS "s"
WHERE "s"."Id" = @__p_0
LIMIT 1
2025-09-02 21:27:29.534 +02:00 [INF] Executed DbCommand (20ms) [Parameters=[@p0='?' (DbType = Guid), @p1='?' (Size = 4), @p2='?' (DbType = DateTime), @p3='?', @p4='?' (Size = 4), @p5='?' (DbType = Guid), @p6='?'], CommandType='"Text"', CommandTimeout='30']
INSERT INTO "Messages" ("Id", "Content", "CreatedUtc", "Kind", "Role", "SessionId", "TokenUsageJson")
VALUES (@p0, @p1, @p2, @p3, @p4, @p5, @p6);
2025-09-02 21:27:29.554 +02:00 [INF] Setting HTTP status code 202.
2025-09-02 21:27:29.558 +02:00 [INF] Executed DbCommand (1ms) [Parameters=[@__p_0='?' (DbType = Guid)], CommandType='"Text"', CommandTimeout='30']
SELECT "a"."Id", "a"."Autonomy", "a"."CreatedUtc", "a"."GuardrailsJson", "a"."Name", "a"."ParamsJson", "a"."Provider", "a"."SystemPrompt", "a"."Temperature", "a"."TemplateRef", "a"."TokenBudget", "a"."ToolBudget", "a"."TopP", "a"."UpdatedUtc"
FROM "Agents" AS "a"
WHERE "a"."Id" = @__p_0
LIMIT 1
2025-09-02 21:27:29.562 +02:00 [INF] Writing value of type 'AcceptedResponse' as Json.
2025-09-02 21:27:29.571 +02:00 [INF] Executed endpoint 'HTTP: POST /sessions/{id:guid}/messages'
2025-09-02 21:27:29.577 +02:00 [INF] Request finished HTTP/1.1 POST http://localhost:5088/sessions/4d33618e-5ee0-4a03-b091-da614e57cad1/messages - 202 null application/json; charset=utf-8 128.57ms
2025-09-02 21:27:29.596 +02:00 [INF] Executed DbCommand (10ms) [Parameters=[@p0='?' (DbType = Guid), @p1='?' (Size = 4), @p2='?' (DbType = DateTime), @p3='?', @p4='?' (Size = 4), @p5='?' (DbType = Guid), @p6='?'], CommandType='"Text"', CommandTimeout='30']
INSERT INTO "Messages" ("Id", "Content", "CreatedUtc", "Kind", "Role", "SessionId", "TokenUsageJson")
VALUES (@p0, @p1, @p2, @p3, @p4, @p5, @p6);
2025-09-02 21:27:29.666 +02:00 [INF] Executed DbCommand (0ms) [Parameters=[@__agentId_0='?' (DbType = Guid)], CommandType='"Text"', CommandTimeout='30']
SELECT "a"."Id", "a"."AgentId", "a"."ConfigJson", "a"."Enabled", "a"."ToolId", "t"."Id", "t"."Description", "t"."Enabled", "t"."InputSchemaJson", "t"."McpServerId", "t"."Name", "t"."Scope", "m"."Id", "m"."AuthType", "m"."BaseUrl", "m"."LastSeenUtc", "m"."MetadataJson", "m"."Name", "m"."Status"
FROM "AgentToolBindings" AS "a"
INNER JOIN "Tools" AS "t" ON "a"."ToolId" = "t"."Id"
INNER JOIN "McpServers" AS "m" ON "t"."McpServerId" = "m"."Id"
WHERE "a"."AgentId" = @__agentId_0 AND "a"."Enabled"
2025-09-02 21:27:29.715 +02:00 [INF] Executed DbCommand (1ms) [Parameters=[@__agentId_0='?' (DbType = Guid)], CommandType='"Text"', CommandTimeout='30']
SELECT "a"."Id", "a"."AgentId", "a"."ConfigJson", "a"."Enabled", "a"."ToolId", "t"."Id", "t"."Description", "t"."Enabled", "t"."InputSchemaJson", "t"."McpServerId", "t"."Name", "t"."Scope", "m"."Id", "m"."AuthType", "m"."BaseUrl", "m"."LastSeenUtc", "m"."MetadataJson", "m"."Name", "m"."Status"
FROM "AgentToolBindings" AS "a"
INNER JOIN "Tools" AS "t" ON "a"."ToolId" = "t"."Id"
INNER JOIN "McpServers" AS "m" ON "t"."McpServerId" = "m"."Id"
WHERE "a"."AgentId" = @__agentId_0 AND "a"."Enabled"
2025-09-02 21:27:29.798 +02:00 [INF] Executed DbCommand (1ms) [Parameters=[@__sessionId_0='?' (DbType = Guid), @__kind_1='?' (Size = 11), @__p_2='?' (DbType = Int32)], CommandType='"Text"', CommandTimeout='30']
SELECT "m"."Id", "m"."Content", "m"."CreatedUtc", "m"."Kind", "m"."Role", "m"."SessionId", "m"."TokenUsageJson"
FROM "Messages" AS "m"
WHERE "m"."SessionId" = @__sessionId_0 AND "m"."Kind" = @__kind_1
ORDER BY "m"."CreatedUtc" DESC
LIMIT @__p_2
2025-09-02 21:27:29.819 +02:00 [INF] Executed DbCommand (0ms) [Parameters=[@__sessionId_0='?' (DbType = Guid), @__p_1='?' (DbType = Int32)], CommandType='"Text"', CommandTimeout='30']
SELECT "m"."Id", "m"."Content", "m"."CreatedUtc", "m"."Kind", "m"."Role", "m"."SessionId", "m"."TokenUsageJson"
FROM "Messages" AS "m"
WHERE "m"."SessionId" = @__sessionId_0
ORDER BY "m"."CreatedUtc" DESC
LIMIT @__p_1
2025-09-02 21:27:29.903 +02:00 [INF] Executed DbCommand (0ms) [Parameters=[@__agentId_0='?' (DbType = Guid)], CommandType='"Text"', CommandTimeout='30']
SELECT "a"."Id", "a"."AgentId", "a"."ConfigJson", "a"."Enabled", "a"."ToolId", "t"."Id", "t"."Description", "t"."Enabled", "t"."InputSchemaJson", "t"."McpServerId", "t"."Name", "t"."Scope", "m"."Id", "m"."AuthType", "m"."BaseUrl", "m"."LastSeenUtc", "m"."MetadataJson", "m"."Name", "m"."Status"
FROM "AgentToolBindings" AS "a"
INNER JOIN "Tools" AS "t" ON "a"."ToolId" = "t"."Id"
INNER JOIN "McpServers" AS "m" ON "t"."McpServerId" = "m"."Id"
WHERE "a"."AgentId" = @__agentId_0 AND "a"."Enabled"
2025-09-02 21:27:30.956 +02:00 [INF] Executed DbCommand (0ms) [Parameters=[@__agentId_0='?' (DbType = Guid)], CommandType='"Text"', CommandTimeout='30']
SELECT "a"."Id", "a"."AgentId", "a"."ConfigJson", "a"."Enabled", "a"."ToolId", "t"."Id", "t"."Description", "t"."Enabled", "t"."InputSchemaJson", "t"."McpServerId", "t"."Name", "t"."Scope", "m"."Id", "m"."AuthType", "m"."BaseUrl", "m"."LastSeenUtc", "m"."MetadataJson", "m"."Name", "m"."Status"
FROM "AgentToolBindings" AS "a"
INNER JOIN "Tools" AS "t" ON "a"."ToolId" = "t"."Id"
INNER JOIN "McpServers" AS "m" ON "t"."McpServerId" = "m"."Id"
WHERE "a"."AgentId" = @__agentId_0 AND "a"."Enabled"
2025-09-02 21:27:30.990 +02:00 [INF] Executed DbCommand (18ms) [Parameters=[@p0='?' (DbType = Guid), @p1='?' (Size = 77), @p2='?' (DbType = DateTime), @p3='?' (Size = 11), @p4='?' (Size = 9), @p5='?' (DbType = Guid), @p6='?'], CommandType='"Text"', CommandTimeout='30']
INSERT INTO "Messages" ("Id", "Content", "CreatedUtc", "Kind", "Role", "SessionId", "TokenUsageJson")
VALUES (@p0, @p1, @p2, @p3, @p4, @p5, @p6);
2025-09-02 21:27:31.007 +02:00 [INF] Executed DbCommand (1ms) [Parameters=[@__sessionId_0='?' (DbType = Guid), @__p_1='?' (DbType = Int32)], CommandType='"Text"', CommandTimeout='30']
SELECT "m"."Id", "m"."Content", "m"."CreatedUtc", "m"."Kind", "m"."Role", "m"."SessionId", "m"."TokenUsageJson"
FROM "Messages" AS "m"
WHERE "m"."SessionId" = @__sessionId_0
ORDER BY "m"."CreatedUtc" DESC
LIMIT @__p_1
2025-09-02 21:27:31.338 +02:00 [INF] Executed DbCommand (18ms) [Parameters=[@p0='?' (DbType = Guid), @p1='?' (Size = 34), @p2='?' (DbType = DateTime), @p3='?', @p4='?' (Size = 9), @p5='?' (DbType = Guid), @p6='?'], CommandType='"Text"', CommandTimeout='30']
INSERT INTO "Messages" ("Id", "Content", "CreatedUtc", "Kind", "Role", "SessionId", "TokenUsageJson")
VALUES (@p0, @p1, @p2, @p3, @p4, @p5, @p6);
2025-09-02 21:27:31.357 +02:00 [INF] Executed DbCommand (9ms) [Parameters=[@p0='?' (DbType = Guid), @p1='?' (Size = 34), @p2='?' (DbType = DateTime), @p3='?', @p4='?' (Size = 9), @p5='?' (DbType = Guid), @p6='?'], CommandType='"Text"', CommandTimeout='30']
INSERT INTO "Messages" ("Id", "Content", "CreatedUtc", "Kind", "Role", "SessionId", "TokenUsageJson")
VALUES (@p0, @p1, @p2, @p3, @p4, @p5, @p6);
2025-09-02 21:27:42.789 +02:00 [INF] Request starting HTTP/1.1 OPTIONS http://localhost:5088/sessions/4d33618e-5ee0-4a03-b091-da614e57cad1/messages - null null
2025-09-02 21:27:42.798 +02:00 [INF] CORS policy execution successful.
2025-09-02 21:27:42.802 +02:00 [INF] Request finished HTTP/1.1 OPTIONS http://localhost:5088/sessions/4d33618e-5ee0-4a03-b091-da614e57cad1/messages - 204 null null 13.2575ms
2025-09-02 21:27:42.809 +02:00 [INF] Request starting HTTP/1.1 POST http://localhost:5088/sessions/4d33618e-5ee0-4a03-b091-da614e57cad1/messages - application/json 71
2025-09-02 21:27:42.813 +02:00 [INF] CORS policy execution successful.
2025-09-02 21:27:42.818 +02:00 [INF] Executing endpoint 'HTTP: POST /sessions/{id:guid}/messages'
2025-09-02 21:27:42.827 +02:00 [INF] Executed DbCommand (0ms) [Parameters=[@__p_0='?' (DbType = Guid)], CommandType='"Text"', CommandTimeout='30']
SELECT "s"."Id", "s"."AgentId", "s"."EndedUtc", "s"."LastEventIdx", "s"."StartedUtc", "s"."Status", "s"."UserId"
FROM "Sessions" AS "s"
WHERE "s"."Id" = @__p_0
LIMIT 1
2025-09-02 21:27:42.852 +02:00 [INF] Executed DbCommand (19ms) [Parameters=[@p0='?' (DbType = Guid), @p1='?' (Size = 57), @p2='?' (DbType = DateTime), @p3='?', @p4='?' (Size = 4), @p5='?' (DbType = Guid), @p6='?'], CommandType='"Text"', CommandTimeout='30']
INSERT INTO "Messages" ("Id", "Content", "CreatedUtc", "Kind", "Role", "SessionId", "TokenUsageJson")
VALUES (@p0, @p1, @p2, @p3, @p4, @p5, @p6);
2025-09-02 21:27:42.859 +02:00 [INF] Setting HTTP status code 202.
2025-09-02 21:27:42.860 +02:00 [INF] Executed DbCommand (0ms) [Parameters=[@__p_0='?' (DbType = Guid)], CommandType='"Text"', CommandTimeout='30']
SELECT "a"."Id", "a"."Autonomy", "a"."CreatedUtc", "a"."GuardrailsJson", "a"."Name", "a"."ParamsJson", "a"."Provider", "a"."SystemPrompt", "a"."Temperature", "a"."TemplateRef", "a"."TokenBudget", "a"."ToolBudget", "a"."TopP", "a"."UpdatedUtc"
FROM "Agents" AS "a"
WHERE "a"."Id" = @__p_0
LIMIT 1
2025-09-02 21:27:42.863 +02:00 [INF] Writing value of type 'AcceptedResponse' as Json.
2025-09-02 21:27:42.875 +02:00 [INF] Executed endpoint 'HTTP: POST /sessions/{id:guid}/messages'
2025-09-02 21:27:42.880 +02:00 [INF] Request finished HTTP/1.1 POST http://localhost:5088/sessions/4d33618e-5ee0-4a03-b091-da614e57cad1/messages - 202 null application/json; charset=utf-8 71.2759ms
2025-09-02 21:27:42.884 +02:00 [INF] Executed DbCommand (9ms) [Parameters=[@p0='?' (DbType = Guid), @p1='?' (Size = 57), @p2='?' (DbType = DateTime), @p3='?', @p4='?' (Size = 4), @p5='?' (DbType = Guid), @p6='?'], CommandType='"Text"', CommandTimeout='30']
INSERT INTO "Messages" ("Id", "Content", "CreatedUtc", "Kind", "Role", "SessionId", "TokenUsageJson")
VALUES (@p0, @p1, @p2, @p3, @p4, @p5, @p6);
2025-09-02 21:27:42.896 +02:00 [INF] Executed DbCommand (1ms) [Parameters=[@__agentId_0='?' (DbType = Guid)], CommandType='"Text"', CommandTimeout='30']
SELECT "a"."Id", "a"."AgentId", "a"."ConfigJson", "a"."Enabled", "a"."ToolId", "t"."Id", "t"."Description", "t"."Enabled", "t"."InputSchemaJson", "t"."McpServerId", "t"."Name", "t"."Scope", "m"."Id", "m"."AuthType", "m"."BaseUrl", "m"."LastSeenUtc", "m"."MetadataJson", "m"."Name", "m"."Status"
FROM "AgentToolBindings" AS "a"
INNER JOIN "Tools" AS "t" ON "a"."ToolId" = "t"."Id"
INNER JOIN "McpServers" AS "m" ON "t"."McpServerId" = "m"."Id"
WHERE "a"."AgentId" = @__agentId_0 AND "a"."Enabled"
2025-09-02 21:27:42.904 +02:00 [INF] Executed DbCommand (0ms) [Parameters=[@__agentId_0='?' (DbType = Guid)], CommandType='"Text"', CommandTimeout='30']
SELECT "a"."Id", "a"."AgentId", "a"."ConfigJson", "a"."Enabled", "a"."ToolId", "t"."Id", "t"."Description", "t"."Enabled", "t"."InputSchemaJson", "t"."McpServerId", "t"."Name", "t"."Scope", "m"."Id", "m"."AuthType", "m"."BaseUrl", "m"."LastSeenUtc", "m"."MetadataJson", "m"."Name", "m"."Status"
FROM "AgentToolBindings" AS "a"
INNER JOIN "Tools" AS "t" ON "a"."ToolId" = "t"."Id"
INNER JOIN "McpServers" AS "m" ON "t"."McpServerId" = "m"."Id"
WHERE "a"."AgentId" = @__agentId_0 AND "a"."Enabled"
2025-09-02 21:27:42.915 +02:00 [INF] Executed DbCommand (0ms) [Parameters=[@__sessionId_0='?' (DbType = Guid), @__kind_1='?' (Size = 11), @__p_2='?' (DbType = Int32)], CommandType='"Text"', CommandTimeout='30']
SELECT "m"."Id", "m"."Content", "m"."CreatedUtc", "m"."Kind", "m"."Role", "m"."SessionId", "m"."TokenUsageJson"
FROM "Messages" AS "m"
WHERE "m"."SessionId" = @__sessionId_0 AND "m"."Kind" = @__kind_1
ORDER BY "m"."CreatedUtc" DESC
LIMIT @__p_2
2025-09-02 21:27:42.934 +02:00 [INF] Executed DbCommand (1ms) [Parameters=[@__sessionId_0='?' (DbType = Guid), @__p_1='?' (DbType = Int32)], CommandType='"Text"', CommandTimeout='30']
SELECT "m"."Id", "m"."Content", "m"."CreatedUtc", "m"."Kind", "m"."Role", "m"."SessionId", "m"."TokenUsageJson"
FROM "Messages" AS "m"
WHERE "m"."SessionId" = @__sessionId_0
ORDER BY "m"."CreatedUtc" DESC
LIMIT @__p_1
2025-09-02 21:27:42.945 +02:00 [INF] Executed DbCommand (0ms) [Parameters=[@__agentId_0='?' (DbType = Guid)], CommandType='"Text"', CommandTimeout='30']
SELECT "a"."Id", "a"."AgentId", "a"."ConfigJson", "a"."Enabled", "a"."ToolId", "t"."Id", "t"."Description", "t"."Enabled", "t"."InputSchemaJson", "t"."McpServerId", "t"."Name", "t"."Scope", "m"."Id", "m"."AuthType", "m"."BaseUrl", "m"."LastSeenUtc", "m"."MetadataJson", "m"."Name", "m"."Status"
FROM "AgentToolBindings" AS "a"
INNER JOIN "Tools" AS "t" ON "a"."ToolId" = "t"."Id"
INNER JOIN "McpServers" AS "m" ON "t"."McpServerId" = "m"."Id"
WHERE "a"."AgentId" = @__agentId_0 AND "a"."Enabled"
2025-09-02 21:27:43.769 +02:00 [INF] Executed DbCommand (0ms) [Parameters=[@__agentId_0='?' (DbType = Guid)], CommandType='"Text"', CommandTimeout='30']
SELECT "a"."Id", "a"."AgentId", "a"."ConfigJson", "a"."Enabled", "a"."ToolId", "t"."Id", "t"."Description", "t"."Enabled", "t"."InputSchemaJson", "t"."McpServerId", "t"."Name", "t"."Scope", "m"."Id", "m"."AuthType", "m"."BaseUrl", "m"."LastSeenUtc", "m"."MetadataJson", "m"."Name", "m"."Status"
FROM "AgentToolBindings" AS "a"
INNER JOIN "Tools" AS "t" ON "a"."ToolId" = "t"."Id"
INNER JOIN "McpServers" AS "m" ON "t"."McpServerId" = "m"."Id"
WHERE "a"."AgentId" = @__agentId_0 AND "a"."Enabled"
2025-09-02 21:27:43.802 +02:00 [INF] Executed DbCommand (20ms) [Parameters=[@p0='?' (DbType = Guid), @p1='?' (Size = 77), @p2='?' (DbType = DateTime), @p3='?' (Size = 11), @p4='?' (Size = 9), @p5='?' (DbType = Guid), @p6='?'], CommandType='"Text"', CommandTimeout='30']
INSERT INTO "Messages" ("Id", "Content", "CreatedUtc", "Kind", "Role", "SessionId", "TokenUsageJson")
VALUES (@p0, @p1, @p2, @p3, @p4, @p5, @p6);
2025-09-02 21:27:43.814 +02:00 [INF] Executed DbCommand (1ms) [Parameters=[@__sessionId_0='?' (DbType = Guid), @__p_1='?' (DbType = Int32)], CommandType='"Text"', CommandTimeout='30']
SELECT "m"."Id", "m"."Content", "m"."CreatedUtc", "m"."Kind", "m"."Role", "m"."SessionId", "m"."TokenUsageJson"
FROM "Messages" AS "m"
WHERE "m"."SessionId" = @__sessionId_0
ORDER BY "m"."CreatedUtc" DESC
LIMIT @__p_1
2025-09-02 21:27:44.249 +02:00 [INF] Executed DbCommand (19ms) [Parameters=[@p0='?' (DbType = Guid), @p1='?' (Size = 119), @p2='?' (DbType = DateTime), @p3='?', @p4='?' (Size = 9), @p5='?' (DbType = Guid), @p6='?'], CommandType='"Text"', CommandTimeout='30']
INSERT INTO "Messages" ("Id", "Content", "CreatedUtc", "Kind", "Role", "SessionId", "TokenUsageJson")
VALUES (@p0, @p1, @p2, @p3, @p4, @p5, @p6);
2025-09-02 21:27:44.269 +02:00 [INF] Executed DbCommand (9ms) [Parameters=[@p0='?' (DbType = Guid), @p1='?' (Size = 119), @p2='?' (DbType = DateTime), @p3='?', @p4='?' (Size = 9), @p5='?' (DbType = Guid), @p6='?'], CommandType='"Text"', CommandTimeout='30']
INSERT INTO "Messages" ("Id", "Content", "CreatedUtc", "Kind", "Role", "SessionId", "TokenUsageJson")
VALUES (@p0, @p1, @p2, @p3, @p4, @p5, @p6);
2025-09-02 21:28:24.451 +02:00 [INF] Request starting HTTP/1.1 OPTIONS http://localhost:5088/sessions/4d33618e-5ee0-4a03-b091-da614e57cad1/messages - null null
2025-09-02 21:28:24.460 +02:00 [INF] CORS policy execution successful.
2025-09-02 21:28:24.464 +02:00 [INF] Request finished HTTP/1.1 OPTIONS http://localhost:5088/sessions/4d33618e-5ee0-4a03-b091-da614e57cad1/messages - 204 null null 13.324ms
2025-09-02 21:28:24.469 +02:00 [INF] Request starting HTTP/1.1 POST http://localhost:5088/sessions/4d33618e-5ee0-4a03-b091-da614e57cad1/messages - application/json 75
2025-09-02 21:28:24.476 +02:00 [INF] CORS policy execution successful.
2025-09-02 21:28:24.480 +02:00 [INF] Executing endpoint 'HTTP: POST /sessions/{id:guid}/messages'
2025-09-02 21:28:24.486 +02:00 [INF] Executed DbCommand (0ms) [Parameters=[@__p_0='?' (DbType = Guid)], CommandType='"Text"', CommandTimeout='30']
SELECT "s"."Id", "s"."AgentId", "s"."EndedUtc", "s"."LastEventIdx", "s"."StartedUtc", "s"."Status", "s"."UserId"
FROM "Sessions" AS "s"
WHERE "s"."Id" = @__p_0
LIMIT 1
2025-09-02 21:28:24.511 +02:00 [INF] Executed DbCommand (17ms) [Parameters=[@p0='?' (DbType = Guid), @p1='?' (Size = 59), @p2='?' (DbType = DateTime), @p3='?', @p4='?' (Size = 4), @p5='?' (DbType = Guid), @p6='?'], CommandType='"Text"', CommandTimeout='30']
INSERT INTO "Messages" ("Id", "Content", "CreatedUtc", "Kind", "Role", "SessionId", "TokenUsageJson")
VALUES (@p0, @p1, @p2, @p3, @p4, @p5, @p6);
2025-09-02 21:28:24.517 +02:00 [INF] Setting HTTP status code 202.
2025-09-02 21:28:24.518 +02:00 [INF] Executed DbCommand (0ms) [Parameters=[@__p_0='?' (DbType = Guid)], CommandType='"Text"', CommandTimeout='30']
SELECT "a"."Id", "a"."Autonomy", "a"."CreatedUtc", "a"."GuardrailsJson", "a"."Name", "a"."ParamsJson", "a"."Provider", "a"."SystemPrompt", "a"."Temperature", "a"."TemplateRef", "a"."TokenBudget", "a"."ToolBudget", "a"."TopP", "a"."UpdatedUtc"
FROM "Agents" AS "a"
WHERE "a"."Id" = @__p_0
LIMIT 1
2025-09-02 21:28:24.521 +02:00 [INF] Writing value of type 'AcceptedResponse' as Json.
2025-09-02 21:28:24.532 +02:00 [INF] Executed endpoint 'HTTP: POST /sessions/{id:guid}/messages'
2025-09-02 21:28:24.537 +02:00 [INF] Request finished HTTP/1.1 POST http://localhost:5088/sessions/4d33618e-5ee0-4a03-b091-da614e57cad1/messages - 202 null application/json; charset=utf-8 67.6982ms
2025-09-02 21:28:24.544 +02:00 [INF] Executed DbCommand (10ms) [Parameters=[@p0='?' (DbType = Guid), @p1='?' (Size = 59), @p2='?' (DbType = DateTime), @p3='?', @p4='?' (Size = 4), @p5='?' (DbType = Guid), @p6='?'], CommandType='"Text"', CommandTimeout='30']
INSERT INTO "Messages" ("Id", "Content", "CreatedUtc", "Kind", "Role", "SessionId", "TokenUsageJson")
VALUES (@p0, @p1, @p2, @p3, @p4, @p5, @p6);
2025-09-02 21:28:24.553 +02:00 [INF] Executed DbCommand (1ms) [Parameters=[@__agentId_0='?' (DbType = Guid)], CommandType='"Text"', CommandTimeout='30']
SELECT "a"."Id", "a"."AgentId", "a"."ConfigJson", "a"."Enabled", "a"."ToolId", "t"."Id", "t"."Description", "t"."Enabled", "t"."InputSchemaJson", "t"."McpServerId", "t"."Name", "t"."Scope", "m"."Id", "m"."AuthType", "m"."BaseUrl", "m"."LastSeenUtc", "m"."MetadataJson", "m"."Name", "m"."Status"
FROM "AgentToolBindings" AS "a"
INNER JOIN "Tools" AS "t" ON "a"."ToolId" = "t"."Id"
INNER JOIN "McpServers" AS "m" ON "t"."McpServerId" = "m"."Id"
WHERE "a"."AgentId" = @__agentId_0 AND "a"."Enabled"
2025-09-02 21:28:24.564 +02:00 [INF] Executed DbCommand (0ms) [Parameters=[@__agentId_0='?' (DbType = Guid)], CommandType='"Text"', CommandTimeout='30']
SELECT "a"."Id", "a"."AgentId", "a"."ConfigJson", "a"."Enabled", "a"."ToolId", "t"."Id", "t"."Description", "t"."Enabled", "t"."InputSchemaJson", "t"."McpServerId", "t"."Name", "t"."Scope", "m"."Id", "m"."AuthType", "m"."BaseUrl", "m"."LastSeenUtc", "m"."MetadataJson", "m"."Name", "m"."Status"
FROM "AgentToolBindings" AS "a"
INNER JOIN "Tools" AS "t" ON "a"."ToolId" = "t"."Id"
INNER JOIN "McpServers" AS "m" ON "t"."McpServerId" = "m"."Id"
WHERE "a"."AgentId" = @__agentId_0 AND "a"."Enabled"
2025-09-02 21:28:24.575 +02:00 [INF] Executed DbCommand (1ms) [Parameters=[@__sessionId_0='?' (DbType = Guid), @__kind_1='?' (Size = 11), @__p_2='?' (DbType = Int32)], CommandType='"Text"', CommandTimeout='30']
SELECT "m"."Id", "m"."Content", "m"."CreatedUtc", "m"."Kind", "m"."Role", "m"."SessionId", "m"."TokenUsageJson"
FROM "Messages" AS "m"
WHERE "m"."SessionId" = @__sessionId_0 AND "m"."Kind" = @__kind_1
ORDER BY "m"."CreatedUtc" DESC
LIMIT @__p_2
2025-09-02 21:28:24.583 +02:00 [INF] Executed DbCommand (0ms) [Parameters=[@__sessionId_0='?' (DbType = Guid), @__p_1='?' (DbType = Int32)], CommandType='"Text"', CommandTimeout='30']
SELECT "m"."Id", "m"."Content", "m"."CreatedUtc", "m"."Kind", "m"."Role", "m"."SessionId", "m"."TokenUsageJson"
FROM "Messages" AS "m"
WHERE "m"."SessionId" = @__sessionId_0
ORDER BY "m"."CreatedUtc" DESC
LIMIT @__p_1
2025-09-02 21:28:24.593 +02:00 [INF] Executed DbCommand (1ms) [Parameters=[@__agentId_0='?' (DbType = Guid)], CommandType='"Text"', CommandTimeout='30']
SELECT "a"."Id", "a"."AgentId", "a"."ConfigJson", "a"."Enabled", "a"."ToolId", "t"."Id", "t"."Description", "t"."Enabled", "t"."InputSchemaJson", "t"."McpServerId", "t"."Name", "t"."Scope", "m"."Id", "m"."AuthType", "m"."BaseUrl", "m"."LastSeenUtc", "m"."MetadataJson", "m"."Name", "m"."Status"
FROM "AgentToolBindings" AS "a"
INNER JOIN "Tools" AS "t" ON "a"."ToolId" = "t"."Id"
INNER JOIN "McpServers" AS "m" ON "t"."McpServerId" = "m"."Id"
WHERE "a"."AgentId" = @__agentId_0 AND "a"."Enabled"
2025-09-02 21:28:25.048 +02:00 [INF] Executed DbCommand (0ms) [Parameters=[@__sessionId_0='?' (DbType = Guid), @__p_1='?' (DbType = Int32)], CommandType='"Text"', CommandTimeout='30']
SELECT "m"."Id", "m"."Content", "m"."CreatedUtc", "m"."Kind", "m"."Role", "m"."SessionId", "m"."TokenUsageJson"
FROM "Messages" AS "m"
WHERE "m"."SessionId" = @__sessionId_0
ORDER BY "m"."CreatedUtc" DESC
LIMIT @__p_1
2025-09-02 21:28:25.529 +02:00 [INF] Executed DbCommand (18ms) [Parameters=[@p0='?' (DbType = Guid), @p1='?' (Size = 119), @p2='?' (DbType = DateTime), @p3='?', @p4='?' (Size = 9), @p5='?' (DbType = Guid), @p6='?'], CommandType='"Text"', CommandTimeout='30']
INSERT INTO "Messages" ("Id", "Content", "CreatedUtc", "Kind", "Role", "SessionId", "TokenUsageJson")
VALUES (@p0, @p1, @p2, @p3, @p4, @p5, @p6);
2025-09-02 21:28:25.545 +02:00 [INF] Executed DbCommand (8ms) [Parameters=[@p0='?' (DbType = Guid), @p1='?' (Size = 119), @p2='?' (DbType = DateTime), @p3='?', @p4='?' (Size = 9), @p5='?' (DbType = Guid), @p6='?'], CommandType='"Text"', CommandTimeout='30']
INSERT INTO "Messages" ("Id", "Content", "CreatedUtc", "Kind", "Role", "SessionId", "TokenUsageJson")
VALUES (@p0, @p1, @p2, @p3, @p4, @p5, @p6);
2025-09-02 21:28:41.008 +02:00 [INF] Executed endpoint '/hubs/trace'
2025-09-02 21:28:41.018 +02:00 [INF] Request finished HTTP/1.1 GET http://localhost:5088/hubs/trace?id=cO2DFswnt7Qp4VHMCFsqMQ - 101 null null 73832.9089ms
2025-09-02 21:28:41.306 +02:00 [INF] Request starting HTTP/1.1 OPTIONS http://localhost:5088/agents/1e5ffb9e-fb28-4405-b82b-b4647aa5a865 - null null
2025-09-02 21:28:41.309 +02:00 [INF] Request starting HTTP/1.1 OPTIONS http://localhost:5088/agents/1e5ffb9e-fb28-4405-b82b-b4647aa5a865/bindings - null null
2025-09-02 21:28:41.312 +02:00 [INF] CORS policy execution successful.
2025-09-02 21:28:41.318 +02:00 [INF] CORS policy execution successful.
2025-09-02 21:28:41.323 +02:00 [INF] Request finished HTTP/1.1 OPTIONS http://localhost:5088/agents/1e5ffb9e-fb28-4405-b82b-b4647aa5a865 - 204 null null 17.246ms
2025-09-02 21:28:41.328 +02:00 [INF] Request finished HTTP/1.1 OPTIONS http://localhost:5088/agents/1e5ffb9e-fb28-4405-b82b-b4647aa5a865/bindings - 204 null null 19.3034ms
2025-09-02 21:28:41.333 +02:00 [INF] Request starting HTTP/1.1 GET http://localhost:5088/agents/1e5ffb9e-fb28-4405-b82b-b4647aa5a865 - application/json null
2025-09-02 21:28:41.339 +02:00 [INF] Request starting HTTP/1.1 GET http://localhost:5088/agents/1e5ffb9e-fb28-4405-b82b-b4647aa5a865/bindings - application/json null
2025-09-02 21:28:41.346 +02:00 [INF] CORS policy execution successful.
2025-09-02 21:28:41.351 +02:00 [INF] CORS policy execution successful.
2025-09-02 21:28:41.355 +02:00 [INF] Executing endpoint 'HTTP: GET /agents/{id:guid}'
2025-09-02 21:28:41.360 +02:00 [INF] Executing endpoint 'HTTP: GET /agents/{id:guid}/bindings'
2025-09-02 21:28:41.367 +02:00 [INF] Executed DbCommand (1ms) [Parameters=[@__p_0='?' (DbType = Guid)], CommandType='"Text"', CommandTimeout='30']
SELECT "a"."Id", "a"."Autonomy", "a"."CreatedUtc", "a"."GuardrailsJson", "a"."Name", "a"."ParamsJson", "a"."Provider", "a"."SystemPrompt", "a"."Temperature", "a"."TemplateRef", "a"."TokenBudget", "a"."ToolBudget", "a"."TopP", "a"."UpdatedUtc"
FROM "Agents" AS "a"
WHERE "a"."Id" = @__p_0
LIMIT 1
2025-09-02 21:28:41.373 +02:00 [INF] Executed DbCommand (1ms) [Parameters=[@__agentId_0='?' (DbType = Guid)], CommandType='"Text"', CommandTimeout='30']
SELECT "a"."Id", "a"."AgentId", "a"."ConfigJson", "a"."Enabled", "a"."ToolId"
FROM "AgentToolBindings" AS "a"
WHERE "a"."AgentId" = @__agentId_0
2025-09-02 21:28:41.378 +02:00 [INF] Setting HTTP status code 200.
2025-09-02 21:28:41.384 +02:00 [INF] Setting HTTP status code 200.
2025-09-02 21:28:41.390 +02:00 [INF] Writing value of type 'AgentResponse' as Json.
2025-09-02 21:28:41.398 +02:00 [INF] Writing value of type 'List`1' as Json.
2025-09-02 21:28:41.404 +02:00 [INF] Executed endpoint 'HTTP: GET /agents/{id:guid}'
2025-09-02 21:28:41.410 +02:00 [INF] Executed endpoint 'HTTP: GET /agents/{id:guid}/bindings'
2025-09-02 21:28:41.416 +02:00 [INF] Request finished HTTP/1.1 GET http://localhost:5088/agents/1e5ffb9e-fb28-4405-b82b-b4647aa5a865 - 200 null application/json; charset=utf-8 82.267ms
2025-09-02 21:28:41.422 +02:00 [INF] Request finished HTTP/1.1 GET http://localhost:5088/agents/1e5ffb9e-fb28-4405-b82b-b4647aa5a865/bindings - 200 null application/json; charset=utf-8 83.2499ms
2025-09-02 21:28:42.500 +02:00 [INF] Request starting HTTP/1.1 OPTIONS http://localhost:5088/sessions - null null
2025-09-02 21:28:42.507 +02:00 [INF] CORS policy execution successful.
2025-09-02 21:28:42.513 +02:00 [INF] Request finished HTTP/1.1 OPTIONS http://localhost:5088/sessions - 204 null null 12.7243ms
2025-09-02 21:28:42.519 +02:00 [INF] Request starting HTTP/1.1 POST http://localhost:5088/sessions - application/json 50
2025-09-02 21:28:42.525 +02:00 [INF] CORS policy execution successful.
2025-09-02 21:28:42.529 +02:00 [INF] Executing endpoint 'HTTP: POST /sessions/'
2025-09-02 21:28:42.536 +02:00 [INF] Executed DbCommand (0ms) [Parameters=[@__p_0='?' (DbType = Guid)], CommandType='"Text"', CommandTimeout='30']
SELECT "a"."Id", "a"."Autonomy", "a"."CreatedUtc", "a"."GuardrailsJson", "a"."Name", "a"."ParamsJson", "a"."Provider", "a"."SystemPrompt", "a"."Temperature", "a"."TemplateRef", "a"."TokenBudget", "a"."ToolBudget", "a"."TopP", "a"."UpdatedUtc"
FROM "Agents" AS "a"
WHERE "a"."Id" = @__p_0
LIMIT 1
2025-09-02 21:28:42.562 +02:00 [INF] Executed DbCommand (19ms) [Parameters=[@p0='?' (DbType = Guid), @p1='?' (DbType = Guid), @p2='?' (DbType = DateTime), @p3='?' (DbType = Int32), @p4='?' (DbType = DateTime), @p5='?' (Size = 7), @p6='?'], CommandType='"Text"', CommandTimeout='30']
INSERT INTO "Sessions" ("Id", "AgentId", "EndedUtc", "LastEventIdx", "StartedUtc", "Status", "UserId")
VALUES (@p0, @p1, @p2, @p3, @p4, @p5, @p6);
2025-09-02 21:28:42.572 +02:00 [INF] Setting HTTP status code 201.
2025-09-02 21:28:42.579 +02:00 [INF] Writing value of type 'SessionCreatedResponse' as Json.
2025-09-02 21:28:42.584 +02:00 [INF] Executed endpoint 'HTTP: POST /sessions/'
2025-09-02 21:28:42.589 +02:00 [INF] Request finished HTTP/1.1 POST http://localhost:5088/sessions - 201 null application/json; charset=utf-8 70.3135ms
2025-09-02 21:28:42.601 +02:00 [INF] Request starting HTTP/1.1 OPTIONS http://localhost:5088/hubs/trace/negotiate?negotiateVersion=1 - null null
2025-09-02 21:28:42.607 +02:00 [INF] CORS policy execution successful.
2025-09-02 21:28:42.612 +02:00 [INF] Request finished HTTP/1.1 OPTIONS http://localhost:5088/hubs/trace/negotiate?negotiateVersion=1 - 204 null null 11.255ms
2025-09-02 21:28:42.615 +02:00 [INF] Request starting HTTP/1.1 POST http://localhost:5088/hubs/trace/negotiate?negotiateVersion=1 - null 0
2025-09-02 21:28:42.625 +02:00 [INF] CORS policy execution successful.
2025-09-02 21:28:42.631 +02:00 [INF] ApiKey was not authenticated. Failure message: Missing API key
2025-09-02 21:28:42.636 +02:00 [INF] Executing endpoint '/hubs/trace/negotiate'
2025-09-02 21:28:42.641 +02:00 [INF] Executed endpoint '/hubs/trace/negotiate'
2025-09-02 21:28:42.647 +02:00 [INF] Request finished HTTP/1.1 POST http://localhost:5088/hubs/trace/negotiate?negotiateVersion=1 - 200 316 application/json 31.9777ms
2025-09-02 21:28:42.647 +02:00 [INF] Request starting HTTP/1.1 GET http://localhost:5088/hubs/trace?id=WZjhcEGhb9BFwkYfDtYVDQ - null null
2025-09-02 21:28:42.658 +02:00 [INF] CORS policy execution successful.
2025-09-02 21:28:42.663 +02:00 [INF] ApiKey was not authenticated. Failure message: Missing API key
2025-09-02 21:28:42.667 +02:00 [INF] Executing endpoint '/hubs/trace'
2025-09-02 21:28:44.703 +02:00 [INF] Request starting HTTP/1.1 OPTIONS http://localhost:5088/sessions/c6fc5756-8a89-4ba0-be70-428a86077c1f/messages - null null
2025-09-02 21:28:44.710 +02:00 [INF] CORS policy execution successful.
2025-09-02 21:28:44.715 +02:00 [INF] Request finished HTTP/1.1 OPTIONS http://localhost:5088/sessions/c6fc5756-8a89-4ba0-be70-428a86077c1f/messages - 204 null null 12.1439ms
2025-09-02 21:28:44.720 +02:00 [INF] Request starting HTTP/1.1 POST http://localhost:5088/sessions/c6fc5756-8a89-4ba0-be70-428a86077c1f/messages - application/json 71
2025-09-02 21:28:44.725 +02:00 [INF] CORS policy execution successful.
2025-09-02 21:28:44.730 +02:00 [INF] Executing endpoint 'HTTP: POST /sessions/{id:guid}/messages'
2025-09-02 21:28:44.736 +02:00 [INF] Executed DbCommand (0ms) [Parameters=[@__p_0='?' (DbType = Guid)], CommandType='"Text"', CommandTimeout='30']
SELECT "s"."Id", "s"."AgentId", "s"."EndedUtc", "s"."LastEventIdx", "s"."StartedUtc", "s"."Status", "s"."UserId"
FROM "Sessions" AS "s"
WHERE "s"."Id" = @__p_0
LIMIT 1
2025-09-02 21:28:44.763 +02:00 [INF] Executed DbCommand (19ms) [Parameters=[@p0='?' (DbType = Guid), @p1='?' (Size = 57), @p2='?' (DbType = DateTime), @p3='?', @p4='?' (Size = 4), @p5='?' (DbType = Guid), @p6='?'], CommandType='"Text"', CommandTimeout='30']
INSERT INTO "Messages" ("Id", "Content", "CreatedUtc", "Kind", "Role", "SessionId", "TokenUsageJson")
VALUES (@p0, @p1, @p2, @p3, @p4, @p5, @p6);
2025-09-02 21:28:44.769 +02:00 [INF] Setting HTTP status code 202.
2025-09-02 21:28:44.770 +02:00 [INF] Executed DbCommand (0ms) [Parameters=[@__p_0='?' (DbType = Guid)], CommandType='"Text"', CommandTimeout='30']
SELECT "a"."Id", "a"."Autonomy", "a"."CreatedUtc", "a"."GuardrailsJson", "a"."Name", "a"."ParamsJson", "a"."Provider", "a"."SystemPrompt", "a"."Temperature", "a"."TemplateRef", "a"."TokenBudget", "a"."ToolBudget", "a"."TopP", "a"."UpdatedUtc"
FROM "Agents" AS "a"
WHERE "a"."Id" = @__p_0
LIMIT 1
2025-09-02 21:28:44.776 +02:00 [INF] Writing value of type 'AcceptedResponse' as Json.
2025-09-02 21:28:44.786 +02:00 [INF] Executed endpoint 'HTTP: POST /sessions/{id:guid}/messages'
2025-09-02 21:28:44.790 +02:00 [INF] Request finished HTTP/1.1 POST http://localhost:5088/sessions/c6fc5756-8a89-4ba0-be70-428a86077c1f/messages - 202 null application/json; charset=utf-8 70.0377ms
2025-09-02 21:28:44.793 +02:00 [INF] Executed DbCommand (9ms) [Parameters=[@p0='?' (DbType = Guid), @p1='?' (Size = 57), @p2='?' (DbType = DateTime), @p3='?', @p4='?' (Size = 4), @p5='?' (DbType = Guid), @p6='?'], CommandType='"Text"', CommandTimeout='30']
INSERT INTO "Messages" ("Id", "Content", "CreatedUtc", "Kind", "Role", "SessionId", "TokenUsageJson")
VALUES (@p0, @p1, @p2, @p3, @p4, @p5, @p6);
2025-09-02 21:28:44.804 +02:00 [INF] Executed DbCommand (0ms) [Parameters=[@__agentId_0='?' (DbType = Guid)], CommandType='"Text"', CommandTimeout='30']
SELECT "a"."Id", "a"."AgentId", "a"."ConfigJson", "a"."Enabled", "a"."ToolId", "t"."Id", "t"."Description", "t"."Enabled", "t"."InputSchemaJson", "t"."McpServerId", "t"."Name", "t"."Scope", "m"."Id", "m"."AuthType", "m"."BaseUrl", "m"."LastSeenUtc", "m"."MetadataJson", "m"."Name", "m"."Status"
FROM "AgentToolBindings" AS "a"
INNER JOIN "Tools" AS "t" ON "a"."ToolId" = "t"."Id"
INNER JOIN "McpServers" AS "m" ON "t"."McpServerId" = "m"."Id"
WHERE "a"."AgentId" = @__agentId_0 AND "a"."Enabled"
2025-09-02 21:28:44.813 +02:00 [INF] Executed DbCommand (0ms) [Parameters=[@__agentId_0='?' (DbType = Guid)], CommandType='"Text"', CommandTimeout='30']
SELECT "a"."Id", "a"."AgentId", "a"."ConfigJson", "a"."Enabled", "a"."ToolId", "t"."Id", "t"."Description", "t"."Enabled", "t"."InputSchemaJson", "t"."McpServerId", "t"."Name", "t"."Scope", "m"."Id", "m"."AuthType", "m"."BaseUrl", "m"."LastSeenUtc", "m"."MetadataJson", "m"."Name", "m"."Status"
FROM "AgentToolBindings" AS "a"
INNER JOIN "Tools" AS "t" ON "a"."ToolId" = "t"."Id"
INNER JOIN "McpServers" AS "m" ON "t"."McpServerId" = "m"."Id"
WHERE "a"."AgentId" = @__agentId_0 AND "a"."Enabled"
2025-09-02 21:28:44.823 +02:00 [INF] Executed DbCommand (0ms) [Parameters=[@__sessionId_0='?' (DbType = Guid), @__kind_1='?' (Size = 11), @__p_2='?' (DbType = Int32)], CommandType='"Text"', CommandTimeout='30']
SELECT "m"."Id", "m"."Content", "m"."CreatedUtc", "m"."Kind", "m"."Role", "m"."SessionId", "m"."TokenUsageJson"
FROM "Messages" AS "m"
WHERE "m"."SessionId" = @__sessionId_0 AND "m"."Kind" = @__kind_1
ORDER BY "m"."CreatedUtc" DESC
LIMIT @__p_2
2025-09-02 21:28:44.830 +02:00 [INF] Executed DbCommand (0ms) [Parameters=[@__sessionId_0='?' (DbType = Guid), @__p_1='?' (DbType = Int32)], CommandType='"Text"', CommandTimeout='30']
SELECT "m"."Id", "m"."Content", "m"."CreatedUtc", "m"."Kind", "m"."Role", "m"."SessionId", "m"."TokenUsageJson"
FROM "Messages" AS "m"
WHERE "m"."SessionId" = @__sessionId_0
ORDER BY "m"."CreatedUtc" DESC
LIMIT @__p_1
2025-09-02 21:28:44.839 +02:00 [INF] Executed DbCommand (0ms) [Parameters=[@__agentId_0='?' (DbType = Guid)], CommandType='"Text"', CommandTimeout='30']
SELECT "a"."Id", "a"."AgentId", "a"."ConfigJson", "a"."Enabled", "a"."ToolId", "t"."Id", "t"."Description", "t"."Enabled", "t"."InputSchemaJson", "t"."McpServerId", "t"."Name", "t"."Scope", "m"."Id", "m"."AuthType", "m"."BaseUrl", "m"."LastSeenUtc", "m"."MetadataJson", "m"."Name", "m"."Status"
FROM "AgentToolBindings" AS "a"
INNER JOIN "Tools" AS "t" ON "a"."ToolId" = "t"."Id"
INNER JOIN "McpServers" AS "m" ON "t"."McpServerId" = "m"."Id"
WHERE "a"."AgentId" = @__agentId_0 AND "a"."Enabled"
2025-09-02 21:28:45.661 +02:00 [INF] Executed DbCommand (0ms) [Parameters=[@__agentId_0='?' (DbType = Guid)], CommandType='"Text"', CommandTimeout='30']
SELECT "a"."Id", "a"."AgentId", "a"."ConfigJson", "a"."Enabled", "a"."ToolId", "t"."Id", "t"."Description", "t"."Enabled", "t"."InputSchemaJson", "t"."McpServerId", "t"."Name", "t"."Scope", "m"."Id", "m"."AuthType", "m"."BaseUrl", "m"."LastSeenUtc", "m"."MetadataJson", "m"."Name", "m"."Status"
FROM "AgentToolBindings" AS "a"
INNER JOIN "Tools" AS "t" ON "a"."ToolId" = "t"."Id"
INNER JOIN "McpServers" AS "m" ON "t"."McpServerId" = "m"."Id"
WHERE "a"."AgentId" = @__agentId_0 AND "a"."Enabled"
2025-09-02 21:28:45.692 +02:00 [INF] Executed DbCommand (20ms) [Parameters=[@p0='?' (DbType = Guid), @p1='?' (Size = 77), @p2='?' (DbType = DateTime), @p3='?' (Size = 11), @p4='?' (Size = 9), @p5='?' (DbType = Guid), @p6='?'], CommandType='"Text"', CommandTimeout='30']
INSERT INTO "Messages" ("Id", "Content", "CreatedUtc", "Kind", "Role", "SessionId", "TokenUsageJson")
VALUES (@p0, @p1, @p2, @p3, @p4, @p5, @p6);
2025-09-02 21:28:45.702 +02:00 [INF] Executed DbCommand (1ms) [Parameters=[@__sessionId_0='?' (DbType = Guid), @__p_1='?' (DbType = Int32)], CommandType='"Text"', CommandTimeout='30']
SELECT "m"."Id", "m"."Content", "m"."CreatedUtc", "m"."Kind", "m"."Role", "m"."SessionId", "m"."TokenUsageJson"
FROM "Messages" AS "m"
WHERE "m"."SessionId" = @__sessionId_0
ORDER BY "m"."CreatedUtc" DESC
LIMIT @__p_1
2025-09-02 21:28:46.686 +02:00 [INF] Executed DbCommand (15ms) [Parameters=[@p0='?' (DbType = Guid), @p1='?' (Size = 423), @p2='?' (DbType = DateTime), @p3='?', @p4='?' (Size = 9), @p5='?' (DbType = Guid), @p6='?'], CommandType='"Text"', CommandTimeout='30']
INSERT INTO "Messages" ("Id", "Content", "CreatedUtc", "Kind", "Role", "SessionId", "TokenUsageJson")
VALUES (@p0, @p1, @p2, @p3, @p4, @p5, @p6);
2025-09-02 21:28:46.705 +02:00 [INF] Executed DbCommand (8ms) [Parameters=[@p0='?' (DbType = Guid), @p1='?' (Size = 423), @p2='?' (DbType = DateTime), @p3='?', @p4='?' (Size = 9), @p5='?' (DbType = Guid), @p6='?'], CommandType='"Text"', CommandTimeout='30']
INSERT INTO "Messages" ("Id", "Content", "CreatedUtc", "Kind", "Role", "SessionId", "TokenUsageJson")
VALUES (@p0, @p1, @p2, @p3, @p4, @p5, @p6);
2025-09-02 21:29:18.823 +02:00 [INF] Executed endpoint '/hubs/trace'
2025-09-02 21:29:18.829 +02:00 [INF] Request finished HTTP/1.1 GET http://localhost:5088/hubs/trace?id=WZjhcEGhb9BFwkYfDtYVDQ - 101 null null 36181.3394ms
2025-09-02 21:29:19.324 +02:00 [INF] Request starting HTTP/1.1 OPTIONS http://localhost:5088/agents/1e5ffb9e-fb28-4405-b82b-b4647aa5a865 - null null
2025-09-02 21:29:19.324 +02:00 [INF] Request starting HTTP/1.1 OPTIONS http://localhost:5088/agents/1e5ffb9e-fb28-4405-b82b-b4647aa5a865/bindings - null null
2025-09-02 21:29:19.331 +02:00 [INF] CORS policy execution successful.
2025-09-02 21:29:19.336 +02:00 [INF] CORS policy execution successful.
2025-09-02 21:29:19.341 +02:00 [INF] Request finished HTTP/1.1 OPTIONS http://localhost:5088/agents/1e5ffb9e-fb28-4405-b82b-b4647aa5a865 - 204 null null 18.1014ms
2025-09-02 21:29:19.347 +02:00 [INF] Request finished HTTP/1.1 OPTIONS http://localhost:5088/agents/1e5ffb9e-fb28-4405-b82b-b4647aa5a865/bindings - 204 null null 23.1187ms
2025-09-02 21:29:19.354 +02:00 [INF] Request starting HTTP/1.1 GET http://localhost:5088/agents/1e5ffb9e-fb28-4405-b82b-b4647aa5a865 - application/json null
2025-09-02 21:29:19.360 +02:00 [INF] Request starting HTTP/1.1 GET http://localhost:5088/agents/1e5ffb9e-fb28-4405-b82b-b4647aa5a865/bindings - application/json null
2025-09-02 21:29:19.364 +02:00 [INF] CORS policy execution successful.
2025-09-02 21:29:19.370 +02:00 [INF] CORS policy execution successful.
2025-09-02 21:29:19.376 +02:00 [INF] Executing endpoint 'HTTP: GET /agents/{id:guid}'
2025-09-02 21:29:19.381 +02:00 [INF] Executing endpoint 'HTTP: GET /agents/{id:guid}/bindings'
2025-09-02 21:29:19.393 +02:00 [INF] Executed DbCommand (0ms) [Parameters=[@__agentId_0='?' (DbType = Guid)], CommandType='"Text"', CommandTimeout='30']
SELECT "a"."Id", "a"."AgentId", "a"."ConfigJson", "a"."Enabled", "a"."ToolId"
FROM "AgentToolBindings" AS "a"
WHERE "a"."AgentId" = @__agentId_0
2025-09-02 21:29:19.400 +02:00 [INF] Setting HTTP status code 200.
2025-09-02 21:29:19.402 +02:00 [INF] Executed DbCommand (9ms) [Parameters=[@__p_0='?' (DbType = Guid)], CommandType='"Text"', CommandTimeout='30']
SELECT "a"."Id", "a"."Autonomy", "a"."CreatedUtc", "a"."GuardrailsJson", "a"."Name", "a"."ParamsJson", "a"."Provider", "a"."SystemPrompt", "a"."Temperature", "a"."TemplateRef", "a"."TokenBudget", "a"."ToolBudget", "a"."TopP", "a"."UpdatedUtc"
FROM "Agents" AS "a"
WHERE "a"."Id" = @__p_0
LIMIT 1
2025-09-02 21:29:19.405 +02:00 [INF] Writing value of type 'List`1' as Json.
2025-09-02 21:29:19.412 +02:00 [INF] Setting HTTP status code 200.
2025-09-02 21:29:19.417 +02:00 [INF] Executed endpoint 'HTTP: GET /agents/{id:guid}/bindings'
2025-09-02 21:29:19.421 +02:00 [INF] Writing value of type 'AgentResponse' as Json.
2025-09-02 21:29:19.425 +02:00 [INF] Request finished HTTP/1.1 GET http://localhost:5088/agents/1e5ffb9e-fb28-4405-b82b-b4647aa5a865/bindings - 200 null application/json; charset=utf-8 66.0288ms
2025-09-02 21:29:19.430 +02:00 [INF] Executed endpoint 'HTTP: GET /agents/{id:guid}'
2025-09-02 21:29:19.439 +02:00 [INF] Request finished HTTP/1.1 GET http://localhost:5088/agents/1e5ffb9e-fb28-4405-b82b-b4647aa5a865 - 200 null application/json; charset=utf-8 85.1206ms
2025-09-02 21:29:20.671 +02:00 [INF] Request starting HTTP/1.1 OPTIONS http://localhost:5088/sessions - null null
2025-09-02 21:29:20.678 +02:00 [INF] CORS policy execution successful.
2025-09-02 21:29:20.683 +02:00 [INF] Request finished HTTP/1.1 OPTIONS http://localhost:5088/sessions - 204 null null 12.3182ms
2025-09-02 21:29:20.688 +02:00 [INF] Request starting HTTP/1.1 POST http://localhost:5088/sessions - application/json 50
2025-09-02 21:29:20.694 +02:00 [INF] CORS policy execution successful.
2025-09-02 21:29:20.698 +02:00 [INF] Executing endpoint 'HTTP: POST /sessions/'
2025-09-02 21:29:20.706 +02:00 [INF] Executed DbCommand (0ms) [Parameters=[@__p_0='?' (DbType = Guid)], CommandType='"Text"', CommandTimeout='30']
SELECT "a"."Id", "a"."Autonomy", "a"."CreatedUtc", "a"."GuardrailsJson", "a"."Name", "a"."ParamsJson", "a"."Provider", "a"."SystemPrompt", "a"."Temperature", "a"."TemplateRef", "a"."TokenBudget", "a"."ToolBudget", "a"."TopP", "a"."UpdatedUtc"
FROM "Agents" AS "a"
WHERE "a"."Id" = @__p_0
LIMIT 1
2025-09-02 21:29:20.731 +02:00 [INF] Executed DbCommand (18ms) [Parameters=[@p0='?' (DbType = Guid), @p1='?' (DbType = Guid), @p2='?' (DbType = DateTime), @p3='?' (DbType = Int32), @p4='?' (DbType = DateTime), @p5='?' (Size = 7), @p6='?'], CommandType='"Text"', CommandTimeout='30']
INSERT INTO "Sessions" ("Id", "AgentId", "EndedUtc", "LastEventIdx", "StartedUtc", "Status", "UserId")
VALUES (@p0, @p1, @p2, @p3, @p4, @p5, @p6);
2025-09-02 21:29:20.739 +02:00 [INF] Setting HTTP status code 201.
2025-09-02 21:29:20.744 +02:00 [INF] Writing value of type 'SessionCreatedResponse' as Json.
2025-09-02 21:29:20.749 +02:00 [INF] Executed endpoint 'HTTP: POST /sessions/'
2025-09-02 21:29:20.755 +02:00 [INF] Request finished HTTP/1.1 POST http://localhost:5088/sessions - 201 null application/json; charset=utf-8 67.0327ms
2025-09-02 21:29:20.778 +02:00 [INF] Request starting HTTP/1.1 OPTIONS http://localhost:5088/hubs/trace/negotiate?negotiateVersion=1 - null null
2025-09-02 21:29:20.786 +02:00 [INF] CORS policy execution successful.
2025-09-02 21:29:20.792 +02:00 [INF] Request finished HTTP/1.1 OPTIONS http://localhost:5088/hubs/trace/negotiate?negotiateVersion=1 - 204 null null 14.597ms
2025-09-02 21:29:20.795 +02:00 [INF] Request starting HTTP/1.1 POST http://localhost:5088/hubs/trace/negotiate?negotiateVersion=1 - null 0
2025-09-02 21:29:20.808 +02:00 [INF] CORS policy execution successful.
2025-09-02 21:29:20.813 +02:00 [INF] ApiKey was not authenticated. Failure message: Missing API key
2025-09-02 21:29:20.819 +02:00 [INF] Executing endpoint '/hubs/trace/negotiate'
2025-09-02 21:29:20.826 +02:00 [INF] Executed endpoint '/hubs/trace/negotiate'
2025-09-02 21:29:20.832 +02:00 [INF] Request finished HTTP/1.1 POST http://localhost:5088/hubs/trace/negotiate?negotiateVersion=1 - 200 316 application/json 37.1537ms
2025-09-02 21:29:20.836 +02:00 [INF] Request starting HTTP/1.1 GET http://localhost:5088/hubs/trace?id=2UmmpaGlc6i8rcK0c2hmwA - null null
2025-09-02 21:29:20.847 +02:00 [INF] CORS policy execution successful.
2025-09-02 21:29:20.852 +02:00 [INF] ApiKey was not authenticated. Failure message: Missing API key
2025-09-02 21:29:20.860 +02:00 [INF] Executing endpoint '/hubs/trace'
2025-09-02 21:29:22.995 +02:00 [INF] Request starting HTTP/1.1 OPTIONS http://localhost:5088/sessions/73d791c9-0801-4378-99e9-52b32768cb36/messages - null null
2025-09-02 21:29:23.003 +02:00 [INF] CORS policy execution successful.
2025-09-02 21:29:23.008 +02:00 [INF] Request finished HTTP/1.1 OPTIONS http://localhost:5088/sessions/73d791c9-0801-4378-99e9-52b32768cb36/messages - 204 null null 13.411ms
2025-09-02 21:29:23.013 +02:00 [INF] Request starting HTTP/1.1 POST http://localhost:5088/sessions/73d791c9-0801-4378-99e9-52b32768cb36/messages - application/json 75
2025-09-02 21:29:23.018 +02:00 [INF] CORS policy execution successful.
2025-09-02 21:29:23.023 +02:00 [INF] Executing endpoint 'HTTP: POST /sessions/{id:guid}/messages'
2025-09-02 21:29:23.029 +02:00 [INF] Executed DbCommand (0ms) [Parameters=[@__p_0='?' (DbType = Guid)], CommandType='"Text"', CommandTimeout='30']
SELECT "s"."Id", "s"."AgentId", "s"."EndedUtc", "s"."LastEventIdx", "s"."StartedUtc", "s"."Status", "s"."UserId"
FROM "Sessions" AS "s"
WHERE "s"."Id" = @__p_0
LIMIT 1
2025-09-02 21:29:23.052 +02:00 [INF] Executed DbCommand (18ms) [Parameters=[@p0='?' (DbType = Guid), @p1='?' (Size = 59), @p2='?' (DbType = DateTime), @p3='?', @p4='?' (Size = 4), @p5='?' (DbType = Guid), @p6='?'], CommandType='"Text"', CommandTimeout='30']
INSERT INTO "Messages" ("Id", "Content", "CreatedUtc", "Kind", "Role", "SessionId", "TokenUsageJson")
VALUES (@p0, @p1, @p2, @p3, @p4, @p5, @p6);
2025-09-02 21:29:23.061 +02:00 [INF] Setting HTTP status code 202.
2025-09-02 21:29:23.063 +02:00 [INF] Executed DbCommand (1ms) [Parameters=[@__p_0='?' (DbType = Guid)], CommandType='"Text"', CommandTimeout='30']
SELECT "a"."Id", "a"."Autonomy", "a"."CreatedUtc", "a"."GuardrailsJson", "a"."Name", "a"."ParamsJson", "a"."Provider", "a"."SystemPrompt", "a"."Temperature", "a"."TemplateRef", "a"."TokenBudget", "a"."ToolBudget", "a"."TopP", "a"."UpdatedUtc"
FROM "Agents" AS "a"
WHERE "a"."Id" = @__p_0
LIMIT 1
2025-09-02 21:29:23.067 +02:00 [INF] Writing value of type 'AcceptedResponse' as Json.
2025-09-02 21:29:23.078 +02:00 [INF] Executed endpoint 'HTTP: POST /sessions/{id:guid}/messages'
2025-09-02 21:29:23.083 +02:00 [INF] Request finished HTTP/1.1 POST http://localhost:5088/sessions/73d791c9-0801-4378-99e9-52b32768cb36/messages - 202 null application/json; charset=utf-8 69.1688ms
2025-09-02 21:29:23.086 +02:00 [INF] Executed DbCommand (10ms) [Parameters=[@p0='?' (DbType = Guid), @p1='?' (Size = 59), @p2='?' (DbType = DateTime), @p3='?', @p4='?' (Size = 4), @p5='?' (DbType = Guid), @p6='?'], CommandType='"Text"', CommandTimeout='30']
INSERT INTO "Messages" ("Id", "Content", "CreatedUtc", "Kind", "Role", "SessionId", "TokenUsageJson")
VALUES (@p0, @p1, @p2, @p3, @p4, @p5, @p6);
2025-09-02 21:29:23.099 +02:00 [INF] Executed DbCommand (1ms) [Parameters=[@__agentId_0='?' (DbType = Guid)], CommandType='"Text"', CommandTimeout='30']
SELECT "a"."Id", "a"."AgentId", "a"."ConfigJson", "a"."Enabled", "a"."ToolId", "t"."Id", "t"."Description", "t"."Enabled", "t"."InputSchemaJson", "t"."McpServerId", "t"."Name", "t"."Scope", "m"."Id", "m"."AuthType", "m"."BaseUrl", "m"."LastSeenUtc", "m"."MetadataJson", "m"."Name", "m"."Status"
FROM "AgentToolBindings" AS "a"
INNER JOIN "Tools" AS "t" ON "a"."ToolId" = "t"."Id"
INNER JOIN "McpServers" AS "m" ON "t"."McpServerId" = "m"."Id"
WHERE "a"."AgentId" = @__agentId_0 AND "a"."Enabled"
2025-09-02 21:29:23.110 +02:00 [INF] Executed DbCommand (0ms) [Parameters=[@__agentId_0='?' (DbType = Guid)], CommandType='"Text"', CommandTimeout='30']
SELECT "a"."Id", "a"."AgentId", "a"."ConfigJson", "a"."Enabled", "a"."ToolId", "t"."Id", "t"."Description", "t"."Enabled", "t"."InputSchemaJson", "t"."McpServerId", "t"."Name", "t"."Scope", "m"."Id", "m"."AuthType", "m"."BaseUrl", "m"."LastSeenUtc", "m"."MetadataJson", "m"."Name", "m"."Status"
FROM "AgentToolBindings" AS "a"
INNER JOIN "Tools" AS "t" ON "a"."ToolId" = "t"."Id"
INNER JOIN "McpServers" AS "m" ON "t"."McpServerId" = "m"."Id"
WHERE "a"."AgentId" = @__agentId_0 AND "a"."Enabled"
2025-09-02 21:29:23.119 +02:00 [INF] Executed DbCommand (1ms) [Parameters=[@__sessionId_0='?' (DbType = Guid), @__kind_1='?' (Size = 11), @__p_2='?' (DbType = Int32)], CommandType='"Text"', CommandTimeout='30']
SELECT "m"."Id", "m"."Content", "m"."CreatedUtc", "m"."Kind", "m"."Role", "m"."SessionId", "m"."TokenUsageJson"
FROM "Messages" AS "m"
WHERE "m"."SessionId" = @__sessionId_0 AND "m"."Kind" = @__kind_1
ORDER BY "m"."CreatedUtc" DESC
LIMIT @__p_2
2025-09-02 21:29:23.130 +02:00 [INF] Executed DbCommand (1ms) [Parameters=[@__sessionId_0='?' (DbType = Guid), @__p_1='?' (DbType = Int32)], CommandType='"Text"', CommandTimeout='30']
SELECT "m"."Id", "m"."Content", "m"."CreatedUtc", "m"."Kind", "m"."Role", "m"."SessionId", "m"."TokenUsageJson"
FROM "Messages" AS "m"
WHERE "m"."SessionId" = @__sessionId_0
ORDER BY "m"."CreatedUtc" DESC
LIMIT @__p_1
2025-09-02 21:29:23.140 +02:00 [INF] Executed DbCommand (1ms) [Parameters=[@__agentId_0='?' (DbType = Guid)], CommandType='"Text"', CommandTimeout='30']
SELECT "a"."Id", "a"."AgentId", "a"."ConfigJson", "a"."Enabled", "a"."ToolId", "t"."Id", "t"."Description", "t"."Enabled", "t"."InputSchemaJson", "t"."McpServerId", "t"."Name", "t"."Scope", "m"."Id", "m"."AuthType", "m"."BaseUrl", "m"."LastSeenUtc", "m"."MetadataJson", "m"."Name", "m"."Status"
FROM "AgentToolBindings" AS "a"
INNER JOIN "Tools" AS "t" ON "a"."ToolId" = "t"."Id"
INNER JOIN "McpServers" AS "m" ON "t"."McpServerId" = "m"."Id"
WHERE "a"."AgentId" = @__agentId_0 AND "a"."Enabled"
2025-09-02 21:29:23.985 +02:00 [INF] Executed DbCommand (1ms) [Parameters=[@__agentId_0='?' (DbType = Guid)], CommandType='"Text"', CommandTimeout='30']
SELECT "a"."Id", "a"."AgentId", "a"."ConfigJson", "a"."Enabled", "a"."ToolId", "t"."Id", "t"."Description", "t"."Enabled", "t"."InputSchemaJson", "t"."McpServerId", "t"."Name", "t"."Scope", "m"."Id", "m"."AuthType", "m"."BaseUrl", "m"."LastSeenUtc", "m"."MetadataJson", "m"."Name", "m"."Status"
FROM "AgentToolBindings" AS "a"
INNER JOIN "Tools" AS "t" ON "a"."ToolId" = "t"."Id"
INNER JOIN "McpServers" AS "m" ON "t"."McpServerId" = "m"."Id"
WHERE "a"."AgentId" = @__agentId_0 AND "a"."Enabled"
2025-09-02 21:29:24.020 +02:00 [INF] Executed DbCommand (20ms) [Parameters=[@p0='?' (DbType = Guid), @p1='?' (Size = 77), @p2='?' (DbType = DateTime), @p3='?' (Size = 11), @p4='?' (Size = 9), @p5='?' (DbType = Guid), @p6='?'], CommandType='"Text"', CommandTimeout='30']
INSERT INTO "Messages" ("Id", "Content", "CreatedUtc", "Kind", "Role", "SessionId", "TokenUsageJson")
VALUES (@p0, @p1, @p2, @p3, @p4, @p5, @p6);
2025-09-02 21:29:24.034 +02:00 [INF] Executed DbCommand (1ms) [Parameters=[@__sessionId_0='?' (DbType = Guid), @__p_1='?' (DbType = Int32)], CommandType='"Text"', CommandTimeout='30']
SELECT "m"."Id", "m"."Content", "m"."CreatedUtc", "m"."Kind", "m"."Role", "m"."SessionId", "m"."TokenUsageJson"
FROM "Messages" AS "m"
WHERE "m"."SessionId" = @__sessionId_0
ORDER BY "m"."CreatedUtc" DESC
LIMIT @__p_1
2025-09-02 21:29:24.867 +02:00 [INF] Executed DbCommand (21ms) [Parameters=[@p0='?' (DbType = Guid), @p1='?' (Size = 354), @p2='?' (DbType = DateTime), @p3='?', @p4='?' (Size = 9), @p5='?' (DbType = Guid), @p6='?'], CommandType='"Text"', CommandTimeout='30']
INSERT INTO "Messages" ("Id", "Content", "CreatedUtc", "Kind", "Role", "SessionId", "TokenUsageJson")
VALUES (@p0, @p1, @p2, @p3, @p4, @p5, @p6);
2025-09-02 21:29:24.888 +02:00 [INF] Executed DbCommand (10ms) [Parameters=[@p0='?' (DbType = Guid), @p1='?' (Size = 354), @p2='?' (DbType = DateTime), @p3='?', @p4='?' (Size = 9), @p5='?' (DbType = Guid), @p6='?'], CommandType='"Text"', CommandTimeout='30']
INSERT INTO "Messages" ("Id", "Content", "CreatedUtc", "Kind", "Role", "SessionId", "TokenUsageJson")
VALUES (@p0, @p1, @p2, @p3, @p4, @p5, @p6);
2025-09-02 21:33:14.386 +02:00 [INF] Application is shutting down...
2025-09-02 21:33:14.389 +02:00 [INF] Executed endpoint '/hubs/trace'
2025-09-02 21:33:14.395 +02:00 [INF] Request finished HTTP/1.1 GET http://localhost:5088/hubs/trace?id=2UmmpaGlc6i8rcK0c2hmwA - 101 null null 233559.2625ms
2025-09-02 21:36:07.198 +02:00 [INF] User profile is available. Using 'C:\Users\Usuario\AppData\Local\ASP.NET\DataProtection-Keys' as key repository and Windows DPAPI to encrypt keys at rest.
2025-09-02 21:36:07.616 +02:00 [INF] Now listening on: http://localhost:5088
2025-09-02 21:36:07.621 +02:00 [INF] Application started. Press Ctrl+C to shut down.
2025-09-02 21:36:07.623 +02:00 [INF] Hosting environment: Development
2025-09-02 21:36:07.625 +02:00 [INF] Content root path: D:\BearDevelopment\AutoAgent\autoagent_back\src\AutoAgentes.Api
2025-09-02 21:36:11.486 +02:00 [INF] Request starting HTTP/1.1 OPTIONS http://localhost:5088/agents/1e5ffb9e-fb28-4405-b82b-b4647aa5a865/bindings - null null
2025-09-02 21:36:11.485 +02:00 [INF] Request starting HTTP/1.1 OPTIONS http://localhost:5088/agents/1e5ffb9e-fb28-4405-b82b-b4647aa5a865 - null null
2025-09-02 21:36:11.695 +02:00 [INF] CORS policy execution successful.
2025-09-02 21:36:11.695 +02:00 [INF] CORS policy execution successful.
2025-09-02 21:36:11.713 +02:00 [INF] Request finished HTTP/1.1 OPTIONS http://localhost:5088/agents/1e5ffb9e-fb28-4405-b82b-b4647aa5a865 - 204 null null 262.9964ms
2025-09-02 21:36:11.713 +02:00 [INF] Request finished HTTP/1.1 OPTIONS http://localhost:5088/agents/1e5ffb9e-fb28-4405-b82b-b4647aa5a865/bindings - 204 null null 262.9965ms
2025-09-02 21:36:11.744 +02:00 [INF] Request starting HTTP/1.1 GET http://localhost:5088/agents/1e5ffb9e-fb28-4405-b82b-b4647aa5a865 - application/json null
2025-09-02 21:36:11.744 +02:00 [INF] Request starting HTTP/1.1 GET http://localhost:5088/agents/1e5ffb9e-fb28-4405-b82b-b4647aa5a865/bindings - application/json null
2025-09-02 21:36:11.761 +02:00 [INF] CORS policy execution successful.
2025-09-02 21:36:11.761 +02:00 [INF] CORS policy execution successful.
2025-09-02 21:36:11.792 +02:00 [INF] Executing endpoint 'HTTP: GET /agents/{id:guid}/bindings'
2025-09-02 21:36:11.792 +02:00 [INF] Executing endpoint 'HTTP: GET /agents/{id:guid}'
2025-09-02 21:36:12.872 +02:00 [INF] Executed DbCommand (35ms) [Parameters=[@__agentId_0='?' (DbType = Guid)], CommandType='"Text"', CommandTimeout='30']
SELECT "a"."Id", "a"."AgentId", "a"."ConfigJson", "a"."Enabled", "a"."ToolId"
FROM "AgentToolBindings" AS "a"
WHERE "a"."AgentId" = @__agentId_0
2025-09-02 21:36:12.872 +02:00 [INF] Executed DbCommand (20ms) [Parameters=[@__p_0='?' (DbType = Guid)], CommandType='"Text"', CommandTimeout='30']
SELECT "a"."Id", "a"."Autonomy", "a"."CreatedUtc", "a"."GuardrailsJson", "a"."Name", "a"."ParamsJson", "a"."Provider", "a"."SystemPrompt", "a"."Temperature", "a"."TemplateRef", "a"."TokenBudget", "a"."ToolBudget", "a"."TopP", "a"."UpdatedUtc"
FROM "Agents" AS "a"
WHERE "a"."Id" = @__p_0
LIMIT 1
2025-09-02 21:36:13.041 +02:00 [INF] Setting HTTP status code 200.
2025-09-02 21:36:13.042 +02:00 [INF] Setting HTTP status code 200.
2025-09-02 21:36:13.066 +02:00 [INF] Writing value of type 'List`1' as Json.
2025-09-02 21:36:13.071 +02:00 [INF] Writing value of type 'AgentResponse' as Json.
2025-09-02 21:36:13.103 +02:00 [INF] Executed endpoint 'HTTP: GET /agents/{id:guid}/bindings'
2025-09-02 21:36:13.103 +02:00 [INF] Executed endpoint 'HTTP: GET /agents/{id:guid}'
2025-09-02 21:36:13.130 +02:00 [INF] Request finished HTTP/1.1 GET http://localhost:5088/agents/1e5ffb9e-fb28-4405-b82b-b4647aa5a865/bindings - 200 null application/json; charset=utf-8 1386.3003ms
2025-09-02 21:36:13.130 +02:00 [INF] Request finished HTTP/1.1 GET http://localhost:5088/agents/1e5ffb9e-fb28-4405-b82b-b4647aa5a865 - 200 null application/json; charset=utf-8 1386.3003ms
2025-09-02 21:36:15.218 +02:00 [INF] Request starting HTTP/1.1 OPTIONS http://localhost:5088/sessions - null null
2025-09-02 21:36:15.228 +02:00 [INF] CORS policy execution successful.
2025-09-02 21:36:15.233 +02:00 [INF] Request finished HTTP/1.1 OPTIONS http://localhost:5088/sessions - 204 null null 16.0478ms
2025-09-02 21:36:15.241 +02:00 [INF] Request starting HTTP/1.1 POST http://localhost:5088/sessions - application/json 50
2025-09-02 21:36:15.246 +02:00 [INF] CORS policy execution successful.
2025-09-02 21:36:15.255 +02:00 [INF] Executing endpoint 'HTTP: POST /sessions/'
2025-09-02 21:36:15.337 +02:00 [INF] Executed DbCommand (1ms) [Parameters=[@__p_0='?' (DbType = Guid)], CommandType='"Text"', CommandTimeout='30']
SELECT "a"."Id", "a"."Autonomy", "a"."CreatedUtc", "a"."GuardrailsJson", "a"."Name", "a"."ParamsJson", "a"."Provider", "a"."SystemPrompt", "a"."Temperature", "a"."TemplateRef", "a"."TokenBudget", "a"."ToolBudget", "a"."TopP", "a"."UpdatedUtc"
FROM "Agents" AS "a"
WHERE "a"."Id" = @__p_0
LIMIT 1
2025-09-02 21:36:15.533 +02:00 [INF] Executed DbCommand (20ms) [Parameters=[@p0='?' (DbType = Guid), @p1='?' (DbType = Guid), @p2='?' (DbType = DateTime), @p3='?' (DbType = Int32), @p4='?' (DbType = DateTime), @p5='?' (Size = 7), @p6='?'], CommandType='"Text"', CommandTimeout='30']
INSERT INTO "Sessions" ("Id", "AgentId", "EndedUtc", "LastEventIdx", "StartedUtc", "Status", "UserId")
VALUES (@p0, @p1, @p2, @p3, @p4, @p5, @p6);
2025-09-02 21:36:15.548 +02:00 [INF] Setting HTTP status code 201.
2025-09-02 21:36:15.554 +02:00 [INF] Writing value of type 'SessionCreatedResponse' as Json.
2025-09-02 21:36:15.561 +02:00 [INF] Executed endpoint 'HTTP: POST /sessions/'
2025-09-02 21:36:15.567 +02:00 [INF] Request finished HTTP/1.1 POST http://localhost:5088/sessions - 201 null application/json; charset=utf-8 326.6776ms
2025-09-02 21:36:15.595 +02:00 [INF] Request starting HTTP/1.1 OPTIONS http://localhost:5088/hubs/trace/negotiate?negotiateVersion=1 - null null
2025-09-02 21:36:15.603 +02:00 [INF] CORS policy execution successful.
2025-09-02 21:36:15.610 +02:00 [INF] Request finished HTTP/1.1 OPTIONS http://localhost:5088/hubs/trace/negotiate?negotiateVersion=1 - 204 null null 16.3027ms
2025-09-02 21:36:15.616 +02:00 [INF] Request starting HTTP/1.1 POST http://localhost:5088/hubs/trace/negotiate?negotiateVersion=1 - null 0
2025-09-02 21:36:15.623 +02:00 [INF] CORS policy execution successful.
2025-09-02 21:36:15.631 +02:00 [INF] ApiKey was not authenticated. Failure message: Missing API key
2025-09-02 21:36:15.638 +02:00 [INF] Executing endpoint '/hubs/trace/negotiate'
2025-09-02 21:36:15.650 +02:00 [INF] Executed endpoint '/hubs/trace/negotiate'
2025-09-02 21:36:15.655 +02:00 [INF] Request finished HTTP/1.1 POST http://localhost:5088/hubs/trace/negotiate?negotiateVersion=1 - 200 316 application/json 40.2593ms
2025-09-02 21:36:15.657 +02:00 [INF] Request starting HTTP/1.1 GET http://localhost:5088/hubs/trace?id=xPEaBRywislOJTiA3bra4g - null null
2025-09-02 21:36:15.668 +02:00 [INF] CORS policy execution successful.
2025-09-02 21:36:15.673 +02:00 [INF] ApiKey was not authenticated. Failure message: Missing API key
2025-09-02 21:36:15.678 +02:00 [INF] Executing endpoint '/hubs/trace'
2025-09-02 21:36:19.149 +02:00 [INF] Request starting HTTP/1.1 OPTIONS http://localhost:5088/sessions/623c8e6b-78ce-4ab6-9c23-126c083040da/messages - null null
2025-09-02 21:36:19.159 +02:00 [INF] CORS policy execution successful.
2025-09-02 21:36:19.166 +02:00 [INF] Request finished HTTP/1.1 OPTIONS http://localhost:5088/sessions/623c8e6b-78ce-4ab6-9c23-126c083040da/messages - 204 null null 17.6251ms
2025-09-02 21:36:19.176 +02:00 [INF] Request starting HTTP/1.1 POST http://localhost:5088/sessions/623c8e6b-78ce-4ab6-9c23-126c083040da/messages - application/json 75
2025-09-02 21:36:19.183 +02:00 [INF] CORS policy execution successful.
2025-09-02 21:36:19.189 +02:00 [INF] Executing endpoint 'HTTP: POST /sessions/{id:guid}/messages'
2025-09-02 21:36:19.211 +02:00 [INF] Executed DbCommand (0ms) [Parameters=[@__p_0='?' (DbType = Guid)], CommandType='"Text"', CommandTimeout='30']
SELECT "s"."Id", "s"."AgentId", "s"."EndedUtc", "s"."LastEventIdx", "s"."StartedUtc", "s"."Status", "s"."UserId"
FROM "Sessions" AS "s"
WHERE "s"."Id" = @__p_0
LIMIT 1
2025-09-02 21:36:19.247 +02:00 [INF] Executed DbCommand (10ms) [Parameters=[@p0='?' (DbType = Guid), @p1='?' (Size = 59), @p2='?' (DbType = DateTime), @p3='?', @p4='?' (Size = 4), @p5='?' (DbType = Guid), @p6='?'], CommandType='"Text"', CommandTimeout='30']
INSERT INTO "Messages" ("Id", "Content", "CreatedUtc", "Kind", "Role", "SessionId", "TokenUsageJson")
VALUES (@p0, @p1, @p2, @p3, @p4, @p5, @p6);
2025-09-02 21:36:19.268 +02:00 [INF] Setting HTTP status code 202.
2025-09-02 21:36:19.273 +02:00 [INF] Executed DbCommand (1ms) [Parameters=[@__p_0='?' (DbType = Guid)], CommandType='"Text"', CommandTimeout='30']
SELECT "a"."Id", "a"."Autonomy", "a"."CreatedUtc", "a"."GuardrailsJson", "a"."Name", "a"."ParamsJson", "a"."Provider", "a"."SystemPrompt", "a"."Temperature", "a"."TemplateRef", "a"."TokenBudget", "a"."ToolBudget", "a"."TopP", "a"."UpdatedUtc"
FROM "Agents" AS "a"
WHERE "a"."Id" = @__p_0
LIMIT 1
2025-09-02 21:36:19.276 +02:00 [INF] Writing value of type 'AcceptedResponse' as Json.
2025-09-02 21:36:19.286 +02:00 [INF] Executed endpoint 'HTTP: POST /sessions/{id:guid}/messages'
2025-09-02 21:36:19.291 +02:00 [INF] Request finished HTTP/1.1 POST http://localhost:5088/sessions/623c8e6b-78ce-4ab6-9c23-126c083040da/messages - 202 null application/json; charset=utf-8 114.9616ms
2025-09-02 21:36:19.309 +02:00 [INF] Executed DbCommand (10ms) [Parameters=[@p0='?' (DbType = Guid), @p1='?' (Size = 59), @p2='?' (DbType = DateTime), @p3='?', @p4='?' (Size = 4), @p5='?' (DbType = Guid), @p6='?'], CommandType='"Text"', CommandTimeout='30']
INSERT INTO "Messages" ("Id", "Content", "CreatedUtc", "Kind", "Role", "SessionId", "TokenUsageJson")
VALUES (@p0, @p1, @p2, @p3, @p4, @p5, @p6);
2025-09-02 21:36:19.375 +02:00 [INF] Executed DbCommand (0ms) [Parameters=[@__agentId_0='?' (DbType = Guid)], CommandType='"Text"', CommandTimeout='30']
SELECT "a"."Id", "a"."AgentId", "a"."ConfigJson", "a"."Enabled", "a"."ToolId", "t"."Id", "t"."Description", "t"."Enabled", "t"."InputSchemaJson", "t"."McpServerId", "t"."Name", "t"."Scope", "m"."Id", "m"."AuthType", "m"."BaseUrl", "m"."LastSeenUtc", "m"."MetadataJson", "m"."Name", "m"."Status"
FROM "AgentToolBindings" AS "a"
INNER JOIN "Tools" AS "t" ON "a"."ToolId" = "t"."Id"
INNER JOIN "McpServers" AS "m" ON "t"."McpServerId" = "m"."Id"
WHERE "a"."AgentId" = @__agentId_0 AND "a"."Enabled"
2025-09-02 21:36:19.448 +02:00 [INF] Executed DbCommand (1ms) [Parameters=[@__agentId_0='?' (DbType = Guid)], CommandType='"Text"', CommandTimeout='30']
SELECT "a"."Id", "a"."AgentId", "a"."ConfigJson", "a"."Enabled", "a"."ToolId", "t"."Id", "t"."Description", "t"."Enabled", "t"."InputSchemaJson", "t"."McpServerId", "t"."Name", "t"."Scope", "m"."Id", "m"."AuthType", "m"."BaseUrl", "m"."LastSeenUtc", "m"."MetadataJson", "m"."Name", "m"."Status"
FROM "AgentToolBindings" AS "a"
INNER JOIN "Tools" AS "t" ON "a"."ToolId" = "t"."Id"
INNER JOIN "McpServers" AS "m" ON "t"."McpServerId" = "m"."Id"
WHERE "a"."AgentId" = @__agentId_0 AND "a"."Enabled"
2025-09-02 21:36:19.533 +02:00 [INF] Executed DbCommand (1ms) [Parameters=[@__sessionId_0='?' (DbType = Guid), @__kind_1='?' (Size = 11), @__p_2='?' (DbType = Int32)], CommandType='"Text"', CommandTimeout='30']
SELECT "m"."Id", "m"."Content", "m"."CreatedUtc", "m"."Kind", "m"."Role", "m"."SessionId", "m"."TokenUsageJson"
FROM "Messages" AS "m"
WHERE "m"."SessionId" = @__sessionId_0 AND "m"."Kind" = @__kind_1
ORDER BY "m"."CreatedUtc" DESC
LIMIT @__p_2
2025-09-02 21:36:19.572 +02:00 [INF] Executed DbCommand (1ms) [Parameters=[@__sessionId_0='?' (DbType = Guid), @__p_1='?' (DbType = Int32)], CommandType='"Text"', CommandTimeout='30']
SELECT "m"."Id", "m"."Content", "m"."CreatedUtc", "m"."Kind", "m"."Role", "m"."SessionId", "m"."TokenUsageJson"
FROM "Messages" AS "m"
WHERE "m"."SessionId" = @__sessionId_0
ORDER BY "m"."CreatedUtc" DESC
LIMIT @__p_1
2025-09-02 21:36:19.672 +02:00 [INF] Executed DbCommand (1ms) [Parameters=[@__agentId_0='?' (DbType = Guid)], CommandType='"Text"', CommandTimeout='30']
SELECT "a"."Id", "a"."AgentId", "a"."ConfigJson", "a"."Enabled", "a"."ToolId", "t"."Id", "t"."Description", "t"."Enabled", "t"."InputSchemaJson", "t"."McpServerId", "t"."Name", "t"."Scope", "m"."Id", "m"."AuthType", "m"."BaseUrl", "m"."LastSeenUtc", "m"."MetadataJson", "m"."Name", "m"."Status"
FROM "AgentToolBindings" AS "a"
INNER JOIN "Tools" AS "t" ON "a"."ToolId" = "t"."Id"
INNER JOIN "McpServers" AS "m" ON "t"."McpServerId" = "m"."Id"
WHERE "a"."AgentId" = @__agentId_0 AND "a"."Enabled"
2025-09-02 21:36:20.971 +02:00 [INF] Executed DbCommand (1ms) [Parameters=[@__agentId_0='?' (DbType = Guid)], CommandType='"Text"', CommandTimeout='30']
SELECT "a"."Id", "a"."AgentId", "a"."ConfigJson", "a"."Enabled", "a"."ToolId", "t"."Id", "t"."Description", "t"."Enabled", "t"."InputSchemaJson", "t"."McpServerId", "t"."Name", "t"."Scope", "m"."Id", "m"."AuthType", "m"."BaseUrl", "m"."LastSeenUtc", "m"."MetadataJson", "m"."Name", "m"."Status"
FROM "AgentToolBindings" AS "a"
INNER JOIN "Tools" AS "t" ON "a"."ToolId" = "t"."Id"
INNER JOIN "McpServers" AS "m" ON "t"."McpServerId" = "m"."Id"
WHERE "a"."AgentId" = @__agentId_0 AND "a"."Enabled"
2025-09-02 21:36:20.982 +02:00 [INF] Executed DbCommand (0ms) [Parameters=[@__agentId_0='?' (DbType = Guid)], CommandType='"Text"', CommandTimeout='30']
SELECT "a"."Id", "a"."AgentId", "a"."ConfigJson", "a"."Enabled", "a"."ToolId", "t"."Id", "t"."Description", "t"."Enabled", "t"."InputSchemaJson", "t"."McpServerId", "t"."Name", "t"."Scope", "m"."Id", "m"."AuthType", "m"."BaseUrl", "m"."LastSeenUtc", "m"."MetadataJson", "m"."Name", "m"."Status"
FROM "AgentToolBindings" AS "a"
INNER JOIN "Tools" AS "t" ON "a"."ToolId" = "t"."Id"
INNER JOIN "McpServers" AS "m" ON "t"."McpServerId" = "m"."Id"
WHERE "a"."AgentId" = @__agentId_0 AND "a"."Enabled"
2025-09-02 21:36:21.407 +02:00 [INF] Executed DbCommand (0ms) [Parameters=[], CommandType='"Text"', CommandTimeout='30']
SELECT "m"."Id", "m"."AuthType", "m"."BaseUrl", "m"."LastSeenUtc", "m"."MetadataJson", "m"."Name", "m"."Status"
FROM "McpServers" AS "m"
ORDER BY "m"."LastSeenUtc"
2025-09-02 21:36:21.420 +02:00 [INF] Conectando a MCP WebSocket: ws://localhost:8970/ws
2025-09-02 21:36:21.679 +02:00 [INF] Executed DbCommand (1ms) [Parameters=[@__agentId_0='?' (DbType = Guid)], CommandType='"Text"', CommandTimeout='30']
SELECT "a"."Id", "a"."AgentId", "a"."ConfigJson", "a"."Enabled", "a"."ToolId", "t"."Id", "t"."Description", "t"."Enabled", "t"."InputSchemaJson", "t"."McpServerId", "t"."Name", "t"."Scope", "m"."Id", "m"."AuthType", "m"."BaseUrl", "m"."LastSeenUtc", "m"."MetadataJson", "m"."Name", "m"."Status"
FROM "AgentToolBindings" AS "a"
INNER JOIN "Tools" AS "t" ON "a"."ToolId" = "t"."Id"
INNER JOIN "McpServers" AS "m" ON "t"."McpServerId" = "m"."Id"
WHERE "a"."AgentId" = @__agentId_0 AND "a"."Enabled"
2025-09-02 21:36:21.690 +02:00 [INF] Executed DbCommand (1ms) [Parameters=[@__agentId_0='?' (DbType = Guid)], CommandType='"Text"', CommandTimeout='30']
SELECT "a"."Id", "a"."AgentId", "a"."ConfigJson", "a"."Enabled", "a"."ToolId", "t"."Id", "t"."Description", "t"."Enabled", "t"."InputSchemaJson", "t"."McpServerId", "t"."Name", "t"."Scope", "m"."Id", "m"."AuthType", "m"."BaseUrl", "m"."LastSeenUtc", "m"."MetadataJson", "m"."Name", "m"."Status"
FROM "AgentToolBindings" AS "a"
INNER JOIN "Tools" AS "t" ON "a"."ToolId" = "t"."Id"
INNER JOIN "McpServers" AS "m" ON "t"."McpServerId" = "m"."Id"
WHERE "a"."AgentId" = @__agentId_0 AND "a"."Enabled"
2025-09-02 21:36:22.542 +02:00 [INF] Executed DbCommand (18ms) [Parameters=[@p0='?' (DbType = Guid), @p1='?' (Size = 63), @p2='?' (DbType = DateTime), @p3='?' (Size = 11), @p4='?' (Size = 9), @p5='?' (DbType = Guid), @p6='?'], CommandType='"Text"', CommandTimeout='30']
INSERT INTO "Messages" ("Id", "Content", "CreatedUtc", "Kind", "Role", "SessionId", "TokenUsageJson")
VALUES (@p0, @p1, @p2, @p3, @p4, @p5, @p6);
2025-09-02 21:36:22.560 +02:00 [INF] Executed DbCommand (0ms) [Parameters=[@__sessionId_0='?' (DbType = Guid), @__p_1='?' (DbType = Int32)], CommandType='"Text"', CommandTimeout='30']
SELECT "m"."Id", "m"."Content", "m"."CreatedUtc", "m"."Kind", "m"."Role", "m"."SessionId", "m"."TokenUsageJson"
FROM "Messages" AS "m"
WHERE "m"."SessionId" = @__sessionId_0
ORDER BY "m"."CreatedUtc" DESC
LIMIT @__p_1
2025-09-02 21:36:22.970 +02:00 [INF] Executed DbCommand (18ms) [Parameters=[@p0='?' (DbType = Guid), @p1='?' (Size = 63), @p2='?' (DbType = DateTime), @p3='?', @p4='?' (Size = 9), @p5='?' (DbType = Guid), @p6='?'], CommandType='"Text"', CommandTimeout='30']
INSERT INTO "Messages" ("Id", "Content", "CreatedUtc", "Kind", "Role", "SessionId", "TokenUsageJson")
VALUES (@p0, @p1, @p2, @p3, @p4, @p5, @p6);
2025-09-02 21:36:22.991 +02:00 [INF] Executed DbCommand (9ms) [Parameters=[@p0='?' (DbType = Guid), @p1='?' (Size = 63), @p2='?' (DbType = DateTime), @p3='?', @p4='?' (Size = 9), @p5='?' (DbType = Guid), @p6='?'], CommandType='"Text"', CommandTimeout='30']
INSERT INTO "Messages" ("Id", "Content", "CreatedUtc", "Kind", "Role", "SessionId", "TokenUsageJson")
VALUES (@p0, @p1, @p2, @p3, @p4, @p5, @p6);
2025-09-02 21:38:38.142 +02:00 [INF] Application is shutting down...
2025-09-02 21:38:38.151 +02:00 [INF] Executed endpoint '/hubs/trace'
2025-09-02 21:38:38.159 +02:00 [INF] Request finished HTTP/1.1 GET http://localhost:5088/hubs/trace?id=xPEaBRywislOJTiA3bra4g - 101 null null 142501.8498ms
