2025-09-01 17:10:05.007 +02:00 [INF] User profile is available. Using 'C:\Users\Usuario\AppData\Local\ASP.NET\DataProtection-Keys' as key repository and Windows DPAPI to encrypt keys at rest.
2025-09-01 17:10:06.162 +02:00 [INF] Now listening on: http://localhost:5088
2025-09-01 17:10:06.171 +02:00 [INF] Application started. Press Ctrl+C to shut down.
2025-09-01 17:10:06.175 +02:00 [INF] Hosting environment: Development
2025-09-01 17:10:06.176 +02:00 [INF] Content root path: D:\BearDevelopment\AutoAgent\autoagent_back\src\AutoAgentes.Api
2025-09-01 17:11:22.241 +02:00 [INF] Request starting HTTP/1.1 OPTIONS http://localhost:5088/agents/1e5ffb9e-fb28-4405-b82b-b4647aa5a865 - null null
2025-09-01 17:11:22.241 +02:00 [INF] Request starting HTTP/1.1 OPTIONS http://localhost:5088/agents/1e5ffb9e-fb28-4405-b82b-b4647aa5a865/bindings - null null
2025-09-01 17:11:22.525 +02:00 [INF] CORS policy execution successful.
2025-09-01 17:11:22.525 +02:00 [INF] CORS policy execution successful.
2025-09-01 17:11:22.550 +02:00 [INF] Request finished HTTP/1.1 OPTIONS http://localhost:5088/agents/1e5ffb9e-fb28-4405-b82b-b4647aa5a865 - 204 null null 349.782ms
2025-09-01 17:11:22.550 +02:00 [INF] Request finished HTTP/1.1 OPTIONS http://localhost:5088/agents/1e5ffb9e-fb28-4405-b82b-b4647aa5a865/bindings - 204 null null 349.7898ms
2025-09-01 17:11:24.582 +02:00 [INF] Request starting HTTP/1.1 GET http://localhost:5088/swagger/v1/swagger.json - null null
2025-09-01 17:11:24.618 +02:00 [INF] No action descriptors found. This may indicate an incorrectly configured application or missing application parts. To learn more, visit https://aka.ms/aspnet/mvc/app-parts
2025-09-01 17:11:24.979 +02:00 [INF] Request finished HTTP/1.1 GET http://localhost:5088/swagger/v1/swagger.json - 200 null application/json;charset=utf-8 398.1211ms
2025-09-01 17:11:26.834 +02:00 [INF] Request starting HTTP/1.1 OPTIONS http://localhost:5088/agents/1e5ffb9e-fb28-4405-b82b-b4647aa5a865 - null null
2025-09-01 17:11:26.840 +02:00 [INF] Request starting HTTP/1.1 OPTIONS http://localhost:5088/agents/1e5ffb9e-fb28-4405-b82b-b4647aa5a865/bindings - null null
2025-09-01 17:11:26.847 +02:00 [INF] CORS policy execution successful.
2025-09-01 17:11:26.852 +02:00 [INF] CORS policy execution successful.
2025-09-01 17:11:26.857 +02:00 [INF] Request finished HTTP/1.1 OPTIONS http://localhost:5088/agents/1e5ffb9e-fb28-4405-b82b-b4647aa5a865 - 204 null null 24.2846ms
2025-09-01 17:11:26.865 +02:00 [INF] Request finished HTTP/1.1 OPTIONS http://localhost:5088/agents/1e5ffb9e-fb28-4405-b82b-b4647aa5a865/bindings - 204 null null 25.3406ms
2025-09-01 17:11:26.877 +02:00 [INF] Request starting HTTP/1.1 GET http://localhost:5088/agents/1e5ffb9e-fb28-4405-b82b-b4647aa5a865 - application/json null
2025-09-01 17:11:26.885 +02:00 [INF] Request starting HTTP/1.1 GET http://localhost:5088/agents/1e5ffb9e-fb28-4405-b82b-b4647aa5a865/bindings - application/json null
2025-09-01 17:11:26.897 +02:00 [INF] CORS policy execution successful.
2025-09-01 17:11:26.903 +02:00 [INF] CORS policy execution successful.
2025-09-01 17:11:26.947 +02:00 [INF] Executing endpoint 'HTTP: GET /agents/{id:guid}/bindings'
2025-09-01 17:11:26.947 +02:00 [INF] Executing endpoint 'HTTP: GET /agents/{id:guid}'
2025-09-01 17:11:28.831 +02:00 [INF] Request starting HTTP/1.1 OPTIONS http://localhost:5088/agents/57625e22-774b-470d-8ba6-785bc04f15f5/bindings - null null
2025-09-01 17:11:28.831 +02:00 [INF] Request starting HTTP/1.1 OPTIONS http://localhost:5088/agents/57625e22-774b-470d-8ba6-785bc04f15f5 - null null
2025-09-01 17:11:28.838 +02:00 [INF] CORS policy execution successful.
2025-09-01 17:11:28.843 +02:00 [INF] CORS policy execution successful.
2025-09-01 17:11:28.848 +02:00 [INF] Request finished HTTP/1.1 OPTIONS http://localhost:5088/agents/57625e22-774b-470d-8ba6-785bc04f15f5/bindings - 204 null null 17.0125ms
2025-09-01 17:11:28.852 +02:00 [INF] Request finished HTTP/1.1 OPTIONS http://localhost:5088/agents/57625e22-774b-470d-8ba6-785bc04f15f5 - 204 null null 21.8322ms
2025-09-01 17:11:30.356 +02:00 [INF] Executed DbCommand (30ms) [Parameters=[@__p_0='?' (DbType = Guid)], CommandType='"Text"', CommandTimeout='30']
SELECT "a"."Id", "a"."Autonomy", "a"."CreatedUtc", "a"."GuardrailsJson", "a"."Name", "a"."ParamsJson", "a"."Provider", "a"."Temperature", "a"."TemplateRef", "a"."TokenBudget", "a"."ToolBudget", "a"."TopP", "a"."UpdatedUtc"
FROM "Agents" AS "a"
WHERE "a"."Id" = @__p_0
LIMIT 1
2025-09-01 17:11:30.356 +02:00 [INF] Executed DbCommand (24ms) [Parameters=[@__agentId_0='?' (DbType = Guid)], CommandType='"Text"', CommandTimeout='30']
SELECT "a"."Id", "a"."AgentId", "a"."ConfigJson", "a"."Enabled", "a"."ToolId"
FROM "AgentToolBindings" AS "a"
WHERE "a"."AgentId" = @__agentId_0
2025-09-01 17:11:30.469 +02:00 [INF] Setting HTTP status code 200.
2025-09-01 17:11:30.468 +02:00 [INF] Setting HTTP status code 200.
2025-09-01 17:11:30.489 +02:00 [INF] Writing value of type 'AgentResponse' as Json.
2025-09-01 17:11:30.498 +02:00 [INF] Writing value of type 'List`1' as Json.
2025-09-01 17:11:30.516 +02:00 [INF] Executed endpoint 'HTTP: GET /agents/{id:guid}'
2025-09-01 17:11:30.523 +02:00 [INF] Executed endpoint 'HTTP: GET /agents/{id:guid}/bindings'
2025-09-01 17:11:30.536 +02:00 [INF] Request finished HTTP/1.1 GET http://localhost:5088/agents/1e5ffb9e-fb28-4405-b82b-b4647aa5a865 - 200 null application/json; charset=utf-8 3659.1486ms
2025-09-01 17:11:30.536 +02:00 [INF] Request finished HTTP/1.1 GET http://localhost:5088/agents/1e5ffb9e-fb28-4405-b82b-b4647aa5a865/bindings - 200 null application/json; charset=utf-8 3651.3645ms
2025-09-01 17:11:36.081 +02:00 [INF] Request starting HTTP/1.1 OPTIONS http://localhost:5088/agents/57625e22-774b-470d-8ba6-785bc04f15f5 - null null
2025-09-01 17:11:36.081 +02:00 [INF] Request starting HTTP/1.1 OPTIONS http://localhost:5088/agents/57625e22-774b-470d-8ba6-785bc04f15f5/bindings - null null
2025-09-01 17:11:36.089 +02:00 [INF] CORS policy execution successful.
2025-09-01 17:11:36.097 +02:00 [INF] CORS policy execution successful.
2025-09-01 17:11:36.102 +02:00 [INF] Request finished HTTP/1.1 OPTIONS http://localhost:5088/agents/57625e22-774b-470d-8ba6-785bc04f15f5 - 204 null null 21.2847ms
2025-09-01 17:11:36.108 +02:00 [INF] Request finished HTTP/1.1 OPTIONS http://localhost:5088/agents/57625e22-774b-470d-8ba6-785bc04f15f5/bindings - 204 null null 26.7981ms
2025-09-01 17:33:19.162 +02:00 [INF] Application is shutting down...
2025-09-01 17:33:24.352 +02:00 [INF] User profile is available. Using 'C:\Users\Usuario\AppData\Local\ASP.NET\DataProtection-Keys' as key repository and Windows DPAPI to encrypt keys at rest.
2025-09-01 17:33:24.746 +02:00 [INF] Now listening on: http://localhost:5088
2025-09-01 17:33:24.754 +02:00 [INF] Application started. Press Ctrl+C to shut down.
2025-09-01 17:33:24.755 +02:00 [INF] Hosting environment: Development
2025-09-01 17:33:24.756 +02:00 [INF] Content root path: D:\BearDevelopment\AutoAgent\autoagent_back\src\AutoAgentes.Api
2025-09-01 17:33:29.428 +02:00 [INF] Request starting HTTP/1.1 OPTIONS http://localhost:5088/agents/1e5ffb9e-fb28-4405-b82b-b4647aa5a865/bindings - null null
2025-09-01 17:33:29.428 +02:00 [INF] Request starting HTTP/1.1 OPTIONS http://localhost:5088/agents/1e5ffb9e-fb28-4405-b82b-b4647aa5a865 - null null
2025-09-01 17:33:29.574 +02:00 [INF] CORS policy execution successful.
2025-09-01 17:33:29.574 +02:00 [INF] CORS policy execution successful.
2025-09-01 17:33:29.592 +02:00 [INF] Request finished HTTP/1.1 OPTIONS http://localhost:5088/agents/1e5ffb9e-fb28-4405-b82b-b4647aa5a865 - 204 null null 185.3876ms
2025-09-01 17:33:29.592 +02:00 [INF] Request finished HTTP/1.1 OPTIONS http://localhost:5088/agents/1e5ffb9e-fb28-4405-b82b-b4647aa5a865/bindings - 204 null null 185.3875ms
2025-09-01 17:33:29.621 +02:00 [INF] Request starting HTTP/1.1 GET http://localhost:5088/agents/1e5ffb9e-fb28-4405-b82b-b4647aa5a865 - application/json null
2025-09-01 17:33:29.621 +02:00 [INF] Request starting HTTP/1.1 GET http://localhost:5088/agents/1e5ffb9e-fb28-4405-b82b-b4647aa5a865/bindings - application/json null
2025-09-01 17:33:29.636 +02:00 [INF] CORS policy execution successful.
2025-09-01 17:33:29.636 +02:00 [INF] CORS policy execution successful.
2025-09-01 17:33:29.662 +02:00 [INF] Executing endpoint 'HTTP: GET /agents/{id:guid}/bindings'
2025-09-01 17:33:29.662 +02:00 [INF] Executing endpoint 'HTTP: GET /agents/{id:guid}'
2025-09-01 17:33:30.368 +02:00 [INF] Executed DbCommand (10ms) [Parameters=[@__agentId_0='?' (DbType = Guid)], CommandType='"Text"', CommandTimeout='30']
SELECT "a"."Id", "a"."AgentId", "a"."ConfigJson", "a"."Enabled", "a"."ToolId"
FROM "AgentToolBindings" AS "a"
WHERE "a"."AgentId" = @__agentId_0
2025-09-01 17:33:30.371 +02:00 [INF] Executed DbCommand (19ms) [Parameters=[@__p_0='?' (DbType = Guid)], CommandType='"Text"', CommandTimeout='30']
SELECT "a"."Id", "a"."Autonomy", "a"."CreatedUtc", "a"."GuardrailsJson", "a"."Name", "a"."ParamsJson", "a"."Provider", "a"."Temperature", "a"."TemplateRef", "a"."TokenBudget", "a"."ToolBudget", "a"."TopP", "a"."UpdatedUtc"
FROM "Agents" AS "a"
WHERE "a"."Id" = @__p_0
LIMIT 1
2025-09-01 17:33:30.458 +02:00 [INF] Setting HTTP status code 200.
2025-09-01 17:33:30.458 +02:00 [INF] Setting HTTP status code 200.
2025-09-01 17:33:30.470 +02:00 [INF] Writing value of type 'List`1' as Json.
2025-09-01 17:33:30.473 +02:00 [INF] Writing value of type 'AgentResponse' as Json.
2025-09-01 17:33:30.487 +02:00 [INF] Executed endpoint 'HTTP: GET /agents/{id:guid}/bindings'
2025-09-01 17:33:30.487 +02:00 [INF] Executed endpoint 'HTTP: GET /agents/{id:guid}'
2025-09-01 17:33:30.500 +02:00 [INF] Request finished HTTP/1.1 GET http://localhost:5088/agents/1e5ffb9e-fb28-4405-b82b-b4647aa5a865 - 200 null application/json; charset=utf-8 879.0216ms
2025-09-01 17:33:30.500 +02:00 [INF] Request finished HTTP/1.1 GET http://localhost:5088/agents/1e5ffb9e-fb28-4405-b82b-b4647aa5a865/bindings - 200 null application/json; charset=utf-8 879.022ms
2025-09-01 17:33:32.312 +02:00 [INF] Request starting HTTP/1.1 OPTIONS http://localhost:5088/sessions - null null
2025-09-01 17:33:32.320 +02:00 [INF] CORS policy execution successful.
2025-09-01 17:33:32.326 +02:00 [INF] Request finished HTTP/1.1 OPTIONS http://localhost:5088/sessions - 204 null null 13.9414ms
2025-09-01 17:33:32.335 +02:00 [INF] Request starting HTTP/1.1 POST http://localhost:5088/sessions - application/json 50
2025-09-01 17:33:32.343 +02:00 [INF] CORS policy execution successful.
2025-09-01 17:33:32.353 +02:00 [INF] Executing endpoint 'HTTP: POST /sessions/'
2025-09-01 17:33:32.455 +02:00 [INF] Executed DbCommand (1ms) [Parameters=[@__p_0='?' (DbType = Guid)], CommandType='"Text"', CommandTimeout='30']
SELECT "a"."Id", "a"."Autonomy", "a"."CreatedUtc", "a"."GuardrailsJson", "a"."Name", "a"."ParamsJson", "a"."Provider", "a"."Temperature", "a"."TemplateRef", "a"."TokenBudget", "a"."ToolBudget", "a"."TopP", "a"."UpdatedUtc"
FROM "Agents" AS "a"
WHERE "a"."Id" = @__p_0
LIMIT 1
2025-09-01 17:33:32.595 +02:00 [INF] Executed DbCommand (12ms) [Parameters=[@p0='?' (DbType = Guid), @p1='?' (DbType = Guid), @p2='?' (DbType = DateTime), @p3='?' (DbType = Int32), @p4='?' (DbType = DateTime), @p5='?' (Size = 7), @p6='?'], CommandType='"Text"', CommandTimeout='30']
INSERT INTO "Sessions" ("Id", "AgentId", "EndedUtc", "LastEventIdx", "StartedUtc", "Status", "UserId")
VALUES (@p0, @p1, @p2, @p3, @p4, @p5, @p6);
2025-09-01 17:33:32.612 +02:00 [INF] Setting HTTP status code 201.
2025-09-01 17:33:32.620 +02:00 [INF] Writing value of type 'SessionCreatedResponse' as Json.
2025-09-01 17:33:32.627 +02:00 [INF] Executed endpoint 'HTTP: POST /sessions/'
2025-09-01 17:33:32.633 +02:00 [INF] Request finished HTTP/1.1 POST http://localhost:5088/sessions - 201 null application/json; charset=utf-8 298.4297ms
2025-09-01 17:33:32.647 +02:00 [INF] Request starting HTTP/1.1 OPTIONS http://localhost:5088/hubs/trace/negotiate?negotiateVersion=1 - null null
2025-09-01 17:33:32.655 +02:00 [INF] CORS policy execution successful.
2025-09-01 17:33:32.660 +02:00 [INF] Request finished HTTP/1.1 OPTIONS http://localhost:5088/hubs/trace/negotiate?negotiateVersion=1 - 204 null null 13.3713ms
2025-09-01 17:33:32.664 +02:00 [INF] Request starting HTTP/1.1 POST http://localhost:5088/hubs/trace/negotiate?negotiateVersion=1 - null 0
2025-09-01 17:33:32.675 +02:00 [INF] CORS policy execution successful.
2025-09-01 17:33:32.684 +02:00 [INF] ApiKey was not authenticated. Failure message: Missing API key
2025-09-01 17:33:32.690 +02:00 [INF] Executing endpoint '/hubs/trace/negotiate'
2025-09-01 17:33:32.706 +02:00 [INF] Executed endpoint '/hubs/trace/negotiate'
2025-09-01 17:33:32.712 +02:00 [INF] Request finished HTTP/1.1 POST http://localhost:5088/hubs/trace/negotiate?negotiateVersion=1 - 200 316 application/json 47.6879ms
2025-09-01 17:33:32.713 +02:00 [INF] Request starting HTTP/1.1 GET http://localhost:5088/hubs/trace?id=7zezLCQYpXwrr1TgFco3Xw - null null
2025-09-01 17:33:32.724 +02:00 [INF] CORS policy execution successful.
2025-09-01 17:33:32.728 +02:00 [INF] ApiKey was not authenticated. Failure message: Missing API key
2025-09-01 17:33:32.733 +02:00 [INF] Executing endpoint '/hubs/trace'
2025-09-01 17:33:34.679 +02:00 [INF] Request starting HTTP/1.1 OPTIONS http://localhost:5088/sessions/0ef7142f-a59c-4acf-82ad-64ed9944934d/messages - null null
2025-09-01 17:33:34.686 +02:00 [INF] CORS policy execution successful.
2025-09-01 17:33:34.690 +02:00 [INF] Request finished HTTP/1.1 OPTIONS http://localhost:5088/sessions/0ef7142f-a59c-4acf-82ad-64ed9944934d/messages - 204 null null 11.7818ms
2025-09-01 17:33:34.695 +02:00 [INF] Request starting HTTP/1.1 POST http://localhost:5088/sessions/0ef7142f-a59c-4acf-82ad-64ed9944934d/messages - application/json 18
2025-09-01 17:33:34.702 +02:00 [INF] CORS policy execution successful.
2025-09-01 17:33:34.706 +02:00 [INF] Executing endpoint 'HTTP: POST /sessions/{id:guid}/messages'
2025-09-01 17:33:34.725 +02:00 [INF] Executed DbCommand (0ms) [Parameters=[@__p_0='?' (DbType = Guid)], CommandType='"Text"', CommandTimeout='30']
SELECT "s"."Id", "s"."AgentId", "s"."EndedUtc", "s"."LastEventIdx", "s"."StartedUtc", "s"."Status", "s"."UserId"
FROM "Sessions" AS "s"
WHERE "s"."Id" = @__p_0
LIMIT 1
2025-09-01 17:33:34.763 +02:00 [INF] Executed DbCommand (18ms) [Parameters=[@p0='?' (DbType = Guid), @p1='?' (Size = 4), @p2='?' (DbType = DateTime), @p3='?' (Size = 4), @p4='?' (DbType = Guid), @p5='?'], CommandType='"Text"', CommandTimeout='30']
INSERT INTO "Messages" ("Id", "Content", "CreatedUtc", "Role", "SessionId", "TokenUsageJson")
VALUES (@p0, @p1, @p2, @p3, @p4, @p5);
2025-09-01 17:33:34.780 +02:00 [INF] Setting HTTP status code 202.
2025-09-01 17:33:34.786 +02:00 [INF] Executed DbCommand (1ms) [Parameters=[@__p_0='?' (DbType = Guid)], CommandType='"Text"', CommandTimeout='30']
SELECT "a"."Id", "a"."Autonomy", "a"."CreatedUtc", "a"."GuardrailsJson", "a"."Name", "a"."ParamsJson", "a"."Provider", "a"."Temperature", "a"."TemplateRef", "a"."TokenBudget", "a"."ToolBudget", "a"."TopP", "a"."UpdatedUtc"
FROM "Agents" AS "a"
WHERE "a"."Id" = @__p_0
LIMIT 1
2025-09-01 17:33:34.790 +02:00 [INF] Writing value of type 'AcceptedResponse' as Json.
2025-09-01 17:33:34.803 +02:00 [INF] Executed endpoint 'HTTP: POST /sessions/{id:guid}/messages'
2025-09-01 17:33:34.810 +02:00 [INF] Request finished HTTP/1.1 POST http://localhost:5088/sessions/0ef7142f-a59c-4acf-82ad-64ed9944934d/messages - 202 null application/json; charset=utf-8 114.9454ms
2025-09-01 17:33:34.893 +02:00 [INF] Executed DbCommand (1ms) [Parameters=[@__agentId_0='?' (DbType = Guid)], CommandType='"Text"', CommandTimeout='30']
SELECT "a"."Id", "a"."AgentId", "a"."ConfigJson", "a"."Enabled", "a"."ToolId", "t"."Id", "t"."Description", "t"."Enabled", "t"."InputSchemaJson", "t"."McpServerId", "t"."Name", "t"."Scope", "m"."Id", "m"."AuthType", "m"."BaseUrl", "m"."LastSeenUtc", "m"."MetadataJson", "m"."Name", "m"."Status"
FROM "AgentToolBindings" AS "a"
INNER JOIN "Tools" AS "t" ON "a"."ToolId" = "t"."Id"
INNER JOIN "McpServers" AS "m" ON "t"."McpServerId" = "m"."Id"
WHERE "a"."AgentId" = @__agentId_0 AND "a"."Enabled"
2025-09-01 17:33:34.998 +02:00 [INF] Executed DbCommand (0ms) [Parameters=[@__agentId_0='?' (DbType = Guid)], CommandType='"Text"', CommandTimeout='30']
SELECT "a"."Id", "a"."AgentId", "a"."ConfigJson", "a"."Enabled", "a"."ToolId", "t"."Id", "t"."Description", "t"."Enabled", "t"."InputSchemaJson", "t"."McpServerId", "t"."Name", "t"."Scope", "m"."Id", "m"."AuthType", "m"."BaseUrl", "m"."LastSeenUtc", "m"."MetadataJson", "m"."Name", "m"."Status"
FROM "AgentToolBindings" AS "a"
INNER JOIN "Tools" AS "t" ON "a"."ToolId" = "t"."Id"
INNER JOIN "McpServers" AS "m" ON "t"."McpServerId" = "m"."Id"
WHERE "a"."AgentId" = @__agentId_0 AND "a"."Enabled"
2025-09-01 17:33:36.118 +02:00 [INF] Executed DbCommand (1ms) [Parameters=[@__agentId_0='?' (DbType = Guid)], CommandType='"Text"', CommandTimeout='30']
SELECT "a"."Id", "a"."AgentId", "a"."ConfigJson", "a"."Enabled", "a"."ToolId", "t"."Id", "t"."Description", "t"."Enabled", "t"."InputSchemaJson", "t"."McpServerId", "t"."Name", "t"."Scope", "m"."Id", "m"."AuthType", "m"."BaseUrl", "m"."LastSeenUtc", "m"."MetadataJson", "m"."Name", "m"."Status"
FROM "AgentToolBindings" AS "a"
INNER JOIN "Tools" AS "t" ON "a"."ToolId" = "t"."Id"
INNER JOIN "McpServers" AS "m" ON "t"."McpServerId" = "m"."Id"
WHERE "a"."AgentId" = @__agentId_0 AND "a"."Enabled"
2025-09-01 17:33:36.135 +02:00 [INF] Executed DbCommand (1ms) [Parameters=[@__agentId_0='?' (DbType = Guid)], CommandType='"Text"', CommandTimeout='30']
SELECT "a"."Id", "a"."AgentId", "a"."ConfigJson", "a"."Enabled", "a"."ToolId", "t"."Id", "t"."Description", "t"."Enabled", "t"."InputSchemaJson", "t"."McpServerId", "t"."Name", "t"."Scope", "m"."Id", "m"."AuthType", "m"."BaseUrl", "m"."LastSeenUtc", "m"."MetadataJson", "m"."Name", "m"."Status"
FROM "AgentToolBindings" AS "a"
INNER JOIN "Tools" AS "t" ON "a"."ToolId" = "t"."Id"
INNER JOIN "McpServers" AS "m" ON "t"."McpServerId" = "m"."Id"
WHERE "a"."AgentId" = @__agentId_0 AND "a"."Enabled"
2025-09-01 17:33:36.523 +02:00 [INF] Executed DbCommand (0ms) [Parameters=[], CommandType='"Text"', CommandTimeout='30']
SELECT "m"."Id", "m"."AuthType", "m"."BaseUrl", "m"."LastSeenUtc", "m"."MetadataJson", "m"."Name", "m"."Status"
FROM "McpServers" AS "m"
ORDER BY "m"."LastSeenUtc"
2025-09-01 17:33:36.534 +02:00 [INF] Conectando a MCP WebSocket: ws://localhost:8970/ws
2025-09-01 17:33:37.200 +02:00 [INF] Executed DbCommand (0ms) [Parameters=[@__agentId_0='?' (DbType = Guid)], CommandType='"Text"', CommandTimeout='30']
SELECT "a"."Id", "a"."AgentId", "a"."ConfigJson", "a"."Enabled", "a"."ToolId", "t"."Id", "t"."Description", "t"."Enabled", "t"."InputSchemaJson", "t"."McpServerId", "t"."Name", "t"."Scope", "m"."Id", "m"."AuthType", "m"."BaseUrl", "m"."LastSeenUtc", "m"."MetadataJson", "m"."Name", "m"."Status"
FROM "AgentToolBindings" AS "a"
INNER JOIN "Tools" AS "t" ON "a"."ToolId" = "t"."Id"
INNER JOIN "McpServers" AS "m" ON "t"."McpServerId" = "m"."Id"
WHERE "a"."AgentId" = @__agentId_0 AND "a"."Enabled"
2025-09-01 17:33:39.830 +02:00 [INF] Executed DbCommand (19ms) [Parameters=[@p0='?' (DbType = Guid), @p1='?' (Size = 60), @p2='?' (DbType = DateTime), @p3='?' (Size = 9), @p4='?' (DbType = Guid), @p5='?'], CommandType='"Text"', CommandTimeout='30']
INSERT INTO "Messages" ("Id", "Content", "CreatedUtc", "Role", "SessionId", "TokenUsageJson")
VALUES (@p0, @p1, @p2, @p3, @p4, @p5);
2025-09-01 17:33:58.547 +02:00 [INF] Request starting HTTP/1.1 OPTIONS http://localhost:5088/mcp/servers - null null
2025-09-01 17:33:58.547 +02:00 [INF] Request starting HTTP/1.1 OPTIONS http://localhost:5088/mcp/tools/all - null null
2025-09-01 17:33:58.553 +02:00 [INF] CORS policy execution successful.
2025-09-01 17:33:58.553 +02:00 [INF] Executed endpoint '/hubs/trace'
2025-09-01 17:33:58.560 +02:00 [INF] CORS policy execution successful.
2025-09-01 17:33:58.564 +02:00 [INF] Request finished HTTP/1.1 OPTIONS http://localhost:5088/mcp/servers - 204 null null 17.3216ms
2025-09-01 17:33:58.572 +02:00 [INF] Request finished HTTP/1.1 GET http://localhost:5088/hubs/trace?id=7zezLCQYpXwrr1TgFco3Xw - 101 null null 25859.5192ms
2025-09-01 17:33:58.576 +02:00 [INF] Request finished HTTP/1.1 OPTIONS http://localhost:5088/mcp/tools/all - 204 null null 29.2291ms
2025-09-01 17:33:58.582 +02:00 [INF] Request starting HTTP/1.1 GET http://localhost:5088/mcp/servers - application/json null
2025-09-01 17:33:58.593 +02:00 [INF] Request starting HTTP/1.1 GET http://localhost:5088/mcp/tools/all - application/json null
2025-09-01 17:33:58.598 +02:00 [INF] CORS policy execution successful.
2025-09-01 17:33:58.602 +02:00 [INF] CORS policy execution successful.
2025-09-01 17:33:58.607 +02:00 [INF] Executing endpoint 'HTTP: GET /mcp/servers'
2025-09-01 17:33:58.610 +02:00 [INF] Executing endpoint 'HTTP: GET /mcp/tools/all'
2025-09-01 17:33:58.618 +02:00 [INF] Executed DbCommand (0ms) [Parameters=[], CommandType='"Text"', CommandTimeout='30']
SELECT "m"."Id", "m"."AuthType", "m"."BaseUrl", "m"."LastSeenUtc", "m"."MetadataJson", "m"."Name", "m"."Status"
FROM "McpServers" AS "m"
ORDER BY "m"."LastSeenUtc"
2025-09-01 17:33:58.626 +02:00 [INF] Setting HTTP status code 200.
2025-09-01 17:33:58.634 +02:00 [INF] Writing value of type 'List`1' as Json.
2025-09-01 17:33:58.636 +02:00 [INF] Executed DbCommand (0ms) [Parameters=[], CommandType='"Text"', CommandTimeout='30']
SELECT "t"."Id", "t"."Name", "t"."Description", "t"."Scope", "t"."InputSchemaJson", "t"."McpServerId" AS "ServerId", "m"."Name" AS "ServerName"
FROM "Tools" AS "t"
INNER JOIN "McpServers" AS "m" ON "t"."McpServerId" = "m"."Id"
2025-09-01 17:33:58.643 +02:00 [INF] Executed endpoint 'HTTP: GET /mcp/servers'
2025-09-01 17:33:58.647 +02:00 [INF] Setting HTTP status code 200.
2025-09-01 17:33:58.650 +02:00 [INF] Request finished HTTP/1.1 GET http://localhost:5088/mcp/servers - 200 null application/json; charset=utf-8 68.4983ms
2025-09-01 17:33:58.658 +02:00 [INF] Writing value of type 'List`1' as Json.
2025-09-01 17:33:58.668 +02:00 [INF] Executed endpoint 'HTTP: GET /mcp/tools/all'
2025-09-01 17:33:58.674 +02:00 [INF] Request finished HTTP/1.1 GET http://localhost:5088/mcp/tools/all - 200 null application/json; charset=utf-8 80.7585ms
2025-09-01 17:34:02.045 +02:00 [INF] Request starting HTTP/1.1 OPTIONS http://localhost:5088/sessions - null null
2025-09-01 17:34:02.052 +02:00 [INF] CORS policy execution successful.
2025-09-01 17:34:02.058 +02:00 [INF] Request finished HTTP/1.1 OPTIONS http://localhost:5088/sessions - 204 null null 12.6469ms
2025-09-01 17:34:02.064 +02:00 [INF] Request starting HTTP/1.1 POST http://localhost:5088/sessions - application/json 50
2025-09-01 17:34:02.069 +02:00 [INF] CORS policy execution successful.
2025-09-01 17:34:02.073 +02:00 [INF] Executing endpoint 'HTTP: POST /sessions/'
2025-09-01 17:34:02.082 +02:00 [INF] Executed DbCommand (0ms) [Parameters=[@__p_0='?' (DbType = Guid)], CommandType='"Text"', CommandTimeout='30']
SELECT "a"."Id", "a"."Autonomy", "a"."CreatedUtc", "a"."GuardrailsJson", "a"."Name", "a"."ParamsJson", "a"."Provider", "a"."Temperature", "a"."TemplateRef", "a"."TokenBudget", "a"."ToolBudget", "a"."TopP", "a"."UpdatedUtc"
FROM "Agents" AS "a"
WHERE "a"."Id" = @__p_0
LIMIT 1
2025-09-01 17:34:02.108 +02:00 [INF] Executed DbCommand (18ms) [Parameters=[@p0='?' (DbType = Guid), @p1='?' (DbType = Guid), @p2='?' (DbType = DateTime), @p3='?' (DbType = Int32), @p4='?' (DbType = DateTime), @p5='?' (Size = 7), @p6='?'], CommandType='"Text"', CommandTimeout='30']
INSERT INTO "Sessions" ("Id", "AgentId", "EndedUtc", "LastEventIdx", "StartedUtc", "Status", "UserId")
VALUES (@p0, @p1, @p2, @p3, @p4, @p5, @p6);
2025-09-01 17:34:02.115 +02:00 [INF] Setting HTTP status code 201.
2025-09-01 17:34:02.119 +02:00 [INF] Writing value of type 'SessionCreatedResponse' as Json.
2025-09-01 17:34:02.122 +02:00 [INF] Executed endpoint 'HTTP: POST /sessions/'
2025-09-01 17:34:02.128 +02:00 [INF] Request finished HTTP/1.1 POST http://localhost:5088/sessions - 201 null application/json; charset=utf-8 63.6772ms
2025-09-01 17:34:02.134 +02:00 [INF] Request starting HTTP/1.1 OPTIONS http://localhost:5088/hubs/trace/negotiate?negotiateVersion=1 - null null
2025-09-01 17:34:02.138 +02:00 [INF] CORS policy execution successful.
2025-09-01 17:34:02.143 +02:00 [INF] Request finished HTTP/1.1 OPTIONS http://localhost:5088/hubs/trace/negotiate?negotiateVersion=1 - 204 null null 9.5588ms
2025-09-01 17:34:02.146 +02:00 [INF] Request starting HTTP/1.1 POST http://localhost:5088/hubs/trace/negotiate?negotiateVersion=1 - null 0
2025-09-01 17:34:02.154 +02:00 [INF] CORS policy execution successful.
2025-09-01 17:34:02.158 +02:00 [INF] ApiKey was not authenticated. Failure message: Missing API key
2025-09-01 17:34:02.163 +02:00 [INF] Executing endpoint '/hubs/trace/negotiate'
2025-09-01 17:34:02.168 +02:00 [INF] Executed endpoint '/hubs/trace/negotiate'
2025-09-01 17:34:02.172 +02:00 [INF] Request starting HTTP/1.1 GET http://localhost:5088/hubs/trace?id=FvWMqhQmchTxYNSYVL6ohg - null null
2025-09-01 17:34:02.172 +02:00 [INF] Request finished HTTP/1.1 POST http://localhost:5088/hubs/trace/negotiate?negotiateVersion=1 - 200 316 application/json 26.8219ms
2025-09-01 17:34:02.178 +02:00 [INF] CORS policy execution successful.
2025-09-01 17:34:02.187 +02:00 [INF] ApiKey was not authenticated. Failure message: Missing API key
2025-09-01 17:34:02.192 +02:00 [INF] Executing endpoint '/hubs/trace'
2025-09-01 17:34:05.311 +02:00 [INF] Request starting HTTP/1.1 OPTIONS http://localhost:5088/sessions/aeac5761-4f3d-49c4-9331-a33b82ff6da3/messages - null null
2025-09-01 17:34:05.318 +02:00 [INF] CORS policy execution successful.
2025-09-01 17:34:05.322 +02:00 [INF] Request finished HTTP/1.1 OPTIONS http://localhost:5088/sessions/aeac5761-4f3d-49c4-9331-a33b82ff6da3/messages - 204 null null 11.6232ms
2025-09-01 17:34:05.328 +02:00 [INF] Request starting HTTP/1.1 POST http://localhost:5088/sessions/aeac5761-4f3d-49c4-9331-a33b82ff6da3/messages - application/json 18
2025-09-01 17:34:05.333 +02:00 [INF] CORS policy execution successful.
2025-09-01 17:34:05.338 +02:00 [INF] Executing endpoint 'HTTP: POST /sessions/{id:guid}/messages'
2025-09-01 17:34:05.344 +02:00 [INF] Executed DbCommand (0ms) [Parameters=[@__p_0='?' (DbType = Guid)], CommandType='"Text"', CommandTimeout='30']
SELECT "s"."Id", "s"."AgentId", "s"."EndedUtc", "s"."LastEventIdx", "s"."StartedUtc", "s"."Status", "s"."UserId"
FROM "Sessions" AS "s"
WHERE "s"."Id" = @__p_0
LIMIT 1
2025-09-01 17:34:05.372 +02:00 [INF] Executed DbCommand (18ms) [Parameters=[@p0='?' (DbType = Guid), @p1='?' (Size = 4), @p2='?' (DbType = DateTime), @p3='?' (Size = 4), @p4='?' (DbType = Guid), @p5='?'], CommandType='"Text"', CommandTimeout='30']
INSERT INTO "Messages" ("Id", "Content", "CreatedUtc", "Role", "SessionId", "TokenUsageJson")
VALUES (@p0, @p1, @p2, @p3, @p4, @p5);
2025-09-01 17:34:05.382 +02:00 [INF] Setting HTTP status code 202.
2025-09-01 17:34:05.384 +02:00 [INF] Executed DbCommand (0ms) [Parameters=[@__p_0='?' (DbType = Guid)], CommandType='"Text"', CommandTimeout='30']
SELECT "a"."Id", "a"."Autonomy", "a"."CreatedUtc", "a"."GuardrailsJson", "a"."Name", "a"."ParamsJson", "a"."Provider", "a"."Temperature", "a"."TemplateRef", "a"."TokenBudget", "a"."ToolBudget", "a"."TopP", "a"."UpdatedUtc"
FROM "Agents" AS "a"
WHERE "a"."Id" = @__p_0
LIMIT 1
2025-09-01 17:34:05.389 +02:00 [INF] Writing value of type 'AcceptedResponse' as Json.
2025-09-01 17:34:05.402 +02:00 [INF] Executed endpoint 'HTTP: POST /sessions/{id:guid}/messages'
2025-09-01 17:34:05.403 +02:00 [INF] Executed DbCommand (1ms) [Parameters=[@__agentId_0='?' (DbType = Guid)], CommandType='"Text"', CommandTimeout='30']
SELECT "a"."Id", "a"."AgentId", "a"."ConfigJson", "a"."Enabled", "a"."ToolId", "t"."Id", "t"."Description", "t"."Enabled", "t"."InputSchemaJson", "t"."McpServerId", "t"."Name", "t"."Scope", "m"."Id", "m"."AuthType", "m"."BaseUrl", "m"."LastSeenUtc", "m"."MetadataJson", "m"."Name", "m"."Status"
FROM "AgentToolBindings" AS "a"
INNER JOIN "Tools" AS "t" ON "a"."ToolId" = "t"."Id"
INNER JOIN "McpServers" AS "m" ON "t"."McpServerId" = "m"."Id"
WHERE "a"."AgentId" = @__agentId_0 AND "a"."Enabled"
2025-09-01 17:34:05.409 +02:00 [INF] Request finished HTTP/1.1 POST http://localhost:5088/sessions/aeac5761-4f3d-49c4-9331-a33b82ff6da3/messages - 202 null application/json; charset=utf-8 81.2422ms
2025-09-01 17:34:05.423 +02:00 [INF] Executed DbCommand (0ms) [Parameters=[@__agentId_0='?' (DbType = Guid)], CommandType='"Text"', CommandTimeout='30']
SELECT "a"."Id", "a"."AgentId", "a"."ConfigJson", "a"."Enabled", "a"."ToolId", "t"."Id", "t"."Description", "t"."Enabled", "t"."InputSchemaJson", "t"."McpServerId", "t"."Name", "t"."Scope", "m"."Id", "m"."AuthType", "m"."BaseUrl", "m"."LastSeenUtc", "m"."MetadataJson", "m"."Name", "m"."Status"
FROM "AgentToolBindings" AS "a"
INNER JOIN "Tools" AS "t" ON "a"."ToolId" = "t"."Id"
INNER JOIN "McpServers" AS "m" ON "t"."McpServerId" = "m"."Id"
WHERE "a"."AgentId" = @__agentId_0 AND "a"."Enabled"
2025-09-01 17:34:06.600 +02:00 [INF] Executed DbCommand (9ms) [Parameters=[@p0='?' (DbType = Guid), @p1='?' (Size = 35), @p2='?' (DbType = DateTime), @p3='?' (Size = 9), @p4='?' (DbType = Guid), @p5='?'], CommandType='"Text"', CommandTimeout='30']
INSERT INTO "Messages" ("Id", "Content", "CreatedUtc", "Role", "SessionId", "TokenUsageJson")
VALUES (@p0, @p1, @p2, @p3, @p4, @p5);
2025-09-01 17:34:17.371 +02:00 [INF] Request starting HTTP/1.1 OPTIONS http://localhost:5088/sessions/aeac5761-4f3d-49c4-9331-a33b82ff6da3/messages - null null
2025-09-01 17:34:17.379 +02:00 [INF] CORS policy execution successful.
2025-09-01 17:34:17.383 +02:00 [INF] Request finished HTTP/1.1 OPTIONS http://localhost:5088/sessions/aeac5761-4f3d-49c4-9331-a33b82ff6da3/messages - 204 null null 12.344ms
2025-09-01 17:34:17.389 +02:00 [INF] Request starting HTTP/1.1 POST http://localhost:5088/sessions/aeac5761-4f3d-49c4-9331-a33b82ff6da3/messages - application/json 31
2025-09-01 17:34:17.396 +02:00 [INF] CORS policy execution successful.
2025-09-01 17:34:17.402 +02:00 [INF] Executing endpoint 'HTTP: POST /sessions/{id:guid}/messages'
2025-09-01 17:34:17.408 +02:00 [INF] Executed DbCommand (0ms) [Parameters=[@__p_0='?' (DbType = Guid)], CommandType='"Text"', CommandTimeout='30']
SELECT "s"."Id", "s"."AgentId", "s"."EndedUtc", "s"."LastEventIdx", "s"."StartedUtc", "s"."Status", "s"."UserId"
FROM "Sessions" AS "s"
WHERE "s"."Id" = @__p_0
LIMIT 1
2025-09-01 17:34:17.435 +02:00 [INF] Executed DbCommand (19ms) [Parameters=[@p0='?' (DbType = Guid), @p1='?' (Size = 17), @p2='?' (DbType = DateTime), @p3='?' (Size = 4), @p4='?' (DbType = Guid), @p5='?'], CommandType='"Text"', CommandTimeout='30']
INSERT INTO "Messages" ("Id", "Content", "CreatedUtc", "Role", "SessionId", "TokenUsageJson")
VALUES (@p0, @p1, @p2, @p3, @p4, @p5);
2025-09-01 17:34:17.443 +02:00 [INF] Setting HTTP status code 202.
2025-09-01 17:34:17.444 +02:00 [INF] Executed DbCommand (0ms) [Parameters=[@__p_0='?' (DbType = Guid)], CommandType='"Text"', CommandTimeout='30']
SELECT "a"."Id", "a"."Autonomy", "a"."CreatedUtc", "a"."GuardrailsJson", "a"."Name", "a"."ParamsJson", "a"."Provider", "a"."Temperature", "a"."TemplateRef", "a"."TokenBudget", "a"."ToolBudget", "a"."TopP", "a"."UpdatedUtc"
FROM "Agents" AS "a"
WHERE "a"."Id" = @__p_0
LIMIT 1
2025-09-01 17:34:17.448 +02:00 [INF] Writing value of type 'AcceptedResponse' as Json.
2025-09-01 17:34:17.458 +02:00 [INF] Executed endpoint 'HTTP: POST /sessions/{id:guid}/messages'
2025-09-01 17:34:17.465 +02:00 [INF] Request finished HTTP/1.1 POST http://localhost:5088/sessions/aeac5761-4f3d-49c4-9331-a33b82ff6da3/messages - 202 null application/json; charset=utf-8 75.9512ms
2025-09-01 17:34:17.465 +02:00 [INF] Executed DbCommand (1ms) [Parameters=[@__agentId_0='?' (DbType = Guid)], CommandType='"Text"', CommandTimeout='30']
SELECT "a"."Id", "a"."AgentId", "a"."ConfigJson", "a"."Enabled", "a"."ToolId", "t"."Id", "t"."Description", "t"."Enabled", "t"."InputSchemaJson", "t"."McpServerId", "t"."Name", "t"."Scope", "m"."Id", "m"."AuthType", "m"."BaseUrl", "m"."LastSeenUtc", "m"."MetadataJson", "m"."Name", "m"."Status"
FROM "AgentToolBindings" AS "a"
INNER JOIN "Tools" AS "t" ON "a"."ToolId" = "t"."Id"
INNER JOIN "McpServers" AS "m" ON "t"."McpServerId" = "m"."Id"
WHERE "a"."AgentId" = @__agentId_0 AND "a"."Enabled"
2025-09-01 17:34:17.481 +02:00 [INF] Executed DbCommand (0ms) [Parameters=[@__agentId_0='?' (DbType = Guid)], CommandType='"Text"', CommandTimeout='30']
SELECT "a"."Id", "a"."AgentId", "a"."ConfigJson", "a"."Enabled", "a"."ToolId", "t"."Id", "t"."Description", "t"."Enabled", "t"."InputSchemaJson", "t"."McpServerId", "t"."Name", "t"."Scope", "m"."Id", "m"."AuthType", "m"."BaseUrl", "m"."LastSeenUtc", "m"."MetadataJson", "m"."Name", "m"."Status"
FROM "AgentToolBindings" AS "a"
INNER JOIN "Tools" AS "t" ON "a"."ToolId" = "t"."Id"
INNER JOIN "McpServers" AS "m" ON "t"."McpServerId" = "m"."Id"
WHERE "a"."AgentId" = @__agentId_0 AND "a"."Enabled"
2025-09-01 17:34:18.033 +02:00 [INF] Executed DbCommand (0ms) [Parameters=[@__agentId_0='?' (DbType = Guid)], CommandType='"Text"', CommandTimeout='30']
SELECT "a"."Id", "a"."AgentId", "a"."ConfigJson", "a"."Enabled", "a"."ToolId", "t"."Id", "t"."Description", "t"."Enabled", "t"."InputSchemaJson", "t"."McpServerId", "t"."Name", "t"."Scope", "m"."Id", "m"."AuthType", "m"."BaseUrl", "m"."LastSeenUtc", "m"."MetadataJson", "m"."Name", "m"."Status"
FROM "AgentToolBindings" AS "a"
INNER JOIN "Tools" AS "t" ON "a"."ToolId" = "t"."Id"
INNER JOIN "McpServers" AS "m" ON "t"."McpServerId" = "m"."Id"
WHERE "a"."AgentId" = @__agentId_0 AND "a"."Enabled"
2025-09-01 17:34:18.048 +02:00 [INF] Executed DbCommand (1ms) [Parameters=[@__agentId_0='?' (DbType = Guid)], CommandType='"Text"', CommandTimeout='30']
SELECT "a"."Id", "a"."AgentId", "a"."ConfigJson", "a"."Enabled", "a"."ToolId", "t"."Id", "t"."Description", "t"."Enabled", "t"."InputSchemaJson", "t"."McpServerId", "t"."Name", "t"."Scope", "m"."Id", "m"."AuthType", "m"."BaseUrl", "m"."LastSeenUtc", "m"."MetadataJson", "m"."Name", "m"."Status"
FROM "AgentToolBindings" AS "a"
INNER JOIN "Tools" AS "t" ON "a"."ToolId" = "t"."Id"
INNER JOIN "McpServers" AS "m" ON "t"."McpServerId" = "m"."Id"
WHERE "a"."AgentId" = @__agentId_0 AND "a"."Enabled"
2025-09-01 17:34:18.461 +02:00 [INF] Executed DbCommand (0ms) [Parameters=[], CommandType='"Text"', CommandTimeout='30']
SELECT "m"."Id", "m"."AuthType", "m"."BaseUrl", "m"."LastSeenUtc", "m"."MetadataJson", "m"."Name", "m"."Status"
FROM "McpServers" AS "m"
ORDER BY "m"."LastSeenUtc"
2025-09-01 17:34:18.469 +02:00 [INF] Conectando a MCP WebSocket: ws://localhost:8970/ws
2025-09-01 17:34:18.672 +02:00 [INF] Executed DbCommand (1ms) [Parameters=[@__agentId_0='?' (DbType = Guid)], CommandType='"Text"', CommandTimeout='30']
SELECT "a"."Id", "a"."AgentId", "a"."ConfigJson", "a"."Enabled", "a"."ToolId", "t"."Id", "t"."Description", "t"."Enabled", "t"."InputSchemaJson", "t"."McpServerId", "t"."Name", "t"."Scope", "m"."Id", "m"."AuthType", "m"."BaseUrl", "m"."LastSeenUtc", "m"."MetadataJson", "m"."Name", "m"."Status"
FROM "AgentToolBindings" AS "a"
INNER JOIN "Tools" AS "t" ON "a"."ToolId" = "t"."Id"
INNER JOIN "McpServers" AS "m" ON "t"."McpServerId" = "m"."Id"
WHERE "a"."AgentId" = @__agentId_0 AND "a"."Enabled"
2025-09-01 17:34:20.137 +02:00 [INF] Executed DbCommand (18ms) [Parameters=[@p0='?' (DbType = Guid), @p1='?' (Size = 121), @p2='?' (DbType = DateTime), @p3='?' (Size = 9), @p4='?' (DbType = Guid), @p5='?'], CommandType='"Text"', CommandTimeout='30']
INSERT INTO "Messages" ("Id", "Content", "CreatedUtc", "Role", "SessionId", "TokenUsageJson")
VALUES (@p0, @p1, @p2, @p3, @p4, @p5);
2025-09-01 17:34:29.900 +02:00 [INF] Request starting HTTP/1.1 OPTIONS http://localhost:5088/sessions/aeac5761-4f3d-49c4-9331-a33b82ff6da3/messages - null null
2025-09-01 17:34:29.908 +02:00 [INF] CORS policy execution successful.
2025-09-01 17:34:29.912 +02:00 [INF] Request finished HTTP/1.1 OPTIONS http://localhost:5088/sessions/aeac5761-4f3d-49c4-9331-a33b82ff6da3/messages - 204 null null 12.4939ms
2025-09-01 17:34:29.919 +02:00 [INF] Request starting HTTP/1.1 POST http://localhost:5088/sessions/aeac5761-4f3d-49c4-9331-a33b82ff6da3/messages - application/json 21
2025-09-01 17:34:29.924 +02:00 [INF] CORS policy execution successful.
2025-09-01 17:34:29.929 +02:00 [INF] Executing endpoint 'HTTP: POST /sessions/{id:guid}/messages'
2025-09-01 17:34:29.937 +02:00 [INF] Executed DbCommand (0ms) [Parameters=[@__p_0='?' (DbType = Guid)], CommandType='"Text"', CommandTimeout='30']
SELECT "s"."Id", "s"."AgentId", "s"."EndedUtc", "s"."LastEventIdx", "s"."StartedUtc", "s"."Status", "s"."UserId"
FROM "Sessions" AS "s"
WHERE "s"."Id" = @__p_0
LIMIT 1
2025-09-01 17:34:29.962 +02:00 [INF] Executed DbCommand (18ms) [Parameters=[@p0='?' (DbType = Guid), @p1='?' (Size = 7), @p2='?' (DbType = DateTime), @p3='?' (Size = 4), @p4='?' (DbType = Guid), @p5='?'], CommandType='"Text"', CommandTimeout='30']
INSERT INTO "Messages" ("Id", "Content", "CreatedUtc", "Role", "SessionId", "TokenUsageJson")
VALUES (@p0, @p1, @p2, @p3, @p4, @p5);
2025-09-01 17:34:29.970 +02:00 [INF] Setting HTTP status code 202.
2025-09-01 17:34:29.971 +02:00 [INF] Executed DbCommand (1ms) [Parameters=[@__p_0='?' (DbType = Guid)], CommandType='"Text"', CommandTimeout='30']
SELECT "a"."Id", "a"."Autonomy", "a"."CreatedUtc", "a"."GuardrailsJson", "a"."Name", "a"."ParamsJson", "a"."Provider", "a"."Temperature", "a"."TemplateRef", "a"."TokenBudget", "a"."ToolBudget", "a"."TopP", "a"."UpdatedUtc"
FROM "Agents" AS "a"
WHERE "a"."Id" = @__p_0
LIMIT 1
2025-09-01 17:34:29.975 +02:00 [INF] Writing value of type 'AcceptedResponse' as Json.
2025-09-01 17:34:29.988 +02:00 [INF] Executed DbCommand (1ms) [Parameters=[@__agentId_0='?' (DbType = Guid)], CommandType='"Text"', CommandTimeout='30']
SELECT "a"."Id", "a"."AgentId", "a"."ConfigJson", "a"."Enabled", "a"."ToolId", "t"."Id", "t"."Description", "t"."Enabled", "t"."InputSchemaJson", "t"."McpServerId", "t"."Name", "t"."Scope", "m"."Id", "m"."AuthType", "m"."BaseUrl", "m"."LastSeenUtc", "m"."MetadataJson", "m"."Name", "m"."Status"
FROM "AgentToolBindings" AS "a"
INNER JOIN "Tools" AS "t" ON "a"."ToolId" = "t"."Id"
INNER JOIN "McpServers" AS "m" ON "t"."McpServerId" = "m"."Id"
WHERE "a"."AgentId" = @__agentId_0 AND "a"."Enabled"
2025-09-01 17:34:29.989 +02:00 [INF] Executed endpoint 'HTTP: POST /sessions/{id:guid}/messages'
2025-09-01 17:34:30.002 +02:00 [INF] Request finished HTTP/1.1 POST http://localhost:5088/sessions/aeac5761-4f3d-49c4-9331-a33b82ff6da3/messages - 202 null application/json; charset=utf-8 82.5537ms
2025-09-01 17:34:30.002 +02:00 [INF] Executed DbCommand (1ms) [Parameters=[@__agentId_0='?' (DbType = Guid)], CommandType='"Text"', CommandTimeout='30']
SELECT "a"."Id", "a"."AgentId", "a"."ConfigJson", "a"."Enabled", "a"."ToolId", "t"."Id", "t"."Description", "t"."Enabled", "t"."InputSchemaJson", "t"."McpServerId", "t"."Name", "t"."Scope", "m"."Id", "m"."AuthType", "m"."BaseUrl", "m"."LastSeenUtc", "m"."MetadataJson", "m"."Name", "m"."Status"
FROM "AgentToolBindings" AS "a"
INNER JOIN "Tools" AS "t" ON "a"."ToolId" = "t"."Id"
INNER JOIN "McpServers" AS "m" ON "t"."McpServerId" = "m"."Id"
WHERE "a"."AgentId" = @__agentId_0 AND "a"."Enabled"
2025-09-01 17:34:30.717 +02:00 [INF] Executed DbCommand (0ms) [Parameters=[@__agentId_0='?' (DbType = Guid)], CommandType='"Text"', CommandTimeout='30']
SELECT "a"."Id", "a"."AgentId", "a"."ConfigJson", "a"."Enabled", "a"."ToolId", "t"."Id", "t"."Description", "t"."Enabled", "t"."InputSchemaJson", "t"."McpServerId", "t"."Name", "t"."Scope", "m"."Id", "m"."AuthType", "m"."BaseUrl", "m"."LastSeenUtc", "m"."MetadataJson", "m"."Name", "m"."Status"
FROM "AgentToolBindings" AS "a"
INNER JOIN "Tools" AS "t" ON "a"."ToolId" = "t"."Id"
INNER JOIN "McpServers" AS "m" ON "t"."McpServerId" = "m"."Id"
WHERE "a"."AgentId" = @__agentId_0 AND "a"."Enabled"
2025-09-01 17:34:30.724 +02:00 [INF] Executed DbCommand (0ms) [Parameters=[@__agentId_0='?' (DbType = Guid)], CommandType='"Text"', CommandTimeout='30']
SELECT "a"."Id", "a"."AgentId", "a"."ConfigJson", "a"."Enabled", "a"."ToolId", "t"."Id", "t"."Description", "t"."Enabled", "t"."InputSchemaJson", "t"."McpServerId", "t"."Name", "t"."Scope", "m"."Id", "m"."AuthType", "m"."BaseUrl", "m"."LastSeenUtc", "m"."MetadataJson", "m"."Name", "m"."Status"
FROM "AgentToolBindings" AS "a"
INNER JOIN "Tools" AS "t" ON "a"."ToolId" = "t"."Id"
INNER JOIN "McpServers" AS "m" ON "t"."McpServerId" = "m"."Id"
WHERE "a"."AgentId" = @__agentId_0 AND "a"."Enabled"
2025-09-01 17:34:31.391 +02:00 [INF] Executed DbCommand (0ms) [Parameters=[], CommandType='"Text"', CommandTimeout='30']
SELECT "m"."Id", "m"."AuthType", "m"."BaseUrl", "m"."LastSeenUtc", "m"."MetadataJson", "m"."Name", "m"."Status"
FROM "McpServers" AS "m"
ORDER BY "m"."LastSeenUtc"
2025-09-01 17:34:31.401 +02:00 [INF] Conectando a MCP WebSocket: ws://localhost:8970/ws
2025-09-01 17:34:31.587 +02:00 [ERR] Error inesperado en WebSocket: MCP Tool error: No se encontró el archivo de herramienta: ../../bundles\kb-tools\tools/summarize.js
2025-09-01 17:34:32.075 +02:00 [INF] Executed DbCommand (9ms) [Parameters=[@p0='?' (DbType = Guid), @p1='?' (Size = 149), @p2='?' (DbType = DateTime), @p3='?' (Size = 9), @p4='?' (DbType = Guid), @p5='?'], CommandType='"Text"', CommandTimeout='30']
INSERT INTO "Messages" ("Id", "Content", "CreatedUtc", "Role", "SessionId", "TokenUsageJson")
VALUES (@p0, @p1, @p2, @p3, @p4, @p5);
2025-09-01 17:42:53.591 +02:00 [INF] Application is shutting down...
2025-09-01 17:42:53.596 +02:00 [INF] Executed endpoint '/hubs/trace'
2025-09-01 17:42:53.603 +02:00 [INF] Request finished HTTP/1.1 GET http://localhost:5088/hubs/trace?id=FvWMqhQmchTxYNSYVL6ohg - 101 null null 531431.2998ms
2025-09-01 17:45:34.204 +02:00 [INF] User profile is available. Using 'C:\Users\Usuario\AppData\Local\ASP.NET\DataProtection-Keys' as key repository and Windows DPAPI to encrypt keys at rest.
2025-09-01 17:45:34.585 +02:00 [INF] Now listening on: http://localhost:5088
2025-09-01 17:45:34.589 +02:00 [INF] Application started. Press Ctrl+C to shut down.
2025-09-01 17:45:34.590 +02:00 [INF] Hosting environment: Development
2025-09-01 17:45:34.591 +02:00 [INF] Content root path: D:\BearDevelopment\AutoAgent\autoagent_back\src\AutoAgentes.Api
2025-09-01 17:45:37.799 +02:00 [INF] Request starting HTTP/1.1 OPTIONS http://localhost:5088/agents/1e5ffb9e-fb28-4405-b82b-b4647aa5a865 - null null
2025-09-01 17:45:37.799 +02:00 [INF] Request starting HTTP/1.1 OPTIONS http://localhost:5088/agents/1e5ffb9e-fb28-4405-b82b-b4647aa5a865/bindings - null null
2025-09-01 17:45:37.978 +02:00 [INF] CORS policy execution successful.
2025-09-01 17:45:37.978 +02:00 [INF] CORS policy execution successful.
2025-09-01 17:45:38.007 +02:00 [INF] Request finished HTTP/1.1 OPTIONS http://localhost:5088/agents/1e5ffb9e-fb28-4405-b82b-b4647aa5a865/bindings - 204 null null 229.1228ms
2025-09-01 17:45:38.007 +02:00 [INF] Request finished HTTP/1.1 OPTIONS http://localhost:5088/agents/1e5ffb9e-fb28-4405-b82b-b4647aa5a865 - 204 null null 230.2553ms
2025-09-01 17:45:38.038 +02:00 [INF] Request starting HTTP/1.1 GET http://localhost:5088/agents/1e5ffb9e-fb28-4405-b82b-b4647aa5a865 - application/json null
2025-09-01 17:45:38.038 +02:00 [INF] Request starting HTTP/1.1 GET http://localhost:5088/agents/1e5ffb9e-fb28-4405-b82b-b4647aa5a865/bindings - application/json null
2025-09-01 17:45:38.053 +02:00 [INF] CORS policy execution successful.
2025-09-01 17:45:38.053 +02:00 [INF] CORS policy execution successful.
2025-09-01 17:45:38.083 +02:00 [INF] Executing endpoint 'HTTP: GET /agents/{id:guid}'
2025-09-01 17:45:38.083 +02:00 [INF] Executing endpoint 'HTTP: GET /agents/{id:guid}/bindings'
2025-09-01 17:45:38.849 +02:00 [INF] Executed DbCommand (22ms) [Parameters=[@__p_0='?' (DbType = Guid)], CommandType='"Text"', CommandTimeout='30']
SELECT "a"."Id", "a"."Autonomy", "a"."CreatedUtc", "a"."GuardrailsJson", "a"."Name", "a"."ParamsJson", "a"."Provider", "a"."Temperature", "a"."TemplateRef", "a"."TokenBudget", "a"."ToolBudget", "a"."TopP", "a"."UpdatedUtc"
FROM "Agents" AS "a"
WHERE "a"."Id" = @__p_0
LIMIT 1
2025-09-01 17:45:38.849 +02:00 [INF] Executed DbCommand (14ms) [Parameters=[@__agentId_0='?' (DbType = Guid)], CommandType='"Text"', CommandTimeout='30']
SELECT "a"."Id", "a"."AgentId", "a"."ConfigJson", "a"."Enabled", "a"."ToolId"
FROM "AgentToolBindings" AS "a"
WHERE "a"."AgentId" = @__agentId_0
2025-09-01 17:45:38.965 +02:00 [INF] Setting HTTP status code 200.
2025-09-01 17:45:38.965 +02:00 [INF] Setting HTTP status code 200.
2025-09-01 17:45:38.978 +02:00 [INF] Writing value of type 'List`1' as Json.
2025-09-01 17:45:38.981 +02:00 [INF] Writing value of type 'AgentResponse' as Json.
2025-09-01 17:45:39.002 +02:00 [INF] Executed endpoint 'HTTP: GET /agents/{id:guid}'
2025-09-01 17:45:39.002 +02:00 [INF] Executed endpoint 'HTTP: GET /agents/{id:guid}/bindings'
2025-09-01 17:45:39.017 +02:00 [INF] Request finished HTTP/1.1 GET http://localhost:5088/agents/1e5ffb9e-fb28-4405-b82b-b4647aa5a865/bindings - 200 null application/json; charset=utf-8 979.6439ms
2025-09-01 17:45:39.017 +02:00 [INF] Request finished HTTP/1.1 GET http://localhost:5088/agents/1e5ffb9e-fb28-4405-b82b-b4647aa5a865 - 200 null application/json; charset=utf-8 979.6439ms
2025-09-01 17:45:41.077 +02:00 [INF] Request starting HTTP/1.1 OPTIONS http://localhost:5088/sessions - null null
2025-09-01 17:45:41.082 +02:00 [INF] CORS policy execution successful.
2025-09-01 17:45:41.087 +02:00 [INF] Request finished HTTP/1.1 OPTIONS http://localhost:5088/sessions - 204 null null 10.7949ms
2025-09-01 17:45:41.096 +02:00 [INF] Request starting HTTP/1.1 POST http://localhost:5088/sessions - application/json 50
2025-09-01 17:45:41.102 +02:00 [INF] CORS policy execution successful.
2025-09-01 17:45:41.112 +02:00 [INF] Executing endpoint 'HTTP: POST /sessions/'
2025-09-01 17:45:41.181 +02:00 [INF] Executed DbCommand (0ms) [Parameters=[@__p_0='?' (DbType = Guid)], CommandType='"Text"', CommandTimeout='30']
SELECT "a"."Id", "a"."Autonomy", "a"."CreatedUtc", "a"."GuardrailsJson", "a"."Name", "a"."ParamsJson", "a"."Provider", "a"."Temperature", "a"."TemplateRef", "a"."TokenBudget", "a"."ToolBudget", "a"."TopP", "a"."UpdatedUtc"
FROM "Agents" AS "a"
WHERE "a"."Id" = @__p_0
LIMIT 1
2025-09-01 17:45:41.309 +02:00 [INF] Executed DbCommand (19ms) [Parameters=[@p0='?' (DbType = Guid), @p1='?' (DbType = Guid), @p2='?' (DbType = DateTime), @p3='?' (DbType = Int32), @p4='?' (DbType = DateTime), @p5='?' (Size = 7), @p6='?'], CommandType='"Text"', CommandTimeout='30']
INSERT INTO "Sessions" ("Id", "AgentId", "EndedUtc", "LastEventIdx", "StartedUtc", "Status", "UserId")
VALUES (@p0, @p1, @p2, @p3, @p4, @p5, @p6);
2025-09-01 17:45:41.329 +02:00 [INF] Setting HTTP status code 201.
2025-09-01 17:45:41.336 +02:00 [INF] Writing value of type 'SessionCreatedResponse' as Json.
2025-09-01 17:45:41.344 +02:00 [INF] Executed endpoint 'HTTP: POST /sessions/'
2025-09-01 17:45:41.350 +02:00 [INF] Request finished HTTP/1.1 POST http://localhost:5088/sessions - 201 null application/json; charset=utf-8 254.3834ms
2025-09-01 17:45:41.365 +02:00 [INF] Request starting HTTP/1.1 OPTIONS http://localhost:5088/hubs/trace/negotiate?negotiateVersion=1 - null null
2025-09-01 17:45:41.372 +02:00 [INF] CORS policy execution successful.
2025-09-01 17:45:41.380 +02:00 [INF] Request finished HTTP/1.1 OPTIONS http://localhost:5088/hubs/trace/negotiate?negotiateVersion=1 - 204 null null 15.0102ms
2025-09-01 17:45:41.383 +02:00 [INF] Request starting HTTP/1.1 POST http://localhost:5088/hubs/trace/negotiate?negotiateVersion=1 - null 0
2025-09-01 17:45:41.393 +02:00 [INF] CORS policy execution successful.
2025-09-01 17:45:41.405 +02:00 [INF] ApiKey was not authenticated. Failure message: Missing API key
2025-09-01 17:45:41.412 +02:00 [INF] Executing endpoint '/hubs/trace/negotiate'
2025-09-01 17:45:41.427 +02:00 [INF] Executed endpoint '/hubs/trace/negotiate'
2025-09-01 17:45:41.432 +02:00 [INF] Request finished HTTP/1.1 POST http://localhost:5088/hubs/trace/negotiate?negotiateVersion=1 - 200 316 application/json 49.1394ms
2025-09-01 17:45:41.433 +02:00 [INF] Request starting HTTP/1.1 GET http://localhost:5088/hubs/trace?id=mJSSwu2vKCn-0mcPph43eQ - null null
2025-09-01 17:45:41.444 +02:00 [INF] CORS policy execution successful.
2025-09-01 17:45:41.448 +02:00 [INF] ApiKey was not authenticated. Failure message: Missing API key
2025-09-01 17:45:41.453 +02:00 [INF] Executing endpoint '/hubs/trace'
2025-09-01 17:45:43.730 +02:00 [INF] Request starting HTTP/1.1 OPTIONS http://localhost:5088/sessions/160de7c5-689a-4a29-83c3-b506b48e7572/messages - null null
2025-09-01 17:45:43.738 +02:00 [INF] CORS policy execution successful.
2025-09-01 17:45:43.744 +02:00 [INF] Request finished HTTP/1.1 OPTIONS http://localhost:5088/sessions/160de7c5-689a-4a29-83c3-b506b48e7572/messages - 204 null null 13.6981ms
2025-09-01 17:45:43.750 +02:00 [INF] Request starting HTTP/1.1 POST http://localhost:5088/sessions/160de7c5-689a-4a29-83c3-b506b48e7572/messages - application/json 18
2025-09-01 17:45:43.757 +02:00 [INF] CORS policy execution successful.
2025-09-01 17:45:43.763 +02:00 [INF] Executing endpoint 'HTTP: POST /sessions/{id:guid}/messages'
2025-09-01 17:45:43.786 +02:00 [INF] Executed DbCommand (0ms) [Parameters=[@__p_0='?' (DbType = Guid)], CommandType='"Text"', CommandTimeout='30']
SELECT "s"."Id", "s"."AgentId", "s"."EndedUtc", "s"."LastEventIdx", "s"."StartedUtc", "s"."Status", "s"."UserId"
FROM "Sessions" AS "s"
WHERE "s"."Id" = @__p_0
LIMIT 1
2025-09-01 17:45:43.830 +02:00 [INF] Executed DbCommand (19ms) [Parameters=[@p0='?' (DbType = Guid), @p1='?' (Size = 4), @p2='?' (DbType = DateTime), @p3='?' (Size = 4), @p4='?' (DbType = Guid), @p5='?'], CommandType='"Text"', CommandTimeout='30']
INSERT INTO "Messages" ("Id", "Content", "CreatedUtc", "Role", "SessionId", "TokenUsageJson")
VALUES (@p0, @p1, @p2, @p3, @p4, @p5);
2025-09-01 17:45:43.851 +02:00 [INF] Setting HTTP status code 202.
2025-09-01 17:45:43.855 +02:00 [INF] Executed DbCommand (0ms) [Parameters=[@__p_0='?' (DbType = Guid)], CommandType='"Text"', CommandTimeout='30']
SELECT "a"."Id", "a"."Autonomy", "a"."CreatedUtc", "a"."GuardrailsJson", "a"."Name", "a"."ParamsJson", "a"."Provider", "a"."Temperature", "a"."TemplateRef", "a"."TokenBudget", "a"."ToolBudget", "a"."TopP", "a"."UpdatedUtc"
FROM "Agents" AS "a"
WHERE "a"."Id" = @__p_0
LIMIT 1
2025-09-01 17:45:43.859 +02:00 [INF] Writing value of type 'AcceptedResponse' as Json.
2025-09-01 17:45:43.868 +02:00 [INF] Executed endpoint 'HTTP: POST /sessions/{id:guid}/messages'
2025-09-01 17:45:43.873 +02:00 [INF] Request finished HTTP/1.1 POST http://localhost:5088/sessions/160de7c5-689a-4a29-83c3-b506b48e7572/messages - 202 null application/json; charset=utf-8 123.1751ms
2025-09-01 17:45:43.946 +02:00 [INF] Executed DbCommand (0ms) [Parameters=[@__agentId_0='?' (DbType = Guid)], CommandType='"Text"', CommandTimeout='30']
SELECT "a"."Id", "a"."AgentId", "a"."ConfigJson", "a"."Enabled", "a"."ToolId", "t"."Id", "t"."Description", "t"."Enabled", "t"."InputSchemaJson", "t"."McpServerId", "t"."Name", "t"."Scope", "m"."Id", "m"."AuthType", "m"."BaseUrl", "m"."LastSeenUtc", "m"."MetadataJson", "m"."Name", "m"."Status"
FROM "AgentToolBindings" AS "a"
INNER JOIN "Tools" AS "t" ON "a"."ToolId" = "t"."Id"
INNER JOIN "McpServers" AS "m" ON "t"."McpServerId" = "m"."Id"
WHERE "a"."AgentId" = @__agentId_0 AND "a"."Enabled"
2025-09-01 17:45:44.034 +02:00 [INF] Executed DbCommand (0ms) [Parameters=[@__agentId_0='?' (DbType = Guid)], CommandType='"Text"', CommandTimeout='30']
SELECT "a"."Id", "a"."AgentId", "a"."ConfigJson", "a"."Enabled", "a"."ToolId", "t"."Id", "t"."Description", "t"."Enabled", "t"."InputSchemaJson", "t"."McpServerId", "t"."Name", "t"."Scope", "m"."Id", "m"."AuthType", "m"."BaseUrl", "m"."LastSeenUtc", "m"."MetadataJson", "m"."Name", "m"."Status"
FROM "AgentToolBindings" AS "a"
INNER JOIN "Tools" AS "t" ON "a"."ToolId" = "t"."Id"
INNER JOIN "McpServers" AS "m" ON "t"."McpServerId" = "m"."Id"
WHERE "a"."AgentId" = @__agentId_0 AND "a"."Enabled"
2025-09-01 17:45:45.112 +02:00 [INF] Executed DbCommand (0ms) [Parameters=[@__agentId_0='?' (DbType = Guid)], CommandType='"Text"', CommandTimeout='30']
SELECT "a"."Id", "a"."AgentId", "a"."ConfigJson", "a"."Enabled", "a"."ToolId", "t"."Id", "t"."Description", "t"."Enabled", "t"."InputSchemaJson", "t"."McpServerId", "t"."Name", "t"."Scope", "m"."Id", "m"."AuthType", "m"."BaseUrl", "m"."LastSeenUtc", "m"."MetadataJson", "m"."Name", "m"."Status"
FROM "AgentToolBindings" AS "a"
INNER JOIN "Tools" AS "t" ON "a"."ToolId" = "t"."Id"
INNER JOIN "McpServers" AS "m" ON "t"."McpServerId" = "m"."Id"
WHERE "a"."AgentId" = @__agentId_0 AND "a"."Enabled"
2025-09-01 17:45:45.126 +02:00 [INF] Executed DbCommand (1ms) [Parameters=[@__agentId_0='?' (DbType = Guid)], CommandType='"Text"', CommandTimeout='30']
SELECT "a"."Id", "a"."AgentId", "a"."ConfigJson", "a"."Enabled", "a"."ToolId", "t"."Id", "t"."Description", "t"."Enabled", "t"."InputSchemaJson", "t"."McpServerId", "t"."Name", "t"."Scope", "m"."Id", "m"."AuthType", "m"."BaseUrl", "m"."LastSeenUtc", "m"."MetadataJson", "m"."Name", "m"."Status"
FROM "AgentToolBindings" AS "a"
INNER JOIN "Tools" AS "t" ON "a"."ToolId" = "t"."Id"
INNER JOIN "McpServers" AS "m" ON "t"."McpServerId" = "m"."Id"
WHERE "a"."AgentId" = @__agentId_0 AND "a"."Enabled"
2025-09-01 17:45:45.730 +02:00 [INF] Executed DbCommand (0ms) [Parameters=[], CommandType='"Text"', CommandTimeout='30']
SELECT "m"."Id", "m"."AuthType", "m"."BaseUrl", "m"."LastSeenUtc", "m"."MetadataJson", "m"."Name", "m"."Status"
FROM "McpServers" AS "m"
ORDER BY "m"."LastSeenUtc"
2025-09-01 17:45:45.740 +02:00 [INF] Conectando a MCP WebSocket: ws://localhost:8970/ws
2025-09-01 17:45:45.978 +02:00 [INF] Executed DbCommand (0ms) [Parameters=[@__agentId_0='?' (DbType = Guid)], CommandType='"Text"', CommandTimeout='30']
SELECT "a"."Id", "a"."AgentId", "a"."ConfigJson", "a"."Enabled", "a"."ToolId", "t"."Id", "t"."Description", "t"."Enabled", "t"."InputSchemaJson", "t"."McpServerId", "t"."Name", "t"."Scope", "m"."Id", "m"."AuthType", "m"."BaseUrl", "m"."LastSeenUtc", "m"."MetadataJson", "m"."Name", "m"."Status"
FROM "AgentToolBindings" AS "a"
INNER JOIN "Tools" AS "t" ON "a"."ToolId" = "t"."Id"
INNER JOIN "McpServers" AS "m" ON "t"."McpServerId" = "m"."Id"
WHERE "a"."AgentId" = @__agentId_0 AND "a"."Enabled"
2025-09-01 17:45:47.948 +02:00 [INF] Executed DbCommand (18ms) [Parameters=[@p0='?' (DbType = Guid), @p1='?' (Size = 361), @p2='?' (DbType = DateTime), @p3='?' (Size = 9), @p4='?' (DbType = Guid), @p5='?'], CommandType='"Text"', CommandTimeout='30']
INSERT INTO "Messages" ("Id", "Content", "CreatedUtc", "Role", "SessionId", "TokenUsageJson")
VALUES (@p0, @p1, @p2, @p3, @p4, @p5);
2025-09-01 17:45:56.366 +02:00 [INF] Request starting HTTP/1.1 OPTIONS http://localhost:5088/sessions/160de7c5-689a-4a29-83c3-b506b48e7572/messages - null null
2025-09-01 17:45:56.376 +02:00 [INF] CORS policy execution successful.
2025-09-01 17:45:56.382 +02:00 [INF] Request finished HTTP/1.1 OPTIONS http://localhost:5088/sessions/160de7c5-689a-4a29-83c3-b506b48e7572/messages - 204 null null 16.7882ms
2025-09-01 17:45:56.393 +02:00 [INF] Request starting HTTP/1.1 POST http://localhost:5088/sessions/160de7c5-689a-4a29-83c3-b506b48e7572/messages - application/json 28
2025-09-01 17:45:56.399 +02:00 [INF] CORS policy execution successful.
2025-09-01 17:45:56.405 +02:00 [INF] Executing endpoint 'HTTP: POST /sessions/{id:guid}/messages'
2025-09-01 17:45:56.416 +02:00 [INF] Executed DbCommand (0ms) [Parameters=[@__p_0='?' (DbType = Guid)], CommandType='"Text"', CommandTimeout='30']
SELECT "s"."Id", "s"."AgentId", "s"."EndedUtc", "s"."LastEventIdx", "s"."StartedUtc", "s"."Status", "s"."UserId"
FROM "Sessions" AS "s"
WHERE "s"."Id" = @__p_0
LIMIT 1
2025-09-01 17:45:56.441 +02:00 [INF] Executed DbCommand (18ms) [Parameters=[@p0='?' (DbType = Guid), @p1='?' (Size = 14), @p2='?' (DbType = DateTime), @p3='?' (Size = 4), @p4='?' (DbType = Guid), @p5='?'], CommandType='"Text"', CommandTimeout='30']
INSERT INTO "Messages" ("Id", "Content", "CreatedUtc", "Role", "SessionId", "TokenUsageJson")
VALUES (@p0, @p1, @p2, @p3, @p4, @p5);
2025-09-01 17:45:56.448 +02:00 [INF] Setting HTTP status code 202.
2025-09-01 17:45:56.450 +02:00 [INF] Executed DbCommand (1ms) [Parameters=[@__p_0='?' (DbType = Guid)], CommandType='"Text"', CommandTimeout='30']
SELECT "a"."Id", "a"."Autonomy", "a"."CreatedUtc", "a"."GuardrailsJson", "a"."Name", "a"."ParamsJson", "a"."Provider", "a"."Temperature", "a"."TemplateRef", "a"."TokenBudget", "a"."ToolBudget", "a"."TopP", "a"."UpdatedUtc"
FROM "Agents" AS "a"
WHERE "a"."Id" = @__p_0
LIMIT 1
2025-09-01 17:45:56.454 +02:00 [INF] Writing value of type 'AcceptedResponse' as Json.
2025-09-01 17:45:56.463 +02:00 [INF] Executed endpoint 'HTTP: POST /sessions/{id:guid}/messages'
2025-09-01 17:45:56.464 +02:00 [INF] Executed DbCommand (0ms) [Parameters=[@__agentId_0='?' (DbType = Guid)], CommandType='"Text"', CommandTimeout='30']
SELECT "a"."Id", "a"."AgentId", "a"."ConfigJson", "a"."Enabled", "a"."ToolId", "t"."Id", "t"."Description", "t"."Enabled", "t"."InputSchemaJson", "t"."McpServerId", "t"."Name", "t"."Scope", "m"."Id", "m"."AuthType", "m"."BaseUrl", "m"."LastSeenUtc", "m"."MetadataJson", "m"."Name", "m"."Status"
FROM "AgentToolBindings" AS "a"
INNER JOIN "Tools" AS "t" ON "a"."ToolId" = "t"."Id"
INNER JOIN "McpServers" AS "m" ON "t"."McpServerId" = "m"."Id"
WHERE "a"."AgentId" = @__agentId_0 AND "a"."Enabled"
2025-09-01 17:45:56.469 +02:00 [INF] Request finished HTTP/1.1 POST http://localhost:5088/sessions/160de7c5-689a-4a29-83c3-b506b48e7572/messages - 202 null application/json; charset=utf-8 76.6789ms
2025-09-01 17:45:56.487 +02:00 [INF] Executed DbCommand (1ms) [Parameters=[@__agentId_0='?' (DbType = Guid)], CommandType='"Text"', CommandTimeout='30']
SELECT "a"."Id", "a"."AgentId", "a"."ConfigJson", "a"."Enabled", "a"."ToolId", "t"."Id", "t"."Description", "t"."Enabled", "t"."InputSchemaJson", "t"."McpServerId", "t"."Name", "t"."Scope", "m"."Id", "m"."AuthType", "m"."BaseUrl", "m"."LastSeenUtc", "m"."MetadataJson", "m"."Name", "m"."Status"
FROM "AgentToolBindings" AS "a"
INNER JOIN "Tools" AS "t" ON "a"."ToolId" = "t"."Id"
INNER JOIN "McpServers" AS "m" ON "t"."McpServerId" = "m"."Id"
WHERE "a"."AgentId" = @__agentId_0 AND "a"."Enabled"
2025-09-01 17:45:57.203 +02:00 [INF] Executed DbCommand (1ms) [Parameters=[@__agentId_0='?' (DbType = Guid)], CommandType='"Text"', CommandTimeout='30']
SELECT "a"."Id", "a"."AgentId", "a"."ConfigJson", "a"."Enabled", "a"."ToolId", "t"."Id", "t"."Description", "t"."Enabled", "t"."InputSchemaJson", "t"."McpServerId", "t"."Name", "t"."Scope", "m"."Id", "m"."AuthType", "m"."BaseUrl", "m"."LastSeenUtc", "m"."MetadataJson", "m"."Name", "m"."Status"
FROM "AgentToolBindings" AS "a"
INNER JOIN "Tools" AS "t" ON "a"."ToolId" = "t"."Id"
INNER JOIN "McpServers" AS "m" ON "t"."McpServerId" = "m"."Id"
WHERE "a"."AgentId" = @__agentId_0 AND "a"."Enabled"
2025-09-01 17:45:57.216 +02:00 [INF] Executed DbCommand (1ms) [Parameters=[@__agentId_0='?' (DbType = Guid)], CommandType='"Text"', CommandTimeout='30']
SELECT "a"."Id", "a"."AgentId", "a"."ConfigJson", "a"."Enabled", "a"."ToolId", "t"."Id", "t"."Description", "t"."Enabled", "t"."InputSchemaJson", "t"."McpServerId", "t"."Name", "t"."Scope", "m"."Id", "m"."AuthType", "m"."BaseUrl", "m"."LastSeenUtc", "m"."MetadataJson", "m"."Name", "m"."Status"
FROM "AgentToolBindings" AS "a"
INNER JOIN "Tools" AS "t" ON "a"."ToolId" = "t"."Id"
INNER JOIN "McpServers" AS "m" ON "t"."McpServerId" = "m"."Id"
WHERE "a"."AgentId" = @__agentId_0 AND "a"."Enabled"
2025-09-01 17:45:57.659 +02:00 [INF] Executed DbCommand (0ms) [Parameters=[], CommandType='"Text"', CommandTimeout='30']
SELECT "m"."Id", "m"."AuthType", "m"."BaseUrl", "m"."LastSeenUtc", "m"."MetadataJson", "m"."Name", "m"."Status"
FROM "McpServers" AS "m"
ORDER BY "m"."LastSeenUtc"
2025-09-01 17:45:57.666 +02:00 [INF] Conectando a MCP WebSocket: ws://localhost:8970/ws
2025-09-01 17:45:57.882 +02:00 [INF] Executed DbCommand (0ms) [Parameters=[@__agentId_0='?' (DbType = Guid)], CommandType='"Text"', CommandTimeout='30']
SELECT "a"."Id", "a"."AgentId", "a"."ConfigJson", "a"."Enabled", "a"."ToolId", "t"."Id", "t"."Description", "t"."Enabled", "t"."InputSchemaJson", "t"."McpServerId", "t"."Name", "t"."Scope", "m"."Id", "m"."AuthType", "m"."BaseUrl", "m"."LastSeenUtc", "m"."MetadataJson", "m"."Name", "m"."Status"
FROM "AgentToolBindings" AS "a"
INNER JOIN "Tools" AS "t" ON "a"."ToolId" = "t"."Id"
INNER JOIN "McpServers" AS "m" ON "t"."McpServerId" = "m"."Id"
WHERE "a"."AgentId" = @__agentId_0 AND "a"."Enabled"
2025-09-01 17:46:02.475 +02:00 [INF] Executed DbCommand (18ms) [Parameters=[@p0='?' (DbType = Guid), @p1='?' (Size = 1103), @p2='?' (DbType = DateTime), @p3='?' (Size = 9), @p4='?' (DbType = Guid), @p5='?'], CommandType='"Text"', CommandTimeout='30']
INSERT INTO "Messages" ("Id", "Content", "CreatedUtc", "Role", "SessionId", "TokenUsageJson")
VALUES (@p0, @p1, @p2, @p3, @p4, @p5);
2025-09-01 17:46:10.403 +02:00 [INF] Request starting HTTP/1.1 OPTIONS http://localhost:5088/sessions/160de7c5-689a-4a29-83c3-b506b48e7572/messages - null null
2025-09-01 17:46:10.414 +02:00 [INF] CORS policy execution successful.
2025-09-01 17:46:10.420 +02:00 [INF] Request finished HTTP/1.1 OPTIONS http://localhost:5088/sessions/160de7c5-689a-4a29-83c3-b506b48e7572/messages - 204 null null 17.3484ms
2025-09-01 17:46:10.426 +02:00 [INF] Request starting HTTP/1.1 POST http://localhost:5088/sessions/160de7c5-689a-4a29-83c3-b506b48e7572/messages - application/json 28
2025-09-01 17:46:10.432 +02:00 [INF] CORS policy execution successful.
2025-09-01 17:46:10.437 +02:00 [INF] Executing endpoint 'HTTP: POST /sessions/{id:guid}/messages'
2025-09-01 17:46:10.446 +02:00 [INF] Executed DbCommand (0ms) [Parameters=[@__p_0='?' (DbType = Guid)], CommandType='"Text"', CommandTimeout='30']
SELECT "s"."Id", "s"."AgentId", "s"."EndedUtc", "s"."LastEventIdx", "s"."StartedUtc", "s"."Status", "s"."UserId"
FROM "Sessions" AS "s"
WHERE "s"."Id" = @__p_0
LIMIT 1
2025-09-01 17:46:10.473 +02:00 [INF] Executed DbCommand (19ms) [Parameters=[@p0='?' (DbType = Guid), @p1='?' (Size = 14), @p2='?' (DbType = DateTime), @p3='?' (Size = 4), @p4='?' (DbType = Guid), @p5='?'], CommandType='"Text"', CommandTimeout='30']
INSERT INTO "Messages" ("Id", "Content", "CreatedUtc", "Role", "SessionId", "TokenUsageJson")
VALUES (@p0, @p1, @p2, @p3, @p4, @p5);
2025-09-01 17:46:10.481 +02:00 [INF] Setting HTTP status code 202.
2025-09-01 17:46:10.484 +02:00 [INF] Executed DbCommand (1ms) [Parameters=[@__p_0='?' (DbType = Guid)], CommandType='"Text"', CommandTimeout='30']
SELECT "a"."Id", "a"."Autonomy", "a"."CreatedUtc", "a"."GuardrailsJson", "a"."Name", "a"."ParamsJson", "a"."Provider", "a"."Temperature", "a"."TemplateRef", "a"."TokenBudget", "a"."ToolBudget", "a"."TopP", "a"."UpdatedUtc"
FROM "Agents" AS "a"
WHERE "a"."Id" = @__p_0
LIMIT 1
2025-09-01 17:46:10.487 +02:00 [INF] Writing value of type 'AcceptedResponse' as Json.
2025-09-01 17:46:10.498 +02:00 [INF] Executed endpoint 'HTTP: POST /sessions/{id:guid}/messages'
2025-09-01 17:46:10.503 +02:00 [INF] Executed DbCommand (1ms) [Parameters=[@__agentId_0='?' (DbType = Guid)], CommandType='"Text"', CommandTimeout='30']
SELECT "a"."Id", "a"."AgentId", "a"."ConfigJson", "a"."Enabled", "a"."ToolId", "t"."Id", "t"."Description", "t"."Enabled", "t"."InputSchemaJson", "t"."McpServerId", "t"."Name", "t"."Scope", "m"."Id", "m"."AuthType", "m"."BaseUrl", "m"."LastSeenUtc", "m"."MetadataJson", "m"."Name", "m"."Status"
FROM "AgentToolBindings" AS "a"
INNER JOIN "Tools" AS "t" ON "a"."ToolId" = "t"."Id"
INNER JOIN "McpServers" AS "m" ON "t"."McpServerId" = "m"."Id"
WHERE "a"."AgentId" = @__agentId_0 AND "a"."Enabled"
2025-09-01 17:46:10.504 +02:00 [INF] Request finished HTTP/1.1 POST http://localhost:5088/sessions/160de7c5-689a-4a29-83c3-b506b48e7572/messages - 202 null application/json; charset=utf-8 77.8432ms
2025-09-01 17:46:10.515 +02:00 [INF] Executed DbCommand (1ms) [Parameters=[@__agentId_0='?' (DbType = Guid)], CommandType='"Text"', CommandTimeout='30']
SELECT "a"."Id", "a"."AgentId", "a"."ConfigJson", "a"."Enabled", "a"."ToolId", "t"."Id", "t"."Description", "t"."Enabled", "t"."InputSchemaJson", "t"."McpServerId", "t"."Name", "t"."Scope", "m"."Id", "m"."AuthType", "m"."BaseUrl", "m"."LastSeenUtc", "m"."MetadataJson", "m"."Name", "m"."Status"
FROM "AgentToolBindings" AS "a"
INNER JOIN "Tools" AS "t" ON "a"."ToolId" = "t"."Id"
INNER JOIN "McpServers" AS "m" ON "t"."McpServerId" = "m"."Id"
WHERE "a"."AgentId" = @__agentId_0 AND "a"."Enabled"
2025-09-01 17:46:11.659 +02:00 [INF] Executed DbCommand (19ms) [Parameters=[@p0='?' (DbType = Guid), @p1='?' (Size = 53), @p2='?' (DbType = DateTime), @p3='?' (Size = 9), @p4='?' (DbType = Guid), @p5='?'], CommandType='"Text"', CommandTimeout='30']
INSERT INTO "Messages" ("Id", "Content", "CreatedUtc", "Role", "SessionId", "TokenUsageJson")
VALUES (@p0, @p1, @p2, @p3, @p4, @p5);
2025-09-01 17:46:31.837 +02:00 [INF] Executed endpoint '/hubs/trace'
2025-09-01 17:46:31.848 +02:00 [INF] Request finished HTTP/1.1 GET http://localhost:5088/hubs/trace?id=mJSSwu2vKCn-0mcPph43eQ - 101 null null 50415.1674ms
2025-09-01 17:46:32.209 +02:00 [INF] Request starting HTTP/1.1 OPTIONS http://localhost:5088/agents/1e5ffb9e-fb28-4405-b82b-b4647aa5a865 - null null
2025-09-01 17:46:32.209 +02:00 [INF] Request starting HTTP/1.1 OPTIONS http://localhost:5088/agents/1e5ffb9e-fb28-4405-b82b-b4647aa5a865/bindings - null null
2025-09-01 17:46:32.217 +02:00 [INF] CORS policy execution successful.
2025-09-01 17:46:32.222 +02:00 [INF] CORS policy execution successful.
2025-09-01 17:46:32.226 +02:00 [INF] Request finished HTTP/1.1 OPTIONS http://localhost:5088/agents/1e5ffb9e-fb28-4405-b82b-b4647aa5a865 - 204 null null 17.1519ms
2025-09-01 17:46:32.231 +02:00 [INF] Request finished HTTP/1.1 OPTIONS http://localhost:5088/agents/1e5ffb9e-fb28-4405-b82b-b4647aa5a865/bindings - 204 null null 21.9934ms
2025-09-01 17:46:32.239 +02:00 [INF] Request starting HTTP/1.1 GET http://localhost:5088/agents/1e5ffb9e-fb28-4405-b82b-b4647aa5a865 - application/json null
2025-09-01 17:46:32.244 +02:00 [INF] Request starting HTTP/1.1 GET http://localhost:5088/agents/1e5ffb9e-fb28-4405-b82b-b4647aa5a865/bindings - application/json null
2025-09-01 17:46:32.251 +02:00 [INF] CORS policy execution successful.
2025-09-01 17:46:32.256 +02:00 [INF] CORS policy execution successful.
2025-09-01 17:46:32.260 +02:00 [INF] Executing endpoint 'HTTP: GET /agents/{id:guid}'
2025-09-01 17:46:32.266 +02:00 [INF] Executing endpoint 'HTTP: GET /agents/{id:guid}/bindings'
2025-09-01 17:46:32.273 +02:00 [INF] Executed DbCommand (0ms) [Parameters=[@__p_0='?' (DbType = Guid)], CommandType='"Text"', CommandTimeout='30']
SELECT "a"."Id", "a"."Autonomy", "a"."CreatedUtc", "a"."GuardrailsJson", "a"."Name", "a"."ParamsJson", "a"."Provider", "a"."Temperature", "a"."TemplateRef", "a"."TokenBudget", "a"."ToolBudget", "a"."TopP", "a"."UpdatedUtc"
FROM "Agents" AS "a"
WHERE "a"."Id" = @__p_0
LIMIT 1
2025-09-01 17:46:32.276 +02:00 [INF] Executed DbCommand (1ms) [Parameters=[@__agentId_0='?' (DbType = Guid)], CommandType='"Text"', CommandTimeout='30']
SELECT "a"."Id", "a"."AgentId", "a"."ConfigJson", "a"."Enabled", "a"."ToolId"
FROM "AgentToolBindings" AS "a"
WHERE "a"."AgentId" = @__agentId_0
2025-09-01 17:46:32.280 +02:00 [INF] Setting HTTP status code 200.
2025-09-01 17:46:32.290 +02:00 [INF] Setting HTTP status code 200.
2025-09-01 17:46:32.301 +02:00 [INF] Writing value of type 'AgentResponse' as Json.
2025-09-01 17:46:32.308 +02:00 [INF] Writing value of type 'List`1' as Json.
2025-09-01 17:46:32.315 +02:00 [INF] Executed endpoint 'HTTP: GET /agents/{id:guid}'
2025-09-01 17:46:32.320 +02:00 [INF] Executed endpoint 'HTTP: GET /agents/{id:guid}/bindings'
2025-09-01 17:46:32.325 +02:00 [INF] Request finished HTTP/1.1 GET http://localhost:5088/agents/1e5ffb9e-fb28-4405-b82b-b4647aa5a865 - 200 null application/json; charset=utf-8 85.8172ms
2025-09-01 17:46:32.331 +02:00 [INF] Request finished HTTP/1.1 GET http://localhost:5088/agents/1e5ffb9e-fb28-4405-b82b-b4647aa5a865/bindings - 200 null application/json; charset=utf-8 86.7954ms
2025-09-01 17:46:33.872 +02:00 [INF] Request starting HTTP/1.1 OPTIONS http://localhost:5088/sessions - null null
2025-09-01 17:46:33.879 +02:00 [INF] CORS policy execution successful.
2025-09-01 17:46:33.886 +02:00 [INF] Request finished HTTP/1.1 OPTIONS http://localhost:5088/sessions - 204 null null 13.8561ms
2025-09-01 17:46:33.892 +02:00 [INF] Request starting HTTP/1.1 POST http://localhost:5088/sessions - application/json 50
2025-09-01 17:46:33.898 +02:00 [INF] CORS policy execution successful.
2025-09-01 17:46:33.905 +02:00 [INF] Executing endpoint 'HTTP: POST /sessions/'
2025-09-01 17:46:33.913 +02:00 [INF] Executed DbCommand (0ms) [Parameters=[@__p_0='?' (DbType = Guid)], CommandType='"Text"', CommandTimeout='30']
SELECT "a"."Id", "a"."Autonomy", "a"."CreatedUtc", "a"."GuardrailsJson", "a"."Name", "a"."ParamsJson", "a"."Provider", "a"."Temperature", "a"."TemplateRef", "a"."TokenBudget", "a"."ToolBudget", "a"."TopP", "a"."UpdatedUtc"
FROM "Agents" AS "a"
WHERE "a"."Id" = @__p_0
LIMIT 1
2025-09-01 17:46:33.941 +02:00 [INF] Executed DbCommand (19ms) [Parameters=[@p0='?' (DbType = Guid), @p1='?' (DbType = Guid), @p2='?' (DbType = DateTime), @p3='?' (DbType = Int32), @p4='?' (DbType = DateTime), @p5='?' (Size = 7), @p6='?'], CommandType='"Text"', CommandTimeout='30']
INSERT INTO "Sessions" ("Id", "AgentId", "EndedUtc", "LastEventIdx", "StartedUtc", "Status", "UserId")
VALUES (@p0, @p1, @p2, @p3, @p4, @p5, @p6);
2025-09-01 17:46:33.950 +02:00 [INF] Setting HTTP status code 201.
2025-09-01 17:46:33.957 +02:00 [INF] Writing value of type 'SessionCreatedResponse' as Json.
2025-09-01 17:46:33.962 +02:00 [INF] Executed endpoint 'HTTP: POST /sessions/'
2025-09-01 17:46:33.969 +02:00 [INF] Request finished HTTP/1.1 POST http://localhost:5088/sessions - 201 null application/json; charset=utf-8 76.7095ms
2025-09-01 17:46:33.978 +02:00 [INF] Request starting HTTP/1.1 OPTIONS http://localhost:5088/hubs/trace/negotiate?negotiateVersion=1 - null null
2025-09-01 17:46:33.984 +02:00 [INF] CORS policy execution successful.
2025-09-01 17:46:33.989 +02:00 [INF] Request finished HTTP/1.1 OPTIONS http://localhost:5088/hubs/trace/negotiate?negotiateVersion=1 - 204 null null 11.3697ms
2025-09-01 17:46:33.991 +02:00 [INF] Request starting HTTP/1.1 POST http://localhost:5088/hubs/trace/negotiate?negotiateVersion=1 - null 0
2025-09-01 17:46:34.001 +02:00 [INF] CORS policy execution successful.
2025-09-01 17:46:34.006 +02:00 [INF] ApiKey was not authenticated. Failure message: Missing API key
2025-09-01 17:46:34.011 +02:00 [INF] Executing endpoint '/hubs/trace/negotiate'
2025-09-01 17:46:34.017 +02:00 [INF] Executed endpoint '/hubs/trace/negotiate'
2025-09-01 17:46:34.023 +02:00 [INF] Request finished HTTP/1.1 POST http://localhost:5088/hubs/trace/negotiate?negotiateVersion=1 - 200 316 application/json 32.075ms
2025-09-01 17:46:34.023 +02:00 [INF] Request starting HTTP/1.1 GET http://localhost:5088/hubs/trace?id=w_Xgpq4Zm6NKCpT6e-k_Dw - null null
2025-09-01 17:46:34.033 +02:00 [INF] CORS policy execution successful.
2025-09-01 17:46:34.039 +02:00 [INF] ApiKey was not authenticated. Failure message: Missing API key
2025-09-01 17:46:34.044 +02:00 [INF] Executing endpoint '/hubs/trace'
2025-09-01 17:46:36.733 +02:00 [INF] Request starting HTTP/1.1 OPTIONS http://localhost:5088/sessions/62132612-8fbe-495e-a2e5-382595d9bec9/messages - null null
2025-09-01 17:46:36.740 +02:00 [INF] CORS policy execution successful.
2025-09-01 17:46:36.745 +02:00 [INF] Request finished HTTP/1.1 OPTIONS http://localhost:5088/sessions/62132612-8fbe-495e-a2e5-382595d9bec9/messages - 204 null null 12.1814ms
2025-09-01 17:46:36.752 +02:00 [INF] Request starting HTTP/1.1 POST http://localhost:5088/sessions/62132612-8fbe-495e-a2e5-382595d9bec9/messages - application/json 19
2025-09-01 17:46:36.757 +02:00 [INF] CORS policy execution successful.
2025-09-01 17:46:36.762 +02:00 [INF] Executing endpoint 'HTTP: POST /sessions/{id:guid}/messages'
2025-09-01 17:46:36.771 +02:00 [INF] Executed DbCommand (0ms) [Parameters=[@__p_0='?' (DbType = Guid)], CommandType='"Text"', CommandTimeout='30']
SELECT "s"."Id", "s"."AgentId", "s"."EndedUtc", "s"."LastEventIdx", "s"."StartedUtc", "s"."Status", "s"."UserId"
FROM "Sessions" AS "s"
WHERE "s"."Id" = @__p_0
LIMIT 1
2025-09-01 17:46:36.789 +02:00 [INF] Executed DbCommand (10ms) [Parameters=[@p0='?' (DbType = Guid), @p1='?' (Size = 5), @p2='?' (DbType = DateTime), @p3='?' (Size = 4), @p4='?' (DbType = Guid), @p5='?'], CommandType='"Text"', CommandTimeout='30']
INSERT INTO "Messages" ("Id", "Content", "CreatedUtc", "Role", "SessionId", "TokenUsageJson")
VALUES (@p0, @p1, @p2, @p3, @p4, @p5);
2025-09-01 17:46:36.796 +02:00 [INF] Setting HTTP status code 202.
2025-09-01 17:46:36.798 +02:00 [INF] Executed DbCommand (0ms) [Parameters=[@__p_0='?' (DbType = Guid)], CommandType='"Text"', CommandTimeout='30']
SELECT "a"."Id", "a"."Autonomy", "a"."CreatedUtc", "a"."GuardrailsJson", "a"."Name", "a"."ParamsJson", "a"."Provider", "a"."Temperature", "a"."TemplateRef", "a"."TokenBudget", "a"."ToolBudget", "a"."TopP", "a"."UpdatedUtc"
FROM "Agents" AS "a"
WHERE "a"."Id" = @__p_0
LIMIT 1
2025-09-01 17:46:36.801 +02:00 [INF] Writing value of type 'AcceptedResponse' as Json.
2025-09-01 17:46:36.810 +02:00 [INF] Executed DbCommand (0ms) [Parameters=[@__agentId_0='?' (DbType = Guid)], CommandType='"Text"', CommandTimeout='30']
SELECT "a"."Id", "a"."AgentId", "a"."ConfigJson", "a"."Enabled", "a"."ToolId", "t"."Id", "t"."Description", "t"."Enabled", "t"."InputSchemaJson", "t"."McpServerId", "t"."Name", "t"."Scope", "m"."Id", "m"."AuthType", "m"."BaseUrl", "m"."LastSeenUtc", "m"."MetadataJson", "m"."Name", "m"."Status"
FROM "AgentToolBindings" AS "a"
INNER JOIN "Tools" AS "t" ON "a"."ToolId" = "t"."Id"
INNER JOIN "McpServers" AS "m" ON "t"."McpServerId" = "m"."Id"
WHERE "a"."AgentId" = @__agentId_0 AND "a"."Enabled"
2025-09-01 17:46:36.811 +02:00 [INF] Executed endpoint 'HTTP: POST /sessions/{id:guid}/messages'
2025-09-01 17:46:36.821 +02:00 [INF] Request finished HTTP/1.1 POST http://localhost:5088/sessions/62132612-8fbe-495e-a2e5-382595d9bec9/messages - 202 null application/json; charset=utf-8 69.8647ms
2025-09-01 17:46:36.822 +02:00 [INF] Executed DbCommand (1ms) [Parameters=[@__agentId_0='?' (DbType = Guid)], CommandType='"Text"', CommandTimeout='30']
SELECT "a"."Id", "a"."AgentId", "a"."ConfigJson", "a"."Enabled", "a"."ToolId", "t"."Id", "t"."Description", "t"."Enabled", "t"."InputSchemaJson", "t"."McpServerId", "t"."Name", "t"."Scope", "m"."Id", "m"."AuthType", "m"."BaseUrl", "m"."LastSeenUtc", "m"."MetadataJson", "m"."Name", "m"."Status"
FROM "AgentToolBindings" AS "a"
INNER JOIN "Tools" AS "t" ON "a"."ToolId" = "t"."Id"
INNER JOIN "McpServers" AS "m" ON "t"."McpServerId" = "m"."Id"
WHERE "a"."AgentId" = @__agentId_0 AND "a"."Enabled"
2025-09-01 17:46:37.471 +02:00 [INF] Executed DbCommand (0ms) [Parameters=[@__agentId_0='?' (DbType = Guid)], CommandType='"Text"', CommandTimeout='30']
SELECT "a"."Id", "a"."AgentId", "a"."ConfigJson", "a"."Enabled", "a"."ToolId", "t"."Id", "t"."Description", "t"."Enabled", "t"."InputSchemaJson", "t"."McpServerId", "t"."Name", "t"."Scope", "m"."Id", "m"."AuthType", "m"."BaseUrl", "m"."LastSeenUtc", "m"."MetadataJson", "m"."Name", "m"."Status"
FROM "AgentToolBindings" AS "a"
INNER JOIN "Tools" AS "t" ON "a"."ToolId" = "t"."Id"
INNER JOIN "McpServers" AS "m" ON "t"."McpServerId" = "m"."Id"
WHERE "a"."AgentId" = @__agentId_0 AND "a"."Enabled"
2025-09-01 17:46:37.479 +02:00 [INF] Executed DbCommand (0ms) [Parameters=[@__agentId_0='?' (DbType = Guid)], CommandType='"Text"', CommandTimeout='30']
SELECT "a"."Id", "a"."AgentId", "a"."ConfigJson", "a"."Enabled", "a"."ToolId", "t"."Id", "t"."Description", "t"."Enabled", "t"."InputSchemaJson", "t"."McpServerId", "t"."Name", "t"."Scope", "m"."Id", "m"."AuthType", "m"."BaseUrl", "m"."LastSeenUtc", "m"."MetadataJson", "m"."Name", "m"."Status"
FROM "AgentToolBindings" AS "a"
INNER JOIN "Tools" AS "t" ON "a"."ToolId" = "t"."Id"
INNER JOIN "McpServers" AS "m" ON "t"."McpServerId" = "m"."Id"
WHERE "a"."AgentId" = @__agentId_0 AND "a"."Enabled"
2025-09-01 17:46:38.041 +02:00 [INF] Executed DbCommand (0ms) [Parameters=[], CommandType='"Text"', CommandTimeout='30']
SELECT "m"."Id", "m"."AuthType", "m"."BaseUrl", "m"."LastSeenUtc", "m"."MetadataJson", "m"."Name", "m"."Status"
FROM "McpServers" AS "m"
ORDER BY "m"."LastSeenUtc"
2025-09-01 17:46:38.047 +02:00 [INF] Conectando a MCP WebSocket: ws://localhost:8970/ws
2025-09-01 17:46:38.253 +02:00 [INF] Executed DbCommand (0ms) [Parameters=[@__agentId_0='?' (DbType = Guid)], CommandType='"Text"', CommandTimeout='30']
SELECT "a"."Id", "a"."AgentId", "a"."ConfigJson", "a"."Enabled", "a"."ToolId", "t"."Id", "t"."Description", "t"."Enabled", "t"."InputSchemaJson", "t"."McpServerId", "t"."Name", "t"."Scope", "m"."Id", "m"."AuthType", "m"."BaseUrl", "m"."LastSeenUtc", "m"."MetadataJson", "m"."Name", "m"."Status"
FROM "AgentToolBindings" AS "a"
INNER JOIN "Tools" AS "t" ON "a"."ToolId" = "t"."Id"
INNER JOIN "McpServers" AS "m" ON "t"."McpServerId" = "m"."Id"
WHERE "a"."AgentId" = @__agentId_0 AND "a"."Enabled"
2025-09-01 17:46:44.901 +02:00 [INF] Executed DbCommand (18ms) [Parameters=[@p0='?' (DbType = Guid), @p1='?' (Size = 1368), @p2='?' (DbType = DateTime), @p3='?' (Size = 9), @p4='?' (DbType = Guid), @p5='?'], CommandType='"Text"', CommandTimeout='30']
INSERT INTO "Messages" ("Id", "Content", "CreatedUtc", "Role", "SessionId", "TokenUsageJson")
VALUES (@p0, @p1, @p2, @p3, @p4, @p5);
2025-09-01 18:51:39.351 +02:00 [INF] Application is shutting down...
2025-09-01 18:51:39.355 +02:00 [INF] Executed endpoint '/hubs/trace'
2025-09-01 18:51:39.360 +02:00 [INF] Request finished HTTP/1.1 GET http://localhost:5088/hubs/trace?id=w_Xgpq4Zm6NKCpT6e-k_Dw - 101 null null 3905337.1104ms
2025-09-01 18:51:50.874 +02:00 [INF] User profile is available. Using 'C:\Users\Usuario\AppData\Local\ASP.NET\DataProtection-Keys' as key repository and Windows DPAPI to encrypt keys at rest.
2025-09-01 18:51:51.399 +02:00 [INF] Now listening on: http://localhost:5088
2025-09-01 18:51:51.406 +02:00 [INF] Application started. Press Ctrl+C to shut down.
2025-09-01 18:51:51.409 +02:00 [INF] Hosting environment: Development
2025-09-01 18:51:51.410 +02:00 [INF] Content root path: D:\BearDevelopment\AutoAgent\autoagent_back\src\AutoAgentes.Api
2025-09-01 18:51:56.151 +02:00 [INF] Request starting HTTP/1.1 OPTIONS http://localhost:5088/hubs/trace/negotiate?negotiateVersion=1 - null null
2025-09-01 18:51:56.215 +02:00 [INF] CORS policy execution successful.
2025-09-01 18:51:56.226 +02:00 [INF] Request finished HTTP/1.1 OPTIONS http://localhost:5088/hubs/trace/negotiate?negotiateVersion=1 - 204 null null 87.5969ms
2025-09-01 18:51:56.230 +02:00 [INF] Request starting HTTP/1.1 POST http://localhost:5088/hubs/trace/negotiate?negotiateVersion=1 - null 0
2025-09-01 18:51:56.240 +02:00 [INF] CORS policy execution successful.
2025-09-01 18:51:56.255 +02:00 [INF] ApiKey was not authenticated. Failure message: Missing API key
2025-09-01 18:51:56.261 +02:00 [INF] Executing endpoint '/hubs/trace/negotiate'
2025-09-01 18:51:56.274 +02:00 [INF] Executed endpoint '/hubs/trace/negotiate'
2025-09-01 18:51:56.279 +02:00 [INF] Request starting HTTP/1.1 GET http://localhost:5088/hubs/trace?id=CIqb46mf4ZU8C0ok4BUfnw - null null
2025-09-01 18:51:56.280 +02:00 [INF] Request finished HTTP/1.1 POST http://localhost:5088/hubs/trace/negotiate?negotiateVersion=1 - 200 316 application/json 50.536ms
2025-09-01 18:51:56.287 +02:00 [INF] CORS policy execution successful.
2025-09-01 18:51:56.297 +02:00 [INF] ApiKey was not authenticated. Failure message: Missing API key
2025-09-01 18:51:56.303 +02:00 [INF] Executing endpoint '/hubs/trace'
2025-09-01 18:52:06.175 +02:00 [INF] Executed endpoint '/hubs/trace'
2025-09-01 18:52:06.186 +02:00 [INF] Request finished HTTP/1.1 GET http://localhost:5088/hubs/trace?id=CIqb46mf4ZU8C0ok4BUfnw - 101 null null 9907.3042ms
2025-09-01 18:52:06.515 +02:00 [INF] Request starting HTTP/1.1 OPTIONS http://localhost:5088/agents/1e5ffb9e-fb28-4405-b82b-b4647aa5a865 - null null
2025-09-01 18:52:06.516 +02:00 [INF] Request starting HTTP/1.1 OPTIONS http://localhost:5088/agents/1e5ffb9e-fb28-4405-b82b-b4647aa5a865/bindings - null null
2025-09-01 18:52:06.524 +02:00 [INF] CORS policy execution successful.
2025-09-01 18:52:06.530 +02:00 [INF] CORS policy execution successful.
2025-09-01 18:52:06.535 +02:00 [INF] Request finished HTTP/1.1 OPTIONS http://localhost:5088/agents/1e5ffb9e-fb28-4405-b82b-b4647aa5a865 - 204 null null 20.5148ms
2025-09-01 18:52:06.540 +02:00 [INF] Request finished HTTP/1.1 OPTIONS http://localhost:5088/agents/1e5ffb9e-fb28-4405-b82b-b4647aa5a865/bindings - 204 null null 23.7455ms
2025-09-01 18:52:06.548 +02:00 [INF] Request starting HTTP/1.1 GET http://localhost:5088/agents/1e5ffb9e-fb28-4405-b82b-b4647aa5a865 - application/json null
2025-09-01 18:52:06.554 +02:00 [INF] Request starting HTTP/1.1 GET http://localhost:5088/agents/1e5ffb9e-fb28-4405-b82b-b4647aa5a865/bindings - application/json null
2025-09-01 18:52:06.563 +02:00 [INF] CORS policy execution successful.
2025-09-01 18:52:06.566 +02:00 [INF] CORS policy execution successful.
2025-09-01 18:52:06.586 +02:00 [INF] Executing endpoint 'HTTP: GET /agents/{id:guid}/bindings'
2025-09-01 18:52:06.586 +02:00 [INF] Executing endpoint 'HTTP: GET /agents/{id:guid}'
2025-09-01 18:52:08.262 +02:00 [INF] Executed DbCommand (16ms) [Parameters=[@__agentId_0='?' (DbType = Guid)], CommandType='"Text"', CommandTimeout='30']
SELECT "a"."Id", "a"."AgentId", "a"."ConfigJson", "a"."Enabled", "a"."ToolId"
FROM "AgentToolBindings" AS "a"
WHERE "a"."AgentId" = @__agentId_0
2025-09-01 18:52:08.262 +02:00 [INF] Executed DbCommand (11ms) [Parameters=[@__p_0='?' (DbType = Guid)], CommandType='"Text"', CommandTimeout='30']
SELECT "a"."Id", "a"."Autonomy", "a"."CreatedUtc", "a"."GuardrailsJson", "a"."Name", "a"."ParamsJson", "a"."Provider", "a"."Temperature", "a"."TemplateRef", "a"."TokenBudget", "a"."ToolBudget", "a"."TopP", "a"."UpdatedUtc"
FROM "Agents" AS "a"
WHERE "a"."Id" = @__p_0
LIMIT 1
2025-09-01 18:52:08.322 +02:00 [INF] Setting HTTP status code 200.
2025-09-01 18:52:08.322 +02:00 [INF] Setting HTTP status code 200.
2025-09-01 18:52:08.333 +02:00 [INF] Writing value of type 'List`1' as Json.
2025-09-01 18:52:08.335 +02:00 [INF] Writing value of type 'AgentResponse' as Json.
2025-09-01 18:52:08.349 +02:00 [INF] Executed endpoint 'HTTP: GET /agents/{id:guid}'
2025-09-01 18:52:08.349 +02:00 [INF] Executed endpoint 'HTTP: GET /agents/{id:guid}/bindings'
2025-09-01 18:52:08.362 +02:00 [INF] Request finished HTTP/1.1 GET http://localhost:5088/agents/1e5ffb9e-fb28-4405-b82b-b4647aa5a865/bindings - 200 null application/json; charset=utf-8 1807.8839ms
2025-09-01 18:52:08.362 +02:00 [INF] Request finished HTTP/1.1 GET http://localhost:5088/agents/1e5ffb9e-fb28-4405-b82b-b4647aa5a865 - 200 null application/json; charset=utf-8 1814.3282ms
2025-09-01 18:52:09.528 +02:00 [INF] Request starting HTTP/1.1 OPTIONS http://localhost:5088/sessions - null null
2025-09-01 18:52:09.535 +02:00 [INF] CORS policy execution successful.
2025-09-01 18:52:09.541 +02:00 [INF] Request finished HTTP/1.1 OPTIONS http://localhost:5088/sessions - 204 null null 13.0525ms
2025-09-01 18:52:09.547 +02:00 [INF] Request starting HTTP/1.1 POST http://localhost:5088/sessions - application/json 50
2025-09-01 18:52:09.553 +02:00 [INF] CORS policy execution successful.
2025-09-01 18:52:09.559 +02:00 [INF] Executing endpoint 'HTTP: POST /sessions/'
2025-09-01 18:52:09.636 +02:00 [INF] Executed DbCommand (1ms) [Parameters=[@__p_0='?' (DbType = Guid)], CommandType='"Text"', CommandTimeout='30']
SELECT "a"."Id", "a"."Autonomy", "a"."CreatedUtc", "a"."GuardrailsJson", "a"."Name", "a"."ParamsJson", "a"."Provider", "a"."Temperature", "a"."TemplateRef", "a"."TokenBudget", "a"."ToolBudget", "a"."TopP", "a"."UpdatedUtc"
FROM "Agents" AS "a"
WHERE "a"."Id" = @__p_0
LIMIT 1
2025-09-01 18:52:09.770 +02:00 [INF] Executed DbCommand (18ms) [Parameters=[@p0='?' (DbType = Guid), @p1='?' (DbType = Guid), @p2='?' (DbType = DateTime), @p3='?' (DbType = Int32), @p4='?' (DbType = DateTime), @p5='?' (Size = 7), @p6='?'], CommandType='"Text"', CommandTimeout='30']
INSERT INTO "Sessions" ("Id", "AgentId", "EndedUtc", "LastEventIdx", "StartedUtc", "Status", "UserId")
VALUES (@p0, @p1, @p2, @p3, @p4, @p5, @p6);
2025-09-01 18:52:09.784 +02:00 [INF] Setting HTTP status code 201.
2025-09-01 18:52:09.790 +02:00 [INF] Writing value of type 'SessionCreatedResponse' as Json.
2025-09-01 18:52:09.796 +02:00 [INF] Executed endpoint 'HTTP: POST /sessions/'
2025-09-01 18:52:09.801 +02:00 [INF] Request finished HTTP/1.1 POST http://localhost:5088/sessions - 201 null application/json; charset=utf-8 253.8939ms
2025-09-01 18:52:09.809 +02:00 [INF] Request starting HTTP/1.1 OPTIONS http://localhost:5088/hubs/trace/negotiate?negotiateVersion=1 - null null
2025-09-01 18:52:09.815 +02:00 [INF] CORS policy execution successful.
2025-09-01 18:52:09.821 +02:00 [INF] Request finished HTTP/1.1 OPTIONS http://localhost:5088/hubs/trace/negotiate?negotiateVersion=1 - 204 null null 12.2591ms
2025-09-01 18:52:09.824 +02:00 [INF] Request starting HTTP/1.1 POST http://localhost:5088/hubs/trace/negotiate?negotiateVersion=1 - null 0
2025-09-01 18:52:09.833 +02:00 [INF] CORS policy execution successful.
2025-09-01 18:52:09.840 +02:00 [INF] ApiKey was not authenticated. Failure message: Missing API key
2025-09-01 18:52:09.844 +02:00 [INF] Executing endpoint '/hubs/trace/negotiate'
2025-09-01 18:52:09.849 +02:00 [INF] Executed endpoint '/hubs/trace/negotiate'
2025-09-01 18:52:09.855 +02:00 [INF] Request finished HTTP/1.1 POST http://localhost:5088/hubs/trace/negotiate?negotiateVersion=1 - 200 316 application/json 31.3993ms
2025-09-01 18:52:09.857 +02:00 [INF] Request starting HTTP/1.1 GET http://localhost:5088/hubs/trace?id=hH9JFZy2FLvuqI8ykNJqmQ - null null
2025-09-01 18:52:09.866 +02:00 [INF] CORS policy execution successful.
2025-09-01 18:52:09.871 +02:00 [INF] ApiKey was not authenticated. Failure message: Missing API key
2025-09-01 18:52:09.877 +02:00 [INF] Executing endpoint '/hubs/trace'
2025-09-01 18:52:12.842 +02:00 [INF] Request starting HTTP/1.1 OPTIONS http://localhost:5088/sessions/8d5ff80e-09d7-4904-80ec-359935c64393/messages - null null
2025-09-01 18:52:12.850 +02:00 [INF] CORS policy execution successful.
2025-09-01 18:52:12.854 +02:00 [INF] Request finished HTTP/1.1 OPTIONS http://localhost:5088/sessions/8d5ff80e-09d7-4904-80ec-359935c64393/messages - 204 null null 12.6598ms
2025-09-01 18:52:12.859 +02:00 [INF] Request starting HTTP/1.1 POST http://localhost:5088/sessions/8d5ff80e-09d7-4904-80ec-359935c64393/messages - application/json 18
2025-09-01 18:52:12.865 +02:00 [INF] CORS policy execution successful.
2025-09-01 18:52:12.870 +02:00 [INF] Executing endpoint 'HTTP: POST /sessions/{id:guid}/messages'
2025-09-01 18:52:12.885 +02:00 [INF] Executed DbCommand (0ms) [Parameters=[@__p_0='?' (DbType = Guid)], CommandType='"Text"', CommandTimeout='30']
SELECT "s"."Id", "s"."AgentId", "s"."EndedUtc", "s"."LastEventIdx", "s"."StartedUtc", "s"."Status", "s"."UserId"
FROM "Sessions" AS "s"
WHERE "s"."Id" = @__p_0
LIMIT 1
2025-09-01 18:52:12.923 +02:00 [INF] Executed DbCommand (18ms) [Parameters=[@p0='?' (DbType = Guid), @p1='?' (Size = 4), @p2='?' (DbType = DateTime), @p3='?' (Size = 4), @p4='?' (DbType = Guid), @p5='?'], CommandType='"Text"', CommandTimeout='30']
INSERT INTO "Messages" ("Id", "Content", "CreatedUtc", "Role", "SessionId", "TokenUsageJson")
VALUES (@p0, @p1, @p2, @p3, @p4, @p5);
2025-09-01 18:52:12.937 +02:00 [INF] Setting HTTP status code 202.
2025-09-01 18:52:12.941 +02:00 [INF] Executed DbCommand (0ms) [Parameters=[@__p_0='?' (DbType = Guid)], CommandType='"Text"', CommandTimeout='30']
SELECT "a"."Id", "a"."Autonomy", "a"."CreatedUtc", "a"."GuardrailsJson", "a"."Name", "a"."ParamsJson", "a"."Provider", "a"."Temperature", "a"."TemplateRef", "a"."TokenBudget", "a"."ToolBudget", "a"."TopP", "a"."UpdatedUtc"
FROM "Agents" AS "a"
WHERE "a"."Id" = @__p_0
LIMIT 1
2025-09-01 18:52:12.945 +02:00 [INF] Writing value of type 'AcceptedResponse' as Json.
2025-09-01 18:52:12.956 +02:00 [INF] Executed endpoint 'HTTP: POST /sessions/{id:guid}/messages'
2025-09-01 18:52:12.961 +02:00 [INF] Request finished HTTP/1.1 POST http://localhost:5088/sessions/8d5ff80e-09d7-4904-80ec-359935c64393/messages - 202 null application/json; charset=utf-8 101.3545ms
2025-09-01 18:52:13.538 +02:00 [INF] Executed DbCommand (0ms) [Parameters=[@__agentId_0='?' (DbType = Guid)], CommandType='"Text"', CommandTimeout='30']
SELECT "a"."Id", "a"."AgentId", "a"."ConfigJson", "a"."Enabled", "a"."ToolId", "t"."Id", "t"."Description", "t"."Enabled", "t"."InputSchemaJson", "t"."McpServerId", "t"."Name", "t"."Scope", "m"."Id", "m"."AuthType", "m"."BaseUrl", "m"."LastSeenUtc", "m"."MetadataJson", "m"."Name", "m"."Status"
FROM "AgentToolBindings" AS "a"
INNER JOIN "Tools" AS "t" ON "a"."ToolId" = "t"."Id"
INNER JOIN "McpServers" AS "m" ON "t"."McpServerId" = "m"."Id"
WHERE "a"."AgentId" = @__agentId_0 AND "a"."Enabled"
2025-09-01 18:52:14.092 +02:00 [INF] Executed DbCommand (0ms) [Parameters=[@__agentId_0='?' (DbType = Guid)], CommandType='"Text"', CommandTimeout='30']
SELECT "a"."Id", "a"."AgentId", "a"."ConfigJson", "a"."Enabled", "a"."ToolId", "t"."Id", "t"."Description", "t"."Enabled", "t"."InputSchemaJson", "t"."McpServerId", "t"."Name", "t"."Scope", "m"."Id", "m"."AuthType", "m"."BaseUrl", "m"."LastSeenUtc", "m"."MetadataJson", "m"."Name", "m"."Status"
FROM "AgentToolBindings" AS "a"
INNER JOIN "Tools" AS "t" ON "a"."ToolId" = "t"."Id"
INNER JOIN "McpServers" AS "m" ON "t"."McpServerId" = "m"."Id"
WHERE "a"."AgentId" = @__agentId_0 AND "a"."Enabled"
2025-09-01 18:52:15.128 +02:00 [INF] Executed DbCommand (0ms) [Parameters=[@__agentId_0='?' (DbType = Guid)], CommandType='"Text"', CommandTimeout='30']
SELECT "a"."Id", "a"."AgentId", "a"."ConfigJson", "a"."Enabled", "a"."ToolId", "t"."Id", "t"."Description", "t"."Enabled", "t"."InputSchemaJson", "t"."McpServerId", "t"."Name", "t"."Scope", "m"."Id", "m"."AuthType", "m"."BaseUrl", "m"."LastSeenUtc", "m"."MetadataJson", "m"."Name", "m"."Status"
FROM "AgentToolBindings" AS "a"
INNER JOIN "Tools" AS "t" ON "a"."ToolId" = "t"."Id"
INNER JOIN "McpServers" AS "m" ON "t"."McpServerId" = "m"."Id"
WHERE "a"."AgentId" = @__agentId_0 AND "a"."Enabled"
2025-09-01 18:52:15.145 +02:00 [INF] Executed DbCommand (1ms) [Parameters=[@__agentId_0='?' (DbType = Guid)], CommandType='"Text"', CommandTimeout='30']
SELECT "a"."Id", "a"."AgentId", "a"."ConfigJson", "a"."Enabled", "a"."ToolId", "t"."Id", "t"."Description", "t"."Enabled", "t"."InputSchemaJson", "t"."McpServerId", "t"."Name", "t"."Scope", "m"."Id", "m"."AuthType", "m"."BaseUrl", "m"."LastSeenUtc", "m"."MetadataJson", "m"."Name", "m"."Status"
FROM "AgentToolBindings" AS "a"
INNER JOIN "Tools" AS "t" ON "a"."ToolId" = "t"."Id"
INNER JOIN "McpServers" AS "m" ON "t"."McpServerId" = "m"."Id"
WHERE "a"."AgentId" = @__agentId_0 AND "a"."Enabled"
2025-09-01 18:52:15.438 +02:00 [INF] Executed DbCommand (0ms) [Parameters=[], CommandType='"Text"', CommandTimeout='30']
SELECT "m"."Id", "m"."AuthType", "m"."BaseUrl", "m"."LastSeenUtc", "m"."MetadataJson", "m"."Name", "m"."Status"
FROM "McpServers" AS "m"
ORDER BY "m"."LastSeenUtc"
2025-09-01 18:52:15.449 +02:00 [INF] Conectando a MCP WebSocket: ws://localhost:8970/ws
2025-09-01 18:52:15.597 +02:00 [ERR] Error inesperado en WebSocket: MCP Tool error: No se encontró el archivo de herramienta: ../../bundles\kb-tools\tools/summarize.js
2025-09-01 18:52:16.006 +02:00 [INF] Executed DbCommand (9ms) [Parameters=[@p0='?' (DbType = Guid), @p1='?' (Size = 87), @p2='?' (DbType = DateTime), @p3='?' (Size = 9), @p4='?' (DbType = Guid), @p5='?'], CommandType='"Text"', CommandTimeout='30']
INSERT INTO "Messages" ("Id", "Content", "CreatedUtc", "Role", "SessionId", "TokenUsageJson")
VALUES (@p0, @p1, @p2, @p3, @p4, @p5);
2025-09-01 18:52:34.779 +02:00 [INF] Request starting HTTP/1.1 OPTIONS http://localhost:5088/sessions/8d5ff80e-09d7-4904-80ec-359935c64393/messages - null null
2025-09-01 18:52:34.788 +02:00 [INF] CORS policy execution successful.
2025-09-01 18:52:34.792 +02:00 [INF] Request finished HTTP/1.1 OPTIONS http://localhost:5088/sessions/8d5ff80e-09d7-4904-80ec-359935c64393/messages - 204 null null 13.0023ms
2025-09-01 18:52:34.797 +02:00 [INF] Request starting HTTP/1.1 POST http://localhost:5088/sessions/8d5ff80e-09d7-4904-80ec-359935c64393/messages - application/json 34
2025-09-01 18:52:34.802 +02:00 [INF] CORS policy execution successful.
2025-09-01 18:52:34.806 +02:00 [INF] Executing endpoint 'HTTP: POST /sessions/{id:guid}/messages'
2025-09-01 18:52:34.815 +02:00 [INF] Executed DbCommand (0ms) [Parameters=[@__p_0='?' (DbType = Guid)], CommandType='"Text"', CommandTimeout='30']
SELECT "s"."Id", "s"."AgentId", "s"."EndedUtc", "s"."LastEventIdx", "s"."StartedUtc", "s"."Status", "s"."UserId"
FROM "Sessions" AS "s"
WHERE "s"."Id" = @__p_0
LIMIT 1
2025-09-01 18:52:34.839 +02:00 [INF] Executed DbCommand (17ms) [Parameters=[@p0='?' (DbType = Guid), @p1='?' (Size = 20), @p2='?' (DbType = DateTime), @p3='?' (Size = 4), @p4='?' (DbType = Guid), @p5='?'], CommandType='"Text"', CommandTimeout='30']
INSERT INTO "Messages" ("Id", "Content", "CreatedUtc", "Role", "SessionId", "TokenUsageJson")
VALUES (@p0, @p1, @p2, @p3, @p4, @p5);
2025-09-01 18:52:34.846 +02:00 [INF] Setting HTTP status code 202.
2025-09-01 18:52:34.847 +02:00 [INF] Executed DbCommand (0ms) [Parameters=[@__p_0='?' (DbType = Guid)], CommandType='"Text"', CommandTimeout='30']
SELECT "a"."Id", "a"."Autonomy", "a"."CreatedUtc", "a"."GuardrailsJson", "a"."Name", "a"."ParamsJson", "a"."Provider", "a"."Temperature", "a"."TemplateRef", "a"."TokenBudget", "a"."ToolBudget", "a"."TopP", "a"."UpdatedUtc"
FROM "Agents" AS "a"
WHERE "a"."Id" = @__p_0
LIMIT 1
2025-09-01 18:52:34.851 +02:00 [INF] Writing value of type 'AcceptedResponse' as Json.
2025-09-01 18:52:34.862 +02:00 [INF] Executed endpoint 'HTTP: POST /sessions/{id:guid}/messages'
2025-09-01 18:52:34.864 +02:00 [INF] Executed DbCommand (0ms) [Parameters=[@__agentId_0='?' (DbType = Guid)], CommandType='"Text"', CommandTimeout='30']
SELECT "a"."Id", "a"."AgentId", "a"."ConfigJson", "a"."Enabled", "a"."ToolId", "t"."Id", "t"."Description", "t"."Enabled", "t"."InputSchemaJson", "t"."McpServerId", "t"."Name", "t"."Scope", "m"."Id", "m"."AuthType", "m"."BaseUrl", "m"."LastSeenUtc", "m"."MetadataJson", "m"."Name", "m"."Status"
FROM "AgentToolBindings" AS "a"
INNER JOIN "Tools" AS "t" ON "a"."ToolId" = "t"."Id"
INNER JOIN "McpServers" AS "m" ON "t"."McpServerId" = "m"."Id"
WHERE "a"."AgentId" = @__agentId_0 AND "a"."Enabled"
2025-09-01 18:52:34.868 +02:00 [INF] Request finished HTTP/1.1 POST http://localhost:5088/sessions/8d5ff80e-09d7-4904-80ec-359935c64393/messages - 202 null application/json; charset=utf-8 70.5527ms
2025-09-01 18:52:34.880 +02:00 [INF] Executed DbCommand (0ms) [Parameters=[@__agentId_0='?' (DbType = Guid)], CommandType='"Text"', CommandTimeout='30']
SELECT "a"."Id", "a"."AgentId", "a"."ConfigJson", "a"."Enabled", "a"."ToolId", "t"."Id", "t"."Description", "t"."Enabled", "t"."InputSchemaJson", "t"."McpServerId", "t"."Name", "t"."Scope", "m"."Id", "m"."AuthType", "m"."BaseUrl", "m"."LastSeenUtc", "m"."MetadataJson", "m"."Name", "m"."Status"
FROM "AgentToolBindings" AS "a"
INNER JOIN "Tools" AS "t" ON "a"."ToolId" = "t"."Id"
INNER JOIN "McpServers" AS "m" ON "t"."McpServerId" = "m"."Id"
WHERE "a"."AgentId" = @__agentId_0 AND "a"."Enabled"
2025-09-01 18:52:35.457 +02:00 [INF] Executed DbCommand (0ms) [Parameters=[@__agentId_0='?' (DbType = Guid)], CommandType='"Text"', CommandTimeout='30']
SELECT "a"."Id", "a"."AgentId", "a"."ConfigJson", "a"."Enabled", "a"."ToolId", "t"."Id", "t"."Description", "t"."Enabled", "t"."InputSchemaJson", "t"."McpServerId", "t"."Name", "t"."Scope", "m"."Id", "m"."AuthType", "m"."BaseUrl", "m"."LastSeenUtc", "m"."MetadataJson", "m"."Name", "m"."Status"
FROM "AgentToolBindings" AS "a"
INNER JOIN "Tools" AS "t" ON "a"."ToolId" = "t"."Id"
INNER JOIN "McpServers" AS "m" ON "t"."McpServerId" = "m"."Id"
WHERE "a"."AgentId" = @__agentId_0 AND "a"."Enabled"
2025-09-01 18:52:35.465 +02:00 [INF] Executed DbCommand (0ms) [Parameters=[@__agentId_0='?' (DbType = Guid)], CommandType='"Text"', CommandTimeout='30']
SELECT "a"."Id", "a"."AgentId", "a"."ConfigJson", "a"."Enabled", "a"."ToolId", "t"."Id", "t"."Description", "t"."Enabled", "t"."InputSchemaJson", "t"."McpServerId", "t"."Name", "t"."Scope", "m"."Id", "m"."AuthType", "m"."BaseUrl", "m"."LastSeenUtc", "m"."MetadataJson", "m"."Name", "m"."Status"
FROM "AgentToolBindings" AS "a"
INNER JOIN "Tools" AS "t" ON "a"."ToolId" = "t"."Id"
INNER JOIN "McpServers" AS "m" ON "t"."McpServerId" = "m"."Id"
WHERE "a"."AgentId" = @__agentId_0 AND "a"."Enabled"
2025-09-01 18:52:35.824 +02:00 [INF] Executed DbCommand (0ms) [Parameters=[], CommandType='"Text"', CommandTimeout='30']
SELECT "m"."Id", "m"."AuthType", "m"."BaseUrl", "m"."LastSeenUtc", "m"."MetadataJson", "m"."Name", "m"."Status"
FROM "McpServers" AS "m"
ORDER BY "m"."LastSeenUtc"
2025-09-01 18:52:35.830 +02:00 [INF] Conectando a MCP WebSocket: ws://localhost:8970/ws
2025-09-01 18:52:36.037 +02:00 [INF] Executed DbCommand (0ms) [Parameters=[@__agentId_0='?' (DbType = Guid)], CommandType='"Text"', CommandTimeout='30']
SELECT "a"."Id", "a"."AgentId", "a"."ConfigJson", "a"."Enabled", "a"."ToolId", "t"."Id", "t"."Description", "t"."Enabled", "t"."InputSchemaJson", "t"."McpServerId", "t"."Name", "t"."Scope", "m"."Id", "m"."AuthType", "m"."BaseUrl", "m"."LastSeenUtc", "m"."MetadataJson", "m"."Name", "m"."Status"
FROM "AgentToolBindings" AS "a"
INNER JOIN "Tools" AS "t" ON "a"."ToolId" = "t"."Id"
INNER JOIN "McpServers" AS "m" ON "t"."McpServerId" = "m"."Id"
WHERE "a"."AgentId" = @__agentId_0 AND "a"."Enabled"
2025-09-01 18:52:36.982 +02:00 [INF] Executed DbCommand (17ms) [Parameters=[@p0='?' (DbType = Guid), @p1='?' (Size = 43), @p2='?' (DbType = DateTime), @p3='?' (Size = 9), @p4='?' (DbType = Guid), @p5='?'], CommandType='"Text"', CommandTimeout='30']
INSERT INTO "Messages" ("Id", "Content", "CreatedUtc", "Role", "SessionId", "TokenUsageJson")
VALUES (@p0, @p1, @p2, @p3, @p4, @p5);
2025-09-01 18:52:49.508 +02:00 [INF] Request starting HTTP/1.1 OPTIONS http://localhost:5088/sessions/8d5ff80e-09d7-4904-80ec-359935c64393/messages - null null
2025-09-01 18:52:49.516 +02:00 [INF] CORS policy execution successful.
2025-09-01 18:52:49.521 +02:00 [INF] Request finished HTTP/1.1 OPTIONS http://localhost:5088/sessions/8d5ff80e-09d7-4904-80ec-359935c64393/messages - 204 null null 13.3712ms
2025-09-01 18:52:49.527 +02:00 [INF] Request starting HTTP/1.1 POST http://localhost:5088/sessions/8d5ff80e-09d7-4904-80ec-359935c64393/messages - application/json 36
2025-09-01 18:52:49.533 +02:00 [INF] CORS policy execution successful.
2025-09-01 18:52:49.539 +02:00 [INF] Executing endpoint 'HTTP: POST /sessions/{id:guid}/messages'
2025-09-01 18:52:49.547 +02:00 [INF] Executed DbCommand (0ms) [Parameters=[@__p_0='?' (DbType = Guid)], CommandType='"Text"', CommandTimeout='30']
SELECT "s"."Id", "s"."AgentId", "s"."EndedUtc", "s"."LastEventIdx", "s"."StartedUtc", "s"."Status", "s"."UserId"
FROM "Sessions" AS "s"
WHERE "s"."Id" = @__p_0
LIMIT 1
2025-09-01 18:52:49.565 +02:00 [INF] Executed DbCommand (8ms) [Parameters=[@p0='?' (DbType = Guid), @p1='?' (Size = 22), @p2='?' (DbType = DateTime), @p3='?' (Size = 4), @p4='?' (DbType = Guid), @p5='?'], CommandType='"Text"', CommandTimeout='30']
INSERT INTO "Messages" ("Id", "Content", "CreatedUtc", "Role", "SessionId", "TokenUsageJson")
VALUES (@p0, @p1, @p2, @p3, @p4, @p5);
2025-09-01 18:52:49.571 +02:00 [INF] Setting HTTP status code 202.
2025-09-01 18:52:49.572 +02:00 [INF] Executed DbCommand (0ms) [Parameters=[@__p_0='?' (DbType = Guid)], CommandType='"Text"', CommandTimeout='30']
SELECT "a"."Id", "a"."Autonomy", "a"."CreatedUtc", "a"."GuardrailsJson", "a"."Name", "a"."ParamsJson", "a"."Provider", "a"."Temperature", "a"."TemplateRef", "a"."TokenBudget", "a"."ToolBudget", "a"."TopP", "a"."UpdatedUtc"
FROM "Agents" AS "a"
WHERE "a"."Id" = @__p_0
LIMIT 1
2025-09-01 18:52:49.575 +02:00 [INF] Writing value of type 'AcceptedResponse' as Json.
2025-09-01 18:52:49.586 +02:00 [INF] Executed endpoint 'HTTP: POST /sessions/{id:guid}/messages'
2025-09-01 18:52:49.590 +02:00 [INF] Executed DbCommand (1ms) [Parameters=[@__agentId_0='?' (DbType = Guid)], CommandType='"Text"', CommandTimeout='30']
SELECT "a"."Id", "a"."AgentId", "a"."ConfigJson", "a"."Enabled", "a"."ToolId", "t"."Id", "t"."Description", "t"."Enabled", "t"."InputSchemaJson", "t"."McpServerId", "t"."Name", "t"."Scope", "m"."Id", "m"."AuthType", "m"."BaseUrl", "m"."LastSeenUtc", "m"."MetadataJson", "m"."Name", "m"."Status"
FROM "AgentToolBindings" AS "a"
INNER JOIN "Tools" AS "t" ON "a"."ToolId" = "t"."Id"
INNER JOIN "McpServers" AS "m" ON "t"."McpServerId" = "m"."Id"
WHERE "a"."AgentId" = @__agentId_0 AND "a"."Enabled"
2025-09-01 18:52:49.591 +02:00 [INF] Request finished HTTP/1.1 POST http://localhost:5088/sessions/8d5ff80e-09d7-4904-80ec-359935c64393/messages - 202 null application/json; charset=utf-8 64.1993ms
2025-09-01 18:52:49.601 +02:00 [INF] Executed DbCommand (1ms) [Parameters=[@__agentId_0='?' (DbType = Guid)], CommandType='"Text"', CommandTimeout='30']
SELECT "a"."Id", "a"."AgentId", "a"."ConfigJson", "a"."Enabled", "a"."ToolId", "t"."Id", "t"."Description", "t"."Enabled", "t"."InputSchemaJson", "t"."McpServerId", "t"."Name", "t"."Scope", "m"."Id", "m"."AuthType", "m"."BaseUrl", "m"."LastSeenUtc", "m"."MetadataJson", "m"."Name", "m"."Status"
FROM "AgentToolBindings" AS "a"
INNER JOIN "Tools" AS "t" ON "a"."ToolId" = "t"."Id"
INNER JOIN "McpServers" AS "m" ON "t"."McpServerId" = "m"."Id"
WHERE "a"."AgentId" = @__agentId_0 AND "a"."Enabled"
2025-09-01 18:52:50.133 +02:00 [INF] Executed DbCommand (1ms) [Parameters=[@__agentId_0='?' (DbType = Guid)], CommandType='"Text"', CommandTimeout='30']
SELECT "a"."Id", "a"."AgentId", "a"."ConfigJson", "a"."Enabled", "a"."ToolId", "t"."Id", "t"."Description", "t"."Enabled", "t"."InputSchemaJson", "t"."McpServerId", "t"."Name", "t"."Scope", "m"."Id", "m"."AuthType", "m"."BaseUrl", "m"."LastSeenUtc", "m"."MetadataJson", "m"."Name", "m"."Status"
FROM "AgentToolBindings" AS "a"
INNER JOIN "Tools" AS "t" ON "a"."ToolId" = "t"."Id"
INNER JOIN "McpServers" AS "m" ON "t"."McpServerId" = "m"."Id"
WHERE "a"."AgentId" = @__agentId_0 AND "a"."Enabled"
2025-09-01 18:52:50.144 +02:00 [INF] Executed DbCommand (0ms) [Parameters=[@__agentId_0='?' (DbType = Guid)], CommandType='"Text"', CommandTimeout='30']
SELECT "a"."Id", "a"."AgentId", "a"."ConfigJson", "a"."Enabled", "a"."ToolId", "t"."Id", "t"."Description", "t"."Enabled", "t"."InputSchemaJson", "t"."McpServerId", "t"."Name", "t"."Scope", "m"."Id", "m"."AuthType", "m"."BaseUrl", "m"."LastSeenUtc", "m"."MetadataJson", "m"."Name", "m"."Status"
FROM "AgentToolBindings" AS "a"
INNER JOIN "Tools" AS "t" ON "a"."ToolId" = "t"."Id"
INNER JOIN "McpServers" AS "m" ON "t"."McpServerId" = "m"."Id"
WHERE "a"."AgentId" = @__agentId_0 AND "a"."Enabled"
2025-09-01 18:52:50.668 +02:00 [INF] Executed DbCommand (0ms) [Parameters=[], CommandType='"Text"', CommandTimeout='30']
SELECT "m"."Id", "m"."AuthType", "m"."BaseUrl", "m"."LastSeenUtc", "m"."MetadataJson", "m"."Name", "m"."Status"
FROM "McpServers" AS "m"
ORDER BY "m"."LastSeenUtc"
2025-09-01 18:52:50.676 +02:00 [INF] Conectando a MCP WebSocket: ws://localhost:8970/ws
2025-09-01 18:52:50.884 +02:00 [INF] Executed DbCommand (0ms) [Parameters=[@__agentId_0='?' (DbType = Guid)], CommandType='"Text"', CommandTimeout='30']
SELECT "a"."Id", "a"."AgentId", "a"."ConfigJson", "a"."Enabled", "a"."ToolId", "t"."Id", "t"."Description", "t"."Enabled", "t"."InputSchemaJson", "t"."McpServerId", "t"."Name", "t"."Scope", "m"."Id", "m"."AuthType", "m"."BaseUrl", "m"."LastSeenUtc", "m"."MetadataJson", "m"."Name", "m"."Status"
FROM "AgentToolBindings" AS "a"
INNER JOIN "Tools" AS "t" ON "a"."ToolId" = "t"."Id"
INNER JOIN "McpServers" AS "m" ON "t"."McpServerId" = "m"."Id"
WHERE "a"."AgentId" = @__agentId_0 AND "a"."Enabled"
2025-09-01 18:52:51.913 +02:00 [INF] Executed DbCommand (18ms) [Parameters=[@p0='?' (DbType = Guid), @p1='?' (Size = 43), @p2='?' (DbType = DateTime), @p3='?' (Size = 9), @p4='?' (DbType = Guid), @p5='?'], CommandType='"Text"', CommandTimeout='30']
INSERT INTO "Messages" ("Id", "Content", "CreatedUtc", "Role", "SessionId", "TokenUsageJson")
VALUES (@p0, @p1, @p2, @p3, @p4, @p5);
2025-09-01 18:53:00.686 +02:00 [INF] Request starting HTTP/1.1 OPTIONS http://localhost:5088/sessions/8d5ff80e-09d7-4904-80ec-359935c64393/messages - null null
2025-09-01 18:53:00.695 +02:00 [INF] CORS policy execution successful.
2025-09-01 18:53:00.700 +02:00 [INF] Request finished HTTP/1.1 OPTIONS http://localhost:5088/sessions/8d5ff80e-09d7-4904-80ec-359935c64393/messages - 204 null null 15.2108ms
2025-09-01 18:53:00.706 +02:00 [INF] Request starting HTTP/1.1 POST http://localhost:5088/sessions/8d5ff80e-09d7-4904-80ec-359935c64393/messages - application/json 28
2025-09-01 18:53:00.711 +02:00 [INF] CORS policy execution successful.
2025-09-01 18:53:00.715 +02:00 [INF] Executing endpoint 'HTTP: POST /sessions/{id:guid}/messages'
2025-09-01 18:53:00.722 +02:00 [INF] Executed DbCommand (0ms) [Parameters=[@__p_0='?' (DbType = Guid)], CommandType='"Text"', CommandTimeout='30']
SELECT "s"."Id", "s"."AgentId", "s"."EndedUtc", "s"."LastEventIdx", "s"."StartedUtc", "s"."Status", "s"."UserId"
FROM "Sessions" AS "s"
WHERE "s"."Id" = @__p_0
LIMIT 1
2025-09-01 18:53:00.745 +02:00 [INF] Executed DbCommand (17ms) [Parameters=[@p0='?' (DbType = Guid), @p1='?' (Size = 14), @p2='?' (DbType = DateTime), @p3='?' (Size = 4), @p4='?' (DbType = Guid), @p5='?'], CommandType='"Text"', CommandTimeout='30']
INSERT INTO "Messages" ("Id", "Content", "CreatedUtc", "Role", "SessionId", "TokenUsageJson")
VALUES (@p0, @p1, @p2, @p3, @p4, @p5);
2025-09-01 18:53:00.751 +02:00 [INF] Setting HTTP status code 202.
2025-09-01 18:53:00.752 +02:00 [INF] Executed DbCommand (0ms) [Parameters=[@__p_0='?' (DbType = Guid)], CommandType='"Text"', CommandTimeout='30']
SELECT "a"."Id", "a"."Autonomy", "a"."CreatedUtc", "a"."GuardrailsJson", "a"."Name", "a"."ParamsJson", "a"."Provider", "a"."Temperature", "a"."TemplateRef", "a"."TokenBudget", "a"."ToolBudget", "a"."TopP", "a"."UpdatedUtc"
FROM "Agents" AS "a"
WHERE "a"."Id" = @__p_0
LIMIT 1
2025-09-01 18:53:00.755 +02:00 [INF] Writing value of type 'AcceptedResponse' as Json.
2025-09-01 18:53:00.765 +02:00 [INF] Executed DbCommand (1ms) [Parameters=[@__agentId_0='?' (DbType = Guid)], CommandType='"Text"', CommandTimeout='30']
SELECT "a"."Id", "a"."AgentId", "a"."ConfigJson", "a"."Enabled", "a"."ToolId", "t"."Id", "t"."Description", "t"."Enabled", "t"."InputSchemaJson", "t"."McpServerId", "t"."Name", "t"."Scope", "m"."Id", "m"."AuthType", "m"."BaseUrl", "m"."LastSeenUtc", "m"."MetadataJson", "m"."Name", "m"."Status"
FROM "AgentToolBindings" AS "a"
INNER JOIN "Tools" AS "t" ON "a"."ToolId" = "t"."Id"
INNER JOIN "McpServers" AS "m" ON "t"."McpServerId" = "m"."Id"
WHERE "a"."AgentId" = @__agentId_0 AND "a"."Enabled"
2025-09-01 18:53:00.766 +02:00 [INF] Executed endpoint 'HTTP: POST /sessions/{id:guid}/messages'
2025-09-01 18:53:00.774 +02:00 [INF] Executed DbCommand (1ms) [Parameters=[@__agentId_0='?' (DbType = Guid)], CommandType='"Text"', CommandTimeout='30']
SELECT "a"."Id", "a"."AgentId", "a"."ConfigJson", "a"."Enabled", "a"."ToolId", "t"."Id", "t"."Description", "t"."Enabled", "t"."InputSchemaJson", "t"."McpServerId", "t"."Name", "t"."Scope", "m"."Id", "m"."AuthType", "m"."BaseUrl", "m"."LastSeenUtc", "m"."MetadataJson", "m"."Name", "m"."Status"
FROM "AgentToolBindings" AS "a"
INNER JOIN "Tools" AS "t" ON "a"."ToolId" = "t"."Id"
INNER JOIN "McpServers" AS "m" ON "t"."McpServerId" = "m"."Id"
WHERE "a"."AgentId" = @__agentId_0 AND "a"."Enabled"
2025-09-01 18:53:00.775 +02:00 [INF] Request finished HTTP/1.1 POST http://localhost:5088/sessions/8d5ff80e-09d7-4904-80ec-359935c64393/messages - 202 null application/json; charset=utf-8 68.8191ms
2025-09-01 18:53:01.530 +02:00 [INF] Executed DbCommand (18ms) [Parameters=[@p0='?' (DbType = Guid), @p1='?' (Size = 62), @p2='?' (DbType = DateTime), @p3='?' (Size = 9), @p4='?' (DbType = Guid), @p5='?'], CommandType='"Text"', CommandTimeout='30']
INSERT INTO "Messages" ("Id", "Content", "CreatedUtc", "Role", "SessionId", "TokenUsageJson")
VALUES (@p0, @p1, @p2, @p3, @p4, @p5);
2025-09-01 18:53:10.565 +02:00 [INF] Request starting HTTP/1.1 OPTIONS http://localhost:5088/sessions/8d5ff80e-09d7-4904-80ec-359935c64393/messages - null null
2025-09-01 18:53:10.573 +02:00 [INF] CORS policy execution successful.
2025-09-01 18:53:10.577 +02:00 [INF] Request finished HTTP/1.1 OPTIONS http://localhost:5088/sessions/8d5ff80e-09d7-4904-80ec-359935c64393/messages - 204 null null 12.9568ms
2025-09-01 18:53:10.583 +02:00 [INF] Request starting HTTP/1.1 POST http://localhost:5088/sessions/8d5ff80e-09d7-4904-80ec-359935c64393/messages - application/json 51
2025-09-01 18:53:10.587 +02:00 [INF] CORS policy execution successful.
2025-09-01 18:53:10.592 +02:00 [INF] Executing endpoint 'HTTP: POST /sessions/{id:guid}/messages'
2025-09-01 18:53:10.597 +02:00 [INF] Executed DbCommand (0ms) [Parameters=[@__p_0='?' (DbType = Guid)], CommandType='"Text"', CommandTimeout='30']
SELECT "s"."Id", "s"."AgentId", "s"."EndedUtc", "s"."LastEventIdx", "s"."StartedUtc", "s"."Status", "s"."UserId"
FROM "Sessions" AS "s"
WHERE "s"."Id" = @__p_0
LIMIT 1
2025-09-01 18:53:10.622 +02:00 [INF] Executed DbCommand (18ms) [Parameters=[@p0='?' (DbType = Guid), @p1='?' (Size = 37), @p2='?' (DbType = DateTime), @p3='?' (Size = 4), @p4='?' (DbType = Guid), @p5='?'], CommandType='"Text"', CommandTimeout='30']
INSERT INTO "Messages" ("Id", "Content", "CreatedUtc", "Role", "SessionId", "TokenUsageJson")
VALUES (@p0, @p1, @p2, @p3, @p4, @p5);
2025-09-01 18:53:10.628 +02:00 [INF] Setting HTTP status code 202.
2025-09-01 18:53:10.629 +02:00 [INF] Executed DbCommand (0ms) [Parameters=[@__p_0='?' (DbType = Guid)], CommandType='"Text"', CommandTimeout='30']
SELECT "a"."Id", "a"."Autonomy", "a"."CreatedUtc", "a"."GuardrailsJson", "a"."Name", "a"."ParamsJson", "a"."Provider", "a"."Temperature", "a"."TemplateRef", "a"."TokenBudget", "a"."ToolBudget", "a"."TopP", "a"."UpdatedUtc"
FROM "Agents" AS "a"
WHERE "a"."Id" = @__p_0
LIMIT 1
2025-09-01 18:53:10.634 +02:00 [INF] Writing value of type 'AcceptedResponse' as Json.
2025-09-01 18:53:10.642 +02:00 [INF] Executed DbCommand (0ms) [Parameters=[@__agentId_0='?' (DbType = Guid)], CommandType='"Text"', CommandTimeout='30']
SELECT "a"."Id", "a"."AgentId", "a"."ConfigJson", "a"."Enabled", "a"."ToolId", "t"."Id", "t"."Description", "t"."Enabled", "t"."InputSchemaJson", "t"."McpServerId", "t"."Name", "t"."Scope", "m"."Id", "m"."AuthType", "m"."BaseUrl", "m"."LastSeenUtc", "m"."MetadataJson", "m"."Name", "m"."Status"
FROM "AgentToolBindings" AS "a"
INNER JOIN "Tools" AS "t" ON "a"."ToolId" = "t"."Id"
INNER JOIN "McpServers" AS "m" ON "t"."McpServerId" = "m"."Id"
WHERE "a"."AgentId" = @__agentId_0 AND "a"."Enabled"
2025-09-01 18:53:10.644 +02:00 [INF] Executed endpoint 'HTTP: POST /sessions/{id:guid}/messages'
2025-09-01 18:53:10.652 +02:00 [INF] Executed DbCommand (0ms) [Parameters=[@__agentId_0='?' (DbType = Guid)], CommandType='"Text"', CommandTimeout='30']
SELECT "a"."Id", "a"."AgentId", "a"."ConfigJson", "a"."Enabled", "a"."ToolId", "t"."Id", "t"."Description", "t"."Enabled", "t"."InputSchemaJson", "t"."McpServerId", "t"."Name", "t"."Scope", "m"."Id", "m"."AuthType", "m"."BaseUrl", "m"."LastSeenUtc", "m"."MetadataJson", "m"."Name", "m"."Status"
FROM "AgentToolBindings" AS "a"
INNER JOIN "Tools" AS "t" ON "a"."ToolId" = "t"."Id"
INNER JOIN "McpServers" AS "m" ON "t"."McpServerId" = "m"."Id"
WHERE "a"."AgentId" = @__agentId_0 AND "a"."Enabled"
2025-09-01 18:53:10.654 +02:00 [INF] Request finished HTTP/1.1 POST http://localhost:5088/sessions/8d5ff80e-09d7-4904-80ec-359935c64393/messages - 202 null application/json; charset=utf-8 71.058ms
2025-09-01 18:53:11.445 +02:00 [INF] Executed DbCommand (0ms) [Parameters=[@__agentId_0='?' (DbType = Guid)], CommandType='"Text"', CommandTimeout='30']
SELECT "a"."Id", "a"."AgentId", "a"."ConfigJson", "a"."Enabled", "a"."ToolId", "t"."Id", "t"."Description", "t"."Enabled", "t"."InputSchemaJson", "t"."McpServerId", "t"."Name", "t"."Scope", "m"."Id", "m"."AuthType", "m"."BaseUrl", "m"."LastSeenUtc", "m"."MetadataJson", "m"."Name", "m"."Status"
FROM "AgentToolBindings" AS "a"
INNER JOIN "Tools" AS "t" ON "a"."ToolId" = "t"."Id"
INNER JOIN "McpServers" AS "m" ON "t"."McpServerId" = "m"."Id"
WHERE "a"."AgentId" = @__agentId_0 AND "a"."Enabled"
2025-09-01 18:53:11.453 +02:00 [INF] Executed DbCommand (0ms) [Parameters=[@__agentId_0='?' (DbType = Guid)], CommandType='"Text"', CommandTimeout='30']
SELECT "a"."Id", "a"."AgentId", "a"."ConfigJson", "a"."Enabled", "a"."ToolId", "t"."Id", "t"."Description", "t"."Enabled", "t"."InputSchemaJson", "t"."McpServerId", "t"."Name", "t"."Scope", "m"."Id", "m"."AuthType", "m"."BaseUrl", "m"."LastSeenUtc", "m"."MetadataJson", "m"."Name", "m"."Status"
FROM "AgentToolBindings" AS "a"
INNER JOIN "Tools" AS "t" ON "a"."ToolId" = "t"."Id"
INNER JOIN "McpServers" AS "m" ON "t"."McpServerId" = "m"."Id"
WHERE "a"."AgentId" = @__agentId_0 AND "a"."Enabled"
2025-09-01 18:53:11.689 +02:00 [INF] Executed DbCommand (0ms) [Parameters=[], CommandType='"Text"', CommandTimeout='30']
SELECT "m"."Id", "m"."AuthType", "m"."BaseUrl", "m"."LastSeenUtc", "m"."MetadataJson", "m"."Name", "m"."Status"
FROM "McpServers" AS "m"
ORDER BY "m"."LastSeenUtc"
2025-09-01 18:53:11.698 +02:00 [INF] Conectando a MCP WebSocket: ws://localhost:8970/ws
2025-09-01 18:53:11.830 +02:00 [ERR] Error inesperado en WebSocket: MCP Tool error: No se encontró el archivo de herramienta: ../../bundles\kb-tools\tools/summarize.js
2025-09-01 18:53:11.838 +02:00 [INF] Executed DbCommand (0ms) [Parameters=[@__agentId_0='?' (DbType = Guid)], CommandType='"Text"', CommandTimeout='30']
SELECT "a"."Id", "a"."AgentId", "a"."ConfigJson", "a"."Enabled", "a"."ToolId", "t"."Id", "t"."Description", "t"."Enabled", "t"."InputSchemaJson", "t"."McpServerId", "t"."Name", "t"."Scope", "m"."Id", "m"."AuthType", "m"."BaseUrl", "m"."LastSeenUtc", "m"."MetadataJson", "m"."Name", "m"."Status"
FROM "AgentToolBindings" AS "a"
INNER JOIN "Tools" AS "t" ON "a"."ToolId" = "t"."Id"
INNER JOIN "McpServers" AS "m" ON "t"."McpServerId" = "m"."Id"
WHERE "a"."AgentId" = @__agentId_0 AND "a"."Enabled"
2025-09-01 18:53:11.847 +02:00 [INF] Executed DbCommand (0ms) [Parameters=[@__agentId_0='?' (DbType = Guid)], CommandType='"Text"', CommandTimeout='30']
SELECT "a"."Id", "a"."AgentId", "a"."ConfigJson", "a"."Enabled", "a"."ToolId", "t"."Id", "t"."Description", "t"."Enabled", "t"."InputSchemaJson", "t"."McpServerId", "t"."Name", "t"."Scope", "m"."Id", "m"."AuthType", "m"."BaseUrl", "m"."LastSeenUtc", "m"."MetadataJson", "m"."Name", "m"."Status"
FROM "AgentToolBindings" AS "a"
INNER JOIN "Tools" AS "t" ON "a"."ToolId" = "t"."Id"
INNER JOIN "McpServers" AS "m" ON "t"."McpServerId" = "m"."Id"
WHERE "a"."AgentId" = @__agentId_0 AND "a"."Enabled"
2025-09-01 18:53:12.232 +02:00 [INF] Executed DbCommand (0ms) [Parameters=[], CommandType='"Text"', CommandTimeout='30']
SELECT "m"."Id", "m"."AuthType", "m"."BaseUrl", "m"."LastSeenUtc", "m"."MetadataJson", "m"."Name", "m"."Status"
FROM "McpServers" AS "m"
ORDER BY "m"."LastSeenUtc"
2025-09-01 18:53:12.240 +02:00 [INF] Conectando a MCP WebSocket: ws://localhost:8970/ws
2025-09-01 18:53:12.463 +02:00 [INF] Executed DbCommand (0ms) [Parameters=[@__agentId_0='?' (DbType = Guid)], CommandType='"Text"', CommandTimeout='30']
SELECT "a"."Id", "a"."AgentId", "a"."ConfigJson", "a"."Enabled", "a"."ToolId", "t"."Id", "t"."Description", "t"."Enabled", "t"."InputSchemaJson", "t"."McpServerId", "t"."Name", "t"."Scope", "m"."Id", "m"."AuthType", "m"."BaseUrl", "m"."LastSeenUtc", "m"."MetadataJson", "m"."Name", "m"."Status"
FROM "AgentToolBindings" AS "a"
INNER JOIN "Tools" AS "t" ON "a"."ToolId" = "t"."Id"
INNER JOIN "McpServers" AS "m" ON "t"."McpServerId" = "m"."Id"
WHERE "a"."AgentId" = @__agentId_0 AND "a"."Enabled"
2025-09-01 18:53:14.012 +02:00 [INF] Executed DbCommand (18ms) [Parameters=[@p0='?' (DbType = Guid), @p1='?' (Size = 43), @p2='?' (DbType = DateTime), @p3='?' (Size = 9), @p4='?' (DbType = Guid), @p5='?'], CommandType='"Text"', CommandTimeout='30']
INSERT INTO "Messages" ("Id", "Content", "CreatedUtc", "Role", "SessionId", "TokenUsageJson")
VALUES (@p0, @p1, @p2, @p3, @p4, @p5);
2025-09-01 18:59:58.946 +02:00 [INF] Application is shutting down...
2025-09-01 18:59:58.951 +02:00 [INF] Executed endpoint '/hubs/trace'
2025-09-01 18:59:58.957 +02:00 [INF] Request finished HTTP/1.1 GET http://localhost:5088/hubs/trace?id=hH9JFZy2FLvuqI8ykNJqmQ - 101 null null 469100.1316ms
2025-09-01 19:42:49.905 +02:00 [INF] User profile is available. Using 'C:\Users\Usuario\AppData\Local\ASP.NET\DataProtection-Keys' as key repository and Windows DPAPI to encrypt keys at rest.
2025-09-01 19:42:50.551 +02:00 [INF] Now listening on: http://localhost:5088
2025-09-01 19:42:50.557 +02:00 [INF] Application started. Press Ctrl+C to shut down.
2025-09-01 19:42:50.558 +02:00 [INF] Hosting environment: Development
2025-09-01 19:42:50.561 +02:00 [INF] Content root path: D:\BearDevelopment\AutoAgent\autoagent_back\src\AutoAgentes.Api
2025-09-01 19:42:54.591 +02:00 [INF] Request starting HTTP/1.1 OPTIONS http://localhost:5088/agents/1e5ffb9e-fb28-4405-b82b-b4647aa5a865 - null null
2025-09-01 19:42:54.591 +02:00 [INF] Request starting HTTP/1.1 OPTIONS http://localhost:5088/agents/1e5ffb9e-fb28-4405-b82b-b4647aa5a865/bindings - null null
2025-09-01 19:42:54.694 +02:00 [INF] CORS policy execution successful.
2025-09-01 19:42:54.694 +02:00 [INF] CORS policy execution successful.
2025-09-01 19:42:54.709 +02:00 [INF] Request finished HTTP/1.1 OPTIONS http://localhost:5088/agents/1e5ffb9e-fb28-4405-b82b-b4647aa5a865/bindings - 204 null null 134.8266ms
2025-09-01 19:42:54.711 +02:00 [INF] Request finished HTTP/1.1 OPTIONS http://localhost:5088/agents/1e5ffb9e-fb28-4405-b82b-b4647aa5a865 - 204 null null 134.894ms
2025-09-01 19:42:54.744 +02:00 [INF] Request starting HTTP/1.1 GET http://localhost:5088/agents/1e5ffb9e-fb28-4405-b82b-b4647aa5a865 - application/json null
2025-09-01 19:42:54.744 +02:00 [INF] Request starting HTTP/1.1 GET http://localhost:5088/agents/1e5ffb9e-fb28-4405-b82b-b4647aa5a865/bindings - application/json null
2025-09-01 19:42:54.765 +02:00 [INF] CORS policy execution successful.
2025-09-01 19:42:54.765 +02:00 [INF] CORS policy execution successful.
2025-09-01 19:42:54.802 +02:00 [INF] Executing endpoint 'HTTP: GET /agents/{id:guid}/bindings'
2025-09-01 19:42:54.802 +02:00 [INF] Executing endpoint 'HTTP: GET /agents/{id:guid}'
2025-09-01 19:42:56.404 +02:00 [INF] Executed DbCommand (11ms) [Parameters=[@__agentId_0='?' (DbType = Guid)], CommandType='"Text"', CommandTimeout='30']
SELECT "a"."Id", "a"."AgentId", "a"."ConfigJson", "a"."Enabled", "a"."ToolId"
FROM "AgentToolBindings" AS "a"
WHERE "a"."AgentId" = @__agentId_0
2025-09-01 19:42:56.404 +02:00 [INF] Executed DbCommand (11ms) [Parameters=[@__p_0='?' (DbType = Guid)], CommandType='"Text"', CommandTimeout='30']
SELECT "a"."Id", "a"."Autonomy", "a"."CreatedUtc", "a"."GuardrailsJson", "a"."Name", "a"."ParamsJson", "a"."Provider", "a"."Temperature", "a"."TemplateRef", "a"."TokenBudget", "a"."ToolBudget", "a"."TopP", "a"."UpdatedUtc"
FROM "Agents" AS "a"
WHERE "a"."Id" = @__p_0
LIMIT 1
2025-09-01 19:42:56.465 +02:00 [INF] Setting HTTP status code 200.
2025-09-01 19:42:56.465 +02:00 [INF] Setting HTTP status code 200.
2025-09-01 19:42:56.481 +02:00 [INF] Writing value of type 'List`1' as Json.
2025-09-01 19:42:56.483 +02:00 [INF] Writing value of type 'AgentResponse' as Json.
2025-09-01 19:42:56.498 +02:00 [INF] Executed endpoint 'HTTP: GET /agents/{id:guid}'
2025-09-01 19:42:56.498 +02:00 [INF] Executed endpoint 'HTTP: GET /agents/{id:guid}/bindings'
2025-09-01 19:42:56.509 +02:00 [INF] Request finished HTTP/1.1 GET http://localhost:5088/agents/1e5ffb9e-fb28-4405-b82b-b4647aa5a865/bindings - 200 null application/json; charset=utf-8 1765.8483ms
2025-09-01 19:42:56.509 +02:00 [INF] Request finished HTTP/1.1 GET http://localhost:5088/agents/1e5ffb9e-fb28-4405-b82b-b4647aa5a865 - 200 null application/json; charset=utf-8 1765.8483ms
2025-09-01 19:42:57.223 +02:00 [INF] Request starting HTTP/1.1 OPTIONS http://localhost:5088/sessions - null null
2025-09-01 19:42:57.232 +02:00 [INF] CORS policy execution successful.
2025-09-01 19:42:57.237 +02:00 [INF] Request finished HTTP/1.1 OPTIONS http://localhost:5088/sessions - 204 null null 13.6941ms
2025-09-01 19:42:57.242 +02:00 [INF] Request starting HTTP/1.1 POST http://localhost:5088/sessions - application/json 50
2025-09-01 19:42:57.250 +02:00 [INF] CORS policy execution successful.
2025-09-01 19:42:57.257 +02:00 [INF] Executing endpoint 'HTTP: POST /sessions/'
2025-09-01 19:42:57.326 +02:00 [INF] Executed DbCommand (0ms) [Parameters=[@__p_0='?' (DbType = Guid)], CommandType='"Text"', CommandTimeout='30']
SELECT "a"."Id", "a"."Autonomy", "a"."CreatedUtc", "a"."GuardrailsJson", "a"."Name", "a"."ParamsJson", "a"."Provider", "a"."Temperature", "a"."TemplateRef", "a"."TokenBudget", "a"."ToolBudget", "a"."TopP", "a"."UpdatedUtc"
FROM "Agents" AS "a"
WHERE "a"."Id" = @__p_0
LIMIT 1
2025-09-01 19:42:57.466 +02:00 [INF] Executed DbCommand (18ms) [Parameters=[@p0='?' (DbType = Guid), @p1='?' (DbType = Guid), @p2='?' (DbType = DateTime), @p3='?' (DbType = Int32), @p4='?' (DbType = DateTime), @p5='?' (Size = 7), @p6='?'], CommandType='"Text"', CommandTimeout='30']
INSERT INTO "Sessions" ("Id", "AgentId", "EndedUtc", "LastEventIdx", "StartedUtc", "Status", "UserId")
VALUES (@p0, @p1, @p2, @p3, @p4, @p5, @p6);
2025-09-01 19:42:57.478 +02:00 [INF] Setting HTTP status code 201.
2025-09-01 19:42:57.484 +02:00 [INF] Writing value of type 'SessionCreatedResponse' as Json.
2025-09-01 19:42:57.489 +02:00 [INF] Executed endpoint 'HTTP: POST /sessions/'
2025-09-01 19:42:57.493 +02:00 [INF] Request finished HTTP/1.1 POST http://localhost:5088/sessions - 201 null application/json; charset=utf-8 251.0765ms
2025-09-01 19:42:57.507 +02:00 [INF] Request starting HTTP/1.1 OPTIONS http://localhost:5088/hubs/trace/negotiate?negotiateVersion=1 - null null
2025-09-01 19:42:57.514 +02:00 [INF] CORS policy execution successful.
2025-09-01 19:42:57.520 +02:00 [INF] Request finished HTTP/1.1 OPTIONS http://localhost:5088/hubs/trace/negotiate?negotiateVersion=1 - 204 null null 13.2435ms
2025-09-01 19:42:57.524 +02:00 [INF] Request starting HTTP/1.1 POST http://localhost:5088/hubs/trace/negotiate?negotiateVersion=1 - null 0
2025-09-01 19:42:57.533 +02:00 [INF] CORS policy execution successful.
2025-09-01 19:42:57.542 +02:00 [INF] ApiKey was not authenticated. Failure message: Missing API key
2025-09-01 19:42:57.549 +02:00 [INF] Executing endpoint '/hubs/trace/negotiate'
2025-09-01 19:42:57.563 +02:00 [INF] Executed endpoint '/hubs/trace/negotiate'
2025-09-01 19:42:57.569 +02:00 [INF] Request finished HTTP/1.1 POST http://localhost:5088/hubs/trace/negotiate?negotiateVersion=1 - 200 316 application/json 45.3127ms
2025-09-01 19:42:57.571 +02:00 [INF] Request starting HTTP/1.1 GET http://localhost:5088/hubs/trace?id=_q5nwwoE4SYhYgplP_bZAQ - null null
2025-09-01 19:42:57.582 +02:00 [INF] CORS policy execution successful.
2025-09-01 19:42:57.588 +02:00 [INF] ApiKey was not authenticated. Failure message: Missing API key
2025-09-01 19:42:57.593 +02:00 [INF] Executing endpoint '/hubs/trace'
2025-09-01 19:42:59.502 +02:00 [INF] Request starting HTTP/1.1 OPTIONS http://localhost:5088/sessions/abf2d480-8d15-4365-8553-68208e88e7ca/messages - null null
2025-09-01 19:42:59.508 +02:00 [INF] CORS policy execution successful.
2025-09-01 19:42:59.512 +02:00 [INF] Request finished HTTP/1.1 OPTIONS http://localhost:5088/sessions/abf2d480-8d15-4365-8553-68208e88e7ca/messages - 204 null null 11.1722ms
2025-09-01 19:42:59.519 +02:00 [INF] Request starting HTTP/1.1 POST http://localhost:5088/sessions/abf2d480-8d15-4365-8553-68208e88e7ca/messages - application/json 18
2025-09-01 19:42:59.525 +02:00 [INF] CORS policy execution successful.
2025-09-01 19:42:59.531 +02:00 [INF] Executing endpoint 'HTTP: POST /sessions/{id:guid}/messages'
2025-09-01 19:42:59.547 +02:00 [INF] Executed DbCommand (0ms) [Parameters=[@__p_0='?' (DbType = Guid)], CommandType='"Text"', CommandTimeout='30']
SELECT "s"."Id", "s"."AgentId", "s"."EndedUtc", "s"."LastEventIdx", "s"."StartedUtc", "s"."Status", "s"."UserId"
FROM "Sessions" AS "s"
WHERE "s"."Id" = @__p_0
LIMIT 1
2025-09-01 19:42:59.573 +02:00 [ERR] Failed executing DbCommand (3ms) [Parameters=[@p0='?' (DbType = Guid), @p1='?' (Size = 4), @p2='?' (DbType = DateTime), @p3='?', @p4='?' (Size = 4), @p5='?' (DbType = Guid), @p6='?'], CommandType='"Text"', CommandTimeout='30']
INSERT INTO "Messages" ("Id", "Content", "CreatedUtc", "Kind", "Role", "SessionId", "TokenUsageJson")
VALUES (@p0, @p1, @p2, @p3, @p4, @p5, @p6);
2025-09-01 19:42:59.591 +02:00 [ERR] An exception occurred in the database while saving changes for context type 'AutoAgentes.Infrastructure.AppDbContext'.
Microsoft.EntityFrameworkCore.DbUpdateException: An error occurred while saving the entity changes. See the inner exception for details.
 ---> Microsoft.Data.Sqlite.SqliteException (0x80004005): SQLite Error 1: 'table Messages has no column named Kind'.
   at Microsoft.Data.Sqlite.SqliteException.ThrowExceptionForRC(Int32 rc, sqlite3 db)
   at Microsoft.Data.Sqlite.SqliteCommand.PrepareAndEnumerateStatements()+MoveNext()
   at Microsoft.Data.Sqlite.SqliteCommand.GetStatements()+MoveNext()
   at Microsoft.Data.Sqlite.SqliteDataReader.NextResult()
   at Microsoft.Data.Sqlite.SqliteCommand.ExecuteReader(CommandBehavior behavior)
   at Microsoft.Data.Sqlite.SqliteCommand.ExecuteReaderAsync(CommandBehavior behavior, CancellationToken cancellationToken)
   at Microsoft.Data.Sqlite.SqliteCommand.ExecuteDbDataReaderAsync(CommandBehavior behavior, CancellationToken cancellationToken)
   at Microsoft.EntityFrameworkCore.Storage.RelationalCommand.ExecuteReaderAsync(RelationalCommandParameterObject parameterObject, CancellationToken cancellationToken)
   at Microsoft.EntityFrameworkCore.Storage.RelationalCommand.ExecuteReaderAsync(RelationalCommandParameterObject parameterObject, CancellationToken cancellationToken)
   at Microsoft.EntityFrameworkCore.Update.ReaderModificationCommandBatch.ExecuteAsync(IRelationalConnection connection, CancellationToken cancellationToken)
   --- End of inner exception stack trace ---
   at Microsoft.EntityFrameworkCore.Update.ReaderModificationCommandBatch.ExecuteAsync(IRelationalConnection connection, CancellationToken cancellationToken)
   at Microsoft.EntityFrameworkCore.Update.Internal.BatchExecutor.ExecuteAsync(IEnumerable`1 commandBatches, IRelationalConnection connection, CancellationToken cancellationToken)
   at Microsoft.EntityFrameworkCore.Update.Internal.BatchExecutor.ExecuteAsync(IEnumerable`1 commandBatches, IRelationalConnection connection, CancellationToken cancellationToken)
   at Microsoft.EntityFrameworkCore.Update.Internal.BatchExecutor.ExecuteAsync(IEnumerable`1 commandBatches, IRelationalConnection connection, CancellationToken cancellationToken)
   at Microsoft.EntityFrameworkCore.Storage.RelationalDatabase.SaveChangesAsync(IList`1 entries, CancellationToken cancellationToken)
   at Microsoft.EntityFrameworkCore.ChangeTracking.Internal.StateManager.SaveChangesAsync(IList`1 entriesToSave, CancellationToken cancellationToken)
   at Microsoft.EntityFrameworkCore.ChangeTracking.Internal.StateManager.SaveChangesAsync(StateManager stateManager, Boolean acceptAllChangesOnSuccess, CancellationToken cancellationToken)
   at Microsoft.EntityFrameworkCore.DbContext.SaveChangesAsync(Boolean acceptAllChangesOnSuccess, CancellationToken cancellationToken)
Microsoft.EntityFrameworkCore.DbUpdateException: An error occurred while saving the entity changes. See the inner exception for details.
 ---> Microsoft.Data.Sqlite.SqliteException (0x80004005): SQLite Error 1: 'table Messages has no column named Kind'.
   at Microsoft.Data.Sqlite.SqliteException.ThrowExceptionForRC(Int32 rc, sqlite3 db)
   at Microsoft.Data.Sqlite.SqliteCommand.PrepareAndEnumerateStatements()+MoveNext()
   at Microsoft.Data.Sqlite.SqliteCommand.GetStatements()+MoveNext()
   at Microsoft.Data.Sqlite.SqliteDataReader.NextResult()
   at Microsoft.Data.Sqlite.SqliteCommand.ExecuteReader(CommandBehavior behavior)
   at Microsoft.Data.Sqlite.SqliteCommand.ExecuteReaderAsync(CommandBehavior behavior, CancellationToken cancellationToken)
   at Microsoft.Data.Sqlite.SqliteCommand.ExecuteDbDataReaderAsync(CommandBehavior behavior, CancellationToken cancellationToken)
   at Microsoft.EntityFrameworkCore.Storage.RelationalCommand.ExecuteReaderAsync(RelationalCommandParameterObject parameterObject, CancellationToken cancellationToken)
   at Microsoft.EntityFrameworkCore.Storage.RelationalCommand.ExecuteReaderAsync(RelationalCommandParameterObject parameterObject, CancellationToken cancellationToken)
   at Microsoft.EntityFrameworkCore.Update.ReaderModificationCommandBatch.ExecuteAsync(IRelationalConnection connection, CancellationToken cancellationToken)
   --- End of inner exception stack trace ---
   at Microsoft.EntityFrameworkCore.Update.ReaderModificationCommandBatch.ExecuteAsync(IRelationalConnection connection, CancellationToken cancellationToken)
   at Microsoft.EntityFrameworkCore.Update.Internal.BatchExecutor.ExecuteAsync(IEnumerable`1 commandBatches, IRelationalConnection connection, CancellationToken cancellationToken)
   at Microsoft.EntityFrameworkCore.Update.Internal.BatchExecutor.ExecuteAsync(IEnumerable`1 commandBatches, IRelationalConnection connection, CancellationToken cancellationToken)
   at Microsoft.EntityFrameworkCore.Update.Internal.BatchExecutor.ExecuteAsync(IEnumerable`1 commandBatches, IRelationalConnection connection, CancellationToken cancellationToken)
   at Microsoft.EntityFrameworkCore.Storage.RelationalDatabase.SaveChangesAsync(IList`1 entries, CancellationToken cancellationToken)
   at Microsoft.EntityFrameworkCore.ChangeTracking.Internal.StateManager.SaveChangesAsync(IList`1 entriesToSave, CancellationToken cancellationToken)
   at Microsoft.EntityFrameworkCore.ChangeTracking.Internal.StateManager.SaveChangesAsync(StateManager stateManager, Boolean acceptAllChangesOnSuccess, CancellationToken cancellationToken)
   at Microsoft.EntityFrameworkCore.DbContext.SaveChangesAsync(Boolean acceptAllChangesOnSuccess, CancellationToken cancellationToken)
2025-09-01 19:42:59.604 +02:00 [INF] Executed endpoint 'HTTP: POST /sessions/{id:guid}/messages'
2025-09-01 19:42:59.610 +02:00 [ERR] An unhandled exception has occurred while executing the request.
Microsoft.EntityFrameworkCore.DbUpdateException: An error occurred while saving the entity changes. See the inner exception for details.
 ---> Microsoft.Data.Sqlite.SqliteException (0x80004005): SQLite Error 1: 'table Messages has no column named Kind'.
   at Microsoft.Data.Sqlite.SqliteException.ThrowExceptionForRC(Int32 rc, sqlite3 db)
   at Microsoft.Data.Sqlite.SqliteCommand.PrepareAndEnumerateStatements()+MoveNext()
   at Microsoft.Data.Sqlite.SqliteCommand.GetStatements()+MoveNext()
   at Microsoft.Data.Sqlite.SqliteDataReader.NextResult()
   at Microsoft.Data.Sqlite.SqliteCommand.ExecuteReader(CommandBehavior behavior)
   at Microsoft.Data.Sqlite.SqliteCommand.ExecuteReaderAsync(CommandBehavior behavior, CancellationToken cancellationToken)
   at Microsoft.Data.Sqlite.SqliteCommand.ExecuteDbDataReaderAsync(CommandBehavior behavior, CancellationToken cancellationToken)
   at Microsoft.EntityFrameworkCore.Storage.RelationalCommand.ExecuteReaderAsync(RelationalCommandParameterObject parameterObject, CancellationToken cancellationToken)
   at Microsoft.EntityFrameworkCore.Storage.RelationalCommand.ExecuteReaderAsync(RelationalCommandParameterObject parameterObject, CancellationToken cancellationToken)
   at Microsoft.EntityFrameworkCore.Update.ReaderModificationCommandBatch.ExecuteAsync(IRelationalConnection connection, CancellationToken cancellationToken)
   --- End of inner exception stack trace ---
   at Microsoft.EntityFrameworkCore.Update.ReaderModificationCommandBatch.ExecuteAsync(IRelationalConnection connection, CancellationToken cancellationToken)
   at Microsoft.EntityFrameworkCore.Update.Internal.BatchExecutor.ExecuteAsync(IEnumerable`1 commandBatches, IRelationalConnection connection, CancellationToken cancellationToken)
   at Microsoft.EntityFrameworkCore.Update.Internal.BatchExecutor.ExecuteAsync(IEnumerable`1 commandBatches, IRelationalConnection connection, CancellationToken cancellationToken)
   at Microsoft.EntityFrameworkCore.Update.Internal.BatchExecutor.ExecuteAsync(IEnumerable`1 commandBatches, IRelationalConnection connection, CancellationToken cancellationToken)
   at Microsoft.EntityFrameworkCore.Storage.RelationalDatabase.SaveChangesAsync(IList`1 entries, CancellationToken cancellationToken)
   at Microsoft.EntityFrameworkCore.ChangeTracking.Internal.StateManager.SaveChangesAsync(IList`1 entriesToSave, CancellationToken cancellationToken)
   at Microsoft.EntityFrameworkCore.ChangeTracking.Internal.StateManager.SaveChangesAsync(StateManager stateManager, Boolean acceptAllChangesOnSuccess, CancellationToken cancellationToken)
   at Microsoft.EntityFrameworkCore.DbContext.SaveChangesAsync(Boolean acceptAllChangesOnSuccess, CancellationToken cancellationToken)
   at Microsoft.EntityFrameworkCore.DbContext.SaveChangesAsync(Boolean acceptAllChangesOnSuccess, CancellationToken cancellationToken)
   at AutoAgentes.Infrastructure.Services.SessionsService.PostMessageAsync(Guid sessionId, PostMessageRequest request) in D:\BearDevelopment\AutoAgent\autoagent_back\src\AutoAgentes.Infrastructure\Services\SessionsService.cs:line 98
   at AutoAgentes.Api.Endpoints.<>c.<<MapApi>b__0_14>d.MoveNext() in D:\BearDevelopment\AutoAgent\autoagent_back\src\AutoAgentes.Api\Endpoints.cs:line 118
--- End of stack trace from previous location ---
   at Microsoft.AspNetCore.Http.RequestDelegateFactory.ExecuteTaskResult[T](Task`1 task, HttpContext httpContext)
   at Microsoft.AspNetCore.Http.RequestDelegateFactory.<>c__DisplayClass102_2.<<HandleRequestBodyAndCompileRequestDelegateForJson>b__2>d.MoveNext()
--- End of stack trace from previous location ---
   at Microsoft.AspNetCore.Routing.EndpointMiddleware.<Invoke>g__AwaitRequestTask|7_0(Endpoint endpoint, Task requestTask, ILogger logger)
   at Microsoft.AspNetCore.Authentication.AuthenticationMiddleware.Invoke(HttpContext context)
   at Microsoft.AspNetCore.RateLimiting.RateLimitingMiddleware.InvokeInternal(HttpContext context, EnableRateLimitingAttribute enableRateLimitingAttribute)
   at Swashbuckle.AspNetCore.SwaggerUI.SwaggerUIMiddleware.Invoke(HttpContext httpContext)
   at Swashbuckle.AspNetCore.Swagger.SwaggerMiddleware.Invoke(HttpContext httpContext, ISwaggerProvider swaggerProvider)
   at Microsoft.AspNetCore.Authorization.AuthorizationMiddleware.Invoke(HttpContext context)
   at Microsoft.AspNetCore.Diagnostics.DeveloperExceptionPageMiddlewareImpl.Invoke(HttpContext context)
2025-09-01 19:42:59.644 +02:00 [INF] Request finished HTTP/1.1 POST http://localhost:5088/sessions/abf2d480-8d15-4365-8553-68208e88e7ca/messages - 500 null text/plain; charset=utf-8 125.0866ms
2025-09-01 19:44:01.860 +02:00 [INF] Application is shutting down...
2025-09-01 19:44:01.869 +02:00 [INF] Executed endpoint '/hubs/trace'
2025-09-01 19:44:01.876 +02:00 [INF] Request finished HTTP/1.1 GET http://localhost:5088/hubs/trace?id=_q5nwwoE4SYhYgplP_bZAQ - 101 null null 64304.4022ms
2025-09-01 19:46:08.290 +02:00 [INF] User profile is available. Using 'C:\Users\Usuario\AppData\Local\ASP.NET\DataProtection-Keys' as key repository and Windows DPAPI to encrypt keys at rest.
2025-09-01 19:46:08.744 +02:00 [INF] Now listening on: http://localhost:5088
2025-09-01 19:46:08.749 +02:00 [INF] Application started. Press Ctrl+C to shut down.
2025-09-01 19:46:08.751 +02:00 [INF] Hosting environment: Development
2025-09-01 19:46:08.752 +02:00 [INF] Content root path: D:\BearDevelopment\AutoAgent\autoagent_back\src\AutoAgentes.Api
2025-09-01 19:46:10.846 +02:00 [INF] Request starting HTTP/1.1 OPTIONS http://localhost:5088/agents/1e5ffb9e-fb28-4405-b82b-b4647aa5a865 - null null
2025-09-01 19:46:10.847 +02:00 [INF] Request starting HTTP/1.1 OPTIONS http://localhost:5088/agents/1e5ffb9e-fb28-4405-b82b-b4647aa5a865/bindings - null null
2025-09-01 19:46:11.044 +02:00 [INF] CORS policy execution successful.
2025-09-01 19:46:11.044 +02:00 [INF] CORS policy execution successful.
2025-09-01 19:46:11.059 +02:00 [INF] Request finished HTTP/1.1 OPTIONS http://localhost:5088/agents/1e5ffb9e-fb28-4405-b82b-b4647aa5a865/bindings - 204 null null 253.7391ms
2025-09-01 19:46:11.059 +02:00 [INF] Request finished HTTP/1.1 OPTIONS http://localhost:5088/agents/1e5ffb9e-fb28-4405-b82b-b4647aa5a865 - 204 null null 253.7367ms
2025-09-01 19:46:11.084 +02:00 [INF] Request starting HTTP/1.1 GET http://localhost:5088/agents/1e5ffb9e-fb28-4405-b82b-b4647aa5a865 - application/json null
2025-09-01 19:46:11.084 +02:00 [INF] Request starting HTTP/1.1 GET http://localhost:5088/agents/1e5ffb9e-fb28-4405-b82b-b4647aa5a865/bindings - application/json null
2025-09-01 19:46:11.100 +02:00 [INF] CORS policy execution successful.
2025-09-01 19:46:11.100 +02:00 [INF] CORS policy execution successful.
2025-09-01 19:46:11.126 +02:00 [INF] Executing endpoint 'HTTP: GET /agents/{id:guid}'
2025-09-01 19:46:11.126 +02:00 [INF] Executing endpoint 'HTTP: GET /agents/{id:guid}/bindings'
2025-09-01 19:46:12.149 +02:00 [INF] Executed DbCommand (9ms) [Parameters=[@__agentId_0='?' (DbType = Guid)], CommandType='"Text"', CommandTimeout='30']
SELECT "a"."Id", "a"."AgentId", "a"."ConfigJson", "a"."Enabled", "a"."ToolId"
FROM "AgentToolBindings" AS "a"
WHERE "a"."AgentId" = @__agentId_0
2025-09-01 19:46:12.149 +02:00 [INF] Executed DbCommand (15ms) [Parameters=[@__p_0='?' (DbType = Guid)], CommandType='"Text"', CommandTimeout='30']
SELECT "a"."Id", "a"."Autonomy", "a"."CreatedUtc", "a"."GuardrailsJson", "a"."Name", "a"."ParamsJson", "a"."Provider", "a"."Temperature", "a"."TemplateRef", "a"."TokenBudget", "a"."ToolBudget", "a"."TopP", "a"."UpdatedUtc"
FROM "Agents" AS "a"
WHERE "a"."Id" = @__p_0
LIMIT 1
2025-09-01 19:46:12.216 +02:00 [INF] Setting HTTP status code 200.
2025-09-01 19:46:12.216 +02:00 [INF] Setting HTTP status code 200.
2025-09-01 19:46:12.229 +02:00 [INF] Writing value of type 'AgentResponse' as Json.
2025-09-01 19:46:12.234 +02:00 [INF] Writing value of type 'List`1' as Json.
2025-09-01 19:46:12.246 +02:00 [INF] Executed endpoint 'HTTP: GET /agents/{id:guid}'
2025-09-01 19:46:12.246 +02:00 [INF] Executed endpoint 'HTTP: GET /agents/{id:guid}/bindings'
2025-09-01 19:46:12.257 +02:00 [INF] Request finished HTTP/1.1 GET http://localhost:5088/agents/1e5ffb9e-fb28-4405-b82b-b4647aa5a865 - 200 null application/json; charset=utf-8 1173.0401ms
2025-09-01 19:46:12.257 +02:00 [INF] Request finished HTTP/1.1 GET http://localhost:5088/agents/1e5ffb9e-fb28-4405-b82b-b4647aa5a865/bindings - 200 null application/json; charset=utf-8 1173.0404ms
2025-09-01 19:46:13.004 +02:00 [INF] Request starting HTTP/1.1 OPTIONS http://localhost:5088/sessions - null null
2025-09-01 19:46:13.015 +02:00 [INF] CORS policy execution successful.
2025-09-01 19:46:13.020 +02:00 [INF] Request finished HTTP/1.1 OPTIONS http://localhost:5088/sessions - 204 null null 16.8596ms
2025-09-01 19:46:13.028 +02:00 [INF] Request starting HTTP/1.1 POST http://localhost:5088/sessions - application/json 50
2025-09-01 19:46:13.036 +02:00 [INF] CORS policy execution successful.
2025-09-01 19:46:13.045 +02:00 [INF] Executing endpoint 'HTTP: POST /sessions/'
2025-09-01 19:46:13.124 +02:00 [INF] Executed DbCommand (1ms) [Parameters=[@__p_0='?' (DbType = Guid)], CommandType='"Text"', CommandTimeout='30']
SELECT "a"."Id", "a"."Autonomy", "a"."CreatedUtc", "a"."GuardrailsJson", "a"."Name", "a"."ParamsJson", "a"."Provider", "a"."Temperature", "a"."TemplateRef", "a"."TokenBudget", "a"."ToolBudget", "a"."TopP", "a"."UpdatedUtc"
FROM "Agents" AS "a"
WHERE "a"."Id" = @__p_0
LIMIT 1
2025-09-01 19:46:13.273 +02:00 [INF] Executed DbCommand (20ms) [Parameters=[@p0='?' (DbType = Guid), @p1='?' (DbType = Guid), @p2='?' (DbType = DateTime), @p3='?' (DbType = Int32), @p4='?' (DbType = DateTime), @p5='?' (Size = 7), @p6='?'], CommandType='"Text"', CommandTimeout='30']
INSERT INTO "Sessions" ("Id", "AgentId", "EndedUtc", "LastEventIdx", "StartedUtc", "Status", "UserId")
VALUES (@p0, @p1, @p2, @p3, @p4, @p5, @p6);
2025-09-01 19:46:13.289 +02:00 [INF] Setting HTTP status code 201.
2025-09-01 19:46:13.296 +02:00 [INF] Writing value of type 'SessionCreatedResponse' as Json.
2025-09-01 19:46:13.302 +02:00 [INF] Executed endpoint 'HTTP: POST /sessions/'
2025-09-01 19:46:13.309 +02:00 [INF] Request finished HTTP/1.1 POST http://localhost:5088/sessions - 201 null application/json; charset=utf-8 281.2493ms
2025-09-01 19:46:13.320 +02:00 [INF] Request starting HTTP/1.1 OPTIONS http://localhost:5088/hubs/trace/negotiate?negotiateVersion=1 - null null
2025-09-01 19:46:13.327 +02:00 [INF] CORS policy execution successful.
2025-09-01 19:46:13.333 +02:00 [INF] Request finished HTTP/1.1 OPTIONS http://localhost:5088/hubs/trace/negotiate?negotiateVersion=1 - 204 null null 13.7105ms
2025-09-01 19:46:13.337 +02:00 [INF] Request starting HTTP/1.1 POST http://localhost:5088/hubs/trace/negotiate?negotiateVersion=1 - null 0
2025-09-01 19:46:13.347 +02:00 [INF] CORS policy execution successful.
2025-09-01 19:46:13.356 +02:00 [INF] ApiKey was not authenticated. Failure message: Missing API key
2025-09-01 19:46:13.362 +02:00 [INF] Executing endpoint '/hubs/trace/negotiate'
2025-09-01 19:46:13.383 +02:00 [INF] Executed endpoint '/hubs/trace/negotiate'
2025-09-01 19:46:13.390 +02:00 [INF] Request finished HTTP/1.1 POST http://localhost:5088/hubs/trace/negotiate?negotiateVersion=1 - 200 316 application/json 53.1138ms
2025-09-01 19:46:13.391 +02:00 [INF] Request starting HTTP/1.1 GET http://localhost:5088/hubs/trace?id=k549X2FC8uDEB08H1O1pRA - null null
2025-09-01 19:46:13.404 +02:00 [INF] CORS policy execution successful.
2025-09-01 19:46:13.410 +02:00 [INF] ApiKey was not authenticated. Failure message: Missing API key
2025-09-01 19:46:13.416 +02:00 [INF] Executing endpoint '/hubs/trace'
2025-09-01 19:46:15.250 +02:00 [INF] Request starting HTTP/1.1 OPTIONS http://localhost:5088/sessions/c2ee6436-ee32-41f2-8ac8-808ce60aba30/messages - null null
2025-09-01 19:46:15.260 +02:00 [INF] CORS policy execution successful.
2025-09-01 19:46:15.266 +02:00 [INF] Request finished HTTP/1.1 OPTIONS http://localhost:5088/sessions/c2ee6436-ee32-41f2-8ac8-808ce60aba30/messages - 204 null null 16.4709ms
2025-09-01 19:46:15.272 +02:00 [INF] Request starting HTTP/1.1 POST http://localhost:5088/sessions/c2ee6436-ee32-41f2-8ac8-808ce60aba30/messages - application/json 18
2025-09-01 19:46:15.280 +02:00 [INF] CORS policy execution successful.
2025-09-01 19:46:15.289 +02:00 [INF] Executing endpoint 'HTTP: POST /sessions/{id:guid}/messages'
2025-09-01 19:46:15.323 +02:00 [INF] Executed DbCommand (0ms) [Parameters=[@__p_0='?' (DbType = Guid)], CommandType='"Text"', CommandTimeout='30']
SELECT "s"."Id", "s"."AgentId", "s"."EndedUtc", "s"."LastEventIdx", "s"."StartedUtc", "s"."Status", "s"."UserId"
FROM "Sessions" AS "s"
WHERE "s"."Id" = @__p_0
LIMIT 1
2025-09-01 19:46:15.366 +02:00 [INF] Executed DbCommand (18ms) [Parameters=[@p0='?' (DbType = Guid), @p1='?' (Size = 4), @p2='?' (DbType = DateTime), @p3='?', @p4='?' (Size = 4), @p5='?' (DbType = Guid), @p6='?'], CommandType='"Text"', CommandTimeout='30']
INSERT INTO "Messages" ("Id", "Content", "CreatedUtc", "Kind", "Role", "SessionId", "TokenUsageJson")
VALUES (@p0, @p1, @p2, @p3, @p4, @p5, @p6);
2025-09-01 19:46:15.387 +02:00 [INF] Setting HTTP status code 202.
2025-09-01 19:46:15.394 +02:00 [INF] Executed DbCommand (1ms) [Parameters=[@__p_0='?' (DbType = Guid)], CommandType='"Text"', CommandTimeout='30']
SELECT "a"."Id", "a"."Autonomy", "a"."CreatedUtc", "a"."GuardrailsJson", "a"."Name", "a"."ParamsJson", "a"."Provider", "a"."Temperature", "a"."TemplateRef", "a"."TokenBudget", "a"."ToolBudget", "a"."TopP", "a"."UpdatedUtc"
FROM "Agents" AS "a"
WHERE "a"."Id" = @__p_0
LIMIT 1
2025-09-01 19:46:15.397 +02:00 [INF] Writing value of type 'AcceptedResponse' as Json.
2025-09-01 19:46:15.410 +02:00 [INF] Executed endpoint 'HTTP: POST /sessions/{id:guid}/messages'
2025-09-01 19:46:15.417 +02:00 [INF] Request finished HTTP/1.1 POST http://localhost:5088/sessions/c2ee6436-ee32-41f2-8ac8-808ce60aba30/messages - 202 null application/json; charset=utf-8 145.1053ms
2025-09-01 19:46:16.636 +02:00 [INF] Executed DbCommand (1ms) [Parameters=[@__agentId_0='?' (DbType = Guid)], CommandType='"Text"', CommandTimeout='30']
SELECT "a"."Id", "a"."AgentId", "a"."ConfigJson", "a"."Enabled", "a"."ToolId", "t"."Id", "t"."Description", "t"."Enabled", "t"."InputSchemaJson", "t"."McpServerId", "t"."Name", "t"."Scope", "m"."Id", "m"."AuthType", "m"."BaseUrl", "m"."LastSeenUtc", "m"."MetadataJson", "m"."Name", "m"."Status"
FROM "AgentToolBindings" AS "a"
INNER JOIN "Tools" AS "t" ON "a"."ToolId" = "t"."Id"
INNER JOIN "McpServers" AS "m" ON "t"."McpServerId" = "m"."Id"
WHERE "a"."AgentId" = @__agentId_0 AND "a"."Enabled"
2025-09-01 19:46:16.777 +02:00 [INF] Executed DbCommand (2ms) [Parameters=[@__sessionId_0='?' (DbType = Guid), @__p_1='?' (DbType = Int32)], CommandType='"Text"', CommandTimeout='30']
SELECT "m"."Id", "m"."Content", "m"."CreatedUtc", "m"."Kind", "m"."Role", "m"."SessionId", "m"."TokenUsageJson"
FROM "Messages" AS "m"
WHERE "m"."SessionId" = @__sessionId_0
ORDER BY "m"."CreatedUtc" DESC
LIMIT @__p_1
2025-09-01 19:46:17.728 +02:00 [INF] Executed DbCommand (1ms) [Parameters=[@__agentId_0='?' (DbType = Guid)], CommandType='"Text"', CommandTimeout='30']
SELECT "a"."Id", "a"."AgentId", "a"."ConfigJson", "a"."Enabled", "a"."ToolId", "t"."Id", "t"."Description", "t"."Enabled", "t"."InputSchemaJson", "t"."McpServerId", "t"."Name", "t"."Scope", "m"."Id", "m"."AuthType", "m"."BaseUrl", "m"."LastSeenUtc", "m"."MetadataJson", "m"."Name", "m"."Status"
FROM "AgentToolBindings" AS "a"
INNER JOIN "Tools" AS "t" ON "a"."ToolId" = "t"."Id"
INNER JOIN "McpServers" AS "m" ON "t"."McpServerId" = "m"."Id"
WHERE "a"."AgentId" = @__agentId_0 AND "a"."Enabled"
2025-09-01 19:46:18.805 +02:00 [INF] Executed DbCommand (0ms) [Parameters=[@__agentId_0='?' (DbType = Guid)], CommandType='"Text"', CommandTimeout='30']
SELECT "a"."Id", "a"."AgentId", "a"."ConfigJson", "a"."Enabled", "a"."ToolId", "t"."Id", "t"."Description", "t"."Enabled", "t"."InputSchemaJson", "t"."McpServerId", "t"."Name", "t"."Scope", "m"."Id", "m"."AuthType", "m"."BaseUrl", "m"."LastSeenUtc", "m"."MetadataJson", "m"."Name", "m"."Status"
FROM "AgentToolBindings" AS "a"
INNER JOIN "Tools" AS "t" ON "a"."ToolId" = "t"."Id"
INNER JOIN "McpServers" AS "m" ON "t"."McpServerId" = "m"."Id"
WHERE "a"."AgentId" = @__agentId_0 AND "a"."Enabled"
2025-09-01 19:46:18.826 +02:00 [INF] Executed DbCommand (1ms) [Parameters=[@__agentId_0='?' (DbType = Guid)], CommandType='"Text"', CommandTimeout='30']
SELECT "a"."Id", "a"."AgentId", "a"."ConfigJson", "a"."Enabled", "a"."ToolId", "t"."Id", "t"."Description", "t"."Enabled", "t"."InputSchemaJson", "t"."McpServerId", "t"."Name", "t"."Scope", "m"."Id", "m"."AuthType", "m"."BaseUrl", "m"."LastSeenUtc", "m"."MetadataJson", "m"."Name", "m"."Status"
FROM "AgentToolBindings" AS "a"
INNER JOIN "Tools" AS "t" ON "a"."ToolId" = "t"."Id"
INNER JOIN "McpServers" AS "m" ON "t"."McpServerId" = "m"."Id"
WHERE "a"."AgentId" = @__agentId_0 AND "a"."Enabled"
2025-09-01 19:46:19.410 +02:00 [INF] Executed DbCommand (0ms) [Parameters=[], CommandType='"Text"', CommandTimeout='30']
SELECT "m"."Id", "m"."AuthType", "m"."BaseUrl", "m"."LastSeenUtc", "m"."MetadataJson", "m"."Name", "m"."Status"
FROM "McpServers" AS "m"
ORDER BY "m"."LastSeenUtc"
2025-09-01 19:46:19.423 +02:00 [INF] Conectando a MCP WebSocket: ws://localhost:8970/ws
2025-09-01 19:46:19.745 +02:00 [INF] Executed DbCommand (1ms) [Parameters=[@__agentId_0='?' (DbType = Guid)], CommandType='"Text"', CommandTimeout='30']
SELECT "a"."Id", "a"."AgentId", "a"."ConfigJson", "a"."Enabled", "a"."ToolId", "t"."Id", "t"."Description", "t"."Enabled", "t"."InputSchemaJson", "t"."McpServerId", "t"."Name", "t"."Scope", "m"."Id", "m"."AuthType", "m"."BaseUrl", "m"."LastSeenUtc", "m"."MetadataJson", "m"."Name", "m"."Status"
FROM "AgentToolBindings" AS "a"
INNER JOIN "Tools" AS "t" ON "a"."ToolId" = "t"."Id"
INNER JOIN "McpServers" AS "m" ON "t"."McpServerId" = "m"."Id"
WHERE "a"."AgentId" = @__agentId_0 AND "a"."Enabled"
2025-09-01 19:46:22.960 +02:00 [INF] Executed DbCommand (17ms) [Parameters=[@p0='?' (DbType = Guid), @p1='?' (Size = 92), @p2='?' (DbType = DateTime), @p3='?' (Size = 11), @p4='?' (Size = 9), @p5='?' (DbType = Guid), @p6='?'], CommandType='"Text"', CommandTimeout='30']
INSERT INTO "Messages" ("Id", "Content", "CreatedUtc", "Kind", "Role", "SessionId", "TokenUsageJson")
VALUES (@p0, @p1, @p2, @p3, @p4, @p5, @p6);
2025-09-01 19:46:22.976 +02:00 [INF] Executed DbCommand (0ms) [Parameters=[@__sessionId_0='?' (DbType = Guid), @__p_1='?' (DbType = Int32)], CommandType='"Text"', CommandTimeout='30']
SELECT "m"."Id", "m"."Content", "m"."CreatedUtc", "m"."Kind", "m"."Role", "m"."SessionId", "m"."TokenUsageJson"
FROM "Messages" AS "m"
WHERE "m"."SessionId" = @__sessionId_0
ORDER BY "m"."CreatedUtc" DESC
LIMIT @__p_1
2025-09-01 19:46:23.323 +02:00 [INF] Executed DbCommand (18ms) [Parameters=[@p0='?' (DbType = Guid), @p1='?' (Size = 34), @p2='?' (DbType = DateTime), @p3='?', @p4='?' (Size = 9), @p5='?' (DbType = Guid), @p6='?'], CommandType='"Text"', CommandTimeout='30']
INSERT INTO "Messages" ("Id", "Content", "CreatedUtc", "Kind", "Role", "SessionId", "TokenUsageJson")
VALUES (@p0, @p1, @p2, @p3, @p4, @p5, @p6);
2025-09-01 19:46:28.288 +02:00 [INF] Request starting HTTP/1.1 OPTIONS http://localhost:5088/sessions/c2ee6436-ee32-41f2-8ac8-808ce60aba30/messages - null null
2025-09-01 19:46:28.296 +02:00 [INF] CORS policy execution successful.
2025-09-01 19:46:28.300 +02:00 [INF] Request finished HTTP/1.1 OPTIONS http://localhost:5088/sessions/c2ee6436-ee32-41f2-8ac8-808ce60aba30/messages - 204 null null 12.2888ms
2025-09-01 19:46:28.308 +02:00 [INF] Request starting HTTP/1.1 POST http://localhost:5088/sessions/c2ee6436-ee32-41f2-8ac8-808ce60aba30/messages - application/json 28
2025-09-01 19:46:28.312 +02:00 [INF] CORS policy execution successful.
2025-09-01 19:46:28.317 +02:00 [INF] Executing endpoint 'HTTP: POST /sessions/{id:guid}/messages'
2025-09-01 19:46:28.328 +02:00 [INF] Executed DbCommand (1ms) [Parameters=[@__p_0='?' (DbType = Guid)], CommandType='"Text"', CommandTimeout='30']
SELECT "s"."Id", "s"."AgentId", "s"."EndedUtc", "s"."LastEventIdx", "s"."StartedUtc", "s"."Status", "s"."UserId"
FROM "Sessions" AS "s"
WHERE "s"."Id" = @__p_0
LIMIT 1
2025-09-01 19:46:28.352 +02:00 [INF] Executed DbCommand (17ms) [Parameters=[@p0='?' (DbType = Guid), @p1='?' (Size = 14), @p2='?' (DbType = DateTime), @p3='?', @p4='?' (Size = 4), @p5='?' (DbType = Guid), @p6='?'], CommandType='"Text"', CommandTimeout='30']
INSERT INTO "Messages" ("Id", "Content", "CreatedUtc", "Kind", "Role", "SessionId", "TokenUsageJson")
VALUES (@p0, @p1, @p2, @p3, @p4, @p5, @p6);
2025-09-01 19:46:28.359 +02:00 [INF] Setting HTTP status code 202.
2025-09-01 19:46:28.361 +02:00 [INF] Executed DbCommand (1ms) [Parameters=[@__p_0='?' (DbType = Guid)], CommandType='"Text"', CommandTimeout='30']
SELECT "a"."Id", "a"."Autonomy", "a"."CreatedUtc", "a"."GuardrailsJson", "a"."Name", "a"."ParamsJson", "a"."Provider", "a"."Temperature", "a"."TemplateRef", "a"."TokenBudget", "a"."ToolBudget", "a"."TopP", "a"."UpdatedUtc"
FROM "Agents" AS "a"
WHERE "a"."Id" = @__p_0
LIMIT 1
2025-09-01 19:46:28.364 +02:00 [INF] Writing value of type 'AcceptedResponse' as Json.
2025-09-01 19:46:28.374 +02:00 [INF] Executed endpoint 'HTTP: POST /sessions/{id:guid}/messages'
2025-09-01 19:46:28.378 +02:00 [INF] Executed DbCommand (1ms) [Parameters=[@__agentId_0='?' (DbType = Guid)], CommandType='"Text"', CommandTimeout='30']
SELECT "a"."Id", "a"."AgentId", "a"."ConfigJson", "a"."Enabled", "a"."ToolId", "t"."Id", "t"."Description", "t"."Enabled", "t"."InputSchemaJson", "t"."McpServerId", "t"."Name", "t"."Scope", "m"."Id", "m"."AuthType", "m"."BaseUrl", "m"."LastSeenUtc", "m"."MetadataJson", "m"."Name", "m"."Status"
FROM "AgentToolBindings" AS "a"
INNER JOIN "Tools" AS "t" ON "a"."ToolId" = "t"."Id"
INNER JOIN "McpServers" AS "m" ON "t"."McpServerId" = "m"."Id"
WHERE "a"."AgentId" = @__agentId_0 AND "a"."Enabled"
2025-09-01 19:46:28.380 +02:00 [INF] Request finished HTTP/1.1 POST http://localhost:5088/sessions/c2ee6436-ee32-41f2-8ac8-808ce60aba30/messages - 202 null application/json; charset=utf-8 72.0757ms
2025-09-01 19:46:28.394 +02:00 [INF] Executed DbCommand (1ms) [Parameters=[@__sessionId_0='?' (DbType = Guid), @__p_1='?' (DbType = Int32)], CommandType='"Text"', CommandTimeout='30']
SELECT "m"."Id", "m"."Content", "m"."CreatedUtc", "m"."Kind", "m"."Role", "m"."SessionId", "m"."TokenUsageJson"
FROM "Messages" AS "m"
WHERE "m"."SessionId" = @__sessionId_0
ORDER BY "m"."CreatedUtc" DESC
LIMIT @__p_1
2025-09-01 19:46:28.406 +02:00 [INF] Executed DbCommand (1ms) [Parameters=[@__agentId_0='?' (DbType = Guid)], CommandType='"Text"', CommandTimeout='30']
SELECT "a"."Id", "a"."AgentId", "a"."ConfigJson", "a"."Enabled", "a"."ToolId", "t"."Id", "t"."Description", "t"."Enabled", "t"."InputSchemaJson", "t"."McpServerId", "t"."Name", "t"."Scope", "m"."Id", "m"."AuthType", "m"."BaseUrl", "m"."LastSeenUtc", "m"."MetadataJson", "m"."Name", "m"."Status"
FROM "AgentToolBindings" AS "a"
INNER JOIN "Tools" AS "t" ON "a"."ToolId" = "t"."Id"
INNER JOIN "McpServers" AS "m" ON "t"."McpServerId" = "m"."Id"
WHERE "a"."AgentId" = @__agentId_0 AND "a"."Enabled"
2025-09-01 19:46:28.960 +02:00 [INF] Executed DbCommand (0ms) [Parameters=[@__agentId_0='?' (DbType = Guid)], CommandType='"Text"', CommandTimeout='30']
SELECT "a"."Id", "a"."AgentId", "a"."ConfigJson", "a"."Enabled", "a"."ToolId", "t"."Id", "t"."Description", "t"."Enabled", "t"."InputSchemaJson", "t"."McpServerId", "t"."Name", "t"."Scope", "m"."Id", "m"."AuthType", "m"."BaseUrl", "m"."LastSeenUtc", "m"."MetadataJson", "m"."Name", "m"."Status"
FROM "AgentToolBindings" AS "a"
INNER JOIN "Tools" AS "t" ON "a"."ToolId" = "t"."Id"
INNER JOIN "McpServers" AS "m" ON "t"."McpServerId" = "m"."Id"
WHERE "a"."AgentId" = @__agentId_0 AND "a"."Enabled"
2025-09-01 19:46:28.969 +02:00 [INF] Executed DbCommand (1ms) [Parameters=[@__agentId_0='?' (DbType = Guid)], CommandType='"Text"', CommandTimeout='30']
SELECT "a"."Id", "a"."AgentId", "a"."ConfigJson", "a"."Enabled", "a"."ToolId", "t"."Id", "t"."Description", "t"."Enabled", "t"."InputSchemaJson", "t"."McpServerId", "t"."Name", "t"."Scope", "m"."Id", "m"."AuthType", "m"."BaseUrl", "m"."LastSeenUtc", "m"."MetadataJson", "m"."Name", "m"."Status"
FROM "AgentToolBindings" AS "a"
INNER JOIN "Tools" AS "t" ON "a"."ToolId" = "t"."Id"
INNER JOIN "McpServers" AS "m" ON "t"."McpServerId" = "m"."Id"
WHERE "a"."AgentId" = @__agentId_0 AND "a"."Enabled"
2025-09-01 19:46:29.214 +02:00 [INF] Executed DbCommand (0ms) [Parameters=[], CommandType='"Text"', CommandTimeout='30']
SELECT "m"."Id", "m"."AuthType", "m"."BaseUrl", "m"."LastSeenUtc", "m"."MetadataJson", "m"."Name", "m"."Status"
FROM "McpServers" AS "m"
ORDER BY "m"."LastSeenUtc"
2025-09-01 19:46:29.220 +02:00 [INF] Conectando a MCP WebSocket: ws://localhost:8970/ws
2025-09-01 19:46:29.350 +02:00 [ERR] Error inesperado en WebSocket: MCP Tool error: No se encontró el archivo de herramienta: ../../bundles\kb-tools\tools/summarize.js
2025-09-01 19:46:29.377 +02:00 [INF] Executed DbCommand (9ms) [Parameters=[@p0='?' (DbType = Guid), @p1='?' (Size = 150), @p2='?' (DbType = DateTime), @p3='?' (Size = 11), @p4='?' (Size = 9), @p5='?' (DbType = Guid), @p6='?'], CommandType='"Text"', CommandTimeout='30']
INSERT INTO "Messages" ("Id", "Content", "CreatedUtc", "Kind", "Role", "SessionId", "TokenUsageJson")
VALUES (@p0, @p1, @p2, @p3, @p4, @p5, @p6);
2025-09-01 19:46:29.392 +02:00 [INF] Executed DbCommand (1ms) [Parameters=[@__sessionId_0='?' (DbType = Guid), @__p_1='?' (DbType = Int32)], CommandType='"Text"', CommandTimeout='30']
SELECT "m"."Id", "m"."Content", "m"."CreatedUtc", "m"."Kind", "m"."Role", "m"."SessionId", "m"."TokenUsageJson"
FROM "Messages" AS "m"
WHERE "m"."SessionId" = @__sessionId_0
ORDER BY "m"."CreatedUtc" DESC
LIMIT @__p_1
2025-09-01 19:46:29.799 +02:00 [INF] Executed DbCommand (19ms) [Parameters=[@p0='?' (DbType = Guid), @p1='?' (Size = 65), @p2='?' (DbType = DateTime), @p3='?', @p4='?' (Size = 9), @p5='?' (DbType = Guid), @p6='?'], CommandType='"Text"', CommandTimeout='30']
INSERT INTO "Messages" ("Id", "Content", "CreatedUtc", "Kind", "Role", "SessionId", "TokenUsageJson")
VALUES (@p0, @p1, @p2, @p3, @p4, @p5, @p6);
2025-09-01 19:46:38.071 +02:00 [INF] Request starting HTTP/1.1 OPTIONS http://localhost:5088/sessions/c2ee6436-ee32-41f2-8ac8-808ce60aba30/messages - null null
2025-09-01 19:46:38.080 +02:00 [INF] CORS policy execution successful.
2025-09-01 19:46:38.084 +02:00 [INF] Request finished HTTP/1.1 OPTIONS http://localhost:5088/sessions/c2ee6436-ee32-41f2-8ac8-808ce60aba30/messages - 204 null null 13.2847ms
2025-09-01 19:46:38.091 +02:00 [INF] Request starting HTTP/1.1 POST http://localhost:5088/sessions/c2ee6436-ee32-41f2-8ac8-808ce60aba30/messages - application/json 41
2025-09-01 19:46:38.097 +02:00 [INF] CORS policy execution successful.
2025-09-01 19:46:38.101 +02:00 [INF] Executing endpoint 'HTTP: POST /sessions/{id:guid}/messages'
2025-09-01 19:46:38.107 +02:00 [INF] Executed DbCommand (0ms) [Parameters=[@__p_0='?' (DbType = Guid)], CommandType='"Text"', CommandTimeout='30']
SELECT "s"."Id", "s"."AgentId", "s"."EndedUtc", "s"."LastEventIdx", "s"."StartedUtc", "s"."Status", "s"."UserId"
FROM "Sessions" AS "s"
WHERE "s"."Id" = @__p_0
LIMIT 1
2025-09-01 19:46:38.132 +02:00 [INF] Executed DbCommand (17ms) [Parameters=[@p0='?' (DbType = Guid), @p1='?' (Size = 27), @p2='?' (DbType = DateTime), @p3='?', @p4='?' (Size = 4), @p5='?' (DbType = Guid), @p6='?'], CommandType='"Text"', CommandTimeout='30']
INSERT INTO "Messages" ("Id", "Content", "CreatedUtc", "Kind", "Role", "SessionId", "TokenUsageJson")
VALUES (@p0, @p1, @p2, @p3, @p4, @p5, @p6);
2025-09-01 19:46:38.137 +02:00 [INF] Setting HTTP status code 202.
2025-09-01 19:46:38.139 +02:00 [INF] Executed DbCommand (0ms) [Parameters=[@__p_0='?' (DbType = Guid)], CommandType='"Text"', CommandTimeout='30']
SELECT "a"."Id", "a"."Autonomy", "a"."CreatedUtc", "a"."GuardrailsJson", "a"."Name", "a"."ParamsJson", "a"."Provider", "a"."Temperature", "a"."TemplateRef", "a"."TokenBudget", "a"."ToolBudget", "a"."TopP", "a"."UpdatedUtc"
FROM "Agents" AS "a"
WHERE "a"."Id" = @__p_0
LIMIT 1
2025-09-01 19:46:38.142 +02:00 [INF] Writing value of type 'AcceptedResponse' as Json.
2025-09-01 19:46:38.152 +02:00 [INF] Executed endpoint 'HTTP: POST /sessions/{id:guid}/messages'
2025-09-01 19:46:38.159 +02:00 [INF] Request finished HTTP/1.1 POST http://localhost:5088/sessions/c2ee6436-ee32-41f2-8ac8-808ce60aba30/messages - 202 null application/json; charset=utf-8 68.1505ms
2025-09-01 19:46:38.160 +02:00 [INF] Executed DbCommand (0ms) [Parameters=[@__agentId_0='?' (DbType = Guid)], CommandType='"Text"', CommandTimeout='30']
SELECT "a"."Id", "a"."AgentId", "a"."ConfigJson", "a"."Enabled", "a"."ToolId", "t"."Id", "t"."Description", "t"."Enabled", "t"."InputSchemaJson", "t"."McpServerId", "t"."Name", "t"."Scope", "m"."Id", "m"."AuthType", "m"."BaseUrl", "m"."LastSeenUtc", "m"."MetadataJson", "m"."Name", "m"."Status"
FROM "AgentToolBindings" AS "a"
INNER JOIN "Tools" AS "t" ON "a"."ToolId" = "t"."Id"
INNER JOIN "McpServers" AS "m" ON "t"."McpServerId" = "m"."Id"
WHERE "a"."AgentId" = @__agentId_0 AND "a"."Enabled"
2025-09-01 19:46:38.174 +02:00 [INF] Executed DbCommand (0ms) [Parameters=[@__sessionId_0='?' (DbType = Guid), @__p_1='?' (DbType = Int32)], CommandType='"Text"', CommandTimeout='30']
SELECT "m"."Id", "m"."Content", "m"."CreatedUtc", "m"."Kind", "m"."Role", "m"."SessionId", "m"."TokenUsageJson"
FROM "Messages" AS "m"
WHERE "m"."SessionId" = @__sessionId_0
ORDER BY "m"."CreatedUtc" DESC
LIMIT @__p_1
2025-09-01 19:46:38.184 +02:00 [INF] Executed DbCommand (0ms) [Parameters=[@__agentId_0='?' (DbType = Guid)], CommandType='"Text"', CommandTimeout='30']
SELECT "a"."Id", "a"."AgentId", "a"."ConfigJson", "a"."Enabled", "a"."ToolId", "t"."Id", "t"."Description", "t"."Enabled", "t"."InputSchemaJson", "t"."McpServerId", "t"."Name", "t"."Scope", "m"."Id", "m"."AuthType", "m"."BaseUrl", "m"."LastSeenUtc", "m"."MetadataJson", "m"."Name", "m"."Status"
FROM "AgentToolBindings" AS "a"
INNER JOIN "Tools" AS "t" ON "a"."ToolId" = "t"."Id"
INNER JOIN "McpServers" AS "m" ON "t"."McpServerId" = "m"."Id"
WHERE "a"."AgentId" = @__agentId_0 AND "a"."Enabled"
2025-09-01 19:46:38.920 +02:00 [INF] Executed DbCommand (1ms) [Parameters=[@__agentId_0='?' (DbType = Guid)], CommandType='"Text"', CommandTimeout='30']
SELECT "a"."Id", "a"."AgentId", "a"."ConfigJson", "a"."Enabled", "a"."ToolId", "t"."Id", "t"."Description", "t"."Enabled", "t"."InputSchemaJson", "t"."McpServerId", "t"."Name", "t"."Scope", "m"."Id", "m"."AuthType", "m"."BaseUrl", "m"."LastSeenUtc", "m"."MetadataJson", "m"."Name", "m"."Status"
FROM "AgentToolBindings" AS "a"
INNER JOIN "Tools" AS "t" ON "a"."ToolId" = "t"."Id"
INNER JOIN "McpServers" AS "m" ON "t"."McpServerId" = "m"."Id"
WHERE "a"."AgentId" = @__agentId_0 AND "a"."Enabled"
2025-09-01 19:46:38.929 +02:00 [INF] Executed DbCommand (0ms) [Parameters=[@__agentId_0='?' (DbType = Guid)], CommandType='"Text"', CommandTimeout='30']
SELECT "a"."Id", "a"."AgentId", "a"."ConfigJson", "a"."Enabled", "a"."ToolId", "t"."Id", "t"."Description", "t"."Enabled", "t"."InputSchemaJson", "t"."McpServerId", "t"."Name", "t"."Scope", "m"."Id", "m"."AuthType", "m"."BaseUrl", "m"."LastSeenUtc", "m"."MetadataJson", "m"."Name", "m"."Status"
FROM "AgentToolBindings" AS "a"
INNER JOIN "Tools" AS "t" ON "a"."ToolId" = "t"."Id"
INNER JOIN "McpServers" AS "m" ON "t"."McpServerId" = "m"."Id"
WHERE "a"."AgentId" = @__agentId_0 AND "a"."Enabled"
2025-09-01 19:46:39.334 +02:00 [INF] Executed DbCommand (0ms) [Parameters=[], CommandType='"Text"', CommandTimeout='30']
SELECT "m"."Id", "m"."AuthType", "m"."BaseUrl", "m"."LastSeenUtc", "m"."MetadataJson", "m"."Name", "m"."Status"
FROM "McpServers" AS "m"
ORDER BY "m"."LastSeenUtc"
2025-09-01 19:46:39.341 +02:00 [INF] Conectando a MCP WebSocket: ws://localhost:8970/ws
2025-09-01 19:46:39.540 +02:00 [INF] Executed DbCommand (0ms) [Parameters=[@__agentId_0='?' (DbType = Guid)], CommandType='"Text"', CommandTimeout='30']
SELECT "a"."Id", "a"."AgentId", "a"."ConfigJson", "a"."Enabled", "a"."ToolId", "t"."Id", "t"."Description", "t"."Enabled", "t"."InputSchemaJson", "t"."McpServerId", "t"."Name", "t"."Scope", "m"."Id", "m"."AuthType", "m"."BaseUrl", "m"."LastSeenUtc", "m"."MetadataJson", "m"."Name", "m"."Status"
FROM "AgentToolBindings" AS "a"
INNER JOIN "Tools" AS "t" ON "a"."ToolId" = "t"."Id"
INNER JOIN "McpServers" AS "m" ON "t"."McpServerId" = "m"."Id"
WHERE "a"."AgentId" = @__agentId_0 AND "a"."Enabled"
2025-09-01 19:46:41.687 +02:00 [INF] Executed DbCommand (18ms) [Parameters=[@p0='?' (DbType = Guid), @p1='?' (Size = 83), @p2='?' (DbType = DateTime), @p3='?' (Size = 11), @p4='?' (Size = 9), @p5='?' (DbType = Guid), @p6='?'], CommandType='"Text"', CommandTimeout='30']
INSERT INTO "Messages" ("Id", "Content", "CreatedUtc", "Kind", "Role", "SessionId", "TokenUsageJson")
VALUES (@p0, @p1, @p2, @p3, @p4, @p5, @p6);
2025-09-01 19:46:41.700 +02:00 [INF] Executed DbCommand (1ms) [Parameters=[@__sessionId_0='?' (DbType = Guid), @__p_1='?' (DbType = Int32)], CommandType='"Text"', CommandTimeout='30']
SELECT "m"."Id", "m"."Content", "m"."CreatedUtc", "m"."Kind", "m"."Role", "m"."SessionId", "m"."TokenUsageJson"
FROM "Messages" AS "m"
WHERE "m"."SessionId" = @__sessionId_0
ORDER BY "m"."CreatedUtc" DESC
LIMIT @__p_1
2025-09-01 19:46:42.105 +02:00 [INF] Executed DbCommand (18ms) [Parameters=[@p0='?' (DbType = Guid), @p1='?' (Size = 87), @p2='?' (DbType = DateTime), @p3='?', @p4='?' (Size = 9), @p5='?' (DbType = Guid), @p6='?'], CommandType='"Text"', CommandTimeout='30']
INSERT INTO "Messages" ("Id", "Content", "CreatedUtc", "Kind", "Role", "SessionId", "TokenUsageJson")
VALUES (@p0, @p1, @p2, @p3, @p4, @p5, @p6);
2025-09-01 19:46:49.959 +02:00 [INF] Request starting HTTP/1.1 OPTIONS http://localhost:5088/sessions/c2ee6436-ee32-41f2-8ac8-808ce60aba30/messages - null null
2025-09-01 19:46:49.967 +02:00 [INF] CORS policy execution successful.
2025-09-01 19:46:49.971 +02:00 [INF] Request finished HTTP/1.1 OPTIONS http://localhost:5088/sessions/c2ee6436-ee32-41f2-8ac8-808ce60aba30/messages - 204 null null 12.465ms
2025-09-01 19:46:49.977 +02:00 [INF] Request starting HTTP/1.1 POST http://localhost:5088/sessions/c2ee6436-ee32-41f2-8ac8-808ce60aba30/messages - application/json 32
2025-09-01 19:46:49.982 +02:00 [INF] CORS policy execution successful.
2025-09-01 19:46:49.987 +02:00 [INF] Executing endpoint 'HTTP: POST /sessions/{id:guid}/messages'
2025-09-01 19:46:49.993 +02:00 [INF] Executed DbCommand (0ms) [Parameters=[@__p_0='?' (DbType = Guid)], CommandType='"Text"', CommandTimeout='30']
SELECT "s"."Id", "s"."AgentId", "s"."EndedUtc", "s"."LastEventIdx", "s"."StartedUtc", "s"."Status", "s"."UserId"
FROM "Sessions" AS "s"
WHERE "s"."Id" = @__p_0
LIMIT 1
2025-09-01 19:46:50.018 +02:00 [INF] Executed DbCommand (18ms) [Parameters=[@p0='?' (DbType = Guid), @p1='?' (Size = 18), @p2='?' (DbType = DateTime), @p3='?', @p4='?' (Size = 4), @p5='?' (DbType = Guid), @p6='?'], CommandType='"Text"', CommandTimeout='30']
INSERT INTO "Messages" ("Id", "Content", "CreatedUtc", "Kind", "Role", "SessionId", "TokenUsageJson")
VALUES (@p0, @p1, @p2, @p3, @p4, @p5, @p6);
2025-09-01 19:46:50.024 +02:00 [INF] Setting HTTP status code 202.
2025-09-01 19:46:50.026 +02:00 [INF] Executed DbCommand (0ms) [Parameters=[@__p_0='?' (DbType = Guid)], CommandType='"Text"', CommandTimeout='30']
SELECT "a"."Id", "a"."Autonomy", "a"."CreatedUtc", "a"."GuardrailsJson", "a"."Name", "a"."ParamsJson", "a"."Provider", "a"."Temperature", "a"."TemplateRef", "a"."TokenBudget", "a"."ToolBudget", "a"."TopP", "a"."UpdatedUtc"
FROM "Agents" AS "a"
WHERE "a"."Id" = @__p_0
LIMIT 1
2025-09-01 19:46:50.030 +02:00 [INF] Writing value of type 'AcceptedResponse' as Json.
2025-09-01 19:46:50.040 +02:00 [INF] Executed DbCommand (1ms) [Parameters=[@__agentId_0='?' (DbType = Guid)], CommandType='"Text"', CommandTimeout='30']
SELECT "a"."Id", "a"."AgentId", "a"."ConfigJson", "a"."Enabled", "a"."ToolId", "t"."Id", "t"."Description", "t"."Enabled", "t"."InputSchemaJson", "t"."McpServerId", "t"."Name", "t"."Scope", "m"."Id", "m"."AuthType", "m"."BaseUrl", "m"."LastSeenUtc", "m"."MetadataJson", "m"."Name", "m"."Status"
FROM "AgentToolBindings" AS "a"
INNER JOIN "Tools" AS "t" ON "a"."ToolId" = "t"."Id"
INNER JOIN "McpServers" AS "m" ON "t"."McpServerId" = "m"."Id"
WHERE "a"."AgentId" = @__agentId_0 AND "a"."Enabled"
2025-09-01 19:46:50.040 +02:00 [INF] Executed endpoint 'HTTP: POST /sessions/{id:guid}/messages'
2025-09-01 19:46:50.050 +02:00 [INF] Executed DbCommand (1ms) [Parameters=[@__sessionId_0='?' (DbType = Guid), @__p_1='?' (DbType = Int32)], CommandType='"Text"', CommandTimeout='30']
SELECT "m"."Id", "m"."Content", "m"."CreatedUtc", "m"."Kind", "m"."Role", "m"."SessionId", "m"."TokenUsageJson"
FROM "Messages" AS "m"
WHERE "m"."SessionId" = @__sessionId_0
ORDER BY "m"."CreatedUtc" DESC
LIMIT @__p_1
2025-09-01 19:46:50.051 +02:00 [INF] Request finished HTTP/1.1 POST http://localhost:5088/sessions/c2ee6436-ee32-41f2-8ac8-808ce60aba30/messages - 202 null application/json; charset=utf-8 73.5802ms
2025-09-01 19:46:50.059 +02:00 [INF] Executed DbCommand (1ms) [Parameters=[@__agentId_0='?' (DbType = Guid)], CommandType='"Text"', CommandTimeout='30']
SELECT "a"."Id", "a"."AgentId", "a"."ConfigJson", "a"."Enabled", "a"."ToolId", "t"."Id", "t"."Description", "t"."Enabled", "t"."InputSchemaJson", "t"."McpServerId", "t"."Name", "t"."Scope", "m"."Id", "m"."AuthType", "m"."BaseUrl", "m"."LastSeenUtc", "m"."MetadataJson", "m"."Name", "m"."Status"
FROM "AgentToolBindings" AS "a"
INNER JOIN "Tools" AS "t" ON "a"."ToolId" = "t"."Id"
INNER JOIN "McpServers" AS "m" ON "t"."McpServerId" = "m"."Id"
WHERE "a"."AgentId" = @__agentId_0 AND "a"."Enabled"
2025-09-01 19:46:50.445 +02:00 [INF] Executed DbCommand (0ms) [Parameters=[@__sessionId_0='?' (DbType = Guid), @__p_1='?' (DbType = Int32)], CommandType='"Text"', CommandTimeout='30']
SELECT "m"."Id", "m"."Content", "m"."CreatedUtc", "m"."Kind", "m"."Role", "m"."SessionId", "m"."TokenUsageJson"
FROM "Messages" AS "m"
WHERE "m"."SessionId" = @__sessionId_0
ORDER BY "m"."CreatedUtc" DESC
LIMIT @__p_1
2025-09-01 19:46:50.895 +02:00 [INF] Executed DbCommand (18ms) [Parameters=[@p0='?' (DbType = Guid), @p1='?' (Size = 112), @p2='?' (DbType = DateTime), @p3='?', @p4='?' (Size = 9), @p5='?' (DbType = Guid), @p6='?'], CommandType='"Text"', CommandTimeout='30']
INSERT INTO "Messages" ("Id", "Content", "CreatedUtc", "Kind", "Role", "SessionId", "TokenUsageJson")
VALUES (@p0, @p1, @p2, @p3, @p4, @p5, @p6);
2025-09-01 19:47:02.623 +02:00 [INF] Request starting HTTP/1.1 OPTIONS http://localhost:5088/sessions/c2ee6436-ee32-41f2-8ac8-808ce60aba30/messages - null null
2025-09-01 19:47:02.632 +02:00 [INF] CORS policy execution successful.
2025-09-01 19:47:02.639 +02:00 [INF] Request finished HTTP/1.1 OPTIONS http://localhost:5088/sessions/c2ee6436-ee32-41f2-8ac8-808ce60aba30/messages - 204 null null 16.1325ms
2025-09-01 19:47:02.646 +02:00 [INF] Request starting HTTP/1.1 POST http://localhost:5088/sessions/c2ee6436-ee32-41f2-8ac8-808ce60aba30/messages - application/json 50
2025-09-01 19:47:02.652 +02:00 [INF] CORS policy execution successful.
2025-09-01 19:47:02.656 +02:00 [INF] Executing endpoint 'HTTP: POST /sessions/{id:guid}/messages'
2025-09-01 19:47:02.664 +02:00 [INF] Executed DbCommand (0ms) [Parameters=[@__p_0='?' (DbType = Guid)], CommandType='"Text"', CommandTimeout='30']
SELECT "s"."Id", "s"."AgentId", "s"."EndedUtc", "s"."LastEventIdx", "s"."StartedUtc", "s"."Status", "s"."UserId"
FROM "Sessions" AS "s"
WHERE "s"."Id" = @__p_0
LIMIT 1
2025-09-01 19:47:02.691 +02:00 [INF] Executed DbCommand (18ms) [Parameters=[@p0='?' (DbType = Guid), @p1='?' (Size = 35), @p2='?' (DbType = DateTime), @p3='?', @p4='?' (Size = 4), @p5='?' (DbType = Guid), @p6='?'], CommandType='"Text"', CommandTimeout='30']
INSERT INTO "Messages" ("Id", "Content", "CreatedUtc", "Kind", "Role", "SessionId", "TokenUsageJson")
VALUES (@p0, @p1, @p2, @p3, @p4, @p5, @p6);
2025-09-01 19:47:02.698 +02:00 [INF] Setting HTTP status code 202.
2025-09-01 19:47:02.700 +02:00 [INF] Executed DbCommand (1ms) [Parameters=[@__p_0='?' (DbType = Guid)], CommandType='"Text"', CommandTimeout='30']
SELECT "a"."Id", "a"."Autonomy", "a"."CreatedUtc", "a"."GuardrailsJson", "a"."Name", "a"."ParamsJson", "a"."Provider", "a"."Temperature", "a"."TemplateRef", "a"."TokenBudget", "a"."ToolBudget", "a"."TopP", "a"."UpdatedUtc"
FROM "Agents" AS "a"
WHERE "a"."Id" = @__p_0
LIMIT 1
2025-09-01 19:47:02.704 +02:00 [INF] Writing value of type 'AcceptedResponse' as Json.
2025-09-01 19:47:02.713 +02:00 [INF] Executed DbCommand (0ms) [Parameters=[@__agentId_0='?' (DbType = Guid)], CommandType='"Text"', CommandTimeout='30']
SELECT "a"."Id", "a"."AgentId", "a"."ConfigJson", "a"."Enabled", "a"."ToolId", "t"."Id", "t"."Description", "t"."Enabled", "t"."InputSchemaJson", "t"."McpServerId", "t"."Name", "t"."Scope", "m"."Id", "m"."AuthType", "m"."BaseUrl", "m"."LastSeenUtc", "m"."MetadataJson", "m"."Name", "m"."Status"
FROM "AgentToolBindings" AS "a"
INNER JOIN "Tools" AS "t" ON "a"."ToolId" = "t"."Id"
INNER JOIN "McpServers" AS "m" ON "t"."McpServerId" = "m"."Id"
WHERE "a"."AgentId" = @__agentId_0 AND "a"."Enabled"
2025-09-01 19:47:02.714 +02:00 [INF] Executed endpoint 'HTTP: POST /sessions/{id:guid}/messages'
2025-09-01 19:47:02.724 +02:00 [INF] Executed DbCommand (1ms) [Parameters=[@__sessionId_0='?' (DbType = Guid), @__p_1='?' (DbType = Int32)], CommandType='"Text"', CommandTimeout='30']
SELECT "m"."Id", "m"."Content", "m"."CreatedUtc", "m"."Kind", "m"."Role", "m"."SessionId", "m"."TokenUsageJson"
FROM "Messages" AS "m"
WHERE "m"."SessionId" = @__sessionId_0
ORDER BY "m"."CreatedUtc" DESC
LIMIT @__p_1
2025-09-01 19:47:02.726 +02:00 [INF] Request finished HTTP/1.1 POST http://localhost:5088/sessions/c2ee6436-ee32-41f2-8ac8-808ce60aba30/messages - 202 null application/json; charset=utf-8 80.2812ms
2025-09-01 19:47:02.735 +02:00 [INF] Executed DbCommand (1ms) [Parameters=[@__agentId_0='?' (DbType = Guid)], CommandType='"Text"', CommandTimeout='30']
SELECT "a"."Id", "a"."AgentId", "a"."ConfigJson", "a"."Enabled", "a"."ToolId", "t"."Id", "t"."Description", "t"."Enabled", "t"."InputSchemaJson", "t"."McpServerId", "t"."Name", "t"."Scope", "m"."Id", "m"."AuthType", "m"."BaseUrl", "m"."LastSeenUtc", "m"."MetadataJson", "m"."Name", "m"."Status"
FROM "AgentToolBindings" AS "a"
INNER JOIN "Tools" AS "t" ON "a"."ToolId" = "t"."Id"
INNER JOIN "McpServers" AS "m" ON "t"."McpServerId" = "m"."Id"
WHERE "a"."AgentId" = @__agentId_0 AND "a"."Enabled"
2025-09-01 19:47:03.773 +02:00 [INF] Executed DbCommand (0ms) [Parameters=[@__agentId_0='?' (DbType = Guid)], CommandType='"Text"', CommandTimeout='30']
SELECT "a"."Id", "a"."AgentId", "a"."ConfigJson", "a"."Enabled", "a"."ToolId", "t"."Id", "t"."Description", "t"."Enabled", "t"."InputSchemaJson", "t"."McpServerId", "t"."Name", "t"."Scope", "m"."Id", "m"."AuthType", "m"."BaseUrl", "m"."LastSeenUtc", "m"."MetadataJson", "m"."Name", "m"."Status"
FROM "AgentToolBindings" AS "a"
INNER JOIN "Tools" AS "t" ON "a"."ToolId" = "t"."Id"
INNER JOIN "McpServers" AS "m" ON "t"."McpServerId" = "m"."Id"
WHERE "a"."AgentId" = @__agentId_0 AND "a"."Enabled"
2025-09-01 19:47:03.779 +02:00 [INF] Executed DbCommand (0ms) [Parameters=[@__agentId_0='?' (DbType = Guid)], CommandType='"Text"', CommandTimeout='30']
SELECT "a"."Id", "a"."AgentId", "a"."ConfigJson", "a"."Enabled", "a"."ToolId", "t"."Id", "t"."Description", "t"."Enabled", "t"."InputSchemaJson", "t"."McpServerId", "t"."Name", "t"."Scope", "m"."Id", "m"."AuthType", "m"."BaseUrl", "m"."LastSeenUtc", "m"."MetadataJson", "m"."Name", "m"."Status"
FROM "AgentToolBindings" AS "a"
INNER JOIN "Tools" AS "t" ON "a"."ToolId" = "t"."Id"
INNER JOIN "McpServers" AS "m" ON "t"."McpServerId" = "m"."Id"
WHERE "a"."AgentId" = @__agentId_0 AND "a"."Enabled"
2025-09-01 19:47:04.010 +02:00 [INF] Executed DbCommand (0ms) [Parameters=[], CommandType='"Text"', CommandTimeout='30']
SELECT "m"."Id", "m"."AuthType", "m"."BaseUrl", "m"."LastSeenUtc", "m"."MetadataJson", "m"."Name", "m"."Status"
FROM "McpServers" AS "m"
ORDER BY "m"."LastSeenUtc"
2025-09-01 19:47:04.015 +02:00 [INF] Conectando a MCP WebSocket: ws://localhost:8970/ws
2025-09-01 19:47:04.146 +02:00 [ERR] Error inesperado en WebSocket: MCP Tool error: No se encontró el archivo de herramienta: ../../bundles\kb-tools\tools/summarize.js
2025-09-01 19:47:04.171 +02:00 [INF] Executed DbCommand (17ms) [Parameters=[@p0='?' (DbType = Guid), @p1='?' (Size = 150), @p2='?' (DbType = DateTime), @p3='?' (Size = 11), @p4='?' (Size = 9), @p5='?' (DbType = Guid), @p6='?'], CommandType='"Text"', CommandTimeout='30']
INSERT INTO "Messages" ("Id", "Content", "CreatedUtc", "Kind", "Role", "SessionId", "TokenUsageJson")
VALUES (@p0, @p1, @p2, @p3, @p4, @p5, @p6);
2025-09-01 19:47:04.181 +02:00 [INF] Executed DbCommand (0ms) [Parameters=[@__sessionId_0='?' (DbType = Guid), @__p_1='?' (DbType = Int32)], CommandType='"Text"', CommandTimeout='30']
SELECT "m"."Id", "m"."Content", "m"."CreatedUtc", "m"."Kind", "m"."Role", "m"."SessionId", "m"."TokenUsageJson"
FROM "Messages" AS "m"
WHERE "m"."SessionId" = @__sessionId_0
ORDER BY "m"."CreatedUtc" DESC
LIMIT @__p_1
2025-09-01 19:47:04.908 +02:00 [INF] Executed DbCommand (9ms) [Parameters=[@p0='?' (DbType = Guid), @p1='?' (Size = 334), @p2='?' (DbType = DateTime), @p3='?', @p4='?' (Size = 9), @p5='?' (DbType = Guid), @p6='?'], CommandType='"Text"', CommandTimeout='30']
INSERT INTO "Messages" ("Id", "Content", "CreatedUtc", "Kind", "Role", "SessionId", "TokenUsageJson")
VALUES (@p0, @p1, @p2, @p3, @p4, @p5, @p6);
2025-09-01 19:47:32.162 +02:00 [INF] Request starting HTTP/1.1 OPTIONS http://localhost:5088/sessions/c2ee6436-ee32-41f2-8ac8-808ce60aba30/messages - null null
2025-09-01 19:47:32.169 +02:00 [INF] CORS policy execution successful.
2025-09-01 19:47:32.175 +02:00 [INF] Request finished HTTP/1.1 OPTIONS http://localhost:5088/sessions/c2ee6436-ee32-41f2-8ac8-808ce60aba30/messages - 204 null null 12.8338ms
2025-09-01 19:47:32.183 +02:00 [INF] Request starting HTTP/1.1 POST http://localhost:5088/sessions/c2ee6436-ee32-41f2-8ac8-808ce60aba30/messages - application/json 50
2025-09-01 19:47:32.189 +02:00 [INF] CORS policy execution successful.
2025-09-01 19:47:32.194 +02:00 [INF] Executing endpoint 'HTTP: POST /sessions/{id:guid}/messages'
2025-09-01 19:47:32.201 +02:00 [INF] Executed DbCommand (0ms) [Parameters=[@__p_0='?' (DbType = Guid)], CommandType='"Text"', CommandTimeout='30']
SELECT "s"."Id", "s"."AgentId", "s"."EndedUtc", "s"."LastEventIdx", "s"."StartedUtc", "s"."Status", "s"."UserId"
FROM "Sessions" AS "s"
WHERE "s"."Id" = @__p_0
LIMIT 1
2025-09-01 19:47:32.227 +02:00 [INF] Executed DbCommand (19ms) [Parameters=[@p0='?' (DbType = Guid), @p1='?' (Size = 35), @p2='?' (DbType = DateTime), @p3='?', @p4='?' (Size = 4), @p5='?' (DbType = Guid), @p6='?'], CommandType='"Text"', CommandTimeout='30']
INSERT INTO "Messages" ("Id", "Content", "CreatedUtc", "Kind", "Role", "SessionId", "TokenUsageJson")
VALUES (@p0, @p1, @p2, @p3, @p4, @p5, @p6);
2025-09-01 19:47:32.234 +02:00 [INF] Setting HTTP status code 202.
2025-09-01 19:47:32.235 +02:00 [INF] Executed DbCommand (0ms) [Parameters=[@__p_0='?' (DbType = Guid)], CommandType='"Text"', CommandTimeout='30']
SELECT "a"."Id", "a"."Autonomy", "a"."CreatedUtc", "a"."GuardrailsJson", "a"."Name", "a"."ParamsJson", "a"."Provider", "a"."Temperature", "a"."TemplateRef", "a"."TokenBudget", "a"."ToolBudget", "a"."TopP", "a"."UpdatedUtc"
FROM "Agents" AS "a"
WHERE "a"."Id" = @__p_0
LIMIT 1
2025-09-01 19:47:32.238 +02:00 [INF] Writing value of type 'AcceptedResponse' as Json.
2025-09-01 19:47:32.250 +02:00 [INF] Executed DbCommand (1ms) [Parameters=[@__agentId_0='?' (DbType = Guid)], CommandType='"Text"', CommandTimeout='30']
SELECT "a"."Id", "a"."AgentId", "a"."ConfigJson", "a"."Enabled", "a"."ToolId", "t"."Id", "t"."Description", "t"."Enabled", "t"."InputSchemaJson", "t"."McpServerId", "t"."Name", "t"."Scope", "m"."Id", "m"."AuthType", "m"."BaseUrl", "m"."LastSeenUtc", "m"."MetadataJson", "m"."Name", "m"."Status"
FROM "AgentToolBindings" AS "a"
INNER JOIN "Tools" AS "t" ON "a"."ToolId" = "t"."Id"
INNER JOIN "McpServers" AS "m" ON "t"."McpServerId" = "m"."Id"
WHERE "a"."AgentId" = @__agentId_0 AND "a"."Enabled"
2025-09-01 19:47:32.251 +02:00 [INF] Executed endpoint 'HTTP: POST /sessions/{id:guid}/messages'
2025-09-01 19:47:32.262 +02:00 [INF] Executed DbCommand (1ms) [Parameters=[@__sessionId_0='?' (DbType = Guid), @__p_1='?' (DbType = Int32)], CommandType='"Text"', CommandTimeout='30']
SELECT "m"."Id", "m"."Content", "m"."CreatedUtc", "m"."Kind", "m"."Role", "m"."SessionId", "m"."TokenUsageJson"
FROM "Messages" AS "m"
WHERE "m"."SessionId" = @__sessionId_0
ORDER BY "m"."CreatedUtc" DESC
LIMIT @__p_1
2025-09-01 19:47:32.262 +02:00 [INF] Request finished HTTP/1.1 POST http://localhost:5088/sessions/c2ee6436-ee32-41f2-8ac8-808ce60aba30/messages - 202 null application/json; charset=utf-8 79.0494ms
2025-09-01 19:47:32.269 +02:00 [INF] Executed DbCommand (0ms) [Parameters=[@__agentId_0='?' (DbType = Guid)], CommandType='"Text"', CommandTimeout='30']
SELECT "a"."Id", "a"."AgentId", "a"."ConfigJson", "a"."Enabled", "a"."ToolId", "t"."Id", "t"."Description", "t"."Enabled", "t"."InputSchemaJson", "t"."McpServerId", "t"."Name", "t"."Scope", "m"."Id", "m"."AuthType", "m"."BaseUrl", "m"."LastSeenUtc", "m"."MetadataJson", "m"."Name", "m"."Status"
FROM "AgentToolBindings" AS "a"
INNER JOIN "Tools" AS "t" ON "a"."ToolId" = "t"."Id"
INNER JOIN "McpServers" AS "m" ON "t"."McpServerId" = "m"."Id"
WHERE "a"."AgentId" = @__agentId_0 AND "a"."Enabled"
2025-09-01 19:47:32.745 +02:00 [INF] Executed DbCommand (0ms) [Parameters=[@__sessionId_0='?' (DbType = Guid), @__p_1='?' (DbType = Int32)], CommandType='"Text"', CommandTimeout='30']
SELECT "m"."Id", "m"."Content", "m"."CreatedUtc", "m"."Kind", "m"."Role", "m"."SessionId", "m"."TokenUsageJson"
FROM "Messages" AS "m"
WHERE "m"."SessionId" = @__sessionId_0
ORDER BY "m"."CreatedUtc" DESC
LIMIT @__p_1
2025-09-01 19:47:34.110 +02:00 [INF] Executed DbCommand (20ms) [Parameters=[@p0='?' (DbType = Guid), @p1='?' (Size = 762), @p2='?' (DbType = DateTime), @p3='?', @p4='?' (Size = 9), @p5='?' (DbType = Guid), @p6='?'], CommandType='"Text"', CommandTimeout='30']
INSERT INTO "Messages" ("Id", "Content", "CreatedUtc", "Kind", "Role", "SessionId", "TokenUsageJson")
VALUES (@p0, @p1, @p2, @p3, @p4, @p5, @p6);
2025-09-01 19:47:56.675 +02:00 [INF] Request starting HTTP/1.1 OPTIONS http://localhost:5088/sessions/c2ee6436-ee32-41f2-8ac8-808ce60aba30/messages - null null
2025-09-01 19:47:56.684 +02:00 [INF] CORS policy execution successful.
2025-09-01 19:47:56.689 +02:00 [INF] Request finished HTTP/1.1 OPTIONS http://localhost:5088/sessions/c2ee6436-ee32-41f2-8ac8-808ce60aba30/messages - 204 null null 13.5269ms
2025-09-01 19:47:56.694 +02:00 [INF] Request starting HTTP/1.1 POST http://localhost:5088/sessions/c2ee6436-ee32-41f2-8ac8-808ce60aba30/messages - application/json 52
2025-09-01 19:47:56.700 +02:00 [INF] CORS policy execution successful.
2025-09-01 19:47:56.706 +02:00 [INF] Executing endpoint 'HTTP: POST /sessions/{id:guid}/messages'
2025-09-01 19:47:56.715 +02:00 [INF] Executed DbCommand (0ms) [Parameters=[@__p_0='?' (DbType = Guid)], CommandType='"Text"', CommandTimeout='30']
SELECT "s"."Id", "s"."AgentId", "s"."EndedUtc", "s"."LastEventIdx", "s"."StartedUtc", "s"."Status", "s"."UserId"
FROM "Sessions" AS "s"
WHERE "s"."Id" = @__p_0
LIMIT 1
2025-09-01 19:47:56.740 +02:00 [INF] Executed DbCommand (17ms) [Parameters=[@p0='?' (DbType = Guid), @p1='?' (Size = 37), @p2='?' (DbType = DateTime), @p3='?', @p4='?' (Size = 4), @p5='?' (DbType = Guid), @p6='?'], CommandType='"Text"', CommandTimeout='30']
INSERT INTO "Messages" ("Id", "Content", "CreatedUtc", "Kind", "Role", "SessionId", "TokenUsageJson")
VALUES (@p0, @p1, @p2, @p3, @p4, @p5, @p6);
2025-09-01 19:47:56.747 +02:00 [INF] Setting HTTP status code 202.
2025-09-01 19:47:56.749 +02:00 [INF] Executed DbCommand (1ms) [Parameters=[@__p_0='?' (DbType = Guid)], CommandType='"Text"', CommandTimeout='30']
SELECT "a"."Id", "a"."Autonomy", "a"."CreatedUtc", "a"."GuardrailsJson", "a"."Name", "a"."ParamsJson", "a"."Provider", "a"."Temperature", "a"."TemplateRef", "a"."TokenBudget", "a"."ToolBudget", "a"."TopP", "a"."UpdatedUtc"
FROM "Agents" AS "a"
WHERE "a"."Id" = @__p_0
LIMIT 1
2025-09-01 19:47:56.752 +02:00 [INF] Writing value of type 'AcceptedResponse' as Json.
2025-09-01 19:47:56.761 +02:00 [INF] Executed DbCommand (1ms) [Parameters=[@__agentId_0='?' (DbType = Guid)], CommandType='"Text"', CommandTimeout='30']
SELECT "a"."Id", "a"."AgentId", "a"."ConfigJson", "a"."Enabled", "a"."ToolId", "t"."Id", "t"."Description", "t"."Enabled", "t"."InputSchemaJson", "t"."McpServerId", "t"."Name", "t"."Scope", "m"."Id", "m"."AuthType", "m"."BaseUrl", "m"."LastSeenUtc", "m"."MetadataJson", "m"."Name", "m"."Status"
FROM "AgentToolBindings" AS "a"
INNER JOIN "Tools" AS "t" ON "a"."ToolId" = "t"."Id"
INNER JOIN "McpServers" AS "m" ON "t"."McpServerId" = "m"."Id"
WHERE "a"."AgentId" = @__agentId_0 AND "a"."Enabled"
2025-09-01 19:47:56.764 +02:00 [INF] Executed endpoint 'HTTP: POST /sessions/{id:guid}/messages'
2025-09-01 19:47:56.775 +02:00 [INF] Executed DbCommand (1ms) [Parameters=[@__sessionId_0='?' (DbType = Guid), @__p_1='?' (DbType = Int32)], CommandType='"Text"', CommandTimeout='30']
SELECT "m"."Id", "m"."Content", "m"."CreatedUtc", "m"."Kind", "m"."Role", "m"."SessionId", "m"."TokenUsageJson"
FROM "Messages" AS "m"
WHERE "m"."SessionId" = @__sessionId_0
ORDER BY "m"."CreatedUtc" DESC
LIMIT @__p_1
2025-09-01 19:47:56.776 +02:00 [INF] Request finished HTTP/1.1 POST http://localhost:5088/sessions/c2ee6436-ee32-41f2-8ac8-808ce60aba30/messages - 202 null application/json; charset=utf-8 82.3397ms
2025-09-01 19:47:56.785 +02:00 [INF] Executed DbCommand (0ms) [Parameters=[@__agentId_0='?' (DbType = Guid)], CommandType='"Text"', CommandTimeout='30']
SELECT "a"."Id", "a"."AgentId", "a"."ConfigJson", "a"."Enabled", "a"."ToolId", "t"."Id", "t"."Description", "t"."Enabled", "t"."InputSchemaJson", "t"."McpServerId", "t"."Name", "t"."Scope", "m"."Id", "m"."AuthType", "m"."BaseUrl", "m"."LastSeenUtc", "m"."MetadataJson", "m"."Name", "m"."Status"
FROM "AgentToolBindings" AS "a"
INNER JOIN "Tools" AS "t" ON "a"."ToolId" = "t"."Id"
INNER JOIN "McpServers" AS "m" ON "t"."McpServerId" = "m"."Id"
WHERE "a"."AgentId" = @__agentId_0 AND "a"."Enabled"
2025-09-01 19:47:58.602 +02:00 [INF] Executed DbCommand (0ms) [Parameters=[@__sessionId_0='?' (DbType = Guid), @__p_1='?' (DbType = Int32)], CommandType='"Text"', CommandTimeout='30']
SELECT "m"."Id", "m"."Content", "m"."CreatedUtc", "m"."Kind", "m"."Role", "m"."SessionId", "m"."TokenUsageJson"
FROM "Messages" AS "m"
WHERE "m"."SessionId" = @__sessionId_0
ORDER BY "m"."CreatedUtc" DESC
LIMIT @__p_1
2025-09-01 19:47:59.091 +02:00 [INF] Executed DbCommand (18ms) [Parameters=[@p0='?' (DbType = Guid), @p1='?' (Size = 112), @p2='?' (DbType = DateTime), @p3='?', @p4='?' (Size = 9), @p5='?' (DbType = Guid), @p6='?'], CommandType='"Text"', CommandTimeout='30']
INSERT INTO "Messages" ("Id", "Content", "CreatedUtc", "Kind", "Role", "SessionId", "TokenUsageJson")
VALUES (@p0, @p1, @p2, @p3, @p4, @p5, @p6);
2025-09-01 19:48:03.867 +02:00 [INF] Request starting HTTP/1.1 OPTIONS http://localhost:5088/sessions/c2ee6436-ee32-41f2-8ac8-808ce60aba30/messages - null null
2025-09-01 19:48:03.875 +02:00 [INF] CORS policy execution successful.
2025-09-01 19:48:03.880 +02:00 [INF] Request finished HTTP/1.1 OPTIONS http://localhost:5088/sessions/c2ee6436-ee32-41f2-8ac8-808ce60aba30/messages - 204 null null 12.5196ms
2025-09-01 19:48:03.886 +02:00 [INF] Request starting HTTP/1.1 POST http://localhost:5088/sessions/c2ee6436-ee32-41f2-8ac8-808ce60aba30/messages - application/json 32
2025-09-01 19:48:03.891 +02:00 [INF] CORS policy execution successful.
2025-09-01 19:48:03.896 +02:00 [INF] Executing endpoint 'HTTP: POST /sessions/{id:guid}/messages'
2025-09-01 19:48:03.904 +02:00 [INF] Executed DbCommand (1ms) [Parameters=[@__p_0='?' (DbType = Guid)], CommandType='"Text"', CommandTimeout='30']
SELECT "s"."Id", "s"."AgentId", "s"."EndedUtc", "s"."LastEventIdx", "s"."StartedUtc", "s"."Status", "s"."UserId"
FROM "Sessions" AS "s"
WHERE "s"."Id" = @__p_0
LIMIT 1
2025-09-01 19:48:03.930 +02:00 [INF] Executed DbCommand (18ms) [Parameters=[@p0='?' (DbType = Guid), @p1='?' (Size = 18), @p2='?' (DbType = DateTime), @p3='?', @p4='?' (Size = 4), @p5='?' (DbType = Guid), @p6='?'], CommandType='"Text"', CommandTimeout='30']
INSERT INTO "Messages" ("Id", "Content", "CreatedUtc", "Kind", "Role", "SessionId", "TokenUsageJson")
VALUES (@p0, @p1, @p2, @p3, @p4, @p5, @p6);
2025-09-01 19:48:03.936 +02:00 [INF] Setting HTTP status code 202.
2025-09-01 19:48:03.937 +02:00 [INF] Executed DbCommand (0ms) [Parameters=[@__p_0='?' (DbType = Guid)], CommandType='"Text"', CommandTimeout='30']
SELECT "a"."Id", "a"."Autonomy", "a"."CreatedUtc", "a"."GuardrailsJson", "a"."Name", "a"."ParamsJson", "a"."Provider", "a"."Temperature", "a"."TemplateRef", "a"."TokenBudget", "a"."ToolBudget", "a"."TopP", "a"."UpdatedUtc"
FROM "Agents" AS "a"
WHERE "a"."Id" = @__p_0
LIMIT 1
2025-09-01 19:48:03.940 +02:00 [INF] Writing value of type 'AcceptedResponse' as Json.
2025-09-01 19:48:03.947 +02:00 [INF] Executed DbCommand (0ms) [Parameters=[@__agentId_0='?' (DbType = Guid)], CommandType='"Text"', CommandTimeout='30']
SELECT "a"."Id", "a"."AgentId", "a"."ConfigJson", "a"."Enabled", "a"."ToolId", "t"."Id", "t"."Description", "t"."Enabled", "t"."InputSchemaJson", "t"."McpServerId", "t"."Name", "t"."Scope", "m"."Id", "m"."AuthType", "m"."BaseUrl", "m"."LastSeenUtc", "m"."MetadataJson", "m"."Name", "m"."Status"
FROM "AgentToolBindings" AS "a"
INNER JOIN "Tools" AS "t" ON "a"."ToolId" = "t"."Id"
INNER JOIN "McpServers" AS "m" ON "t"."McpServerId" = "m"."Id"
WHERE "a"."AgentId" = @__agentId_0 AND "a"."Enabled"
2025-09-01 19:48:03.950 +02:00 [INF] Executed endpoint 'HTTP: POST /sessions/{id:guid}/messages'
2025-09-01 19:48:03.958 +02:00 [INF] Executed DbCommand (0ms) [Parameters=[@__sessionId_0='?' (DbType = Guid), @__p_1='?' (DbType = Int32)], CommandType='"Text"', CommandTimeout='30']
SELECT "m"."Id", "m"."Content", "m"."CreatedUtc", "m"."Kind", "m"."Role", "m"."SessionId", "m"."TokenUsageJson"
FROM "Messages" AS "m"
WHERE "m"."SessionId" = @__sessionId_0
ORDER BY "m"."CreatedUtc" DESC
LIMIT @__p_1
2025-09-01 19:48:03.960 +02:00 [INF] Request finished HTTP/1.1 POST http://localhost:5088/sessions/c2ee6436-ee32-41f2-8ac8-808ce60aba30/messages - 202 null application/json; charset=utf-8 74.225ms
2025-09-01 19:48:03.967 +02:00 [INF] Executed DbCommand (1ms) [Parameters=[@__agentId_0='?' (DbType = Guid)], CommandType='"Text"', CommandTimeout='30']
SELECT "a"."Id", "a"."AgentId", "a"."ConfigJson", "a"."Enabled", "a"."ToolId", "t"."Id", "t"."Description", "t"."Enabled", "t"."InputSchemaJson", "t"."McpServerId", "t"."Name", "t"."Scope", "m"."Id", "m"."AuthType", "m"."BaseUrl", "m"."LastSeenUtc", "m"."MetadataJson", "m"."Name", "m"."Status"
FROM "AgentToolBindings" AS "a"
INNER JOIN "Tools" AS "t" ON "a"."ToolId" = "t"."Id"
INNER JOIN "McpServers" AS "m" ON "t"."McpServerId" = "m"."Id"
WHERE "a"."AgentId" = @__agentId_0 AND "a"."Enabled"
2025-09-01 19:48:06.314 +02:00 [INF] Executed DbCommand (0ms) [Parameters=[@__agentId_0='?' (DbType = Guid)], CommandType='"Text"', CommandTimeout='30']
SELECT "a"."Id", "a"."AgentId", "a"."ConfigJson", "a"."Enabled", "a"."ToolId", "t"."Id", "t"."Description", "t"."Enabled", "t"."InputSchemaJson", "t"."McpServerId", "t"."Name", "t"."Scope", "m"."Id", "m"."AuthType", "m"."BaseUrl", "m"."LastSeenUtc", "m"."MetadataJson", "m"."Name", "m"."Status"
FROM "AgentToolBindings" AS "a"
INNER JOIN "Tools" AS "t" ON "a"."ToolId" = "t"."Id"
INNER JOIN "McpServers" AS "m" ON "t"."McpServerId" = "m"."Id"
WHERE "a"."AgentId" = @__agentId_0 AND "a"."Enabled"
2025-09-01 19:48:06.322 +02:00 [INF] Executed DbCommand (0ms) [Parameters=[@__agentId_0='?' (DbType = Guid)], CommandType='"Text"', CommandTimeout='30']
SELECT "a"."Id", "a"."AgentId", "a"."ConfigJson", "a"."Enabled", "a"."ToolId", "t"."Id", "t"."Description", "t"."Enabled", "t"."InputSchemaJson", "t"."McpServerId", "t"."Name", "t"."Scope", "m"."Id", "m"."AuthType", "m"."BaseUrl", "m"."LastSeenUtc", "m"."MetadataJson", "m"."Name", "m"."Status"
FROM "AgentToolBindings" AS "a"
INNER JOIN "Tools" AS "t" ON "a"."ToolId" = "t"."Id"
INNER JOIN "McpServers" AS "m" ON "t"."McpServerId" = "m"."Id"
WHERE "a"."AgentId" = @__agentId_0 AND "a"."Enabled"
2025-09-01 19:48:06.595 +02:00 [INF] Executed DbCommand (0ms) [Parameters=[], CommandType='"Text"', CommandTimeout='30']
SELECT "m"."Id", "m"."AuthType", "m"."BaseUrl", "m"."LastSeenUtc", "m"."MetadataJson", "m"."Name", "m"."Status"
FROM "McpServers" AS "m"
ORDER BY "m"."LastSeenUtc"
2025-09-01 19:48:06.602 +02:00 [INF] Conectando a MCP WebSocket: ws://localhost:8970/ws
2025-09-01 19:48:06.721 +02:00 [ERR] Error inesperado en WebSocket: MCP Tool error: No se encontró el archivo de herramienta: ../../bundles\kb-tools\tools/summarize.js
2025-09-01 19:48:06.745 +02:00 [INF] Executed DbCommand (19ms) [Parameters=[@p0='?' (DbType = Guid), @p1='?' (Size = 150), @p2='?' (DbType = DateTime), @p3='?' (Size = 11), @p4='?' (Size = 9), @p5='?' (DbType = Guid), @p6='?'], CommandType='"Text"', CommandTimeout='30']
INSERT INTO "Messages" ("Id", "Content", "CreatedUtc", "Kind", "Role", "SessionId", "TokenUsageJson")
VALUES (@p0, @p1, @p2, @p3, @p4, @p5, @p6);
2025-09-01 19:48:06.751 +02:00 [INF] Executed DbCommand (0ms) [Parameters=[@__sessionId_0='?' (DbType = Guid), @__p_1='?' (DbType = Int32)], CommandType='"Text"', CommandTimeout='30']
SELECT "m"."Id", "m"."Content", "m"."CreatedUtc", "m"."Kind", "m"."Role", "m"."SessionId", "m"."TokenUsageJson"
FROM "Messages" AS "m"
WHERE "m"."SessionId" = @__sessionId_0
ORDER BY "m"."CreatedUtc" DESC
LIMIT @__p_1
2025-09-01 19:48:07.265 +02:00 [INF] Executed DbCommand (18ms) [Parameters=[@p0='?' (DbType = Guid), @p1='?' (Size = 149), @p2='?' (DbType = DateTime), @p3='?', @p4='?' (Size = 9), @p5='?' (DbType = Guid), @p6='?'], CommandType='"Text"', CommandTimeout='30']
INSERT INTO "Messages" ("Id", "Content", "CreatedUtc", "Kind", "Role", "SessionId", "TokenUsageJson")
VALUES (@p0, @p1, @p2, @p3, @p4, @p5, @p6);
2025-09-01 19:48:21.585 +02:00 [INF] Request starting HTTP/1.1 OPTIONS http://localhost:5088/sessions/c2ee6436-ee32-41f2-8ac8-808ce60aba30/messages - null null
2025-09-01 19:48:21.593 +02:00 [INF] CORS policy execution successful.
2025-09-01 19:48:21.598 +02:00 [INF] Request finished HTTP/1.1 OPTIONS http://localhost:5088/sessions/c2ee6436-ee32-41f2-8ac8-808ce60aba30/messages - 204 null null 13.2459ms
2025-09-01 19:48:21.606 +02:00 [INF] Request starting HTTP/1.1 POST http://localhost:5088/sessions/c2ee6436-ee32-41f2-8ac8-808ce60aba30/messages - application/json 38
2025-09-01 19:48:21.610 +02:00 [INF] CORS policy execution successful.
2025-09-01 19:48:21.617 +02:00 [INF] Executing endpoint 'HTTP: POST /sessions/{id:guid}/messages'
2025-09-01 19:48:21.623 +02:00 [INF] Executed DbCommand (0ms) [Parameters=[@__p_0='?' (DbType = Guid)], CommandType='"Text"', CommandTimeout='30']
SELECT "s"."Id", "s"."AgentId", "s"."EndedUtc", "s"."LastEventIdx", "s"."StartedUtc", "s"."Status", "s"."UserId"
FROM "Sessions" AS "s"
WHERE "s"."Id" = @__p_0
LIMIT 1
2025-09-01 19:48:21.650 +02:00 [INF] Executed DbCommand (19ms) [Parameters=[@p0='?' (DbType = Guid), @p1='?' (Size = 24), @p2='?' (DbType = DateTime), @p3='?', @p4='?' (Size = 4), @p5='?' (DbType = Guid), @p6='?'], CommandType='"Text"', CommandTimeout='30']
INSERT INTO "Messages" ("Id", "Content", "CreatedUtc", "Kind", "Role", "SessionId", "TokenUsageJson")
VALUES (@p0, @p1, @p2, @p3, @p4, @p5, @p6);
2025-09-01 19:48:21.658 +02:00 [INF] Setting HTTP status code 202.
2025-09-01 19:48:21.659 +02:00 [INF] Executed DbCommand (1ms) [Parameters=[@__p_0='?' (DbType = Guid)], CommandType='"Text"', CommandTimeout='30']
SELECT "a"."Id", "a"."Autonomy", "a"."CreatedUtc", "a"."GuardrailsJson", "a"."Name", "a"."ParamsJson", "a"."Provider", "a"."Temperature", "a"."TemplateRef", "a"."TokenBudget", "a"."ToolBudget", "a"."TopP", "a"."UpdatedUtc"
FROM "Agents" AS "a"
WHERE "a"."Id" = @__p_0
LIMIT 1
2025-09-01 19:48:21.663 +02:00 [INF] Writing value of type 'AcceptedResponse' as Json.
2025-09-01 19:48:21.672 +02:00 [INF] Executed DbCommand (1ms) [Parameters=[@__agentId_0='?' (DbType = Guid)], CommandType='"Text"', CommandTimeout='30']
SELECT "a"."Id", "a"."AgentId", "a"."ConfigJson", "a"."Enabled", "a"."ToolId", "t"."Id", "t"."Description", "t"."Enabled", "t"."InputSchemaJson", "t"."McpServerId", "t"."Name", "t"."Scope", "m"."Id", "m"."AuthType", "m"."BaseUrl", "m"."LastSeenUtc", "m"."MetadataJson", "m"."Name", "m"."Status"
FROM "AgentToolBindings" AS "a"
INNER JOIN "Tools" AS "t" ON "a"."ToolId" = "t"."Id"
INNER JOIN "McpServers" AS "m" ON "t"."McpServerId" = "m"."Id"
WHERE "a"."AgentId" = @__agentId_0 AND "a"."Enabled"
2025-09-01 19:48:21.673 +02:00 [INF] Executed endpoint 'HTTP: POST /sessions/{id:guid}/messages'
2025-09-01 19:48:21.685 +02:00 [INF] Executed DbCommand (1ms) [Parameters=[@__sessionId_0='?' (DbType = Guid), @__p_1='?' (DbType = Int32)], CommandType='"Text"', CommandTimeout='30']
SELECT "m"."Id", "m"."Content", "m"."CreatedUtc", "m"."Kind", "m"."Role", "m"."SessionId", "m"."TokenUsageJson"
FROM "Messages" AS "m"
WHERE "m"."SessionId" = @__sessionId_0
ORDER BY "m"."CreatedUtc" DESC
LIMIT @__p_1
2025-09-01 19:48:21.686 +02:00 [INF] Request finished HTTP/1.1 POST http://localhost:5088/sessions/c2ee6436-ee32-41f2-8ac8-808ce60aba30/messages - 202 null application/json; charset=utf-8 80.3227ms
2025-09-01 19:48:21.696 +02:00 [INF] Executed DbCommand (1ms) [Parameters=[@__agentId_0='?' (DbType = Guid)], CommandType='"Text"', CommandTimeout='30']
SELECT "a"."Id", "a"."AgentId", "a"."ConfigJson", "a"."Enabled", "a"."ToolId", "t"."Id", "t"."Description", "t"."Enabled", "t"."InputSchemaJson", "t"."McpServerId", "t"."Name", "t"."Scope", "m"."Id", "m"."AuthType", "m"."BaseUrl", "m"."LastSeenUtc", "m"."MetadataJson", "m"."Name", "m"."Status"
FROM "AgentToolBindings" AS "a"
INNER JOIN "Tools" AS "t" ON "a"."ToolId" = "t"."Id"
INNER JOIN "McpServers" AS "m" ON "t"."McpServerId" = "m"."Id"
WHERE "a"."AgentId" = @__agentId_0 AND "a"."Enabled"
2025-09-01 19:48:22.302 +02:00 [INF] Executed DbCommand (0ms) [Parameters=[@__sessionId_0='?' (DbType = Guid), @__p_1='?' (DbType = Int32)], CommandType='"Text"', CommandTimeout='30']
SELECT "m"."Id", "m"."Content", "m"."CreatedUtc", "m"."Kind", "m"."Role", "m"."SessionId", "m"."TokenUsageJson"
FROM "Messages" AS "m"
WHERE "m"."SessionId" = @__sessionId_0
ORDER BY "m"."CreatedUtc" DESC
LIMIT @__p_1
2025-09-01 19:48:22.872 +02:00 [INF] Executed DbCommand (19ms) [Parameters=[@p0='?' (DbType = Guid), @p1='?' (Size = 222), @p2='?' (DbType = DateTime), @p3='?', @p4='?' (Size = 9), @p5='?' (DbType = Guid), @p6='?'], CommandType='"Text"', CommandTimeout='30']
INSERT INTO "Messages" ("Id", "Content", "CreatedUtc", "Kind", "Role", "SessionId", "TokenUsageJson")
VALUES (@p0, @p1, @p2, @p3, @p4, @p5, @p6);
2025-09-01 19:56:14.983 +02:00 [INF] Application is shutting down...
2025-09-01 19:56:14.990 +02:00 [INF] Executed endpoint '/hubs/trace'
2025-09-01 19:56:14.997 +02:00 [INF] Request finished HTTP/1.1 GET http://localhost:5088/hubs/trace?id=k549X2FC8uDEB08H1O1pRA - 101 null null 601606.372ms
2025-09-01 19:58:18.869 +02:00 [INF] User profile is available. Using 'C:\Users\Usuario\AppData\Local\ASP.NET\DataProtection-Keys' as key repository and Windows DPAPI to encrypt keys at rest.
2025-09-01 19:58:19.327 +02:00 [INF] Now listening on: http://localhost:5088
2025-09-01 19:58:19.332 +02:00 [INF] Application started. Press Ctrl+C to shut down.
2025-09-01 19:58:19.333 +02:00 [INF] Hosting environment: Development
2025-09-01 19:58:19.335 +02:00 [INF] Content root path: D:\BearDevelopment\AutoAgent\autoagent_back\src\AutoAgentes.Api
2025-09-01 19:58:20.744 +02:00 [INF] Request starting HTTP/1.1 OPTIONS http://localhost:5088/agents/1e5ffb9e-fb28-4405-b82b-b4647aa5a865 - null null
2025-09-01 19:58:20.744 +02:00 [INF] Request starting HTTP/1.1 OPTIONS http://localhost:5088/agents/1e5ffb9e-fb28-4405-b82b-b4647aa5a865/bindings - null null
2025-09-01 19:58:20.854 +02:00 [INF] CORS policy execution successful.
2025-09-01 19:58:20.854 +02:00 [INF] CORS policy execution successful.
2025-09-01 19:58:20.869 +02:00 [INF] Request finished HTTP/1.1 OPTIONS http://localhost:5088/agents/1e5ffb9e-fb28-4405-b82b-b4647aa5a865/bindings - 204 null null 137.5091ms
2025-09-01 19:58:20.869 +02:00 [INF] Request finished HTTP/1.1 OPTIONS http://localhost:5088/agents/1e5ffb9e-fb28-4405-b82b-b4647aa5a865 - 204 null null 137.5333ms
2025-09-01 19:58:20.890 +02:00 [INF] Request starting HTTP/1.1 GET http://localhost:5088/agents/1e5ffb9e-fb28-4405-b82b-b4647aa5a865 - application/json null
2025-09-01 19:58:20.890 +02:00 [INF] Request starting HTTP/1.1 GET http://localhost:5088/agents/1e5ffb9e-fb28-4405-b82b-b4647aa5a865/bindings - application/json null
2025-09-01 19:58:20.904 +02:00 [INF] CORS policy execution successful.
2025-09-01 19:58:20.904 +02:00 [INF] CORS policy execution successful.
2025-09-01 19:58:20.926 +02:00 [INF] Executing endpoint 'HTTP: GET /agents/{id:guid}/bindings'
2025-09-01 19:58:20.926 +02:00 [INF] Executing endpoint 'HTTP: GET /agents/{id:guid}'
2025-09-01 19:58:21.687 +02:00 [INF] Executed DbCommand (8ms) [Parameters=[@__agentId_0='?' (DbType = Guid)], CommandType='"Text"', CommandTimeout='30']
SELECT "a"."Id", "a"."AgentId", "a"."ConfigJson", "a"."Enabled", "a"."ToolId"
FROM "AgentToolBindings" AS "a"
WHERE "a"."AgentId" = @__agentId_0
2025-09-01 19:58:21.692 +02:00 [INF] Executed DbCommand (19ms) [Parameters=[@__p_0='?' (DbType = Guid)], CommandType='"Text"', CommandTimeout='30']
SELECT "a"."Id", "a"."Autonomy", "a"."CreatedUtc", "a"."GuardrailsJson", "a"."Name", "a"."ParamsJson", "a"."Provider", "a"."SystemPrompt", "a"."Temperature", "a"."TemplateRef", "a"."TokenBudget", "a"."ToolBudget", "a"."TopP", "a"."UpdatedUtc"
FROM "Agents" AS "a"
WHERE "a"."Id" = @__p_0
LIMIT 1
2025-09-01 19:58:21.767 +02:00 [INF] Setting HTTP status code 200.
2025-09-01 19:58:21.767 +02:00 [INF] Setting HTTP status code 200.
2025-09-01 19:58:21.782 +02:00 [INF] Writing value of type 'AgentResponse' as Json.
2025-09-01 19:58:21.788 +02:00 [INF] Writing value of type 'List`1' as Json.
2025-09-01 19:58:21.849 +02:00 [INF] Executed endpoint 'HTTP: GET /agents/{id:guid}'
2025-09-01 19:58:21.859 +02:00 [INF] Executed endpoint 'HTTP: GET /agents/{id:guid}/bindings'
2025-09-01 19:58:21.873 +02:00 [INF] Request finished HTTP/1.1 GET http://localhost:5088/agents/1e5ffb9e-fb28-4405-b82b-b4647aa5a865 - 200 null application/json; charset=utf-8 983.0917ms
2025-09-01 19:58:21.874 +02:00 [INF] Request finished HTTP/1.1 GET http://localhost:5088/agents/1e5ffb9e-fb28-4405-b82b-b4647aa5a865/bindings - 200 null application/json; charset=utf-8 984.6437ms
2025-09-01 19:58:22.569 +02:00 [INF] Request starting HTTP/1.1 OPTIONS http://localhost:5088/sessions - null null
2025-09-01 19:58:22.576 +02:00 [INF] CORS policy execution successful.
2025-09-01 19:58:22.582 +02:00 [INF] Request finished HTTP/1.1 OPTIONS http://localhost:5088/sessions - 204 null null 13.2946ms
2025-09-01 19:58:22.590 +02:00 [INF] Request starting HTTP/1.1 POST http://localhost:5088/sessions - application/json 50
2025-09-01 19:58:22.595 +02:00 [INF] CORS policy execution successful.
2025-09-01 19:58:22.603 +02:00 [INF] Executing endpoint 'HTTP: POST /sessions/'
2025-09-01 19:58:22.667 +02:00 [INF] Executed DbCommand (1ms) [Parameters=[@__p_0='?' (DbType = Guid)], CommandType='"Text"', CommandTimeout='30']
SELECT "a"."Id", "a"."Autonomy", "a"."CreatedUtc", "a"."GuardrailsJson", "a"."Name", "a"."ParamsJson", "a"."Provider", "a"."SystemPrompt", "a"."Temperature", "a"."TemplateRef", "a"."TokenBudget", "a"."ToolBudget", "a"."TopP", "a"."UpdatedUtc"
FROM "Agents" AS "a"
WHERE "a"."Id" = @__p_0
LIMIT 1
2025-09-01 19:58:22.799 +02:00 [INF] Executed DbCommand (19ms) [Parameters=[@p0='?' (DbType = Guid), @p1='?' (DbType = Guid), @p2='?' (DbType = DateTime), @p3='?' (DbType = Int32), @p4='?' (DbType = DateTime), @p5='?' (Size = 7), @p6='?'], CommandType='"Text"', CommandTimeout='30']
INSERT INTO "Sessions" ("Id", "AgentId", "EndedUtc", "LastEventIdx", "StartedUtc", "Status", "UserId")
VALUES (@p0, @p1, @p2, @p3, @p4, @p5, @p6);
2025-09-01 19:58:22.811 +02:00 [INF] Setting HTTP status code 201.
2025-09-01 19:58:22.817 +02:00 [INF] Writing value of type 'SessionCreatedResponse' as Json.
2025-09-01 19:58:22.823 +02:00 [INF] Executed endpoint 'HTTP: POST /sessions/'
2025-09-01 19:58:22.828 +02:00 [INF] Request finished HTTP/1.1 POST http://localhost:5088/sessions - 201 null application/json; charset=utf-8 238.0972ms
2025-09-01 19:58:22.838 +02:00 [INF] Request starting HTTP/1.1 OPTIONS http://localhost:5088/hubs/trace/negotiate?negotiateVersion=1 - null null
2025-09-01 19:58:22.844 +02:00 [INF] CORS policy execution successful.
2025-09-01 19:58:22.850 +02:00 [INF] Request finished HTTP/1.1 OPTIONS http://localhost:5088/hubs/trace/negotiate?negotiateVersion=1 - 204 null null 12.5342ms
2025-09-01 19:58:22.854 +02:00 [INF] Request starting HTTP/1.1 POST http://localhost:5088/hubs/trace/negotiate?negotiateVersion=1 - null 0
2025-09-01 19:58:22.861 +02:00 [INF] CORS policy execution successful.
2025-09-01 19:58:22.870 +02:00 [INF] ApiKey was not authenticated. Failure message: Missing API key
2025-09-01 19:58:22.875 +02:00 [INF] Executing endpoint '/hubs/trace/negotiate'
2025-09-01 19:58:22.889 +02:00 [INF] Executed endpoint '/hubs/trace/negotiate'
2025-09-01 19:58:22.893 +02:00 [INF] Request starting HTTP/1.1 GET http://localhost:5088/hubs/trace?id=-e3dOcykpIXT70OIiV_Ebw - null null
2025-09-01 19:58:22.893 +02:00 [INF] Request finished HTTP/1.1 POST http://localhost:5088/hubs/trace/negotiate?negotiateVersion=1 - 200 316 application/json 40.0144ms
2025-09-01 19:58:22.899 +02:00 [INF] CORS policy execution successful.
2025-09-01 19:58:22.909 +02:00 [INF] ApiKey was not authenticated. Failure message: Missing API key
2025-09-01 19:58:22.913 +02:00 [INF] Executing endpoint '/hubs/trace'
2025-09-01 19:58:25.560 +02:00 [INF] Request starting HTTP/1.1 OPTIONS http://localhost:5088/sessions/8596aa8c-67ea-482b-b6b7-4dde4a40404b/messages - null null
2025-09-01 19:58:25.568 +02:00 [INF] CORS policy execution successful.
2025-09-01 19:58:25.573 +02:00 [INF] Request finished HTTP/1.1 OPTIONS http://localhost:5088/sessions/8596aa8c-67ea-482b-b6b7-4dde4a40404b/messages - 204 null null 12.656ms
2025-09-01 19:58:25.578 +02:00 [INF] Request starting HTTP/1.1 POST http://localhost:5088/sessions/8596aa8c-67ea-482b-b6b7-4dde4a40404b/messages - application/json 18
2025-09-01 19:58:25.585 +02:00 [INF] CORS policy execution successful.
2025-09-01 19:58:25.590 +02:00 [INF] Executing endpoint 'HTTP: POST /sessions/{id:guid}/messages'
2025-09-01 19:58:25.613 +02:00 [INF] Executed DbCommand (1ms) [Parameters=[@__p_0='?' (DbType = Guid)], CommandType='"Text"', CommandTimeout='30']
SELECT "s"."Id", "s"."AgentId", "s"."EndedUtc", "s"."LastEventIdx", "s"."StartedUtc", "s"."Status", "s"."UserId"
FROM "Sessions" AS "s"
WHERE "s"."Id" = @__p_0
LIMIT 1
2025-09-01 19:58:25.655 +02:00 [INF] Executed DbCommand (17ms) [Parameters=[@p0='?' (DbType = Guid), @p1='?' (Size = 4), @p2='?' (DbType = DateTime), @p3='?', @p4='?' (Size = 4), @p5='?' (DbType = Guid), @p6='?'], CommandType='"Text"', CommandTimeout='30']
INSERT INTO "Messages" ("Id", "Content", "CreatedUtc", "Kind", "Role", "SessionId", "TokenUsageJson")
VALUES (@p0, @p1, @p2, @p3, @p4, @p5, @p6);
2025-09-01 19:58:25.675 +02:00 [INF] Setting HTTP status code 202.
2025-09-01 19:58:25.679 +02:00 [INF] Executed DbCommand (0ms) [Parameters=[@__p_0='?' (DbType = Guid)], CommandType='"Text"', CommandTimeout='30']
SELECT "a"."Id", "a"."Autonomy", "a"."CreatedUtc", "a"."GuardrailsJson", "a"."Name", "a"."ParamsJson", "a"."Provider", "a"."SystemPrompt", "a"."Temperature", "a"."TemplateRef", "a"."TokenBudget", "a"."ToolBudget", "a"."TopP", "a"."UpdatedUtc"
FROM "Agents" AS "a"
WHERE "a"."Id" = @__p_0
LIMIT 1
2025-09-01 19:58:25.682 +02:00 [INF] Writing value of type 'AcceptedResponse' as Json.
2025-09-01 19:58:25.694 +02:00 [INF] Executed endpoint 'HTTP: POST /sessions/{id:guid}/messages'
2025-09-01 19:58:25.700 +02:00 [INF] Request finished HTTP/1.1 POST http://localhost:5088/sessions/8596aa8c-67ea-482b-b6b7-4dde4a40404b/messages - 202 null application/json; charset=utf-8 121.628ms
2025-09-01 19:58:50.093 +02:00 [INF] Application is shutting down...
2025-09-01 19:58:50.101 +02:00 [INF] Executed endpoint '/hubs/trace'
2025-09-01 19:58:50.108 +02:00 [INF] Request finished HTTP/1.1 GET http://localhost:5088/hubs/trace?id=-e3dOcykpIXT70OIiV_Ebw - 101 null null 27214.8634ms
2025-09-01 21:01:39.609 +02:00 [INF] User profile is available. Using 'C:\Users\Usuario\AppData\Local\ASP.NET\DataProtection-Keys' as key repository and Windows DPAPI to encrypt keys at rest.
2025-09-01 21:01:40.143 +02:00 [INF] Now listening on: http://localhost:5088
2025-09-01 21:01:40.148 +02:00 [INF] Application started. Press Ctrl+C to shut down.
2025-09-01 21:01:40.152 +02:00 [INF] Hosting environment: Development
2025-09-01 21:01:40.155 +02:00 [INF] Content root path: D:\BearDevelopment\AutoAgent\autoagent_back\src\AutoAgentes.Api
2025-09-01 21:01:55.225 +02:00 [INF] Request starting HTTP/1.1 OPTIONS http://localhost:5088/agents/1e5ffb9e-fb28-4405-b82b-b4647aa5a865/bindings - null null
2025-09-01 21:01:55.225 +02:00 [INF] Request starting HTTP/1.1 OPTIONS http://localhost:5088/agents/1e5ffb9e-fb28-4405-b82b-b4647aa5a865 - null null
2025-09-01 21:01:55.440 +02:00 [INF] CORS policy execution successful.
2025-09-01 21:01:55.440 +02:00 [INF] CORS policy execution successful.
2025-09-01 21:01:55.458 +02:00 [INF] Request finished HTTP/1.1 OPTIONS http://localhost:5088/agents/1e5ffb9e-fb28-4405-b82b-b4647aa5a865 - 204 null null 270.5186ms
2025-09-01 21:01:55.458 +02:00 [INF] Request finished HTTP/1.1 OPTIONS http://localhost:5088/agents/1e5ffb9e-fb28-4405-b82b-b4647aa5a865/bindings - 204 null null 270.5187ms
2025-09-01 21:01:55.485 +02:00 [INF] Request starting HTTP/1.1 GET http://localhost:5088/agents/1e5ffb9e-fb28-4405-b82b-b4647aa5a865/bindings - application/json null
2025-09-01 21:01:55.485 +02:00 [INF] Request starting HTTP/1.1 GET http://localhost:5088/agents/1e5ffb9e-fb28-4405-b82b-b4647aa5a865 - application/json null
2025-09-01 21:01:55.501 +02:00 [INF] CORS policy execution successful.
2025-09-01 21:01:55.501 +02:00 [INF] CORS policy execution successful.
2025-09-01 21:01:55.533 +02:00 [INF] Executing endpoint 'HTTP: GET /agents/{id:guid}'
2025-09-01 21:01:55.533 +02:00 [INF] Executing endpoint 'HTTP: GET /agents/{id:guid}/bindings'
2025-09-01 21:01:56.182 +02:00 [INF] Executed DbCommand (10ms) [Parameters=[@__p_0='?' (DbType = Guid)], CommandType='"Text"', CommandTimeout='30']
SELECT "a"."Id", "a"."Autonomy", "a"."CreatedUtc", "a"."GuardrailsJson", "a"."Name", "a"."ParamsJson", "a"."Provider", "a"."SystemPrompt", "a"."Temperature", "a"."TemplateRef", "a"."TokenBudget", "a"."ToolBudget", "a"."TopP", "a"."UpdatedUtc"
FROM "Agents" AS "a"
WHERE "a"."Id" = @__p_0
LIMIT 1
2025-09-01 21:01:56.182 +02:00 [INF] Executed DbCommand (16ms) [Parameters=[@__agentId_0='?' (DbType = Guid)], CommandType='"Text"', CommandTimeout='30']
SELECT "a"."Id", "a"."AgentId", "a"."ConfigJson", "a"."Enabled", "a"."ToolId"
FROM "AgentToolBindings" AS "a"
WHERE "a"."AgentId" = @__agentId_0
2025-09-01 21:01:56.302 +02:00 [INF] Setting HTTP status code 200.
2025-09-01 21:01:56.303 +02:00 [INF] Setting HTTP status code 200.
2025-09-01 21:01:56.322 +02:00 [INF] Writing value of type 'List`1' as Json.
2025-09-01 21:01:56.325 +02:00 [INF] Writing value of type 'AgentResponse' as Json.
2025-09-01 21:01:56.358 +02:00 [INF] Executed endpoint 'HTTP: GET /agents/{id:guid}/bindings'
2025-09-01 21:01:56.358 +02:00 [INF] Executed endpoint 'HTTP: GET /agents/{id:guid}'
2025-09-01 21:01:56.388 +02:00 [INF] Request finished HTTP/1.1 GET http://localhost:5088/agents/1e5ffb9e-fb28-4405-b82b-b4647aa5a865/bindings - 200 null application/json; charset=utf-8 903.5531ms
2025-09-01 21:01:56.390 +02:00 [INF] Request finished HTTP/1.1 GET http://localhost:5088/agents/1e5ffb9e-fb28-4405-b82b-b4647aa5a865 - 200 null application/json; charset=utf-8 904.9182ms
2025-09-01 21:01:58.575 +02:00 [INF] Request starting HTTP/1.1 OPTIONS http://localhost:5088/sessions - null null
2025-09-01 21:01:58.583 +02:00 [INF] CORS policy execution successful.
2025-09-01 21:01:58.588 +02:00 [INF] Request finished HTTP/1.1 OPTIONS http://localhost:5088/sessions - 204 null null 13.4951ms
2025-09-01 21:01:58.595 +02:00 [INF] Request starting HTTP/1.1 POST http://localhost:5088/sessions - application/json 50
2025-09-01 21:01:58.603 +02:00 [INF] CORS policy execution successful.
2025-09-01 21:01:58.610 +02:00 [INF] Executing endpoint 'HTTP: POST /sessions/'
2025-09-01 21:01:58.677 +02:00 [INF] Executed DbCommand (0ms) [Parameters=[@__p_0='?' (DbType = Guid)], CommandType='"Text"', CommandTimeout='30']
SELECT "a"."Id", "a"."Autonomy", "a"."CreatedUtc", "a"."GuardrailsJson", "a"."Name", "a"."ParamsJson", "a"."Provider", "a"."SystemPrompt", "a"."Temperature", "a"."TemplateRef", "a"."TokenBudget", "a"."ToolBudget", "a"."TopP", "a"."UpdatedUtc"
FROM "Agents" AS "a"
WHERE "a"."Id" = @__p_0
LIMIT 1
2025-09-01 21:01:58.795 +02:00 [INF] Executed DbCommand (10ms) [Parameters=[@p0='?' (DbType = Guid), @p1='?' (DbType = Guid), @p2='?' (DbType = DateTime), @p3='?' (DbType = Int32), @p4='?' (DbType = DateTime), @p5='?' (Size = 7), @p6='?'], CommandType='"Text"', CommandTimeout='30']
INSERT INTO "Sessions" ("Id", "AgentId", "EndedUtc", "LastEventIdx", "StartedUtc", "Status", "UserId")
VALUES (@p0, @p1, @p2, @p3, @p4, @p5, @p6);
2025-09-01 21:01:58.808 +02:00 [INF] Setting HTTP status code 201.
2025-09-01 21:01:58.813 +02:00 [INF] Writing value of type 'SessionCreatedResponse' as Json.
2025-09-01 21:01:58.819 +02:00 [INF] Executed endpoint 'HTTP: POST /sessions/'
2025-09-01 21:01:58.825 +02:00 [INF] Request finished HTTP/1.1 POST http://localhost:5088/sessions - 201 null application/json; charset=utf-8 230.2023ms
2025-09-01 21:01:58.831 +02:00 [INF] Request starting HTTP/1.1 OPTIONS http://localhost:5088/hubs/trace/negotiate?negotiateVersion=1 - null null
2025-09-01 21:01:58.837 +02:00 [INF] CORS policy execution successful.
2025-09-01 21:01:58.843 +02:00 [INF] Request finished HTTP/1.1 OPTIONS http://localhost:5088/hubs/trace/negotiate?negotiateVersion=1 - 204 null null 11.954ms
2025-09-01 21:01:58.846 +02:00 [INF] Request starting HTTP/1.1 POST http://localhost:5088/hubs/trace/negotiate?negotiateVersion=1 - null 0
2025-09-01 21:01:58.855 +02:00 [INF] CORS policy execution successful.
2025-09-01 21:01:58.862 +02:00 [INF] ApiKey was not authenticated. Failure message: Missing API key
2025-09-01 21:01:58.867 +02:00 [INF] Executing endpoint '/hubs/trace/negotiate'
2025-09-01 21:01:58.879 +02:00 [INF] Executed endpoint '/hubs/trace/negotiate'
2025-09-01 21:01:58.884 +02:00 [INF] Request starting HTTP/1.1 GET http://localhost:5088/hubs/trace?id=grRUxUzn_0t31o7SI6UVtA - null null
2025-09-01 21:01:58.885 +02:00 [INF] Request finished HTTP/1.1 POST http://localhost:5088/hubs/trace/negotiate?negotiateVersion=1 - 200 316 application/json 39.023ms
2025-09-01 21:01:58.891 +02:00 [INF] CORS policy execution successful.
2025-09-01 21:01:58.900 +02:00 [INF] ApiKey was not authenticated. Failure message: Missing API key
2025-09-01 21:01:58.906 +02:00 [INF] Executing endpoint '/hubs/trace'
2025-09-01 21:02:02.338 +02:00 [INF] Request starting HTTP/1.1 OPTIONS http://localhost:5088/sessions/8e0daeda-95d3-4240-a164-2ff24e152f20/messages - null null
2025-09-01 21:02:02.346 +02:00 [INF] CORS policy execution successful.
2025-09-01 21:02:02.350 +02:00 [INF] Request finished HTTP/1.1 OPTIONS http://localhost:5088/sessions/8e0daeda-95d3-4240-a164-2ff24e152f20/messages - 204 null null 12.9668ms
2025-09-01 21:02:02.358 +02:00 [INF] Request starting HTTP/1.1 POST http://localhost:5088/sessions/8e0daeda-95d3-4240-a164-2ff24e152f20/messages - application/json 18
2025-09-01 21:02:02.365 +02:00 [INF] CORS policy execution successful.
2025-09-01 21:02:02.370 +02:00 [INF] Executing endpoint 'HTTP: POST /sessions/{id:guid}/messages'
2025-09-01 21:02:02.396 +02:00 [INF] Executed DbCommand (1ms) [Parameters=[@__p_0='?' (DbType = Guid)], CommandType='"Text"', CommandTimeout='30']
SELECT "s"."Id", "s"."AgentId", "s"."EndedUtc", "s"."LastEventIdx", "s"."StartedUtc", "s"."Status", "s"."UserId"
FROM "Sessions" AS "s"
WHERE "s"."Id" = @__p_0
LIMIT 1
2025-09-01 21:02:02.444 +02:00 [INF] Executed DbCommand (18ms) [Parameters=[@p0='?' (DbType = Guid), @p1='?' (Size = 4), @p2='?' (DbType = DateTime), @p3='?', @p4='?' (Size = 4), @p5='?' (DbType = Guid), @p6='?'], CommandType='"Text"', CommandTimeout='30']
INSERT INTO "Messages" ("Id", "Content", "CreatedUtc", "Kind", "Role", "SessionId", "TokenUsageJson")
VALUES (@p0, @p1, @p2, @p3, @p4, @p5, @p6);
2025-09-01 21:02:02.462 +02:00 [INF] Setting HTTP status code 202.
2025-09-01 21:02:02.467 +02:00 [INF] Executed DbCommand (0ms) [Parameters=[@__p_0='?' (DbType = Guid)], CommandType='"Text"', CommandTimeout='30']
SELECT "a"."Id", "a"."Autonomy", "a"."CreatedUtc", "a"."GuardrailsJson", "a"."Name", "a"."ParamsJson", "a"."Provider", "a"."SystemPrompt", "a"."Temperature", "a"."TemplateRef", "a"."TokenBudget", "a"."ToolBudget", "a"."TopP", "a"."UpdatedUtc"
FROM "Agents" AS "a"
WHERE "a"."Id" = @__p_0
LIMIT 1
2025-09-01 21:02:02.473 +02:00 [INF] Writing value of type 'AcceptedResponse' as Json.
2025-09-01 21:02:02.479 +02:00 [INF] Executed endpoint 'HTTP: POST /sessions/{id:guid}/messages'
2025-09-01 21:02:02.484 +02:00 [INF] Request finished HTTP/1.1 POST http://localhost:5088/sessions/8e0daeda-95d3-4240-a164-2ff24e152f20/messages - 202 null application/json; charset=utf-8 126.0086ms
2025-09-01 21:02:10.314 +02:00 [INF] Executed endpoint '/hubs/trace'
2025-09-01 21:02:10.324 +02:00 [INF] Request finished HTTP/1.1 GET http://localhost:5088/hubs/trace?id=grRUxUzn_0t31o7SI6UVtA - 101 null null 11439.7885ms
2025-09-01 21:02:10.863 +02:00 [INF] Request starting HTTP/1.1 OPTIONS http://localhost:5088/agents/1e5ffb9e-fb28-4405-b82b-b4647aa5a865 - null null
2025-09-01 21:02:10.867 +02:00 [INF] Request starting HTTP/1.1 OPTIONS http://localhost:5088/agents/1e5ffb9e-fb28-4405-b82b-b4647aa5a865/bindings - null null
2025-09-01 21:02:10.874 +02:00 [INF] CORS policy execution successful.
2025-09-01 21:02:10.884 +02:00 [INF] CORS policy execution successful.
2025-09-01 21:02:10.892 +02:00 [INF] Request finished HTTP/1.1 OPTIONS http://localhost:5088/agents/1e5ffb9e-fb28-4405-b82b-b4647aa5a865 - 204 null null 29.1463ms
2025-09-01 21:02:10.901 +02:00 [INF] Request finished HTTP/1.1 OPTIONS http://localhost:5088/agents/1e5ffb9e-fb28-4405-b82b-b4647aa5a865/bindings - 204 null null 33.6373ms
2025-09-01 21:02:10.913 +02:00 [INF] Request starting HTTP/1.1 GET http://localhost:5088/agents/1e5ffb9e-fb28-4405-b82b-b4647aa5a865 - application/json null
2025-09-01 21:02:10.922 +02:00 [INF] Request starting HTTP/1.1 GET http://localhost:5088/agents/1e5ffb9e-fb28-4405-b82b-b4647aa5a865/bindings - application/json null
2025-09-01 21:02:10.934 +02:00 [INF] CORS policy execution successful.
2025-09-01 21:02:10.941 +02:00 [INF] CORS policy execution successful.
2025-09-01 21:02:10.951 +02:00 [INF] Executing endpoint 'HTTP: GET /agents/{id:guid}'
2025-09-01 21:02:10.959 +02:00 [INF] Executing endpoint 'HTTP: GET /agents/{id:guid}/bindings'
2025-09-01 21:02:10.975 +02:00 [INF] Executed DbCommand (0ms) [Parameters=[@__p_0='?' (DbType = Guid)], CommandType='"Text"', CommandTimeout='30']
SELECT "a"."Id", "a"."Autonomy", "a"."CreatedUtc", "a"."GuardrailsJson", "a"."Name", "a"."ParamsJson", "a"."Provider", "a"."SystemPrompt", "a"."Temperature", "a"."TemplateRef", "a"."TokenBudget", "a"."ToolBudget", "a"."TopP", "a"."UpdatedUtc"
FROM "Agents" AS "a"
WHERE "a"."Id" = @__p_0
LIMIT 1
2025-09-01 21:02:10.980 +02:00 [INF] Executed DbCommand (6ms) [Parameters=[@__agentId_0='?' (DbType = Guid)], CommandType='"Text"', CommandTimeout='30']
SELECT "a"."Id", "a"."AgentId", "a"."ConfigJson", "a"."Enabled", "a"."ToolId"
FROM "AgentToolBindings" AS "a"
WHERE "a"."AgentId" = @__agentId_0
2025-09-01 21:02:10.985 +02:00 [INF] Setting HTTP status code 200.
2025-09-01 21:02:10.997 +02:00 [INF] Setting HTTP status code 200.
2025-09-01 21:02:11.002 +02:00 [INF] Writing value of type 'AgentResponse' as Json.
2025-09-01 21:02:11.007 +02:00 [INF] Writing value of type 'List`1' as Json.
2025-09-01 21:02:11.016 +02:00 [INF] Executed endpoint 'HTTP: GET /agents/{id:guid}'
2025-09-01 21:02:11.022 +02:00 [INF] Executed endpoint 'HTTP: GET /agents/{id:guid}/bindings'
2025-09-01 21:02:11.028 +02:00 [INF] Request finished HTTP/1.1 GET http://localhost:5088/agents/1e5ffb9e-fb28-4405-b82b-b4647aa5a865 - 200 null application/json; charset=utf-8 115.4636ms
2025-09-01 21:02:11.035 +02:00 [INF] Request finished HTTP/1.1 GET http://localhost:5088/agents/1e5ffb9e-fb28-4405-b82b-b4647aa5a865/bindings - 200 null application/json; charset=utf-8 113.6686ms
2025-09-01 21:02:11.691 +02:00 [INF] Request starting HTTP/1.1 OPTIONS http://localhost:5088/sessions - null null
2025-09-01 21:02:11.697 +02:00 [INF] CORS policy execution successful.
2025-09-01 21:02:11.702 +02:00 [INF] Request finished HTTP/1.1 OPTIONS http://localhost:5088/sessions - 204 null null 11.7936ms
2025-09-01 21:02:11.710 +02:00 [INF] Request starting HTTP/1.1 POST http://localhost:5088/sessions - application/json 50
2025-09-01 21:02:11.717 +02:00 [INF] CORS policy execution successful.
2025-09-01 21:02:11.722 +02:00 [INF] Executing endpoint 'HTTP: POST /sessions/'
2025-09-01 21:02:11.734 +02:00 [INF] Executed DbCommand (1ms) [Parameters=[@__p_0='?' (DbType = Guid)], CommandType='"Text"', CommandTimeout='30']
SELECT "a"."Id", "a"."Autonomy", "a"."CreatedUtc", "a"."GuardrailsJson", "a"."Name", "a"."ParamsJson", "a"."Provider", "a"."SystemPrompt", "a"."Temperature", "a"."TemplateRef", "a"."TokenBudget", "a"."ToolBudget", "a"."TopP", "a"."UpdatedUtc"
FROM "Agents" AS "a"
WHERE "a"."Id" = @__p_0
LIMIT 1
2025-09-01 21:02:11.762 +02:00 [INF] Executed DbCommand (20ms) [Parameters=[@p0='?' (DbType = Guid), @p1='?' (DbType = Guid), @p2='?' (DbType = DateTime), @p3='?' (DbType = Int32), @p4='?' (DbType = DateTime), @p5='?' (Size = 7), @p6='?'], CommandType='"Text"', CommandTimeout='30']
INSERT INTO "Sessions" ("Id", "AgentId", "EndedUtc", "LastEventIdx", "StartedUtc", "Status", "UserId")
VALUES (@p0, @p1, @p2, @p3, @p4, @p5, @p6);
2025-09-01 21:02:11.770 +02:00 [INF] Setting HTTP status code 201.
2025-09-01 21:02:11.774 +02:00 [INF] Writing value of type 'SessionCreatedResponse' as Json.
2025-09-01 21:02:11.780 +02:00 [INF] Executed endpoint 'HTTP: POST /sessions/'
2025-09-01 21:02:11.787 +02:00 [INF] Request finished HTTP/1.1 POST http://localhost:5088/sessions - 201 null application/json; charset=utf-8 77.761ms
2025-09-01 21:02:11.800 +02:00 [INF] Request starting HTTP/1.1 OPTIONS http://localhost:5088/hubs/trace/negotiate?negotiateVersion=1 - null null
2025-09-01 21:02:11.806 +02:00 [INF] CORS policy execution successful.
2025-09-01 21:02:11.812 +02:00 [INF] Request finished HTTP/1.1 OPTIONS http://localhost:5088/hubs/trace/negotiate?negotiateVersion=1 - 204 null null 12.6168ms
2025-09-01 21:02:11.816 +02:00 [INF] Request starting HTTP/1.1 POST http://localhost:5088/hubs/trace/negotiate?negotiateVersion=1 - null 0
2025-09-01 21:02:11.826 +02:00 [INF] CORS policy execution successful.
2025-09-01 21:02:11.833 +02:00 [INF] ApiKey was not authenticated. Failure message: Missing API key
2025-09-01 21:02:11.838 +02:00 [INF] Executing endpoint '/hubs/trace/negotiate'
2025-09-01 21:02:11.845 +02:00 [INF] Executed endpoint '/hubs/trace/negotiate'
2025-09-01 21:02:11.852 +02:00 [INF] Request finished HTTP/1.1 POST http://localhost:5088/hubs/trace/negotiate?negotiateVersion=1 - 200 316 application/json 36.3648ms
2025-09-01 21:02:11.856 +02:00 [INF] Request starting HTTP/1.1 GET http://localhost:5088/hubs/trace?id=uwY6aL7OjxNpb5IY8-G4mw - null null
2025-09-01 21:02:11.864 +02:00 [INF] CORS policy execution successful.
2025-09-01 21:02:11.869 +02:00 [INF] ApiKey was not authenticated. Failure message: Missing API key
2025-09-01 21:02:11.874 +02:00 [INF] Executing endpoint '/hubs/trace'
2025-09-01 21:02:14.063 +02:00 [INF] Request starting HTTP/1.1 OPTIONS http://localhost:5088/sessions/4eba6da9-02e7-4b0e-9385-ed8ff1edc612/messages - null null
2025-09-01 21:02:14.071 +02:00 [INF] CORS policy execution successful.
2025-09-01 21:02:14.076 +02:00 [INF] Request finished HTTP/1.1 OPTIONS http://localhost:5088/sessions/4eba6da9-02e7-4b0e-9385-ed8ff1edc612/messages - 204 null null 13.6075ms
2025-09-01 21:02:14.083 +02:00 [INF] Request starting HTTP/1.1 POST http://localhost:5088/sessions/4eba6da9-02e7-4b0e-9385-ed8ff1edc612/messages - application/json 18
2025-09-01 21:02:14.089 +02:00 [INF] CORS policy execution successful.
2025-09-01 21:02:14.093 +02:00 [INF] Executing endpoint 'HTTP: POST /sessions/{id:guid}/messages'
2025-09-01 21:02:14.101 +02:00 [INF] Executed DbCommand (0ms) [Parameters=[@__p_0='?' (DbType = Guid)], CommandType='"Text"', CommandTimeout='30']
SELECT "s"."Id", "s"."AgentId", "s"."EndedUtc", "s"."LastEventIdx", "s"."StartedUtc", "s"."Status", "s"."UserId"
FROM "Sessions" AS "s"
WHERE "s"."Id" = @__p_0
LIMIT 1
2025-09-01 21:02:14.126 +02:00 [INF] Executed DbCommand (18ms) [Parameters=[@p0='?' (DbType = Guid), @p1='?' (Size = 4), @p2='?' (DbType = DateTime), @p3='?', @p4='?' (Size = 4), @p5='?' (DbType = Guid), @p6='?'], CommandType='"Text"', CommandTimeout='30']
INSERT INTO "Messages" ("Id", "Content", "CreatedUtc", "Kind", "Role", "SessionId", "TokenUsageJson")
VALUES (@p0, @p1, @p2, @p3, @p4, @p5, @p6);
2025-09-01 21:02:14.133 +02:00 [INF] Setting HTTP status code 202.
2025-09-01 21:02:14.136 +02:00 [INF] Executed DbCommand (1ms) [Parameters=[@__p_0='?' (DbType = Guid)], CommandType='"Text"', CommandTimeout='30']
SELECT "a"."Id", "a"."Autonomy", "a"."CreatedUtc", "a"."GuardrailsJson", "a"."Name", "a"."ParamsJson", "a"."Provider", "a"."SystemPrompt", "a"."Temperature", "a"."TemplateRef", "a"."TokenBudget", "a"."ToolBudget", "a"."TopP", "a"."UpdatedUtc"
FROM "Agents" AS "a"
WHERE "a"."Id" = @__p_0
LIMIT 1
2025-09-01 21:02:14.139 +02:00 [INF] Writing value of type 'AcceptedResponse' as Json.
2025-09-01 21:02:14.153 +02:00 [INF] Executed endpoint 'HTTP: POST /sessions/{id:guid}/messages'
2025-09-01 21:02:14.160 +02:00 [INF] Request finished HTTP/1.1 POST http://localhost:5088/sessions/4eba6da9-02e7-4b0e-9385-ed8ff1edc612/messages - 202 null application/json; charset=utf-8 76.5978ms
2025-09-01 21:04:37.200 +02:00 [INF] Application is shutting down...
2025-09-01 21:04:37.205 +02:00 [INF] Executed endpoint '/hubs/trace'
2025-09-01 21:04:37.212 +02:00 [INF] Request finished HTTP/1.1 GET http://localhost:5088/hubs/trace?id=uwY6aL7OjxNpb5IY8-G4mw - 101 null null 145355.6364ms
2025-09-01 21:06:04.968 +02:00 [INF] User profile is available. Using 'C:\Users\Usuario\AppData\Local\ASP.NET\DataProtection-Keys' as key repository and Windows DPAPI to encrypt keys at rest.
2025-09-01 21:06:05.384 +02:00 [INF] Now listening on: http://localhost:5088
2025-09-01 21:06:05.393 +02:00 [INF] Application started. Press Ctrl+C to shut down.
2025-09-01 21:06:05.395 +02:00 [INF] Hosting environment: Development
2025-09-01 21:06:05.397 +02:00 [INF] Content root path: D:\BearDevelopment\AutoAgent\autoagent_back\src\AutoAgentes.Api
2025-09-01 21:07:34.749 +02:00 [INF] Request starting HTTP/1.1 OPTIONS http://localhost:5088/agents/1e5ffb9e-fb28-4405-b82b-b4647aa5a865 - null null
2025-09-01 21:07:34.749 +02:00 [INF] Request starting HTTP/1.1 OPTIONS http://localhost:5088/agents/1e5ffb9e-fb28-4405-b82b-b4647aa5a865/bindings - null null
2025-09-01 21:07:34.842 +02:00 [INF] CORS policy execution successful.
2025-09-01 21:07:34.842 +02:00 [INF] CORS policy execution successful.
2025-09-01 21:07:34.854 +02:00 [INF] Request finished HTTP/1.1 OPTIONS http://localhost:5088/agents/1e5ffb9e-fb28-4405-b82b-b4647aa5a865/bindings - 204 null null 119.815ms
2025-09-01 21:07:34.854 +02:00 [INF] Request finished HTTP/1.1 OPTIONS http://localhost:5088/agents/1e5ffb9e-fb28-4405-b82b-b4647aa5a865 - 204 null null 119.9382ms
2025-09-01 21:07:34.870 +02:00 [INF] Request starting HTTP/1.1 GET http://localhost:5088/agents/1e5ffb9e-fb28-4405-b82b-b4647aa5a865 - application/json null
2025-09-01 21:07:34.870 +02:00 [INF] Request starting HTTP/1.1 GET http://localhost:5088/agents/1e5ffb9e-fb28-4405-b82b-b4647aa5a865/bindings - application/json null
2025-09-01 21:07:34.888 +02:00 [INF] CORS policy execution successful.
2025-09-01 21:07:34.888 +02:00 [INF] CORS policy execution successful.
2025-09-01 21:07:34.928 +02:00 [INF] Executing endpoint 'HTTP: GET /agents/{id:guid}'
2025-09-01 21:07:34.928 +02:00 [INF] Executing endpoint 'HTTP: GET /agents/{id:guid}/bindings'
2025-09-01 21:07:35.643 +02:00 [INF] Executed DbCommand (9ms) [Parameters=[@__agentId_0='?' (DbType = Guid)], CommandType='"Text"', CommandTimeout='30']
SELECT "a"."Id", "a"."AgentId", "a"."ConfigJson", "a"."Enabled", "a"."ToolId"
FROM "AgentToolBindings" AS "a"
WHERE "a"."AgentId" = @__agentId_0
2025-09-01 21:07:35.643 +02:00 [INF] Executed DbCommand (10ms) [Parameters=[@__p_0='?' (DbType = Guid)], CommandType='"Text"', CommandTimeout='30']
SELECT "a"."Id", "a"."Autonomy", "a"."CreatedUtc", "a"."GuardrailsJson", "a"."Name", "a"."ParamsJson", "a"."Provider", "a"."SystemPrompt", "a"."Temperature", "a"."TemplateRef", "a"."TokenBudget", "a"."ToolBudget", "a"."TopP", "a"."UpdatedUtc"
FROM "Agents" AS "a"
WHERE "a"."Id" = @__p_0
LIMIT 1
2025-09-01 21:07:35.698 +02:00 [INF] Setting HTTP status code 200.
2025-09-01 21:07:35.698 +02:00 [INF] Setting HTTP status code 200.
2025-09-01 21:07:35.711 +02:00 [INF] Writing value of type 'AgentResponse' as Json.
2025-09-01 21:07:35.715 +02:00 [INF] Writing value of type 'List`1' as Json.
2025-09-01 21:07:35.726 +02:00 [INF] Executed endpoint 'HTTP: GET /agents/{id:guid}'
2025-09-01 21:07:35.727 +02:00 [INF] Executed endpoint 'HTTP: GET /agents/{id:guid}/bindings'
2025-09-01 21:07:35.741 +02:00 [INF] Request finished HTTP/1.1 GET http://localhost:5088/agents/1e5ffb9e-fb28-4405-b82b-b4647aa5a865 - 200 null application/json; charset=utf-8 871.4719ms
2025-09-01 21:07:35.741 +02:00 [INF] Request finished HTTP/1.1 GET http://localhost:5088/agents/1e5ffb9e-fb28-4405-b82b-b4647aa5a865/bindings - 200 null application/json; charset=utf-8 871.472ms
2025-09-01 21:07:37.168 +02:00 [INF] Request starting HTTP/1.1 OPTIONS http://localhost:5088/sessions - null null
2025-09-01 21:07:37.177 +02:00 [INF] CORS policy execution successful.
2025-09-01 21:07:37.182 +02:00 [INF] Request finished HTTP/1.1 OPTIONS http://localhost:5088/sessions - 204 null null 14.546ms
2025-09-01 21:07:37.189 +02:00 [INF] Request starting HTTP/1.1 POST http://localhost:5088/sessions - application/json 50
2025-09-01 21:07:37.194 +02:00 [INF] CORS policy execution successful.
2025-09-01 21:07:37.202 +02:00 [INF] Executing endpoint 'HTTP: POST /sessions/'
2025-09-01 21:07:37.264 +02:00 [INF] Executed DbCommand (1ms) [Parameters=[@__p_0='?' (DbType = Guid)], CommandType='"Text"', CommandTimeout='30']
SELECT "a"."Id", "a"."Autonomy", "a"."CreatedUtc", "a"."GuardrailsJson", "a"."Name", "a"."ParamsJson", "a"."Provider", "a"."SystemPrompt", "a"."Temperature", "a"."TemplateRef", "a"."TokenBudget", "a"."ToolBudget", "a"."TopP", "a"."UpdatedUtc"
FROM "Agents" AS "a"
WHERE "a"."Id" = @__p_0
LIMIT 1
2025-09-01 21:07:37.391 +02:00 [INF] Executed DbCommand (19ms) [Parameters=[@p0='?' (DbType = Guid), @p1='?' (DbType = Guid), @p2='?' (DbType = DateTime), @p3='?' (DbType = Int32), @p4='?' (DbType = DateTime), @p5='?' (Size = 7), @p6='?'], CommandType='"Text"', CommandTimeout='30']
INSERT INTO "Sessions" ("Id", "AgentId", "EndedUtc", "LastEventIdx", "StartedUtc", "Status", "UserId")
VALUES (@p0, @p1, @p2, @p3, @p4, @p5, @p6);
2025-09-01 21:07:37.405 +02:00 [INF] Setting HTTP status code 201.
2025-09-01 21:07:37.411 +02:00 [INF] Writing value of type 'SessionCreatedResponse' as Json.
2025-09-01 21:07:37.417 +02:00 [INF] Executed endpoint 'HTTP: POST /sessions/'
2025-09-01 21:07:37.423 +02:00 [INF] Request finished HTTP/1.1 POST http://localhost:5088/sessions - 201 null application/json; charset=utf-8 234.2926ms
2025-09-01 21:07:37.445 +02:00 [INF] Request starting HTTP/1.1 OPTIONS http://localhost:5088/hubs/trace/negotiate?negotiateVersion=1 - null null
2025-09-01 21:07:37.453 +02:00 [INF] CORS policy execution successful.
2025-09-01 21:07:37.461 +02:00 [INF] Request finished HTTP/1.1 OPTIONS http://localhost:5088/hubs/trace/negotiate?negotiateVersion=1 - 204 null null 17.1427ms
2025-09-01 21:07:37.467 +02:00 [INF] Request starting HTTP/1.1 POST http://localhost:5088/hubs/trace/negotiate?negotiateVersion=1 - null 0
2025-09-01 21:07:37.476 +02:00 [INF] CORS policy execution successful.
2025-09-01 21:07:37.487 +02:00 [INF] ApiKey was not authenticated. Failure message: Missing API key
2025-09-01 21:07:37.493 +02:00 [INF] Executing endpoint '/hubs/trace/negotiate'
2025-09-01 21:07:37.510 +02:00 [INF] Executed endpoint '/hubs/trace/negotiate'
2025-09-01 21:07:37.517 +02:00 [INF] Request finished HTTP/1.1 POST http://localhost:5088/hubs/trace/negotiate?negotiateVersion=1 - 200 316 application/json 50.1634ms
2025-09-01 21:07:37.520 +02:00 [INF] Request starting HTTP/1.1 GET http://localhost:5088/hubs/trace?id=S_ZgjgK0Pb2oqGx-tND8Jw - null null
2025-09-01 21:07:37.534 +02:00 [INF] CORS policy execution successful.
2025-09-01 21:07:37.542 +02:00 [INF] ApiKey was not authenticated. Failure message: Missing API key
2025-09-01 21:07:37.549 +02:00 [INF] Executing endpoint '/hubs/trace'
2025-09-01 21:07:39.765 +02:00 [INF] Request starting HTTP/1.1 OPTIONS http://localhost:5088/sessions/787f53c7-9dc3-404e-b73e-66b1c93d691c/messages - null null
2025-09-01 21:07:39.773 +02:00 [INF] CORS policy execution successful.
2025-09-01 21:07:39.777 +02:00 [INF] Request finished HTTP/1.1 OPTIONS http://localhost:5088/sessions/787f53c7-9dc3-404e-b73e-66b1c93d691c/messages - 204 null null 12.5657ms
2025-09-01 21:07:39.783 +02:00 [INF] Request starting HTTP/1.1 POST http://localhost:5088/sessions/787f53c7-9dc3-404e-b73e-66b1c93d691c/messages - application/json 18
2025-09-01 21:07:39.789 +02:00 [INF] CORS policy execution successful.
2025-09-01 21:07:39.794 +02:00 [INF] Executing endpoint 'HTTP: POST /sessions/{id:guid}/messages'
2025-09-01 21:07:39.813 +02:00 [INF] Executed DbCommand (0ms) [Parameters=[@__p_0='?' (DbType = Guid)], CommandType='"Text"', CommandTimeout='30']
SELECT "s"."Id", "s"."AgentId", "s"."EndedUtc", "s"."LastEventIdx", "s"."StartedUtc", "s"."Status", "s"."UserId"
FROM "Sessions" AS "s"
WHERE "s"."Id" = @__p_0
LIMIT 1
2025-09-01 21:07:39.853 +02:00 [INF] Executed DbCommand (18ms) [Parameters=[@p0='?' (DbType = Guid), @p1='?' (Size = 4), @p2='?' (DbType = DateTime), @p3='?', @p4='?' (Size = 4), @p5='?' (DbType = Guid), @p6='?'], CommandType='"Text"', CommandTimeout='30']
INSERT INTO "Messages" ("Id", "Content", "CreatedUtc", "Kind", "Role", "SessionId", "TokenUsageJson")
VALUES (@p0, @p1, @p2, @p3, @p4, @p5, @p6);
2025-09-01 21:07:39.870 +02:00 [INF] Setting HTTP status code 202.
2025-09-01 21:07:39.874 +02:00 [INF] Executed DbCommand (0ms) [Parameters=[@__p_0='?' (DbType = Guid)], CommandType='"Text"', CommandTimeout='30']
SELECT "a"."Id", "a"."Autonomy", "a"."CreatedUtc", "a"."GuardrailsJson", "a"."Name", "a"."ParamsJson", "a"."Provider", "a"."SystemPrompt", "a"."Temperature", "a"."TemplateRef", "a"."TokenBudget", "a"."ToolBudget", "a"."TopP", "a"."UpdatedUtc"
FROM "Agents" AS "a"
WHERE "a"."Id" = @__p_0
LIMIT 1
2025-09-01 21:07:39.879 +02:00 [INF] Writing value of type 'AcceptedResponse' as Json.
2025-09-01 21:07:39.888 +02:00 [INF] Executed endpoint 'HTTP: POST /sessions/{id:guid}/messages'
2025-09-01 21:07:39.894 +02:00 [INF] Request finished HTTP/1.1 POST http://localhost:5088/sessions/787f53c7-9dc3-404e-b73e-66b1c93d691c/messages - 202 null application/json; charset=utf-8 111.0639ms
2025-09-01 21:10:46.352 +02:00 [INF] Application is shutting down...
2025-09-01 21:10:46.365 +02:00 [INF] Executed endpoint '/hubs/trace'
2025-09-01 21:10:46.374 +02:00 [INF] Request finished HTTP/1.1 GET http://localhost:5088/hubs/trace?id=S_ZgjgK0Pb2oqGx-tND8Jw - 101 null null 188854.3868ms
2025-09-01 21:14:52.879 +02:00 [INF] User profile is available. Using 'C:\Users\Usuario\AppData\Local\ASP.NET\DataProtection-Keys' as key repository and Windows DPAPI to encrypt keys at rest.
2025-09-01 21:14:53.442 +02:00 [INF] Now listening on: http://localhost:5088
2025-09-01 21:14:53.449 +02:00 [INF] Application started. Press Ctrl+C to shut down.
2025-09-01 21:14:53.450 +02:00 [INF] Hosting environment: Development
2025-09-01 21:14:53.452 +02:00 [INF] Content root path: D:\BearDevelopment\AutoAgent\autoagent_back\src\AutoAgentes.Api
2025-09-01 21:14:53.572 +02:00 [INF] Request starting HTTP/1.1 OPTIONS http://localhost:5088/agents/1e5ffb9e-fb28-4405-b82b-b4647aa5a865 - null null
2025-09-01 21:14:53.579 +02:00 [INF] Request starting HTTP/1.1 OPTIONS http://localhost:5088/agents/1e5ffb9e-fb28-4405-b82b-b4647aa5a865/bindings - null null
2025-09-01 21:14:53.646 +02:00 [INF] CORS policy execution successful.
2025-09-01 21:14:53.646 +02:00 [INF] CORS policy execution successful.
2025-09-01 21:14:53.658 +02:00 [INF] Request finished HTTP/1.1 OPTIONS http://localhost:5088/agents/1e5ffb9e-fb28-4405-b82b-b4647aa5a865/bindings - 204 null null 78.1352ms
2025-09-01 21:14:53.658 +02:00 [INF] Request finished HTTP/1.1 OPTIONS http://localhost:5088/agents/1e5ffb9e-fb28-4405-b82b-b4647aa5a865 - 204 null null 99.4254ms
2025-09-01 21:14:53.675 +02:00 [INF] Request starting HTTP/1.1 GET http://localhost:5088/agents/1e5ffb9e-fb28-4405-b82b-b4647aa5a865/bindings - application/json null
2025-09-01 21:14:53.675 +02:00 [INF] Request starting HTTP/1.1 GET http://localhost:5088/agents/1e5ffb9e-fb28-4405-b82b-b4647aa5a865 - application/json null
2025-09-01 21:14:53.686 +02:00 [INF] CORS policy execution successful.
2025-09-01 21:14:53.687 +02:00 [INF] CORS policy execution successful.
2025-09-01 21:14:53.705 +02:00 [INF] Executing endpoint 'HTTP: GET /agents/{id:guid}/bindings'
2025-09-01 21:14:53.705 +02:00 [INF] Executing endpoint 'HTTP: GET /agents/{id:guid}'
2025-09-01 21:14:55.057 +02:00 [INF] Executed DbCommand (8ms) [Parameters=[@__agentId_0='?' (DbType = Guid)], CommandType='"Text"', CommandTimeout='30']
SELECT "a"."Id", "a"."AgentId", "a"."ConfigJson", "a"."Enabled", "a"."ToolId"
FROM "AgentToolBindings" AS "a"
WHERE "a"."AgentId" = @__agentId_0
2025-09-01 21:14:55.064 +02:00 [INF] Executed DbCommand (19ms) [Parameters=[@__p_0='?' (DbType = Guid)], CommandType='"Text"', CommandTimeout='30']
SELECT "a"."Id", "a"."Autonomy", "a"."CreatedUtc", "a"."GuardrailsJson", "a"."Name", "a"."ParamsJson", "a"."Provider", "a"."SystemPrompt", "a"."Temperature", "a"."TemplateRef", "a"."TokenBudget", "a"."ToolBudget", "a"."TopP", "a"."UpdatedUtc"
FROM "Agents" AS "a"
WHERE "a"."Id" = @__p_0
LIMIT 1
2025-09-01 21:14:55.121 +02:00 [INF] Setting HTTP status code 200.
2025-09-01 21:14:55.121 +02:00 [INF] Setting HTTP status code 200.
2025-09-01 21:14:55.150 +02:00 [INF] Writing value of type 'List`1' as Json.
2025-09-01 21:14:55.150 +02:00 [INF] Writing value of type 'AgentResponse' as Json.
2025-09-01 21:14:55.170 +02:00 [INF] Executed endpoint 'HTTP: GET /agents/{id:guid}/bindings'
2025-09-01 21:14:55.170 +02:00 [INF] Executed endpoint 'HTTP: GET /agents/{id:guid}'
2025-09-01 21:14:55.187 +02:00 [INF] Request finished HTTP/1.1 GET http://localhost:5088/agents/1e5ffb9e-fb28-4405-b82b-b4647aa5a865/bindings - 200 null application/json; charset=utf-8 1511.5797ms
2025-09-01 21:14:55.187 +02:00 [INF] Request finished HTTP/1.1 GET http://localhost:5088/agents/1e5ffb9e-fb28-4405-b82b-b4647aa5a865 - 200 null application/json; charset=utf-8 1511.5798ms
2025-09-01 21:15:18.386 +02:00 [INF] Request starting HTTP/1.1 OPTIONS http://localhost:5088/sessions - null null
2025-09-01 21:15:18.395 +02:00 [INF] CORS policy execution successful.
2025-09-01 21:15:18.402 +02:00 [INF] Request finished HTTP/1.1 OPTIONS http://localhost:5088/sessions - 204 null null 17.2562ms
2025-09-01 21:15:18.410 +02:00 [INF] Request starting HTTP/1.1 POST http://localhost:5088/sessions - application/json 50
2025-09-01 21:15:18.417 +02:00 [INF] CORS policy execution successful.
2025-09-01 21:15:18.426 +02:00 [INF] Executing endpoint 'HTTP: POST /sessions/'
2025-09-01 21:15:18.508 +02:00 [INF] Executed DbCommand (1ms) [Parameters=[@__p_0='?' (DbType = Guid)], CommandType='"Text"', CommandTimeout='30']
SELECT "a"."Id", "a"."Autonomy", "a"."CreatedUtc", "a"."GuardrailsJson", "a"."Name", "a"."ParamsJson", "a"."Provider", "a"."SystemPrompt", "a"."Temperature", "a"."TemplateRef", "a"."TokenBudget", "a"."ToolBudget", "a"."TopP", "a"."UpdatedUtc"
FROM "Agents" AS "a"
WHERE "a"."Id" = @__p_0
LIMIT 1
2025-09-01 21:15:18.675 +02:00 [INF] Executed DbCommand (24ms) [Parameters=[@p0='?' (DbType = Guid), @p1='?' (DbType = Guid), @p2='?' (DbType = DateTime), @p3='?' (DbType = Int32), @p4='?' (DbType = DateTime), @p5='?' (Size = 7), @p6='?'], CommandType='"Text"', CommandTimeout='30']
INSERT INTO "Sessions" ("Id", "AgentId", "EndedUtc", "LastEventIdx", "StartedUtc", "Status", "UserId")
VALUES (@p0, @p1, @p2, @p3, @p4, @p5, @p6);
2025-09-01 21:15:18.694 +02:00 [INF] Setting HTTP status code 201.
2025-09-01 21:15:18.701 +02:00 [INF] Writing value of type 'SessionCreatedResponse' as Json.
2025-09-01 21:15:18.710 +02:00 [INF] Executed endpoint 'HTTP: POST /sessions/'
2025-09-01 21:15:18.717 +02:00 [INF] Request finished HTTP/1.1 POST http://localhost:5088/sessions - 201 null application/json; charset=utf-8 307.3978ms
2025-09-01 21:15:18.745 +02:00 [INF] Request starting HTTP/1.1 OPTIONS http://localhost:5088/hubs/trace/negotiate?negotiateVersion=1 - null null
2025-09-01 21:15:18.753 +02:00 [INF] CORS policy execution successful.
2025-09-01 21:15:18.760 +02:00 [INF] Request finished HTTP/1.1 OPTIONS http://localhost:5088/hubs/trace/negotiate?negotiateVersion=1 - 204 null null 15.6494ms
2025-09-01 21:15:18.765 +02:00 [INF] Request starting HTTP/1.1 POST http://localhost:5088/hubs/trace/negotiate?negotiateVersion=1 - null 0
2025-09-01 21:15:18.775 +02:00 [INF] CORS policy execution successful.
2025-09-01 21:15:18.785 +02:00 [INF] ApiKey was not authenticated. Failure message: Missing API key
2025-09-01 21:15:18.790 +02:00 [INF] Executing endpoint '/hubs/trace/negotiate'
2025-09-01 21:15:18.809 +02:00 [INF] Executed endpoint '/hubs/trace/negotiate'
2025-09-01 21:15:18.815 +02:00 [INF] Request finished HTTP/1.1 POST http://localhost:5088/hubs/trace/negotiate?negotiateVersion=1 - 200 316 application/json 50.6731ms
2025-09-01 21:15:18.818 +02:00 [INF] Request starting HTTP/1.1 GET http://localhost:5088/hubs/trace?id=UVkdrYX92GD0WtAJiAJ5jA - null null
2025-09-01 21:15:18.828 +02:00 [INF] CORS policy execution successful.
2025-09-01 21:15:18.834 +02:00 [INF] ApiKey was not authenticated. Failure message: Missing API key
2025-09-01 21:15:18.839 +02:00 [INF] Executing endpoint '/hubs/trace'
2025-09-01 21:15:20.600 +02:00 [INF] Request starting HTTP/1.1 OPTIONS http://localhost:5088/sessions/2bdc4685-0f2b-407c-92d7-07b894e77697/messages - null null
2025-09-01 21:15:20.610 +02:00 [INF] CORS policy execution successful.
2025-09-01 21:15:20.615 +02:00 [INF] Request finished HTTP/1.1 OPTIONS http://localhost:5088/sessions/2bdc4685-0f2b-407c-92d7-07b894e77697/messages - 204 null null 15.5355ms
2025-09-01 21:15:20.623 +02:00 [INF] Request starting HTTP/1.1 POST http://localhost:5088/sessions/2bdc4685-0f2b-407c-92d7-07b894e77697/messages - application/json 18
2025-09-01 21:15:20.632 +02:00 [INF] CORS policy execution successful.
2025-09-01 21:15:20.639 +02:00 [INF] Executing endpoint 'HTTP: POST /sessions/{id:guid}/messages'
2025-09-01 21:15:20.664 +02:00 [INF] Executed DbCommand (0ms) [Parameters=[@__p_0='?' (DbType = Guid)], CommandType='"Text"', CommandTimeout='30']
SELECT "s"."Id", "s"."AgentId", "s"."EndedUtc", "s"."LastEventIdx", "s"."StartedUtc", "s"."Status", "s"."UserId"
FROM "Sessions" AS "s"
WHERE "s"."Id" = @__p_0
LIMIT 1
2025-09-01 21:15:20.710 +02:00 [INF] Executed DbCommand (17ms) [Parameters=[@p0='?' (DbType = Guid), @p1='?' (Size = 4), @p2='?' (DbType = DateTime), @p3='?', @p4='?' (Size = 4), @p5='?' (DbType = Guid), @p6='?'], CommandType='"Text"', CommandTimeout='30']
INSERT INTO "Messages" ("Id", "Content", "CreatedUtc", "Kind", "Role", "SessionId", "TokenUsageJson")
VALUES (@p0, @p1, @p2, @p3, @p4, @p5, @p6);
2025-09-01 21:15:20.730 +02:00 [INF] Setting HTTP status code 202.
2025-09-01 21:15:20.736 +02:00 [INF] Executed DbCommand (1ms) [Parameters=[@__p_0='?' (DbType = Guid)], CommandType='"Text"', CommandTimeout='30']
SELECT "a"."Id", "a"."Autonomy", "a"."CreatedUtc", "a"."GuardrailsJson", "a"."Name", "a"."ParamsJson", "a"."Provider", "a"."SystemPrompt", "a"."Temperature", "a"."TemplateRef", "a"."TokenBudget", "a"."ToolBudget", "a"."TopP", "a"."UpdatedUtc"
FROM "Agents" AS "a"
WHERE "a"."Id" = @__p_0
LIMIT 1
2025-09-01 21:15:20.740 +02:00 [INF] Writing value of type 'AcceptedResponse' as Json.
2025-09-01 21:15:20.750 +02:00 [INF] Executed endpoint 'HTTP: POST /sessions/{id:guid}/messages'
2025-09-01 21:15:20.756 +02:00 [INF] Request finished HTTP/1.1 POST http://localhost:5088/sessions/2bdc4685-0f2b-407c-92d7-07b894e77697/messages - 202 null application/json; charset=utf-8 133.4767ms
2025-09-01 21:15:20.908 +02:00 [INF] Executed DbCommand (10ms) [Parameters=[@p0='?' (DbType = Guid), @p1='?' (Size = 4), @p2='?' (DbType = DateTime), @p3='?', @p4='?' (Size = 4), @p5='?' (DbType = Guid), @p6='?'], CommandType='"Text"', CommandTimeout='30']
INSERT INTO "Messages" ("Id", "Content", "CreatedUtc", "Kind", "Role", "SessionId", "TokenUsageJson")
VALUES (@p0, @p1, @p2, @p3, @p4, @p5, @p6);
2025-09-01 21:15:21.486 +02:00 [INF] Executed DbCommand (0ms) [Parameters=[@__agentId_0='?' (DbType = Guid)], CommandType='"Text"', CommandTimeout='30']
SELECT "a"."Id", "a"."AgentId", "a"."ConfigJson", "a"."Enabled", "a"."ToolId", "t"."Id", "t"."Description", "t"."Enabled", "t"."InputSchemaJson", "t"."McpServerId", "t"."Name", "t"."Scope", "m"."Id", "m"."AuthType", "m"."BaseUrl", "m"."LastSeenUtc", "m"."MetadataJson", "m"."Name", "m"."Status"
FROM "AgentToolBindings" AS "a"
INNER JOIN "Tools" AS "t" ON "a"."ToolId" = "t"."Id"
INNER JOIN "McpServers" AS "m" ON "t"."McpServerId" = "m"."Id"
WHERE "a"."AgentId" = @__agentId_0 AND "a"."Enabled"
2025-09-01 21:15:21.576 +02:00 [INF] Executed DbCommand (1ms) [Parameters=[@__sessionId_0='?' (DbType = Guid), @__kind_1='?' (Size = 11), @__p_2='?' (DbType = Int32)], CommandType='"Text"', CommandTimeout='30']
SELECT "m"."Id", "m"."Content", "m"."CreatedUtc", "m"."Kind", "m"."Role", "m"."SessionId", "m"."TokenUsageJson"
FROM "Messages" AS "m"
WHERE "m"."SessionId" = @__sessionId_0 AND "m"."Kind" = @__kind_1
ORDER BY "m"."CreatedUtc" DESC
LIMIT @__p_2
2025-09-01 21:15:21.597 +02:00 [INF] Executed DbCommand (0ms) [Parameters=[@__sessionId_0='?' (DbType = Guid), @__p_1='?' (DbType = Int32)], CommandType='"Text"', CommandTimeout='30']
SELECT "m"."Id", "m"."Content", "m"."CreatedUtc", "m"."Kind", "m"."Role", "m"."SessionId", "m"."TokenUsageJson"
FROM "Messages" AS "m"
WHERE "m"."SessionId" = @__sessionId_0
ORDER BY "m"."CreatedUtc" DESC
LIMIT @__p_1
2025-09-01 21:15:22.091 +02:00 [INF] Executed DbCommand (0ms) [Parameters=[@__agentId_0='?' (DbType = Guid)], CommandType='"Text"', CommandTimeout='30']
SELECT "a"."Id", "a"."AgentId", "a"."ConfigJson", "a"."Enabled", "a"."ToolId", "t"."Id", "t"."Description", "t"."Enabled", "t"."InputSchemaJson", "t"."McpServerId", "t"."Name", "t"."Scope", "m"."Id", "m"."AuthType", "m"."BaseUrl", "m"."LastSeenUtc", "m"."MetadataJson", "m"."Name", "m"."Status"
FROM "AgentToolBindings" AS "a"
INNER JOIN "Tools" AS "t" ON "a"."ToolId" = "t"."Id"
INNER JOIN "McpServers" AS "m" ON "t"."McpServerId" = "m"."Id"
WHERE "a"."AgentId" = @__agentId_0 AND "a"."Enabled"
2025-09-01 21:15:23.284 +02:00 [INF] Executed DbCommand (1ms) [Parameters=[@__agentId_0='?' (DbType = Guid)], CommandType='"Text"', CommandTimeout='30']
SELECT "a"."Id", "a"."AgentId", "a"."ConfigJson", "a"."Enabled", "a"."ToolId", "t"."Id", "t"."Description", "t"."Enabled", "t"."InputSchemaJson", "t"."McpServerId", "t"."Name", "t"."Scope", "m"."Id", "m"."AuthType", "m"."BaseUrl", "m"."LastSeenUtc", "m"."MetadataJson", "m"."Name", "m"."Status"
FROM "AgentToolBindings" AS "a"
INNER JOIN "Tools" AS "t" ON "a"."ToolId" = "t"."Id"
INNER JOIN "McpServers" AS "m" ON "t"."McpServerId" = "m"."Id"
WHERE "a"."AgentId" = @__agentId_0 AND "a"."Enabled"
2025-09-01 21:15:23.298 +02:00 [INF] Executed DbCommand (0ms) [Parameters=[@__agentId_0='?' (DbType = Guid)], CommandType='"Text"', CommandTimeout='30']
SELECT "a"."Id", "a"."AgentId", "a"."ConfigJson", "a"."Enabled", "a"."ToolId", "t"."Id", "t"."Description", "t"."Enabled", "t"."InputSchemaJson", "t"."McpServerId", "t"."Name", "t"."Scope", "m"."Id", "m"."AuthType", "m"."BaseUrl", "m"."LastSeenUtc", "m"."MetadataJson", "m"."Name", "m"."Status"
FROM "AgentToolBindings" AS "a"
INNER JOIN "Tools" AS "t" ON "a"."ToolId" = "t"."Id"
INNER JOIN "McpServers" AS "m" ON "t"."McpServerId" = "m"."Id"
WHERE "a"."AgentId" = @__agentId_0 AND "a"."Enabled"
2025-09-01 21:15:23.887 +02:00 [INF] Executed DbCommand (0ms) [Parameters=[], CommandType='"Text"', CommandTimeout='30']
SELECT "m"."Id", "m"."AuthType", "m"."BaseUrl", "m"."LastSeenUtc", "m"."MetadataJson", "m"."Name", "m"."Status"
FROM "McpServers" AS "m"
ORDER BY "m"."LastSeenUtc"
2025-09-01 21:15:23.898 +02:00 [INF] Conectando a MCP WebSocket: ws://localhost:8970/ws
2025-09-01 21:15:24.139 +02:00 [INF] Executed DbCommand (0ms) [Parameters=[@__agentId_0='?' (DbType = Guid)], CommandType='"Text"', CommandTimeout='30']
SELECT "a"."Id", "a"."AgentId", "a"."ConfigJson", "a"."Enabled", "a"."ToolId", "t"."Id", "t"."Description", "t"."Enabled", "t"."InputSchemaJson", "t"."McpServerId", "t"."Name", "t"."Scope", "m"."Id", "m"."AuthType", "m"."BaseUrl", "m"."LastSeenUtc", "m"."MetadataJson", "m"."Name", "m"."Status"
FROM "AgentToolBindings" AS "a"
INNER JOIN "Tools" AS "t" ON "a"."ToolId" = "t"."Id"
INNER JOIN "McpServers" AS "m" ON "t"."McpServerId" = "m"."Id"
WHERE "a"."AgentId" = @__agentId_0 AND "a"."Enabled"
2025-09-01 21:15:26.762 +02:00 [INF] Executed DbCommand (18ms) [Parameters=[@p0='?' (DbType = Guid), @p1='?' (Size = 37), @p2='?' (DbType = DateTime), @p3='?' (Size = 11), @p4='?' (Size = 9), @p5='?' (DbType = Guid), @p6='?'], CommandType='"Text"', CommandTimeout='30']
INSERT INTO "Messages" ("Id", "Content", "CreatedUtc", "Kind", "Role", "SessionId", "TokenUsageJson")
VALUES (@p0, @p1, @p2, @p3, @p4, @p5, @p6);
2025-09-01 21:15:26.781 +02:00 [INF] Executed DbCommand (1ms) [Parameters=[@__sessionId_0='?' (DbType = Guid), @__p_1='?' (DbType = Int32)], CommandType='"Text"', CommandTimeout='30']
SELECT "m"."Id", "m"."Content", "m"."CreatedUtc", "m"."Kind", "m"."Role", "m"."SessionId", "m"."TokenUsageJson"
FROM "Messages" AS "m"
WHERE "m"."SessionId" = @__sessionId_0
ORDER BY "m"."CreatedUtc" DESC
LIMIT @__p_1
2025-09-01 21:15:27.198 +02:00 [INF] Executed DbCommand (18ms) [Parameters=[@p0='?' (DbType = Guid), @p1='?' (Size = 59), @p2='?' (DbType = DateTime), @p3='?', @p4='?' (Size = 9), @p5='?' (DbType = Guid), @p6='?'], CommandType='"Text"', CommandTimeout='30']
INSERT INTO "Messages" ("Id", "Content", "CreatedUtc", "Kind", "Role", "SessionId", "TokenUsageJson")
VALUES (@p0, @p1, @p2, @p3, @p4, @p5, @p6);
2025-09-01 21:15:27.216 +02:00 [INF] Executed DbCommand (8ms) [Parameters=[@p0='?' (DbType = Guid), @p1='?' (Size = 59), @p2='?' (DbType = DateTime), @p3='?', @p4='?' (Size = 9), @p5='?' (DbType = Guid), @p6='?'], CommandType='"Text"', CommandTimeout='30']
INSERT INTO "Messages" ("Id", "Content", "CreatedUtc", "Kind", "Role", "SessionId", "TokenUsageJson")
VALUES (@p0, @p1, @p2, @p3, @p4, @p5, @p6);
2025-09-01 21:15:32.619 +02:00 [INF] Request starting HTTP/1.1 OPTIONS http://localhost:5088/sessions/2bdc4685-0f2b-407c-92d7-07b894e77697/messages - null null
2025-09-01 21:15:32.628 +02:00 [INF] CORS policy execution successful.
2025-09-01 21:15:32.632 +02:00 [INF] Request finished HTTP/1.1 OPTIONS http://localhost:5088/sessions/2bdc4685-0f2b-407c-92d7-07b894e77697/messages - 204 null null 12.7815ms
2025-09-01 21:15:32.638 +02:00 [INF] Request starting HTTP/1.1 POST http://localhost:5088/sessions/2bdc4685-0f2b-407c-92d7-07b894e77697/messages - application/json 28
2025-09-01 21:15:32.643 +02:00 [INF] CORS policy execution successful.
2025-09-01 21:15:32.647 +02:00 [INF] Executing endpoint 'HTTP: POST /sessions/{id:guid}/messages'
2025-09-01 21:15:32.655 +02:00 [INF] Executed DbCommand (0ms) [Parameters=[@__p_0='?' (DbType = Guid)], CommandType='"Text"', CommandTimeout='30']
SELECT "s"."Id", "s"."AgentId", "s"."EndedUtc", "s"."LastEventIdx", "s"."StartedUtc", "s"."Status", "s"."UserId"
FROM "Sessions" AS "s"
WHERE "s"."Id" = @__p_0
LIMIT 1
2025-09-01 21:15:32.681 +02:00 [INF] Executed DbCommand (18ms) [Parameters=[@p0='?' (DbType = Guid), @p1='?' (Size = 14), @p2='?' (DbType = DateTime), @p3='?', @p4='?' (Size = 4), @p5='?' (DbType = Guid), @p6='?'], CommandType='"Text"', CommandTimeout='30']
INSERT INTO "Messages" ("Id", "Content", "CreatedUtc", "Kind", "Role", "SessionId", "TokenUsageJson")
VALUES (@p0, @p1, @p2, @p3, @p4, @p5, @p6);
2025-09-01 21:15:32.689 +02:00 [INF] Setting HTTP status code 202.
2025-09-01 21:15:32.690 +02:00 [INF] Executed DbCommand (1ms) [Parameters=[@__p_0='?' (DbType = Guid)], CommandType='"Text"', CommandTimeout='30']
SELECT "a"."Id", "a"."Autonomy", "a"."CreatedUtc", "a"."GuardrailsJson", "a"."Name", "a"."ParamsJson", "a"."Provider", "a"."SystemPrompt", "a"."Temperature", "a"."TemplateRef", "a"."TokenBudget", "a"."ToolBudget", "a"."TopP", "a"."UpdatedUtc"
FROM "Agents" AS "a"
WHERE "a"."Id" = @__p_0
LIMIT 1
2025-09-01 21:15:32.694 +02:00 [INF] Writing value of type 'AcceptedResponse' as Json.
2025-09-01 21:15:32.705 +02:00 [INF] Executed endpoint 'HTTP: POST /sessions/{id:guid}/messages'
2025-09-01 21:15:32.711 +02:00 [INF] Request finished HTTP/1.1 POST http://localhost:5088/sessions/2bdc4685-0f2b-407c-92d7-07b894e77697/messages - 202 null application/json; charset=utf-8 73.0053ms
2025-09-01 21:15:32.718 +02:00 [INF] Executed DbCommand (11ms) [Parameters=[@p0='?' (DbType = Guid), @p1='?' (Size = 14), @p2='?' (DbType = DateTime), @p3='?', @p4='?' (Size = 4), @p5='?' (DbType = Guid), @p6='?'], CommandType='"Text"', CommandTimeout='30']
INSERT INTO "Messages" ("Id", "Content", "CreatedUtc", "Kind", "Role", "SessionId", "TokenUsageJson")
VALUES (@p0, @p1, @p2, @p3, @p4, @p5, @p6);
2025-09-01 21:15:32.732 +02:00 [INF] Executed DbCommand (1ms) [Parameters=[@__agentId_0='?' (DbType = Guid)], CommandType='"Text"', CommandTimeout='30']
SELECT "a"."Id", "a"."AgentId", "a"."ConfigJson", "a"."Enabled", "a"."ToolId", "t"."Id", "t"."Description", "t"."Enabled", "t"."InputSchemaJson", "t"."McpServerId", "t"."Name", "t"."Scope", "m"."Id", "m"."AuthType", "m"."BaseUrl", "m"."LastSeenUtc", "m"."MetadataJson", "m"."Name", "m"."Status"
FROM "AgentToolBindings" AS "a"
INNER JOIN "Tools" AS "t" ON "a"."ToolId" = "t"."Id"
INNER JOIN "McpServers" AS "m" ON "t"."McpServerId" = "m"."Id"
WHERE "a"."AgentId" = @__agentId_0 AND "a"."Enabled"
2025-09-01 21:15:32.753 +02:00 [INF] Executed DbCommand (1ms) [Parameters=[@__sessionId_0='?' (DbType = Guid), @__kind_1='?' (Size = 11), @__p_2='?' (DbType = Int32)], CommandType='"Text"', CommandTimeout='30']
SELECT "m"."Id", "m"."Content", "m"."CreatedUtc", "m"."Kind", "m"."Role", "m"."SessionId", "m"."TokenUsageJson"
FROM "Messages" AS "m"
WHERE "m"."SessionId" = @__sessionId_0 AND "m"."Kind" = @__kind_1
ORDER BY "m"."CreatedUtc" DESC
LIMIT @__p_2
2025-09-01 21:15:32.776 +02:00 [INF] Executed DbCommand (1ms) [Parameters=[@__sessionId_0='?' (DbType = Guid), @__p_1='?' (DbType = Int32)], CommandType='"Text"', CommandTimeout='30']
SELECT "m"."Id", "m"."Content", "m"."CreatedUtc", "m"."Kind", "m"."Role", "m"."SessionId", "m"."TokenUsageJson"
FROM "Messages" AS "m"
WHERE "m"."SessionId" = @__sessionId_0
ORDER BY "m"."CreatedUtc" DESC
LIMIT @__p_1
2025-09-01 21:15:32.787 +02:00 [INF] Executed DbCommand (0ms) [Parameters=[@__agentId_0='?' (DbType = Guid)], CommandType='"Text"', CommandTimeout='30']
SELECT "a"."Id", "a"."AgentId", "a"."ConfigJson", "a"."Enabled", "a"."ToolId", "t"."Id", "t"."Description", "t"."Enabled", "t"."InputSchemaJson", "t"."McpServerId", "t"."Name", "t"."Scope", "m"."Id", "m"."AuthType", "m"."BaseUrl", "m"."LastSeenUtc", "m"."MetadataJson", "m"."Name", "m"."Status"
FROM "AgentToolBindings" AS "a"
INNER JOIN "Tools" AS "t" ON "a"."ToolId" = "t"."Id"
INNER JOIN "McpServers" AS "m" ON "t"."McpServerId" = "m"."Id"
WHERE "a"."AgentId" = @__agentId_0 AND "a"."Enabled"
2025-09-01 21:15:33.447 +02:00 [INF] Executed DbCommand (1ms) [Parameters=[@__agentId_0='?' (DbType = Guid)], CommandType='"Text"', CommandTimeout='30']
SELECT "a"."Id", "a"."AgentId", "a"."ConfigJson", "a"."Enabled", "a"."ToolId", "t"."Id", "t"."Description", "t"."Enabled", "t"."InputSchemaJson", "t"."McpServerId", "t"."Name", "t"."Scope", "m"."Id", "m"."AuthType", "m"."BaseUrl", "m"."LastSeenUtc", "m"."MetadataJson", "m"."Name", "m"."Status"
FROM "AgentToolBindings" AS "a"
INNER JOIN "Tools" AS "t" ON "a"."ToolId" = "t"."Id"
INNER JOIN "McpServers" AS "m" ON "t"."McpServerId" = "m"."Id"
WHERE "a"."AgentId" = @__agentId_0 AND "a"."Enabled"
2025-09-01 21:15:33.455 +02:00 [INF] Executed DbCommand (0ms) [Parameters=[@__agentId_0='?' (DbType = Guid)], CommandType='"Text"', CommandTimeout='30']
SELECT "a"."Id", "a"."AgentId", "a"."ConfigJson", "a"."Enabled", "a"."ToolId", "t"."Id", "t"."Description", "t"."Enabled", "t"."InputSchemaJson", "t"."McpServerId", "t"."Name", "t"."Scope", "m"."Id", "m"."AuthType", "m"."BaseUrl", "m"."LastSeenUtc", "m"."MetadataJson", "m"."Name", "m"."Status"
FROM "AgentToolBindings" AS "a"
INNER JOIN "Tools" AS "t" ON "a"."ToolId" = "t"."Id"
INNER JOIN "McpServers" AS "m" ON "t"."McpServerId" = "m"."Id"
WHERE "a"."AgentId" = @__agentId_0 AND "a"."Enabled"
2025-09-01 21:15:33.731 +02:00 [INF] Executed DbCommand (0ms) [Parameters=[], CommandType='"Text"', CommandTimeout='30']
SELECT "m"."Id", "m"."AuthType", "m"."BaseUrl", "m"."LastSeenUtc", "m"."MetadataJson", "m"."Name", "m"."Status"
FROM "McpServers" AS "m"
ORDER BY "m"."LastSeenUtc"
2025-09-01 21:15:33.740 +02:00 [INF] Conectando a MCP WebSocket: ws://localhost:8970/ws
2025-09-01 21:15:33.867 +02:00 [ERR] Error inesperado en WebSocket: MCP Tool error: No se encontró el archivo de herramienta: ../../bundles\kb-tools\tools/summarize.js
2025-09-01 21:15:33.929 +02:00 [INF] Executed DbCommand (19ms) [Parameters=[@p0='?' (DbType = Guid), @p1='?' (Size = 150), @p2='?' (DbType = DateTime), @p3='?' (Size = 11), @p4='?' (Size = 9), @p5='?' (DbType = Guid), @p6='?'], CommandType='"Text"', CommandTimeout='30']
INSERT INTO "Messages" ("Id", "Content", "CreatedUtc", "Kind", "Role", "SessionId", "TokenUsageJson")
VALUES (@p0, @p1, @p2, @p3, @p4, @p5, @p6);
2025-09-01 21:15:33.938 +02:00 [INF] Executed DbCommand (0ms) [Parameters=[@__sessionId_0='?' (DbType = Guid), @__p_1='?' (DbType = Int32)], CommandType='"Text"', CommandTimeout='30']
SELECT "m"."Id", "m"."Content", "m"."CreatedUtc", "m"."Kind", "m"."Role", "m"."SessionId", "m"."TokenUsageJson"
FROM "Messages" AS "m"
WHERE "m"."SessionId" = @__sessionId_0
ORDER BY "m"."CreatedUtc" DESC
LIMIT @__p_1
2025-09-01 21:15:34.280 +02:00 [INF] Executed DbCommand (8ms) [Parameters=[@p0='?' (DbType = Guid), @p1='?' (Size = 37), @p2='?' (DbType = DateTime), @p3='?', @p4='?' (Size = 9), @p5='?' (DbType = Guid), @p6='?'], CommandType='"Text"', CommandTimeout='30']
INSERT INTO "Messages" ("Id", "Content", "CreatedUtc", "Kind", "Role", "SessionId", "TokenUsageJson")
VALUES (@p0, @p1, @p2, @p3, @p4, @p5, @p6);
2025-09-01 21:15:34.295 +02:00 [INF] Executed DbCommand (8ms) [Parameters=[@p0='?' (DbType = Guid), @p1='?' (Size = 37), @p2='?' (DbType = DateTime), @p3='?', @p4='?' (Size = 9), @p5='?' (DbType = Guid), @p6='?'], CommandType='"Text"', CommandTimeout='30']
INSERT INTO "Messages" ("Id", "Content", "CreatedUtc", "Kind", "Role", "SessionId", "TokenUsageJson")
VALUES (@p0, @p1, @p2, @p3, @p4, @p5, @p6);
2025-09-01 21:15:38.877 +02:00 [INF] Request starting HTTP/1.1 OPTIONS http://localhost:5088/sessions/2bdc4685-0f2b-407c-92d7-07b894e77697/messages - null null
2025-09-01 21:15:38.885 +02:00 [INF] CORS policy execution successful.
2025-09-01 21:15:38.890 +02:00 [INF] Request finished HTTP/1.1 OPTIONS http://localhost:5088/sessions/2bdc4685-0f2b-407c-92d7-07b894e77697/messages - 204 null null 12.5939ms
2025-09-01 21:15:38.895 +02:00 [INF] Request starting HTTP/1.1 POST http://localhost:5088/sessions/2bdc4685-0f2b-407c-92d7-07b894e77697/messages - application/json 28
2025-09-01 21:15:38.903 +02:00 [INF] CORS policy execution successful.
2025-09-01 21:15:38.908 +02:00 [INF] Executing endpoint 'HTTP: POST /sessions/{id:guid}/messages'
2025-09-01 21:15:38.917 +02:00 [INF] Executed DbCommand (0ms) [Parameters=[@__p_0='?' (DbType = Guid)], CommandType='"Text"', CommandTimeout='30']
SELECT "s"."Id", "s"."AgentId", "s"."EndedUtc", "s"."LastEventIdx", "s"."StartedUtc", "s"."Status", "s"."UserId"
FROM "Sessions" AS "s"
WHERE "s"."Id" = @__p_0
LIMIT 1
2025-09-01 21:15:38.941 +02:00 [INF] Executed DbCommand (17ms) [Parameters=[@p0='?' (DbType = Guid), @p1='?' (Size = 14), @p2='?' (DbType = DateTime), @p3='?', @p4='?' (Size = 4), @p5='?' (DbType = Guid), @p6='?'], CommandType='"Text"', CommandTimeout='30']
INSERT INTO "Messages" ("Id", "Content", "CreatedUtc", "Kind", "Role", "SessionId", "TokenUsageJson")
VALUES (@p0, @p1, @p2, @p3, @p4, @p5, @p6);
2025-09-01 21:15:38.947 +02:00 [INF] Setting HTTP status code 202.
2025-09-01 21:15:38.948 +02:00 [INF] Executed DbCommand (1ms) [Parameters=[@__p_0='?' (DbType = Guid)], CommandType='"Text"', CommandTimeout='30']
SELECT "a"."Id", "a"."Autonomy", "a"."CreatedUtc", "a"."GuardrailsJson", "a"."Name", "a"."ParamsJson", "a"."Provider", "a"."SystemPrompt", "a"."Temperature", "a"."TemplateRef", "a"."TokenBudget", "a"."ToolBudget", "a"."TopP", "a"."UpdatedUtc"
FROM "Agents" AS "a"
WHERE "a"."Id" = @__p_0
LIMIT 1
2025-09-01 21:15:38.952 +02:00 [INF] Writing value of type 'AcceptedResponse' as Json.
2025-09-01 21:15:38.962 +02:00 [INF] Executed endpoint 'HTTP: POST /sessions/{id:guid}/messages'
2025-09-01 21:15:38.969 +02:00 [INF] Request finished HTTP/1.1 POST http://localhost:5088/sessions/2bdc4685-0f2b-407c-92d7-07b894e77697/messages - 202 null application/json; charset=utf-8 73.6614ms
2025-09-01 21:15:38.976 +02:00 [INF] Executed DbCommand (11ms) [Parameters=[@p0='?' (DbType = Guid), @p1='?' (Size = 14), @p2='?' (DbType = DateTime), @p3='?', @p4='?' (Size = 4), @p5='?' (DbType = Guid), @p6='?'], CommandType='"Text"', CommandTimeout='30']
INSERT INTO "Messages" ("Id", "Content", "CreatedUtc", "Kind", "Role", "SessionId", "TokenUsageJson")
VALUES (@p0, @p1, @p2, @p3, @p4, @p5, @p6);
2025-09-01 21:15:38.988 +02:00 [INF] Executed DbCommand (1ms) [Parameters=[@__agentId_0='?' (DbType = Guid)], CommandType='"Text"', CommandTimeout='30']
SELECT "a"."Id", "a"."AgentId", "a"."ConfigJson", "a"."Enabled", "a"."ToolId", "t"."Id", "t"."Description", "t"."Enabled", "t"."InputSchemaJson", "t"."McpServerId", "t"."Name", "t"."Scope", "m"."Id", "m"."AuthType", "m"."BaseUrl", "m"."LastSeenUtc", "m"."MetadataJson", "m"."Name", "m"."Status"
FROM "AgentToolBindings" AS "a"
INNER JOIN "Tools" AS "t" ON "a"."ToolId" = "t"."Id"
INNER JOIN "McpServers" AS "m" ON "t"."McpServerId" = "m"."Id"
WHERE "a"."AgentId" = @__agentId_0 AND "a"."Enabled"
2025-09-01 21:15:39.000 +02:00 [INF] Executed DbCommand (1ms) [Parameters=[@__sessionId_0='?' (DbType = Guid), @__kind_1='?' (Size = 11), @__p_2='?' (DbType = Int32)], CommandType='"Text"', CommandTimeout='30']
SELECT "m"."Id", "m"."Content", "m"."CreatedUtc", "m"."Kind", "m"."Role", "m"."SessionId", "m"."TokenUsageJson"
FROM "Messages" AS "m"
WHERE "m"."SessionId" = @__sessionId_0 AND "m"."Kind" = @__kind_1
ORDER BY "m"."CreatedUtc" DESC
LIMIT @__p_2
2025-09-01 21:15:39.008 +02:00 [INF] Executed DbCommand (0ms) [Parameters=[@__sessionId_0='?' (DbType = Guid), @__p_1='?' (DbType = Int32)], CommandType='"Text"', CommandTimeout='30']
SELECT "m"."Id", "m"."Content", "m"."CreatedUtc", "m"."Kind", "m"."Role", "m"."SessionId", "m"."TokenUsageJson"
FROM "Messages" AS "m"
WHERE "m"."SessionId" = @__sessionId_0
ORDER BY "m"."CreatedUtc" DESC
LIMIT @__p_1
2025-09-01 21:15:39.017 +02:00 [INF] Executed DbCommand (1ms) [Parameters=[@__agentId_0='?' (DbType = Guid)], CommandType='"Text"', CommandTimeout='30']
SELECT "a"."Id", "a"."AgentId", "a"."ConfigJson", "a"."Enabled", "a"."ToolId", "t"."Id", "t"."Description", "t"."Enabled", "t"."InputSchemaJson", "t"."McpServerId", "t"."Name", "t"."Scope", "m"."Id", "m"."AuthType", "m"."BaseUrl", "m"."LastSeenUtc", "m"."MetadataJson", "m"."Name", "m"."Status"
FROM "AgentToolBindings" AS "a"
INNER JOIN "Tools" AS "t" ON "a"."ToolId" = "t"."Id"
INNER JOIN "McpServers" AS "m" ON "t"."McpServerId" = "m"."Id"
WHERE "a"."AgentId" = @__agentId_0 AND "a"."Enabled"
2025-09-01 21:15:39.428 +02:00 [INF] Executed DbCommand (0ms) [Parameters=[@__sessionId_0='?' (DbType = Guid), @__p_1='?' (DbType = Int32)], CommandType='"Text"', CommandTimeout='30']
SELECT "m"."Id", "m"."Content", "m"."CreatedUtc", "m"."Kind", "m"."Role", "m"."SessionId", "m"."TokenUsageJson"
FROM "Messages" AS "m"
WHERE "m"."SessionId" = @__sessionId_0
ORDER BY "m"."CreatedUtc" DESC
LIMIT @__p_1
2025-09-01 21:15:39.779 +02:00 [INF] Executed DbCommand (9ms) [Parameters=[@p0='?' (DbType = Guid), @p1='?' (Size = 63), @p2='?' (DbType = DateTime), @p3='?', @p4='?' (Size = 9), @p5='?' (DbType = Guid), @p6='?'], CommandType='"Text"', CommandTimeout='30']
INSERT INTO "Messages" ("Id", "Content", "CreatedUtc", "Kind", "Role", "SessionId", "TokenUsageJson")
VALUES (@p0, @p1, @p2, @p3, @p4, @p5, @p6);
2025-09-01 21:15:39.795 +02:00 [INF] Executed DbCommand (8ms) [Parameters=[@p0='?' (DbType = Guid), @p1='?' (Size = 63), @p2='?' (DbType = DateTime), @p3='?', @p4='?' (Size = 9), @p5='?' (DbType = Guid), @p6='?'], CommandType='"Text"', CommandTimeout='30']
INSERT INTO "Messages" ("Id", "Content", "CreatedUtc", "Kind", "Role", "SessionId", "TokenUsageJson")
VALUES (@p0, @p1, @p2, @p3, @p4, @p5, @p6);
2025-09-01 21:15:53.111 +02:00 [INF] Request starting HTTP/1.1 OPTIONS http://localhost:5088/sessions/2bdc4685-0f2b-407c-92d7-07b894e77697/messages - null null
2025-09-01 21:15:53.119 +02:00 [INF] CORS policy execution successful.
2025-09-01 21:15:53.123 +02:00 [INF] Request finished HTTP/1.1 OPTIONS http://localhost:5088/sessions/2bdc4685-0f2b-407c-92d7-07b894e77697/messages - 204 null null 12.589ms
2025-09-01 21:15:53.129 +02:00 [INF] Request starting HTTP/1.1 POST http://localhost:5088/sessions/2bdc4685-0f2b-407c-92d7-07b894e77697/messages - application/json 32
2025-09-01 21:15:53.134 +02:00 [INF] CORS policy execution successful.
2025-09-01 21:15:53.140 +02:00 [INF] Executing endpoint 'HTTP: POST /sessions/{id:guid}/messages'
2025-09-01 21:15:53.148 +02:00 [INF] Executed DbCommand (0ms) [Parameters=[@__p_0='?' (DbType = Guid)], CommandType='"Text"', CommandTimeout='30']
SELECT "s"."Id", "s"."AgentId", "s"."EndedUtc", "s"."LastEventIdx", "s"."StartedUtc", "s"."Status", "s"."UserId"
FROM "Sessions" AS "s"
WHERE "s"."Id" = @__p_0
LIMIT 1
2025-09-01 21:15:53.172 +02:00 [INF] Executed DbCommand (17ms) [Parameters=[@p0='?' (DbType = Guid), @p1='?' (Size = 18), @p2='?' (DbType = DateTime), @p3='?', @p4='?' (Size = 4), @p5='?' (DbType = Guid), @p6='?'], CommandType='"Text"', CommandTimeout='30']
INSERT INTO "Messages" ("Id", "Content", "CreatedUtc", "Kind", "Role", "SessionId", "TokenUsageJson")
VALUES (@p0, @p1, @p2, @p3, @p4, @p5, @p6);
2025-09-01 21:15:53.181 +02:00 [INF] Setting HTTP status code 202.
2025-09-01 21:15:53.183 +02:00 [INF] Executed DbCommand (0ms) [Parameters=[@__p_0='?' (DbType = Guid)], CommandType='"Text"', CommandTimeout='30']
SELECT "a"."Id", "a"."Autonomy", "a"."CreatedUtc", "a"."GuardrailsJson", "a"."Name", "a"."ParamsJson", "a"."Provider", "a"."SystemPrompt", "a"."Temperature", "a"."TemplateRef", "a"."TokenBudget", "a"."ToolBudget", "a"."TopP", "a"."UpdatedUtc"
FROM "Agents" AS "a"
WHERE "a"."Id" = @__p_0
LIMIT 1
2025-09-01 21:15:53.187 +02:00 [INF] Writing value of type 'AcceptedResponse' as Json.
2025-09-01 21:15:53.202 +02:00 [INF] Executed endpoint 'HTTP: POST /sessions/{id:guid}/messages'
2025-09-01 21:15:53.209 +02:00 [INF] Request finished HTTP/1.1 POST http://localhost:5088/sessions/2bdc4685-0f2b-407c-92d7-07b894e77697/messages - 202 null application/json; charset=utf-8 80.6241ms
2025-09-01 21:15:53.210 +02:00 [INF] Executed DbCommand (10ms) [Parameters=[@p0='?' (DbType = Guid), @p1='?' (Size = 18), @p2='?' (DbType = DateTime), @p3='?', @p4='?' (Size = 4), @p5='?' (DbType = Guid), @p6='?'], CommandType='"Text"', CommandTimeout='30']
INSERT INTO "Messages" ("Id", "Content", "CreatedUtc", "Kind", "Role", "SessionId", "TokenUsageJson")
VALUES (@p0, @p1, @p2, @p3, @p4, @p5, @p6);
2025-09-01 21:15:53.229 +02:00 [INF] Executed DbCommand (1ms) [Parameters=[@__agentId_0='?' (DbType = Guid)], CommandType='"Text"', CommandTimeout='30']
SELECT "a"."Id", "a"."AgentId", "a"."ConfigJson", "a"."Enabled", "a"."ToolId", "t"."Id", "t"."Description", "t"."Enabled", "t"."InputSchemaJson", "t"."McpServerId", "t"."Name", "t"."Scope", "m"."Id", "m"."AuthType", "m"."BaseUrl", "m"."LastSeenUtc", "m"."MetadataJson", "m"."Name", "m"."Status"
FROM "AgentToolBindings" AS "a"
INNER JOIN "Tools" AS "t" ON "a"."ToolId" = "t"."Id"
INNER JOIN "McpServers" AS "m" ON "t"."McpServerId" = "m"."Id"
WHERE "a"."AgentId" = @__agentId_0 AND "a"."Enabled"
2025-09-01 21:15:53.242 +02:00 [INF] Executed DbCommand (1ms) [Parameters=[@__sessionId_0='?' (DbType = Guid), @__kind_1='?' (Size = 11), @__p_2='?' (DbType = Int32)], CommandType='"Text"', CommandTimeout='30']
SELECT "m"."Id", "m"."Content", "m"."CreatedUtc", "m"."Kind", "m"."Role", "m"."SessionId", "m"."TokenUsageJson"
FROM "Messages" AS "m"
WHERE "m"."SessionId" = @__sessionId_0 AND "m"."Kind" = @__kind_1
ORDER BY "m"."CreatedUtc" DESC
LIMIT @__p_2
2025-09-01 21:15:53.255 +02:00 [INF] Executed DbCommand (1ms) [Parameters=[@__sessionId_0='?' (DbType = Guid), @__p_1='?' (DbType = Int32)], CommandType='"Text"', CommandTimeout='30']
SELECT "m"."Id", "m"."Content", "m"."CreatedUtc", "m"."Kind", "m"."Role", "m"."SessionId", "m"."TokenUsageJson"
FROM "Messages" AS "m"
WHERE "m"."SessionId" = @__sessionId_0
ORDER BY "m"."CreatedUtc" DESC
LIMIT @__p_1
2025-09-01 21:15:53.264 +02:00 [INF] Executed DbCommand (0ms) [Parameters=[@__agentId_0='?' (DbType = Guid)], CommandType='"Text"', CommandTimeout='30']
SELECT "a"."Id", "a"."AgentId", "a"."ConfigJson", "a"."Enabled", "a"."ToolId", "t"."Id", "t"."Description", "t"."Enabled", "t"."InputSchemaJson", "t"."McpServerId", "t"."Name", "t"."Scope", "m"."Id", "m"."AuthType", "m"."BaseUrl", "m"."LastSeenUtc", "m"."MetadataJson", "m"."Name", "m"."Status"
FROM "AgentToolBindings" AS "a"
INNER JOIN "Tools" AS "t" ON "a"."ToolId" = "t"."Id"
INNER JOIN "McpServers" AS "m" ON "t"."McpServerId" = "m"."Id"
WHERE "a"."AgentId" = @__agentId_0 AND "a"."Enabled"
2025-09-01 21:15:53.995 +02:00 [INF] Executed DbCommand (1ms) [Parameters=[@__agentId_0='?' (DbType = Guid)], CommandType='"Text"', CommandTimeout='30']
SELECT "a"."Id", "a"."AgentId", "a"."ConfigJson", "a"."Enabled", "a"."ToolId", "t"."Id", "t"."Description", "t"."Enabled", "t"."InputSchemaJson", "t"."McpServerId", "t"."Name", "t"."Scope", "m"."Id", "m"."AuthType", "m"."BaseUrl", "m"."LastSeenUtc", "m"."MetadataJson", "m"."Name", "m"."Status"
FROM "AgentToolBindings" AS "a"
INNER JOIN "Tools" AS "t" ON "a"."ToolId" = "t"."Id"
INNER JOIN "McpServers" AS "m" ON "t"."McpServerId" = "m"."Id"
WHERE "a"."AgentId" = @__agentId_0 AND "a"."Enabled"
2025-09-01 21:15:54.004 +02:00 [INF] Executed DbCommand (0ms) [Parameters=[@__agentId_0='?' (DbType = Guid)], CommandType='"Text"', CommandTimeout='30']
SELECT "a"."Id", "a"."AgentId", "a"."ConfigJson", "a"."Enabled", "a"."ToolId", "t"."Id", "t"."Description", "t"."Enabled", "t"."InputSchemaJson", "t"."McpServerId", "t"."Name", "t"."Scope", "m"."Id", "m"."AuthType", "m"."BaseUrl", "m"."LastSeenUtc", "m"."MetadataJson", "m"."Name", "m"."Status"
FROM "AgentToolBindings" AS "a"
INNER JOIN "Tools" AS "t" ON "a"."ToolId" = "t"."Id"
INNER JOIN "McpServers" AS "m" ON "t"."McpServerId" = "m"."Id"
WHERE "a"."AgentId" = @__agentId_0 AND "a"."Enabled"
2025-09-01 21:15:54.516 +02:00 [INF] Executed DbCommand (0ms) [Parameters=[], CommandType='"Text"', CommandTimeout='30']
SELECT "m"."Id", "m"."AuthType", "m"."BaseUrl", "m"."LastSeenUtc", "m"."MetadataJson", "m"."Name", "m"."Status"
FROM "McpServers" AS "m"
ORDER BY "m"."LastSeenUtc"
2025-09-01 21:15:54.523 +02:00 [INF] Conectando a MCP WebSocket: ws://localhost:8970/ws
2025-09-01 21:15:54.730 +02:00 [INF] Executed DbCommand (0ms) [Parameters=[@__agentId_0='?' (DbType = Guid)], CommandType='"Text"', CommandTimeout='30']
SELECT "a"."Id", "a"."AgentId", "a"."ConfigJson", "a"."Enabled", "a"."ToolId", "t"."Id", "t"."Description", "t"."Enabled", "t"."InputSchemaJson", "t"."McpServerId", "t"."Name", "t"."Scope", "m"."Id", "m"."AuthType", "m"."BaseUrl", "m"."LastSeenUtc", "m"."MetadataJson", "m"."Name", "m"."Status"
FROM "AgentToolBindings" AS "a"
INNER JOIN "Tools" AS "t" ON "a"."ToolId" = "t"."Id"
INNER JOIN "McpServers" AS "m" ON "t"."McpServerId" = "m"."Id"
WHERE "a"."AgentId" = @__agentId_0 AND "a"."Enabled"
2025-09-01 21:15:57.179 +02:00 [INF] Executed DbCommand (18ms) [Parameters=[@p0='?' (DbType = Guid), @p1='?' (Size = 74), @p2='?' (DbType = DateTime), @p3='?' (Size = 11), @p4='?' (Size = 9), @p5='?' (DbType = Guid), @p6='?'], CommandType='"Text"', CommandTimeout='30']
INSERT INTO "Messages" ("Id", "Content", "CreatedUtc", "Kind", "Role", "SessionId", "TokenUsageJson")
VALUES (@p0, @p1, @p2, @p3, @p4, @p5, @p6);
2025-09-01 21:15:57.190 +02:00 [INF] Executed DbCommand (0ms) [Parameters=[@__sessionId_0='?' (DbType = Guid), @__p_1='?' (DbType = Int32)], CommandType='"Text"', CommandTimeout='30']
SELECT "m"."Id", "m"."Content", "m"."CreatedUtc", "m"."Kind", "m"."Role", "m"."SessionId", "m"."TokenUsageJson"
FROM "Messages" AS "m"
WHERE "m"."SessionId" = @__sessionId_0
ORDER BY "m"."CreatedUtc" DESC
LIMIT @__p_1
2025-09-01 21:15:57.584 +02:00 [INF] Executed DbCommand (9ms) [Parameters=[@p0='?' (DbType = Guid), @p1='?' (Size = 90), @p2='?' (DbType = DateTime), @p3='?', @p4='?' (Size = 9), @p5='?' (DbType = Guid), @p6='?'], CommandType='"Text"', CommandTimeout='30']
INSERT INTO "Messages" ("Id", "Content", "CreatedUtc", "Kind", "Role", "SessionId", "TokenUsageJson")
VALUES (@p0, @p1, @p2, @p3, @p4, @p5, @p6);
2025-09-01 21:15:57.601 +02:00 [INF] Executed DbCommand (8ms) [Parameters=[@p0='?' (DbType = Guid), @p1='?' (Size = 90), @p2='?' (DbType = DateTime), @p3='?', @p4='?' (Size = 9), @p5='?' (DbType = Guid), @p6='?'], CommandType='"Text"', CommandTimeout='30']
INSERT INTO "Messages" ("Id", "Content", "CreatedUtc", "Kind", "Role", "SessionId", "TokenUsageJson")
VALUES (@p0, @p1, @p2, @p3, @p4, @p5, @p6);
2025-09-01 21:16:01.907 +02:00 [INF] Request starting HTTP/1.1 OPTIONS http://localhost:5088/sessions/2bdc4685-0f2b-407c-92d7-07b894e77697/messages - null null
2025-09-01 21:16:01.916 +02:00 [INF] CORS policy execution successful.
2025-09-01 21:16:01.921 +02:00 [INF] Request finished HTTP/1.1 OPTIONS http://localhost:5088/sessions/2bdc4685-0f2b-407c-92d7-07b894e77697/messages - 204 null null 15.0562ms
2025-09-01 21:16:01.927 +02:00 [INF] Request starting HTTP/1.1 POST http://localhost:5088/sessions/2bdc4685-0f2b-407c-92d7-07b894e77697/messages - application/json 23
2025-09-01 21:16:01.932 +02:00 [INF] CORS policy execution successful.
2025-09-01 21:16:01.938 +02:00 [INF] Executing endpoint 'HTTP: POST /sessions/{id:guid}/messages'
2025-09-01 21:16:01.943 +02:00 [INF] Executed DbCommand (0ms) [Parameters=[@__p_0='?' (DbType = Guid)], CommandType='"Text"', CommandTimeout='30']
SELECT "s"."Id", "s"."AgentId", "s"."EndedUtc", "s"."LastEventIdx", "s"."StartedUtc", "s"."Status", "s"."UserId"
FROM "Sessions" AS "s"
WHERE "s"."Id" = @__p_0
LIMIT 1
2025-09-01 21:16:01.966 +02:00 [INF] Executed DbCommand (18ms) [Parameters=[@p0='?' (DbType = Guid), @p1='?' (Size = 9), @p2='?' (DbType = DateTime), @p3='?', @p4='?' (Size = 4), @p5='?' (DbType = Guid), @p6='?'], CommandType='"Text"', CommandTimeout='30']
INSERT INTO "Messages" ("Id", "Content", "CreatedUtc", "Kind", "Role", "SessionId", "TokenUsageJson")
VALUES (@p0, @p1, @p2, @p3, @p4, @p5, @p6);
2025-09-01 21:16:01.973 +02:00 [INF] Setting HTTP status code 202.
2025-09-01 21:16:01.973 +02:00 [INF] Executed DbCommand (0ms) [Parameters=[@__p_0='?' (DbType = Guid)], CommandType='"Text"', CommandTimeout='30']
SELECT "a"."Id", "a"."Autonomy", "a"."CreatedUtc", "a"."GuardrailsJson", "a"."Name", "a"."ParamsJson", "a"."Provider", "a"."SystemPrompt", "a"."Temperature", "a"."TemplateRef", "a"."TokenBudget", "a"."ToolBudget", "a"."TopP", "a"."UpdatedUtc"
FROM "Agents" AS "a"
WHERE "a"."Id" = @__p_0
LIMIT 1
2025-09-01 21:16:01.977 +02:00 [INF] Writing value of type 'AcceptedResponse' as Json.
2025-09-01 21:16:01.986 +02:00 [INF] Executed endpoint 'HTTP: POST /sessions/{id:guid}/messages'
2025-09-01 21:16:01.991 +02:00 [INF] Request finished HTTP/1.1 POST http://localhost:5088/sessions/2bdc4685-0f2b-407c-92d7-07b894e77697/messages - 202 null application/json; charset=utf-8 64.3518ms
2025-09-01 21:16:01.993 +02:00 [INF] Executed DbCommand (9ms) [Parameters=[@p0='?' (DbType = Guid), @p1='?' (Size = 9), @p2='?' (DbType = DateTime), @p3='?', @p4='?' (Size = 4), @p5='?' (DbType = Guid), @p6='?'], CommandType='"Text"', CommandTimeout='30']
INSERT INTO "Messages" ("Id", "Content", "CreatedUtc", "Kind", "Role", "SessionId", "TokenUsageJson")
VALUES (@p0, @p1, @p2, @p3, @p4, @p5, @p6);
2025-09-01 21:16:02.006 +02:00 [INF] Executed DbCommand (1ms) [Parameters=[@__agentId_0='?' (DbType = Guid)], CommandType='"Text"', CommandTimeout='30']
SELECT "a"."Id", "a"."AgentId", "a"."ConfigJson", "a"."Enabled", "a"."ToolId", "t"."Id", "t"."Description", "t"."Enabled", "t"."InputSchemaJson", "t"."McpServerId", "t"."Name", "t"."Scope", "m"."Id", "m"."AuthType", "m"."BaseUrl", "m"."LastSeenUtc", "m"."MetadataJson", "m"."Name", "m"."Status"
FROM "AgentToolBindings" AS "a"
INNER JOIN "Tools" AS "t" ON "a"."ToolId" = "t"."Id"
INNER JOIN "McpServers" AS "m" ON "t"."McpServerId" = "m"."Id"
WHERE "a"."AgentId" = @__agentId_0 AND "a"."Enabled"
2025-09-01 21:16:02.014 +02:00 [INF] Executed DbCommand (0ms) [Parameters=[@__sessionId_0='?' (DbType = Guid), @__kind_1='?' (Size = 11), @__p_2='?' (DbType = Int32)], CommandType='"Text"', CommandTimeout='30']
SELECT "m"."Id", "m"."Content", "m"."CreatedUtc", "m"."Kind", "m"."Role", "m"."SessionId", "m"."TokenUsageJson"
FROM "Messages" AS "m"
WHERE "m"."SessionId" = @__sessionId_0 AND "m"."Kind" = @__kind_1
ORDER BY "m"."CreatedUtc" DESC
LIMIT @__p_2
2025-09-01 21:16:02.022 +02:00 [INF] Executed DbCommand (0ms) [Parameters=[@__sessionId_0='?' (DbType = Guid), @__p_1='?' (DbType = Int32)], CommandType='"Text"', CommandTimeout='30']
SELECT "m"."Id", "m"."Content", "m"."CreatedUtc", "m"."Kind", "m"."Role", "m"."SessionId", "m"."TokenUsageJson"
FROM "Messages" AS "m"
WHERE "m"."SessionId" = @__sessionId_0
ORDER BY "m"."CreatedUtc" DESC
LIMIT @__p_1
2025-09-01 21:16:02.030 +02:00 [INF] Executed DbCommand (0ms) [Parameters=[@__agentId_0='?' (DbType = Guid)], CommandType='"Text"', CommandTimeout='30']
SELECT "a"."Id", "a"."AgentId", "a"."ConfigJson", "a"."Enabled", "a"."ToolId", "t"."Id", "t"."Description", "t"."Enabled", "t"."InputSchemaJson", "t"."McpServerId", "t"."Name", "t"."Scope", "m"."Id", "m"."AuthType", "m"."BaseUrl", "m"."LastSeenUtc", "m"."MetadataJson", "m"."Name", "m"."Status"
FROM "AgentToolBindings" AS "a"
INNER JOIN "Tools" AS "t" ON "a"."ToolId" = "t"."Id"
INNER JOIN "McpServers" AS "m" ON "t"."McpServerId" = "m"."Id"
WHERE "a"."AgentId" = @__agentId_0 AND "a"."Enabled"
2025-09-01 21:16:03.247 +02:00 [INF] Executed DbCommand (0ms) [Parameters=[@__agentId_0='?' (DbType = Guid)], CommandType='"Text"', CommandTimeout='30']
SELECT "a"."Id", "a"."AgentId", "a"."ConfigJson", "a"."Enabled", "a"."ToolId", "t"."Id", "t"."Description", "t"."Enabled", "t"."InputSchemaJson", "t"."McpServerId", "t"."Name", "t"."Scope", "m"."Id", "m"."AuthType", "m"."BaseUrl", "m"."LastSeenUtc", "m"."MetadataJson", "m"."Name", "m"."Status"
FROM "AgentToolBindings" AS "a"
INNER JOIN "Tools" AS "t" ON "a"."ToolId" = "t"."Id"
INNER JOIN "McpServers" AS "m" ON "t"."McpServerId" = "m"."Id"
WHERE "a"."AgentId" = @__agentId_0 AND "a"."Enabled"
2025-09-01 21:16:03.257 +02:00 [INF] Executed DbCommand (0ms) [Parameters=[@__agentId_0='?' (DbType = Guid)], CommandType='"Text"', CommandTimeout='30']
SELECT "a"."Id", "a"."AgentId", "a"."ConfigJson", "a"."Enabled", "a"."ToolId", "t"."Id", "t"."Description", "t"."Enabled", "t"."InputSchemaJson", "t"."McpServerId", "t"."Name", "t"."Scope", "m"."Id", "m"."AuthType", "m"."BaseUrl", "m"."LastSeenUtc", "m"."MetadataJson", "m"."Name", "m"."Status"
FROM "AgentToolBindings" AS "a"
INNER JOIN "Tools" AS "t" ON "a"."ToolId" = "t"."Id"
INNER JOIN "McpServers" AS "m" ON "t"."McpServerId" = "m"."Id"
WHERE "a"."AgentId" = @__agentId_0 AND "a"."Enabled"
2025-09-01 21:16:03.782 +02:00 [INF] Executed DbCommand (0ms) [Parameters=[], CommandType='"Text"', CommandTimeout='30']
SELECT "m"."Id", "m"."AuthType", "m"."BaseUrl", "m"."LastSeenUtc", "m"."MetadataJson", "m"."Name", "m"."Status"
FROM "McpServers" AS "m"
ORDER BY "m"."LastSeenUtc"
2025-09-01 21:16:03.789 +02:00 [INF] Conectando a MCP WebSocket: ws://localhost:8970/ws
2025-09-01 21:16:03.991 +02:00 [INF] Executed DbCommand (0ms) [Parameters=[@__agentId_0='?' (DbType = Guid)], CommandType='"Text"', CommandTimeout='30']
SELECT "a"."Id", "a"."AgentId", "a"."ConfigJson", "a"."Enabled", "a"."ToolId", "t"."Id", "t"."Description", "t"."Enabled", "t"."InputSchemaJson", "t"."McpServerId", "t"."Name", "t"."Scope", "m"."Id", "m"."AuthType", "m"."BaseUrl", "m"."LastSeenUtc", "m"."MetadataJson", "m"."Name", "m"."Status"
FROM "AgentToolBindings" AS "a"
INNER JOIN "Tools" AS "t" ON "a"."ToolId" = "t"."Id"
INNER JOIN "McpServers" AS "m" ON "t"."McpServerId" = "m"."Id"
WHERE "a"."AgentId" = @__agentId_0 AND "a"."Enabled"
2025-09-01 21:16:06.538 +02:00 [INF] Executed DbCommand (19ms) [Parameters=[@p0='?' (DbType = Guid), @p1='?' (Size = 169), @p2='?' (DbType = DateTime), @p3='?' (Size = 11), @p4='?' (Size = 9), @p5='?' (DbType = Guid), @p6='?'], CommandType='"Text"', CommandTimeout='30']
INSERT INTO "Messages" ("Id", "Content", "CreatedUtc", "Kind", "Role", "SessionId", "TokenUsageJson")
VALUES (@p0, @p1, @p2, @p3, @p4, @p5, @p6);
2025-09-01 21:16:06.547 +02:00 [INF] Executed DbCommand (0ms) [Parameters=[@__sessionId_0='?' (DbType = Guid), @__p_1='?' (DbType = Int32)], CommandType='"Text"', CommandTimeout='30']
SELECT "m"."Id", "m"."Content", "m"."CreatedUtc", "m"."Kind", "m"."Role", "m"."SessionId", "m"."TokenUsageJson"
FROM "Messages" AS "m"
WHERE "m"."SessionId" = @__sessionId_0
ORDER BY "m"."CreatedUtc" DESC
LIMIT @__p_1
2025-09-01 21:16:07.423 +02:00 [INF] Executed DbCommand (20ms) [Parameters=[@p0='?' (DbType = Guid), @p1='?' (Size = 149), @p2='?' (DbType = DateTime), @p3='?', @p4='?' (Size = 9), @p5='?' (DbType = Guid), @p6='?'], CommandType='"Text"', CommandTimeout='30']
INSERT INTO "Messages" ("Id", "Content", "CreatedUtc", "Kind", "Role", "SessionId", "TokenUsageJson")
VALUES (@p0, @p1, @p2, @p3, @p4, @p5, @p6);
2025-09-01 21:16:07.441 +02:00 [INF] Executed DbCommand (9ms) [Parameters=[@p0='?' (DbType = Guid), @p1='?' (Size = 149), @p2='?' (DbType = DateTime), @p3='?', @p4='?' (Size = 9), @p5='?' (DbType = Guid), @p6='?'], CommandType='"Text"', CommandTimeout='30']
INSERT INTO "Messages" ("Id", "Content", "CreatedUtc", "Kind", "Role", "SessionId", "TokenUsageJson")
VALUES (@p0, @p1, @p2, @p3, @p4, @p5, @p6);
2025-09-01 21:16:12.789 +02:00 [INF] Request starting HTTP/1.1 OPTIONS http://localhost:5088/sessions/2bdc4685-0f2b-407c-92d7-07b894e77697/messages - null null
2025-09-01 21:16:12.797 +02:00 [INF] CORS policy execution successful.
2025-09-01 21:16:12.802 +02:00 [INF] Request finished HTTP/1.1 OPTIONS http://localhost:5088/sessions/2bdc4685-0f2b-407c-92d7-07b894e77697/messages - 204 null null 14.2303ms
2025-09-01 21:16:12.808 +02:00 [INF] Request starting HTTP/1.1 POST http://localhost:5088/sessions/2bdc4685-0f2b-407c-92d7-07b894e77697/messages - application/json 28
2025-09-01 21:16:12.813 +02:00 [INF] CORS policy execution successful.
2025-09-01 21:16:12.817 +02:00 [INF] Executing endpoint 'HTTP: POST /sessions/{id:guid}/messages'
2025-09-01 21:16:12.822 +02:00 [INF] Executed DbCommand (0ms) [Parameters=[@__p_0='?' (DbType = Guid)], CommandType='"Text"', CommandTimeout='30']
SELECT "s"."Id", "s"."AgentId", "s"."EndedUtc", "s"."LastEventIdx", "s"."StartedUtc", "s"."Status", "s"."UserId"
FROM "Sessions" AS "s"
WHERE "s"."Id" = @__p_0
LIMIT 1
2025-09-01 21:16:12.848 +02:00 [INF] Executed DbCommand (19ms) [Parameters=[@p0='?' (DbType = Guid), @p1='?' (Size = 14), @p2='?' (DbType = DateTime), @p3='?', @p4='?' (Size = 4), @p5='?' (DbType = Guid), @p6='?'], CommandType='"Text"', CommandTimeout='30']
INSERT INTO "Messages" ("Id", "Content", "CreatedUtc", "Kind", "Role", "SessionId", "TokenUsageJson")
VALUES (@p0, @p1, @p2, @p3, @p4, @p5, @p6);
2025-09-01 21:16:12.855 +02:00 [INF] Setting HTTP status code 202.
2025-09-01 21:16:12.857 +02:00 [INF] Executed DbCommand (0ms) [Parameters=[@__p_0='?' (DbType = Guid)], CommandType='"Text"', CommandTimeout='30']
SELECT "a"."Id", "a"."Autonomy", "a"."CreatedUtc", "a"."GuardrailsJson", "a"."Name", "a"."ParamsJson", "a"."Provider", "a"."SystemPrompt", "a"."Temperature", "a"."TemplateRef", "a"."TokenBudget", "a"."ToolBudget", "a"."TopP", "a"."UpdatedUtc"
FROM "Agents" AS "a"
WHERE "a"."Id" = @__p_0
LIMIT 1
2025-09-01 21:16:12.860 +02:00 [INF] Writing value of type 'AcceptedResponse' as Json.
2025-09-01 21:16:12.870 +02:00 [INF] Executed endpoint 'HTTP: POST /sessions/{id:guid}/messages'
2025-09-01 21:16:12.877 +02:00 [INF] Request finished HTTP/1.1 POST http://localhost:5088/sessions/2bdc4685-0f2b-407c-92d7-07b894e77697/messages - 202 null application/json; charset=utf-8 69.0953ms
2025-09-01 21:16:12.877 +02:00 [INF] Executed DbCommand (9ms) [Parameters=[@p0='?' (DbType = Guid), @p1='?' (Size = 14), @p2='?' (DbType = DateTime), @p3='?', @p4='?' (Size = 4), @p5='?' (DbType = Guid), @p6='?'], CommandType='"Text"', CommandTimeout='30']
INSERT INTO "Messages" ("Id", "Content", "CreatedUtc", "Kind", "Role", "SessionId", "TokenUsageJson")
VALUES (@p0, @p1, @p2, @p3, @p4, @p5, @p6);
2025-09-01 21:16:12.891 +02:00 [INF] Executed DbCommand (1ms) [Parameters=[@__agentId_0='?' (DbType = Guid)], CommandType='"Text"', CommandTimeout='30']
SELECT "a"."Id", "a"."AgentId", "a"."ConfigJson", "a"."Enabled", "a"."ToolId", "t"."Id", "t"."Description", "t"."Enabled", "t"."InputSchemaJson", "t"."McpServerId", "t"."Name", "t"."Scope", "m"."Id", "m"."AuthType", "m"."BaseUrl", "m"."LastSeenUtc", "m"."MetadataJson", "m"."Name", "m"."Status"
FROM "AgentToolBindings" AS "a"
INNER JOIN "Tools" AS "t" ON "a"."ToolId" = "t"."Id"
INNER JOIN "McpServers" AS "m" ON "t"."McpServerId" = "m"."Id"
WHERE "a"."AgentId" = @__agentId_0 AND "a"."Enabled"
2025-09-01 21:16:12.900 +02:00 [INF] Executed DbCommand (0ms) [Parameters=[@__sessionId_0='?' (DbType = Guid), @__kind_1='?' (Size = 11), @__p_2='?' (DbType = Int32)], CommandType='"Text"', CommandTimeout='30']
SELECT "m"."Id", "m"."Content", "m"."CreatedUtc", "m"."Kind", "m"."Role", "m"."SessionId", "m"."TokenUsageJson"
FROM "Messages" AS "m"
WHERE "m"."SessionId" = @__sessionId_0 AND "m"."Kind" = @__kind_1
ORDER BY "m"."CreatedUtc" DESC
LIMIT @__p_2
2025-09-01 21:16:12.910 +02:00 [INF] Executed DbCommand (1ms) [Parameters=[@__sessionId_0='?' (DbType = Guid), @__p_1='?' (DbType = Int32)], CommandType='"Text"', CommandTimeout='30']
SELECT "m"."Id", "m"."Content", "m"."CreatedUtc", "m"."Kind", "m"."Role", "m"."SessionId", "m"."TokenUsageJson"
FROM "Messages" AS "m"
WHERE "m"."SessionId" = @__sessionId_0
ORDER BY "m"."CreatedUtc" DESC
LIMIT @__p_1
2025-09-01 21:16:12.921 +02:00 [INF] Executed DbCommand (0ms) [Parameters=[@__agentId_0='?' (DbType = Guid)], CommandType='"Text"', CommandTimeout='30']
SELECT "a"."Id", "a"."AgentId", "a"."ConfigJson", "a"."Enabled", "a"."ToolId", "t"."Id", "t"."Description", "t"."Enabled", "t"."InputSchemaJson", "t"."McpServerId", "t"."Name", "t"."Scope", "m"."Id", "m"."AuthType", "m"."BaseUrl", "m"."LastSeenUtc", "m"."MetadataJson", "m"."Name", "m"."Status"
FROM "AgentToolBindings" AS "a"
INNER JOIN "Tools" AS "t" ON "a"."ToolId" = "t"."Id"
INNER JOIN "McpServers" AS "m" ON "t"."McpServerId" = "m"."Id"
WHERE "a"."AgentId" = @__agentId_0 AND "a"."Enabled"
2025-09-01 21:16:13.463 +02:00 [INF] Executed DbCommand (0ms) [Parameters=[@__agentId_0='?' (DbType = Guid)], CommandType='"Text"', CommandTimeout='30']
SELECT "a"."Id", "a"."AgentId", "a"."ConfigJson", "a"."Enabled", "a"."ToolId", "t"."Id", "t"."Description", "t"."Enabled", "t"."InputSchemaJson", "t"."McpServerId", "t"."Name", "t"."Scope", "m"."Id", "m"."AuthType", "m"."BaseUrl", "m"."LastSeenUtc", "m"."MetadataJson", "m"."Name", "m"."Status"
FROM "AgentToolBindings" AS "a"
INNER JOIN "Tools" AS "t" ON "a"."ToolId" = "t"."Id"
INNER JOIN "McpServers" AS "m" ON "t"."McpServerId" = "m"."Id"
WHERE "a"."AgentId" = @__agentId_0 AND "a"."Enabled"
2025-09-01 21:16:13.473 +02:00 [INF] Executed DbCommand (0ms) [Parameters=[@__agentId_0='?' (DbType = Guid)], CommandType='"Text"', CommandTimeout='30']
SELECT "a"."Id", "a"."AgentId", "a"."ConfigJson", "a"."Enabled", "a"."ToolId", "t"."Id", "t"."Description", "t"."Enabled", "t"."InputSchemaJson", "t"."McpServerId", "t"."Name", "t"."Scope", "m"."Id", "m"."AuthType", "m"."BaseUrl", "m"."LastSeenUtc", "m"."MetadataJson", "m"."Name", "m"."Status"
FROM "AgentToolBindings" AS "a"
INNER JOIN "Tools" AS "t" ON "a"."ToolId" = "t"."Id"
INNER JOIN "McpServers" AS "m" ON "t"."McpServerId" = "m"."Id"
WHERE "a"."AgentId" = @__agentId_0 AND "a"."Enabled"
2025-09-01 21:16:14.039 +02:00 [INF] Executed DbCommand (0ms) [Parameters=[], CommandType='"Text"', CommandTimeout='30']
SELECT "m"."Id", "m"."AuthType", "m"."BaseUrl", "m"."LastSeenUtc", "m"."MetadataJson", "m"."Name", "m"."Status"
FROM "McpServers" AS "m"
ORDER BY "m"."LastSeenUtc"
2025-09-01 21:16:14.047 +02:00 [INF] Conectando a MCP WebSocket: ws://localhost:8970/ws
2025-09-01 21:16:14.241 +02:00 [INF] Executed DbCommand (0ms) [Parameters=[@__agentId_0='?' (DbType = Guid)], CommandType='"Text"', CommandTimeout='30']
SELECT "a"."Id", "a"."AgentId", "a"."ConfigJson", "a"."Enabled", "a"."ToolId", "t"."Id", "t"."Description", "t"."Enabled", "t"."InputSchemaJson", "t"."McpServerId", "t"."Name", "t"."Scope", "m"."Id", "m"."AuthType", "m"."BaseUrl", "m"."LastSeenUtc", "m"."MetadataJson", "m"."Name", "m"."Status"
FROM "AgentToolBindings" AS "a"
INNER JOIN "Tools" AS "t" ON "a"."ToolId" = "t"."Id"
INNER JOIN "McpServers" AS "m" ON "t"."McpServerId" = "m"."Id"
WHERE "a"."AgentId" = @__agentId_0 AND "a"."Enabled"
2025-09-01 21:16:15.199 +02:00 [INF] Executed DbCommand (9ms) [Parameters=[@p0='?' (DbType = Guid), @p1='?' (Size = 135), @p2='?' (DbType = DateTime), @p3='?' (Size = 11), @p4='?' (Size = 9), @p5='?' (DbType = Guid), @p6='?'], CommandType='"Text"', CommandTimeout='30']
INSERT INTO "Messages" ("Id", "Content", "CreatedUtc", "Kind", "Role", "SessionId", "TokenUsageJson")
VALUES (@p0, @p1, @p2, @p3, @p4, @p5, @p6);
2025-09-01 21:16:15.208 +02:00 [INF] Executed DbCommand (0ms) [Parameters=[@__sessionId_0='?' (DbType = Guid), @__p_1='?' (DbType = Int32)], CommandType='"Text"', CommandTimeout='30']
SELECT "m"."Id", "m"."Content", "m"."CreatedUtc", "m"."Kind", "m"."Role", "m"."SessionId", "m"."TokenUsageJson"
FROM "Messages" AS "m"
WHERE "m"."SessionId" = @__sessionId_0
ORDER BY "m"."CreatedUtc" DESC
LIMIT @__p_1
2025-09-01 21:16:15.682 +02:00 [INF] Executed DbCommand (19ms) [Parameters=[@p0='?' (DbType = Guid), @p1='?' (Size = 150), @p2='?' (DbType = DateTime), @p3='?', @p4='?' (Size = 9), @p5='?' (DbType = Guid), @p6='?'], CommandType='"Text"', CommandTimeout='30']
INSERT INTO "Messages" ("Id", "Content", "CreatedUtc", "Kind", "Role", "SessionId", "TokenUsageJson")
VALUES (@p0, @p1, @p2, @p3, @p4, @p5, @p6);
2025-09-01 21:16:15.697 +02:00 [INF] Executed DbCommand (8ms) [Parameters=[@p0='?' (DbType = Guid), @p1='?' (Size = 150), @p2='?' (DbType = DateTime), @p3='?', @p4='?' (Size = 9), @p5='?' (DbType = Guid), @p6='?'], CommandType='"Text"', CommandTimeout='30']
INSERT INTO "Messages" ("Id", "Content", "CreatedUtc", "Kind", "Role", "SessionId", "TokenUsageJson")
VALUES (@p0, @p1, @p2, @p3, @p4, @p5, @p6);
2025-09-01 21:16:44.090 +02:00 [INF] Request starting HTTP/1.1 OPTIONS http://localhost:5088/sessions/2bdc4685-0f2b-407c-92d7-07b894e77697/messages - null null
2025-09-01 21:16:44.099 +02:00 [INF] CORS policy execution successful.
2025-09-01 21:16:44.104 +02:00 [INF] Request finished HTTP/1.1 OPTIONS http://localhost:5088/sessions/2bdc4685-0f2b-407c-92d7-07b894e77697/messages - 204 null null 14.081ms
2025-09-01 21:16:44.110 +02:00 [INF] Request starting HTTP/1.1 POST http://localhost:5088/sessions/2bdc4685-0f2b-407c-92d7-07b894e77697/messages - application/json 36
2025-09-01 21:16:44.115 +02:00 [INF] CORS policy execution successful.
2025-09-01 21:16:44.120 +02:00 [INF] Executing endpoint 'HTTP: POST /sessions/{id:guid}/messages'
2025-09-01 21:16:44.125 +02:00 [INF] Executed DbCommand (0ms) [Parameters=[@__p_0='?' (DbType = Guid)], CommandType='"Text"', CommandTimeout='30']
SELECT "s"."Id", "s"."AgentId", "s"."EndedUtc", "s"."LastEventIdx", "s"."StartedUtc", "s"."Status", "s"."UserId"
FROM "Sessions" AS "s"
WHERE "s"."Id" = @__p_0
LIMIT 1
2025-09-01 21:16:44.141 +02:00 [INF] Executed DbCommand (9ms) [Parameters=[@p0='?' (DbType = Guid), @p1='?' (Size = 22), @p2='?' (DbType = DateTime), @p3='?', @p4='?' (Size = 4), @p5='?' (DbType = Guid), @p6='?'], CommandType='"Text"', CommandTimeout='30']
INSERT INTO "Messages" ("Id", "Content", "CreatedUtc", "Kind", "Role", "SessionId", "TokenUsageJson")
VALUES (@p0, @p1, @p2, @p3, @p4, @p5, @p6);
2025-09-01 21:16:44.146 +02:00 [INF] Setting HTTP status code 202.
2025-09-01 21:16:44.147 +02:00 [INF] Executed DbCommand (0ms) [Parameters=[@__p_0='?' (DbType = Guid)], CommandType='"Text"', CommandTimeout='30']
SELECT "a"."Id", "a"."Autonomy", "a"."CreatedUtc", "a"."GuardrailsJson", "a"."Name", "a"."ParamsJson", "a"."Provider", "a"."SystemPrompt", "a"."Temperature", "a"."TemplateRef", "a"."TokenBudget", "a"."ToolBudget", "a"."TopP", "a"."UpdatedUtc"
FROM "Agents" AS "a"
WHERE "a"."Id" = @__p_0
LIMIT 1
2025-09-01 21:16:44.151 +02:00 [INF] Writing value of type 'AcceptedResponse' as Json.
2025-09-01 21:16:44.162 +02:00 [INF] Executed endpoint 'HTTP: POST /sessions/{id:guid}/messages'
2025-09-01 21:16:44.167 +02:00 [INF] Request finished HTTP/1.1 POST http://localhost:5088/sessions/2bdc4685-0f2b-407c-92d7-07b894e77697/messages - 202 null application/json; charset=utf-8 57.2502ms
2025-09-01 21:16:44.169 +02:00 [INF] Executed DbCommand (10ms) [Parameters=[@p0='?' (DbType = Guid), @p1='?' (Size = 22), @p2='?' (DbType = DateTime), @p3='?', @p4='?' (Size = 4), @p5='?' (DbType = Guid), @p6='?'], CommandType='"Text"', CommandTimeout='30']
INSERT INTO "Messages" ("Id", "Content", "CreatedUtc", "Kind", "Role", "SessionId", "TokenUsageJson")
VALUES (@p0, @p1, @p2, @p3, @p4, @p5, @p6);
2025-09-01 21:16:44.181 +02:00 [INF] Executed DbCommand (0ms) [Parameters=[@__agentId_0='?' (DbType = Guid)], CommandType='"Text"', CommandTimeout='30']
SELECT "a"."Id", "a"."AgentId", "a"."ConfigJson", "a"."Enabled", "a"."ToolId", "t"."Id", "t"."Description", "t"."Enabled", "t"."InputSchemaJson", "t"."McpServerId", "t"."Name", "t"."Scope", "m"."Id", "m"."AuthType", "m"."BaseUrl", "m"."LastSeenUtc", "m"."MetadataJson", "m"."Name", "m"."Status"
FROM "AgentToolBindings" AS "a"
INNER JOIN "Tools" AS "t" ON "a"."ToolId" = "t"."Id"
INNER JOIN "McpServers" AS "m" ON "t"."McpServerId" = "m"."Id"
WHERE "a"."AgentId" = @__agentId_0 AND "a"."Enabled"
2025-09-01 21:16:44.194 +02:00 [INF] Executed DbCommand (1ms) [Parameters=[@__sessionId_0='?' (DbType = Guid), @__kind_1='?' (Size = 11), @__p_2='?' (DbType = Int32)], CommandType='"Text"', CommandTimeout='30']
SELECT "m"."Id", "m"."Content", "m"."CreatedUtc", "m"."Kind", "m"."Role", "m"."SessionId", "m"."TokenUsageJson"
FROM "Messages" AS "m"
WHERE "m"."SessionId" = @__sessionId_0 AND "m"."Kind" = @__kind_1
ORDER BY "m"."CreatedUtc" DESC
LIMIT @__p_2
2025-09-01 21:16:44.204 +02:00 [INF] Executed DbCommand (1ms) [Parameters=[@__sessionId_0='?' (DbType = Guid), @__p_1='?' (DbType = Int32)], CommandType='"Text"', CommandTimeout='30']
SELECT "m"."Id", "m"."Content", "m"."CreatedUtc", "m"."Kind", "m"."Role", "m"."SessionId", "m"."TokenUsageJson"
FROM "Messages" AS "m"
WHERE "m"."SessionId" = @__sessionId_0
ORDER BY "m"."CreatedUtc" DESC
LIMIT @__p_1
2025-09-01 21:16:44.213 +02:00 [INF] Executed DbCommand (0ms) [Parameters=[@__agentId_0='?' (DbType = Guid)], CommandType='"Text"', CommandTimeout='30']
SELECT "a"."Id", "a"."AgentId", "a"."ConfigJson", "a"."Enabled", "a"."ToolId", "t"."Id", "t"."Description", "t"."Enabled", "t"."InputSchemaJson", "t"."McpServerId", "t"."Name", "t"."Scope", "m"."Id", "m"."AuthType", "m"."BaseUrl", "m"."LastSeenUtc", "m"."MetadataJson", "m"."Name", "m"."Status"
FROM "AgentToolBindings" AS "a"
INNER JOIN "Tools" AS "t" ON "a"."ToolId" = "t"."Id"
INNER JOIN "McpServers" AS "m" ON "t"."McpServerId" = "m"."Id"
WHERE "a"."AgentId" = @__agentId_0 AND "a"."Enabled"
2025-09-01 21:16:44.623 +02:00 [INF] Executed DbCommand (0ms) [Parameters=[@__sessionId_0='?' (DbType = Guid), @__p_1='?' (DbType = Int32)], CommandType='"Text"', CommandTimeout='30']
SELECT "m"."Id", "m"."Content", "m"."CreatedUtc", "m"."Kind", "m"."Role", "m"."SessionId", "m"."TokenUsageJson"
FROM "Messages" AS "m"
WHERE "m"."SessionId" = @__sessionId_0
ORDER BY "m"."CreatedUtc" DESC
LIMIT @__p_1
2025-09-01 21:16:45.109 +02:00 [INF] Executed DbCommand (9ms) [Parameters=[@p0='?' (DbType = Guid), @p1='?' (Size = 155), @p2='?' (DbType = DateTime), @p3='?', @p4='?' (Size = 9), @p5='?' (DbType = Guid), @p6='?'], CommandType='"Text"', CommandTimeout='30']
INSERT INTO "Messages" ("Id", "Content", "CreatedUtc", "Kind", "Role", "SessionId", "TokenUsageJson")
VALUES (@p0, @p1, @p2, @p3, @p4, @p5, @p6);
2025-09-01 21:16:45.125 +02:00 [INF] Executed DbCommand (9ms) [Parameters=[@p0='?' (DbType = Guid), @p1='?' (Size = 155), @p2='?' (DbType = DateTime), @p3='?', @p4='?' (Size = 9), @p5='?' (DbType = Guid), @p6='?'], CommandType='"Text"', CommandTimeout='30']
INSERT INTO "Messages" ("Id", "Content", "CreatedUtc", "Kind", "Role", "SessionId", "TokenUsageJson")
VALUES (@p0, @p1, @p2, @p3, @p4, @p5, @p6);
2025-09-01 21:20:35.198 +02:00 [INF] Application is shutting down...
2025-09-01 21:20:35.209 +02:00 [INF] Executed endpoint '/hubs/trace'
2025-09-01 21:20:35.219 +02:00 [INF] Request finished HTTP/1.1 GET http://localhost:5088/hubs/trace?id=UVkdrYX92GD0WtAJiAJ5jA - 101 null null 316401.3705ms
2025-09-01 21:20:59.647 +02:00 [INF] User profile is available. Using 'C:\Users\Usuario\AppData\Local\ASP.NET\DataProtection-Keys' as key repository and Windows DPAPI to encrypt keys at rest.
2025-09-01 21:21:00.113 +02:00 [INF] Now listening on: http://localhost:5088
2025-09-01 21:21:00.119 +02:00 [INF] Application started. Press Ctrl+C to shut down.
2025-09-01 21:21:00.121 +02:00 [INF] Hosting environment: Development
2025-09-01 21:21:00.122 +02:00 [INF] Content root path: D:\BearDevelopment\AutoAgent\autoagent_back\src\AutoAgentes.Api
2025-09-01 21:21:00.299 +02:00 [INF] Request starting HTTP/1.1 OPTIONS http://localhost:5088/agents/1e5ffb9e-fb28-4405-b82b-b4647aa5a865 - null null
2025-09-01 21:21:00.301 +02:00 [INF] Request starting HTTP/1.1 OPTIONS http://localhost:5088/agents/1e5ffb9e-fb28-4405-b82b-b4647aa5a865/bindings - null null
2025-09-01 21:21:00.406 +02:00 [INF] CORS policy execution successful.
2025-09-01 21:21:00.406 +02:00 [INF] CORS policy execution successful.
2025-09-01 21:21:00.423 +02:00 [INF] Request finished HTTP/1.1 OPTIONS http://localhost:5088/agents/1e5ffb9e-fb28-4405-b82b-b4647aa5a865 - 204 null null 140.9739ms
2025-09-01 21:21:00.423 +02:00 [INF] Request finished HTTP/1.1 OPTIONS http://localhost:5088/agents/1e5ffb9e-fb28-4405-b82b-b4647aa5a865/bindings - 204 null null 122.5469ms
2025-09-01 21:21:00.443 +02:00 [INF] Request starting HTTP/1.1 GET http://localhost:5088/agents/1e5ffb9e-fb28-4405-b82b-b4647aa5a865/bindings - application/json null
2025-09-01 21:21:00.443 +02:00 [INF] Request starting HTTP/1.1 GET http://localhost:5088/agents/1e5ffb9e-fb28-4405-b82b-b4647aa5a865 - application/json null
2025-09-01 21:21:00.457 +02:00 [INF] CORS policy execution successful.
2025-09-01 21:21:00.457 +02:00 [INF] CORS policy execution successful.
2025-09-01 21:21:00.481 +02:00 [INF] Executing endpoint 'HTTP: GET /agents/{id:guid}/bindings'
2025-09-01 21:21:00.482 +02:00 [INF] Executing endpoint 'HTTP: GET /agents/{id:guid}'
2025-09-01 21:21:01.226 +02:00 [INF] Executed DbCommand (9ms) [Parameters=[@__p_0='?' (DbType = Guid)], CommandType='"Text"', CommandTimeout='30']
SELECT "a"."Id", "a"."Autonomy", "a"."CreatedUtc", "a"."GuardrailsJson", "a"."Name", "a"."ParamsJson", "a"."Provider", "a"."SystemPrompt", "a"."Temperature", "a"."TemplateRef", "a"."TokenBudget", "a"."ToolBudget", "a"."TopP", "a"."UpdatedUtc"
FROM "Agents" AS "a"
WHERE "a"."Id" = @__p_0
LIMIT 1
2025-09-01 21:21:01.226 +02:00 [INF] Executed DbCommand (14ms) [Parameters=[@__agentId_0='?' (DbType = Guid)], CommandType='"Text"', CommandTimeout='30']
SELECT "a"."Id", "a"."AgentId", "a"."ConfigJson", "a"."Enabled", "a"."ToolId"
FROM "AgentToolBindings" AS "a"
WHERE "a"."AgentId" = @__agentId_0
2025-09-01 21:21:01.292 +02:00 [INF] Setting HTTP status code 200.
2025-09-01 21:21:01.292 +02:00 [INF] Setting HTTP status code 200.
2025-09-01 21:21:01.306 +02:00 [INF] Writing value of type 'List`1' as Json.
2025-09-01 21:21:01.306 +02:00 [INF] Writing value of type 'AgentResponse' as Json.
2025-09-01 21:21:01.324 +02:00 [INF] Executed endpoint 'HTTP: GET /agents/{id:guid}/bindings'
2025-09-01 21:21:01.324 +02:00 [INF] Executed endpoint 'HTTP: GET /agents/{id:guid}'
2025-09-01 21:21:01.339 +02:00 [INF] Request finished HTTP/1.1 GET http://localhost:5088/agents/1e5ffb9e-fb28-4405-b82b-b4647aa5a865/bindings - 200 null application/json; charset=utf-8 896.5905ms
2025-09-01 21:21:01.339 +02:00 [INF] Request finished HTTP/1.1 GET http://localhost:5088/agents/1e5ffb9e-fb28-4405-b82b-b4647aa5a865 - 200 null application/json; charset=utf-8 896.5903ms
2025-09-01 21:21:02.760 +02:00 [INF] Request starting HTTP/1.1 OPTIONS http://localhost:5088/sessions - null null
2025-09-01 21:21:02.770 +02:00 [INF] CORS policy execution successful.
2025-09-01 21:21:02.777 +02:00 [INF] Request finished HTTP/1.1 OPTIONS http://localhost:5088/sessions - 204 null null 17.6981ms
2025-09-01 21:21:02.785 +02:00 [INF] Request starting HTTP/1.1 POST http://localhost:5088/sessions - application/json 50
2025-09-01 21:21:02.793 +02:00 [INF] CORS policy execution successful.
2025-09-01 21:21:02.802 +02:00 [INF] Executing endpoint 'HTTP: POST /sessions/'
2025-09-01 21:21:02.879 +02:00 [INF] Executed DbCommand (0ms) [Parameters=[@__p_0='?' (DbType = Guid)], CommandType='"Text"', CommandTimeout='30']
SELECT "a"."Id", "a"."Autonomy", "a"."CreatedUtc", "a"."GuardrailsJson", "a"."Name", "a"."ParamsJson", "a"."Provider", "a"."SystemPrompt", "a"."Temperature", "a"."TemplateRef", "a"."TokenBudget", "a"."ToolBudget", "a"."TopP", "a"."UpdatedUtc"
FROM "Agents" AS "a"
WHERE "a"."Id" = @__p_0
LIMIT 1
2025-09-01 21:21:03.046 +02:00 [INF] Executed DbCommand (11ms) [Parameters=[@p0='?' (DbType = Guid), @p1='?' (DbType = Guid), @p2='?' (DbType = DateTime), @p3='?' (DbType = Int32), @p4='?' (DbType = DateTime), @p5='?' (Size = 7), @p6='?'], CommandType='"Text"', CommandTimeout='30']
INSERT INTO "Sessions" ("Id", "AgentId", "EndedUtc", "LastEventIdx", "StartedUtc", "Status", "UserId")
VALUES (@p0, @p1, @p2, @p3, @p4, @p5, @p6);
2025-09-01 21:21:03.063 +02:00 [INF] Setting HTTP status code 201.
2025-09-01 21:21:03.070 +02:00 [INF] Writing value of type 'SessionCreatedResponse' as Json.
2025-09-01 21:21:03.077 +02:00 [INF] Executed endpoint 'HTTP: POST /sessions/'
2025-09-01 21:21:03.084 +02:00 [INF] Request finished HTTP/1.1 POST http://localhost:5088/sessions - 201 null application/json; charset=utf-8 299.2427ms
2025-09-01 21:21:03.108 +02:00 [INF] Request starting HTTP/1.1 OPTIONS http://localhost:5088/hubs/trace/negotiate?negotiateVersion=1 - null null
2025-09-01 21:21:03.117 +02:00 [INF] CORS policy execution successful.
2025-09-01 21:21:03.123 +02:00 [INF] Request finished HTTP/1.1 OPTIONS http://localhost:5088/hubs/trace/negotiate?negotiateVersion=1 - 204 null null 15.4382ms
2025-09-01 21:21:03.129 +02:00 [INF] Request starting HTTP/1.1 POST http://localhost:5088/hubs/trace/negotiate?negotiateVersion=1 - null 0
2025-09-01 21:21:03.145 +02:00 [INF] CORS policy execution successful.
2025-09-01 21:21:03.160 +02:00 [INF] ApiKey was not authenticated. Failure message: Missing API key
2025-09-01 21:21:03.168 +02:00 [INF] Executing endpoint '/hubs/trace/negotiate'
2025-09-01 21:21:03.188 +02:00 [INF] Executed endpoint '/hubs/trace/negotiate'
2025-09-01 21:21:03.195 +02:00 [INF] Request finished HTTP/1.1 POST http://localhost:5088/hubs/trace/negotiate?negotiateVersion=1 - 200 316 application/json 66.4282ms
2025-09-01 21:21:03.196 +02:00 [INF] Request starting HTTP/1.1 GET http://localhost:5088/hubs/trace?id=7gDID1RDCWx9yYiJ-ZRaGQ - null null
2025-09-01 21:21:03.208 +02:00 [INF] CORS policy execution successful.
2025-09-01 21:21:03.214 +02:00 [INF] ApiKey was not authenticated. Failure message: Missing API key
2025-09-01 21:21:03.220 +02:00 [INF] Executing endpoint '/hubs/trace'
2025-09-01 21:21:05.100 +02:00 [INF] Request starting HTTP/1.1 OPTIONS http://localhost:5088/sessions/7badd32c-ede8-4396-a598-318afa4aaa4c/messages - null null
2025-09-01 21:21:05.112 +02:00 [INF] CORS policy execution successful.
2025-09-01 21:21:05.119 +02:00 [INF] Request finished HTTP/1.1 OPTIONS http://localhost:5088/sessions/7badd32c-ede8-4396-a598-318afa4aaa4c/messages - 204 null null 20.6037ms
2025-09-01 21:21:05.128 +02:00 [INF] Request starting HTTP/1.1 POST http://localhost:5088/sessions/7badd32c-ede8-4396-a598-318afa4aaa4c/messages - application/json 18
2025-09-01 21:21:05.138 +02:00 [INF] CORS policy execution successful.
2025-09-01 21:21:05.145 +02:00 [INF] Executing endpoint 'HTTP: POST /sessions/{id:guid}/messages'
2025-09-01 21:21:05.169 +02:00 [INF] Executed DbCommand (1ms) [Parameters=[@__p_0='?' (DbType = Guid)], CommandType='"Text"', CommandTimeout='30']
SELECT "s"."Id", "s"."AgentId", "s"."EndedUtc", "s"."LastEventIdx", "s"."StartedUtc", "s"."Status", "s"."UserId"
FROM "Sessions" AS "s"
WHERE "s"."Id" = @__p_0
LIMIT 1
2025-09-01 21:21:05.213 +02:00 [INF] Executed DbCommand (18ms) [Parameters=[@p0='?' (DbType = Guid), @p1='?' (Size = 4), @p2='?' (DbType = DateTime), @p3='?', @p4='?' (Size = 4), @p5='?' (DbType = Guid), @p6='?'], CommandType='"Text"', CommandTimeout='30']
INSERT INTO "Messages" ("Id", "Content", "CreatedUtc", "Kind", "Role", "SessionId", "TokenUsageJson")
VALUES (@p0, @p1, @p2, @p3, @p4, @p5, @p6);
2025-09-01 21:21:05.236 +02:00 [INF] Setting HTTP status code 202.
2025-09-01 21:21:05.245 +02:00 [INF] Executed DbCommand (1ms) [Parameters=[@__p_0='?' (DbType = Guid)], CommandType='"Text"', CommandTimeout='30']
SELECT "a"."Id", "a"."Autonomy", "a"."CreatedUtc", "a"."GuardrailsJson", "a"."Name", "a"."ParamsJson", "a"."Provider", "a"."SystemPrompt", "a"."Temperature", "a"."TemplateRef", "a"."TokenBudget", "a"."ToolBudget", "a"."TopP", "a"."UpdatedUtc"
FROM "Agents" AS "a"
WHERE "a"."Id" = @__p_0
LIMIT 1
2025-09-01 21:21:05.247 +02:00 [INF] Writing value of type 'AcceptedResponse' as Json.
2025-09-01 21:21:05.260 +02:00 [INF] Executed endpoint 'HTTP: POST /sessions/{id:guid}/messages'
2025-09-01 21:21:05.267 +02:00 [INF] Request finished HTTP/1.1 POST http://localhost:5088/sessions/7badd32c-ede8-4396-a598-318afa4aaa4c/messages - 202 null application/json; charset=utf-8 139.115ms
2025-09-01 21:21:05.283 +02:00 [INF] Executed DbCommand (9ms) [Parameters=[@p0='?' (DbType = Guid), @p1='?' (Size = 4), @p2='?' (DbType = DateTime), @p3='?', @p4='?' (Size = 4), @p5='?' (DbType = Guid), @p6='?'], CommandType='"Text"', CommandTimeout='30']
INSERT INTO "Messages" ("Id", "Content", "CreatedUtc", "Kind", "Role", "SessionId", "TokenUsageJson")
VALUES (@p0, @p1, @p2, @p3, @p4, @p5, @p6);
2025-09-01 21:21:05.371 +02:00 [INF] Executed DbCommand (1ms) [Parameters=[@__agentId_0='?' (DbType = Guid)], CommandType='"Text"', CommandTimeout='30']
SELECT "a"."Id", "a"."AgentId", "a"."ConfigJson", "a"."Enabled", "a"."ToolId", "t"."Id", "t"."Description", "t"."Enabled", "t"."InputSchemaJson", "t"."McpServerId", "t"."Name", "t"."Scope", "m"."Id", "m"."AuthType", "m"."BaseUrl", "m"."LastSeenUtc", "m"."MetadataJson", "m"."Name", "m"."Status"
FROM "AgentToolBindings" AS "a"
INNER JOIN "Tools" AS "t" ON "a"."ToolId" = "t"."Id"
INNER JOIN "McpServers" AS "m" ON "t"."McpServerId" = "m"."Id"
WHERE "a"."AgentId" = @__agentId_0 AND "a"."Enabled"
2025-09-01 21:21:05.509 +02:00 [INF] Executed DbCommand (1ms) [Parameters=[@__sessionId_0='?' (DbType = Guid), @__kind_1='?' (Size = 11), @__p_2='?' (DbType = Int32)], CommandType='"Text"', CommandTimeout='30']
SELECT "m"."Id", "m"."Content", "m"."CreatedUtc", "m"."Kind", "m"."Role", "m"."SessionId", "m"."TokenUsageJson"
FROM "Messages" AS "m"
WHERE "m"."SessionId" = @__sessionId_0 AND "m"."Kind" = @__kind_1
ORDER BY "m"."CreatedUtc" DESC
LIMIT @__p_2
2025-09-01 21:21:05.528 +02:00 [INF] Executed DbCommand (0ms) [Parameters=[@__sessionId_0='?' (DbType = Guid), @__p_1='?' (DbType = Int32)], CommandType='"Text"', CommandTimeout='30']
SELECT "m"."Id", "m"."Content", "m"."CreatedUtc", "m"."Kind", "m"."Role", "m"."SessionId", "m"."TokenUsageJson"
FROM "Messages" AS "m"
WHERE "m"."SessionId" = @__sessionId_0
ORDER BY "m"."CreatedUtc" DESC
LIMIT @__p_1
2025-09-01 21:21:05.595 +02:00 [INF] Executed DbCommand (0ms) [Parameters=[@__agentId_0='?' (DbType = Guid)], CommandType='"Text"', CommandTimeout='30']
SELECT "a"."Id", "a"."AgentId", "a"."ConfigJson", "a"."Enabled", "a"."ToolId", "t"."Id", "t"."Description", "t"."Enabled", "t"."InputSchemaJson", "t"."McpServerId", "t"."Name", "t"."Scope", "m"."Id", "m"."AuthType", "m"."BaseUrl", "m"."LastSeenUtc", "m"."MetadataJson", "m"."Name", "m"."Status"
FROM "AgentToolBindings" AS "a"
INNER JOIN "Tools" AS "t" ON "a"."ToolId" = "t"."Id"
INNER JOIN "McpServers" AS "m" ON "t"."McpServerId" = "m"."Id"
WHERE "a"."AgentId" = @__agentId_0 AND "a"."Enabled"
2025-09-01 21:21:06.674 +02:00 [INF] Executed DbCommand (1ms) [Parameters=[@__agentId_0='?' (DbType = Guid)], CommandType='"Text"', CommandTimeout='30']
SELECT "a"."Id", "a"."AgentId", "a"."ConfigJson", "a"."Enabled", "a"."ToolId", "t"."Id", "t"."Description", "t"."Enabled", "t"."InputSchemaJson", "t"."McpServerId", "t"."Name", "t"."Scope", "m"."Id", "m"."AuthType", "m"."BaseUrl", "m"."LastSeenUtc", "m"."MetadataJson", "m"."Name", "m"."Status"
FROM "AgentToolBindings" AS "a"
INNER JOIN "Tools" AS "t" ON "a"."ToolId" = "t"."Id"
INNER JOIN "McpServers" AS "m" ON "t"."McpServerId" = "m"."Id"
WHERE "a"."AgentId" = @__agentId_0 AND "a"."Enabled"
2025-09-01 21:21:06.690 +02:00 [INF] Executed DbCommand (0ms) [Parameters=[@__agentId_0='?' (DbType = Guid)], CommandType='"Text"', CommandTimeout='30']
SELECT "a"."Id", "a"."AgentId", "a"."ConfigJson", "a"."Enabled", "a"."ToolId", "t"."Id", "t"."Description", "t"."Enabled", "t"."InputSchemaJson", "t"."McpServerId", "t"."Name", "t"."Scope", "m"."Id", "m"."AuthType", "m"."BaseUrl", "m"."LastSeenUtc", "m"."MetadataJson", "m"."Name", "m"."Status"
FROM "AgentToolBindings" AS "a"
INNER JOIN "Tools" AS "t" ON "a"."ToolId" = "t"."Id"
INNER JOIN "McpServers" AS "m" ON "t"."McpServerId" = "m"."Id"
WHERE "a"."AgentId" = @__agentId_0 AND "a"."Enabled"
2025-09-01 21:21:07.163 +02:00 [INF] Executed DbCommand (0ms) [Parameters=[], CommandType='"Text"', CommandTimeout='30']
SELECT "m"."Id", "m"."AuthType", "m"."BaseUrl", "m"."LastSeenUtc", "m"."MetadataJson", "m"."Name", "m"."Status"
FROM "McpServers" AS "m"
ORDER BY "m"."LastSeenUtc"
2025-09-01 21:21:07.175 +02:00 [INF] Conectando a MCP WebSocket: ws://localhost:8970/ws
2025-09-01 21:21:07.418 +02:00 [INF] Executed DbCommand (0ms) [Parameters=[@__agentId_0='?' (DbType = Guid)], CommandType='"Text"', CommandTimeout='30']
SELECT "a"."Id", "a"."AgentId", "a"."ConfigJson", "a"."Enabled", "a"."ToolId", "t"."Id", "t"."Description", "t"."Enabled", "t"."InputSchemaJson", "t"."McpServerId", "t"."Name", "t"."Scope", "m"."Id", "m"."AuthType", "m"."BaseUrl", "m"."LastSeenUtc", "m"."MetadataJson", "m"."Name", "m"."Status"
FROM "AgentToolBindings" AS "a"
INNER JOIN "Tools" AS "t" ON "a"."ToolId" = "t"."Id"
INNER JOIN "McpServers" AS "m" ON "t"."McpServerId" = "m"."Id"
WHERE "a"."AgentId" = @__agentId_0 AND "a"."Enabled"
2025-09-01 21:21:10.504 +02:00 [INF] Executed DbCommand (19ms) [Parameters=[@p0='?' (DbType = Guid), @p1='?' (Size = 50), @p2='?' (DbType = DateTime), @p3='?' (Size = 11), @p4='?' (Size = 9), @p5='?' (DbType = Guid), @p6='?'], CommandType='"Text"', CommandTimeout='30']
INSERT INTO "Messages" ("Id", "Content", "CreatedUtc", "Kind", "Role", "SessionId", "TokenUsageJson")
VALUES (@p0, @p1, @p2, @p3, @p4, @p5, @p6);
2025-09-01 21:21:10.522 +02:00 [INF] Executed DbCommand (1ms) [Parameters=[@__sessionId_0='?' (DbType = Guid), @__p_1='?' (DbType = Int32)], CommandType='"Text"', CommandTimeout='30']
SELECT "m"."Id", "m"."Content", "m"."CreatedUtc", "m"."Kind", "m"."Role", "m"."SessionId", "m"."TokenUsageJson"
FROM "Messages" AS "m"
WHERE "m"."SessionId" = @__sessionId_0
ORDER BY "m"."CreatedUtc" DESC
LIMIT @__p_1
2025-09-01 21:21:10.917 +02:00 [INF] Executed DbCommand (20ms) [Parameters=[@p0='?' (DbType = Guid), @p1='?' (Size = 34), @p2='?' (DbType = DateTime), @p3='?', @p4='?' (Size = 9), @p5='?' (DbType = Guid), @p6='?'], CommandType='"Text"', CommandTimeout='30']
INSERT INTO "Messages" ("Id", "Content", "CreatedUtc", "Kind", "Role", "SessionId", "TokenUsageJson")
VALUES (@p0, @p1, @p2, @p3, @p4, @p5, @p6);
2025-09-01 21:21:10.938 +02:00 [INF] Executed DbCommand (9ms) [Parameters=[@p0='?' (DbType = Guid), @p1='?' (Size = 34), @p2='?' (DbType = DateTime), @p3='?', @p4='?' (Size = 9), @p5='?' (DbType = Guid), @p6='?'], CommandType='"Text"', CommandTimeout='30']
INSERT INTO "Messages" ("Id", "Content", "CreatedUtc", "Kind", "Role", "SessionId", "TokenUsageJson")
VALUES (@p0, @p1, @p2, @p3, @p4, @p5, @p6);
2025-09-01 21:21:14.479 +02:00 [INF] Request starting HTTP/1.1 OPTIONS http://localhost:5088/sessions/7badd32c-ede8-4396-a598-318afa4aaa4c/messages - null null
2025-09-01 21:21:14.487 +02:00 [INF] CORS policy execution successful.
2025-09-01 21:21:14.492 +02:00 [INF] Request finished HTTP/1.1 OPTIONS http://localhost:5088/sessions/7badd32c-ede8-4396-a598-318afa4aaa4c/messages - 204 null null 12.921ms
2025-09-01 21:21:14.498 +02:00 [INF] Request starting HTTP/1.1 POST http://localhost:5088/sessions/7badd32c-ede8-4396-a598-318afa4aaa4c/messages - application/json 28
2025-09-01 21:21:14.503 +02:00 [INF] CORS policy execution successful.
2025-09-01 21:21:14.508 +02:00 [INF] Executing endpoint 'HTTP: POST /sessions/{id:guid}/messages'
2025-09-01 21:21:14.517 +02:00 [INF] Executed DbCommand (0ms) [Parameters=[@__p_0='?' (DbType = Guid)], CommandType='"Text"', CommandTimeout='30']
SELECT "s"."Id", "s"."AgentId", "s"."EndedUtc", "s"."LastEventIdx", "s"."StartedUtc", "s"."Status", "s"."UserId"
FROM "Sessions" AS "s"
WHERE "s"."Id" = @__p_0
LIMIT 1
2025-09-01 21:21:14.543 +02:00 [INF] Executed DbCommand (18ms) [Parameters=[@p0='?' (DbType = Guid), @p1='?' (Size = 14), @p2='?' (DbType = DateTime), @p3='?', @p4='?' (Size = 4), @p5='?' (DbType = Guid), @p6='?'], CommandType='"Text"', CommandTimeout='30']
INSERT INTO "Messages" ("Id", "Content", "CreatedUtc", "Kind", "Role", "SessionId", "TokenUsageJson")
VALUES (@p0, @p1, @p2, @p3, @p4, @p5, @p6);
2025-09-01 21:21:14.549 +02:00 [INF] Setting HTTP status code 202.
2025-09-01 21:21:14.550 +02:00 [INF] Executed DbCommand (0ms) [Parameters=[@__p_0='?' (DbType = Guid)], CommandType='"Text"', CommandTimeout='30']
SELECT "a"."Id", "a"."Autonomy", "a"."CreatedUtc", "a"."GuardrailsJson", "a"."Name", "a"."ParamsJson", "a"."Provider", "a"."SystemPrompt", "a"."Temperature", "a"."TemplateRef", "a"."TokenBudget", "a"."ToolBudget", "a"."TopP", "a"."UpdatedUtc"
FROM "Agents" AS "a"
WHERE "a"."Id" = @__p_0
LIMIT 1
2025-09-01 21:21:14.555 +02:00 [INF] Writing value of type 'AcceptedResponse' as Json.
2025-09-01 21:21:14.566 +02:00 [INF] Executed endpoint 'HTTP: POST /sessions/{id:guid}/messages'
2025-09-01 21:21:14.571 +02:00 [INF] Request finished HTTP/1.1 POST http://localhost:5088/sessions/7badd32c-ede8-4396-a598-318afa4aaa4c/messages - 202 null application/json; charset=utf-8 72.911ms
2025-09-01 21:21:14.577 +02:00 [INF] Executed DbCommand (10ms) [Parameters=[@p0='?' (DbType = Guid), @p1='?' (Size = 14), @p2='?' (DbType = DateTime), @p3='?', @p4='?' (Size = 4), @p5='?' (DbType = Guid), @p6='?'], CommandType='"Text"', CommandTimeout='30']
INSERT INTO "Messages" ("Id", "Content", "CreatedUtc", "Kind", "Role", "SessionId", "TokenUsageJson")
VALUES (@p0, @p1, @p2, @p3, @p4, @p5, @p6);
2025-09-01 21:21:14.587 +02:00 [INF] Executed DbCommand (0ms) [Parameters=[@__agentId_0='?' (DbType = Guid)], CommandType='"Text"', CommandTimeout='30']
SELECT "a"."Id", "a"."AgentId", "a"."ConfigJson", "a"."Enabled", "a"."ToolId", "t"."Id", "t"."Description", "t"."Enabled", "t"."InputSchemaJson", "t"."McpServerId", "t"."Name", "t"."Scope", "m"."Id", "m"."AuthType", "m"."BaseUrl", "m"."LastSeenUtc", "m"."MetadataJson", "m"."Name", "m"."Status"
FROM "AgentToolBindings" AS "a"
INNER JOIN "Tools" AS "t" ON "a"."ToolId" = "t"."Id"
INNER JOIN "McpServers" AS "m" ON "t"."McpServerId" = "m"."Id"
WHERE "a"."AgentId" = @__agentId_0 AND "a"."Enabled"
2025-09-01 21:21:14.601 +02:00 [INF] Executed DbCommand (0ms) [Parameters=[@__sessionId_0='?' (DbType = Guid), @__kind_1='?' (Size = 11), @__p_2='?' (DbType = Int32)], CommandType='"Text"', CommandTimeout='30']
SELECT "m"."Id", "m"."Content", "m"."CreatedUtc", "m"."Kind", "m"."Role", "m"."SessionId", "m"."TokenUsageJson"
FROM "Messages" AS "m"
WHERE "m"."SessionId" = @__sessionId_0 AND "m"."Kind" = @__kind_1
ORDER BY "m"."CreatedUtc" DESC
LIMIT @__p_2
2025-09-01 21:21:14.622 +02:00 [INF] Executed DbCommand (0ms) [Parameters=[@__sessionId_0='?' (DbType = Guid), @__p_1='?' (DbType = Int32)], CommandType='"Text"', CommandTimeout='30']
SELECT "m"."Id", "m"."Content", "m"."CreatedUtc", "m"."Kind", "m"."Role", "m"."SessionId", "m"."TokenUsageJson"
FROM "Messages" AS "m"
WHERE "m"."SessionId" = @__sessionId_0
ORDER BY "m"."CreatedUtc" DESC
LIMIT @__p_1
2025-09-01 21:21:14.633 +02:00 [INF] Executed DbCommand (0ms) [Parameters=[@__agentId_0='?' (DbType = Guid)], CommandType='"Text"', CommandTimeout='30']
SELECT "a"."Id", "a"."AgentId", "a"."ConfigJson", "a"."Enabled", "a"."ToolId", "t"."Id", "t"."Description", "t"."Enabled", "t"."InputSchemaJson", "t"."McpServerId", "t"."Name", "t"."Scope", "m"."Id", "m"."AuthType", "m"."BaseUrl", "m"."LastSeenUtc", "m"."MetadataJson", "m"."Name", "m"."Status"
FROM "AgentToolBindings" AS "a"
INNER JOIN "Tools" AS "t" ON "a"."ToolId" = "t"."Id"
INNER JOIN "McpServers" AS "m" ON "t"."McpServerId" = "m"."Id"
WHERE "a"."AgentId" = @__agentId_0 AND "a"."Enabled"
2025-09-01 21:21:15.949 +02:00 [INF] Executed DbCommand (0ms) [Parameters=[@__agentId_0='?' (DbType = Guid)], CommandType='"Text"', CommandTimeout='30']
SELECT "a"."Id", "a"."AgentId", "a"."ConfigJson", "a"."Enabled", "a"."ToolId", "t"."Id", "t"."Description", "t"."Enabled", "t"."InputSchemaJson", "t"."McpServerId", "t"."Name", "t"."Scope", "m"."Id", "m"."AuthType", "m"."BaseUrl", "m"."LastSeenUtc", "m"."MetadataJson", "m"."Name", "m"."Status"
FROM "AgentToolBindings" AS "a"
INNER JOIN "Tools" AS "t" ON "a"."ToolId" = "t"."Id"
INNER JOIN "McpServers" AS "m" ON "t"."McpServerId" = "m"."Id"
WHERE "a"."AgentId" = @__agentId_0 AND "a"."Enabled"
2025-09-01 21:21:15.961 +02:00 [INF] Executed DbCommand (1ms) [Parameters=[@__agentId_0='?' (DbType = Guid)], CommandType='"Text"', CommandTimeout='30']
SELECT "a"."Id", "a"."AgentId", "a"."ConfigJson", "a"."Enabled", "a"."ToolId", "t"."Id", "t"."Description", "t"."Enabled", "t"."InputSchemaJson", "t"."McpServerId", "t"."Name", "t"."Scope", "m"."Id", "m"."AuthType", "m"."BaseUrl", "m"."LastSeenUtc", "m"."MetadataJson", "m"."Name", "m"."Status"
FROM "AgentToolBindings" AS "a"
INNER JOIN "Tools" AS "t" ON "a"."ToolId" = "t"."Id"
INNER JOIN "McpServers" AS "m" ON "t"."McpServerId" = "m"."Id"
WHERE "a"."AgentId" = @__agentId_0 AND "a"."Enabled"
2025-09-01 21:21:16.344 +02:00 [INF] Executed DbCommand (1ms) [Parameters=[], CommandType='"Text"', CommandTimeout='30']
SELECT "m"."Id", "m"."AuthType", "m"."BaseUrl", "m"."LastSeenUtc", "m"."MetadataJson", "m"."Name", "m"."Status"
FROM "McpServers" AS "m"
ORDER BY "m"."LastSeenUtc"
2025-09-01 21:21:16.352 +02:00 [INF] Conectando a MCP WebSocket: ws://localhost:8970/ws
2025-09-01 21:21:16.576 +02:00 [INF] Executed DbCommand (0ms) [Parameters=[@__agentId_0='?' (DbType = Guid)], CommandType='"Text"', CommandTimeout='30']
SELECT "a"."Id", "a"."AgentId", "a"."ConfigJson", "a"."Enabled", "a"."ToolId", "t"."Id", "t"."Description", "t"."Enabled", "t"."InputSchemaJson", "t"."McpServerId", "t"."Name", "t"."Scope", "m"."Id", "m"."AuthType", "m"."BaseUrl", "m"."LastSeenUtc", "m"."MetadataJson", "m"."Name", "m"."Status"
FROM "AgentToolBindings" AS "a"
INNER JOIN "Tools" AS "t" ON "a"."ToolId" = "t"."Id"
INNER JOIN "McpServers" AS "m" ON "t"."McpServerId" = "m"."Id"
WHERE "a"."AgentId" = @__agentId_0 AND "a"."Enabled"
2025-09-01 21:21:19.006 +02:00 [INF] Executed DbCommand (21ms) [Parameters=[@p0='?' (DbType = Guid), @p1='?' (Size = 54), @p2='?' (DbType = DateTime), @p3='?' (Size = 11), @p4='?' (Size = 9), @p5='?' (DbType = Guid), @p6='?'], CommandType='"Text"', CommandTimeout='30']
INSERT INTO "Messages" ("Id", "Content", "CreatedUtc", "Kind", "Role", "SessionId", "TokenUsageJson")
VALUES (@p0, @p1, @p2, @p3, @p4, @p5, @p6);
2025-09-01 21:21:19.017 +02:00 [INF] Executed DbCommand (1ms) [Parameters=[@__sessionId_0='?' (DbType = Guid), @__p_1='?' (DbType = Int32)], CommandType='"Text"', CommandTimeout='30']
SELECT "m"."Id", "m"."Content", "m"."CreatedUtc", "m"."Kind", "m"."Role", "m"."SessionId", "m"."TokenUsageJson"
FROM "Messages" AS "m"
WHERE "m"."SessionId" = @__sessionId_0
ORDER BY "m"."CreatedUtc" DESC
LIMIT @__p_1
2025-09-01 21:21:20.287 +02:00 [INF] Executed DbCommand (18ms) [Parameters=[@p0='?' (DbType = Guid), @p1='?' (Size = 78), @p2='?' (DbType = DateTime), @p3='?', @p4='?' (Size = 9), @p5='?' (DbType = Guid), @p6='?'], CommandType='"Text"', CommandTimeout='30']
INSERT INTO "Messages" ("Id", "Content", "CreatedUtc", "Kind", "Role", "SessionId", "TokenUsageJson")
VALUES (@p0, @p1, @p2, @p3, @p4, @p5, @p6);
2025-09-01 21:21:20.304 +02:00 [INF] Executed DbCommand (9ms) [Parameters=[@p0='?' (DbType = Guid), @p1='?' (Size = 78), @p2='?' (DbType = DateTime), @p3='?', @p4='?' (Size = 9), @p5='?' (DbType = Guid), @p6='?'], CommandType='"Text"', CommandTimeout='30']
INSERT INTO "Messages" ("Id", "Content", "CreatedUtc", "Kind", "Role", "SessionId", "TokenUsageJson")
VALUES (@p0, @p1, @p2, @p3, @p4, @p5, @p6);
2025-09-01 21:21:26.978 +02:00 [INF] Request starting HTTP/1.1 OPTIONS http://localhost:5088/sessions/7badd32c-ede8-4396-a598-318afa4aaa4c/messages - null null
2025-09-01 21:21:26.986 +02:00 [INF] CORS policy execution successful.
2025-09-01 21:21:26.992 +02:00 [INF] Request finished HTTP/1.1 OPTIONS http://localhost:5088/sessions/7badd32c-ede8-4396-a598-318afa4aaa4c/messages - 204 null null 13.8667ms
2025-09-01 21:21:26.998 +02:00 [INF] Request starting HTTP/1.1 POST http://localhost:5088/sessions/7badd32c-ede8-4396-a598-318afa4aaa4c/messages - application/json 41
2025-09-01 21:21:27.003 +02:00 [INF] CORS policy execution successful.
2025-09-01 21:21:27.007 +02:00 [INF] Executing endpoint 'HTTP: POST /sessions/{id:guid}/messages'
2025-09-01 21:21:27.014 +02:00 [INF] Executed DbCommand (0ms) [Parameters=[@__p_0='?' (DbType = Guid)], CommandType='"Text"', CommandTimeout='30']
SELECT "s"."Id", "s"."AgentId", "s"."EndedUtc", "s"."LastEventIdx", "s"."StartedUtc", "s"."Status", "s"."UserId"
FROM "Sessions" AS "s"
WHERE "s"."Id" = @__p_0
LIMIT 1
2025-09-01 21:21:27.041 +02:00 [INF] Executed DbCommand (19ms) [Parameters=[@p0='?' (DbType = Guid), @p1='?' (Size = 27), @p2='?' (DbType = DateTime), @p3='?', @p4='?' (Size = 4), @p5='?' (DbType = Guid), @p6='?'], CommandType='"Text"', CommandTimeout='30']
INSERT INTO "Messages" ("Id", "Content", "CreatedUtc", "Kind", "Role", "SessionId", "TokenUsageJson")
VALUES (@p0, @p1, @p2, @p3, @p4, @p5, @p6);
2025-09-01 21:21:27.048 +02:00 [INF] Setting HTTP status code 202.
2025-09-01 21:21:27.049 +02:00 [INF] Executed DbCommand (0ms) [Parameters=[@__p_0='?' (DbType = Guid)], CommandType='"Text"', CommandTimeout='30']
SELECT "a"."Id", "a"."Autonomy", "a"."CreatedUtc", "a"."GuardrailsJson", "a"."Name", "a"."ParamsJson", "a"."Provider", "a"."SystemPrompt", "a"."Temperature", "a"."TemplateRef", "a"."TokenBudget", "a"."ToolBudget", "a"."TopP", "a"."UpdatedUtc"
FROM "Agents" AS "a"
WHERE "a"."Id" = @__p_0
LIMIT 1
2025-09-01 21:21:27.053 +02:00 [INF] Writing value of type 'AcceptedResponse' as Json.
2025-09-01 21:21:27.064 +02:00 [INF] Executed endpoint 'HTTP: POST /sessions/{id:guid}/messages'
2025-09-01 21:21:27.071 +02:00 [INF] Request finished HTTP/1.1 POST http://localhost:5088/sessions/7badd32c-ede8-4396-a598-318afa4aaa4c/messages - 202 null application/json; charset=utf-8 72.6517ms
2025-09-01 21:21:27.076 +02:00 [INF] Executed DbCommand (10ms) [Parameters=[@p0='?' (DbType = Guid), @p1='?' (Size = 27), @p2='?' (DbType = DateTime), @p3='?', @p4='?' (Size = 4), @p5='?' (DbType = Guid), @p6='?'], CommandType='"Text"', CommandTimeout='30']
INSERT INTO "Messages" ("Id", "Content", "CreatedUtc", "Kind", "Role", "SessionId", "TokenUsageJson")
VALUES (@p0, @p1, @p2, @p3, @p4, @p5, @p6);
2025-09-01 21:21:27.085 +02:00 [INF] Executed DbCommand (1ms) [Parameters=[@__agentId_0='?' (DbType = Guid)], CommandType='"Text"', CommandTimeout='30']
SELECT "a"."Id", "a"."AgentId", "a"."ConfigJson", "a"."Enabled", "a"."ToolId", "t"."Id", "t"."Description", "t"."Enabled", "t"."InputSchemaJson", "t"."McpServerId", "t"."Name", "t"."Scope", "m"."Id", "m"."AuthType", "m"."BaseUrl", "m"."LastSeenUtc", "m"."MetadataJson", "m"."Name", "m"."Status"
FROM "AgentToolBindings" AS "a"
INNER JOIN "Tools" AS "t" ON "a"."ToolId" = "t"."Id"
INNER JOIN "McpServers" AS "m" ON "t"."McpServerId" = "m"."Id"
WHERE "a"."AgentId" = @__agentId_0 AND "a"."Enabled"
2025-09-01 21:21:27.098 +02:00 [INF] Executed DbCommand (1ms) [Parameters=[@__sessionId_0='?' (DbType = Guid), @__kind_1='?' (Size = 11), @__p_2='?' (DbType = Int32)], CommandType='"Text"', CommandTimeout='30']
SELECT "m"."Id", "m"."Content", "m"."CreatedUtc", "m"."Kind", "m"."Role", "m"."SessionId", "m"."TokenUsageJson"
FROM "Messages" AS "m"
WHERE "m"."SessionId" = @__sessionId_0 AND "m"."Kind" = @__kind_1
ORDER BY "m"."CreatedUtc" DESC
LIMIT @__p_2
2025-09-01 21:21:27.107 +02:00 [INF] Executed DbCommand (0ms) [Parameters=[@__sessionId_0='?' (DbType = Guid), @__p_1='?' (DbType = Int32)], CommandType='"Text"', CommandTimeout='30']
SELECT "m"."Id", "m"."Content", "m"."CreatedUtc", "m"."Kind", "m"."Role", "m"."SessionId", "m"."TokenUsageJson"
FROM "Messages" AS "m"
WHERE "m"."SessionId" = @__sessionId_0
ORDER BY "m"."CreatedUtc" DESC
LIMIT @__p_1
2025-09-01 21:21:27.116 +02:00 [INF] Executed DbCommand (1ms) [Parameters=[@__agentId_0='?' (DbType = Guid)], CommandType='"Text"', CommandTimeout='30']
SELECT "a"."Id", "a"."AgentId", "a"."ConfigJson", "a"."Enabled", "a"."ToolId", "t"."Id", "t"."Description", "t"."Enabled", "t"."InputSchemaJson", "t"."McpServerId", "t"."Name", "t"."Scope", "m"."Id", "m"."AuthType", "m"."BaseUrl", "m"."LastSeenUtc", "m"."MetadataJson", "m"."Name", "m"."Status"
FROM "AgentToolBindings" AS "a"
INNER JOIN "Tools" AS "t" ON "a"."ToolId" = "t"."Id"
INNER JOIN "McpServers" AS "m" ON "t"."McpServerId" = "m"."Id"
WHERE "a"."AgentId" = @__agentId_0 AND "a"."Enabled"
2025-09-01 21:21:27.945 +02:00 [INF] Executed DbCommand (1ms) [Parameters=[@__agentId_0='?' (DbType = Guid)], CommandType='"Text"', CommandTimeout='30']
SELECT "a"."Id", "a"."AgentId", "a"."ConfigJson", "a"."Enabled", "a"."ToolId", "t"."Id", "t"."Description", "t"."Enabled", "t"."InputSchemaJson", "t"."McpServerId", "t"."Name", "t"."Scope", "m"."Id", "m"."AuthType", "m"."BaseUrl", "m"."LastSeenUtc", "m"."MetadataJson", "m"."Name", "m"."Status"
FROM "AgentToolBindings" AS "a"
INNER JOIN "Tools" AS "t" ON "a"."ToolId" = "t"."Id"
INNER JOIN "McpServers" AS "m" ON "t"."McpServerId" = "m"."Id"
WHERE "a"."AgentId" = @__agentId_0 AND "a"."Enabled"
2025-09-01 21:21:27.957 +02:00 [INF] Executed DbCommand (1ms) [Parameters=[@__agentId_0='?' (DbType = Guid)], CommandType='"Text"', CommandTimeout='30']
SELECT "a"."Id", "a"."AgentId", "a"."ConfigJson", "a"."Enabled", "a"."ToolId", "t"."Id", "t"."Description", "t"."Enabled", "t"."InputSchemaJson", "t"."McpServerId", "t"."Name", "t"."Scope", "m"."Id", "m"."AuthType", "m"."BaseUrl", "m"."LastSeenUtc", "m"."MetadataJson", "m"."Name", "m"."Status"
FROM "AgentToolBindings" AS "a"
INNER JOIN "Tools" AS "t" ON "a"."ToolId" = "t"."Id"
INNER JOIN "McpServers" AS "m" ON "t"."McpServerId" = "m"."Id"
WHERE "a"."AgentId" = @__agentId_0 AND "a"."Enabled"
2025-09-01 21:21:28.502 +02:00 [INF] Executed DbCommand (0ms) [Parameters=[], CommandType='"Text"', CommandTimeout='30']
SELECT "m"."Id", "m"."AuthType", "m"."BaseUrl", "m"."LastSeenUtc", "m"."MetadataJson", "m"."Name", "m"."Status"
FROM "McpServers" AS "m"
ORDER BY "m"."LastSeenUtc"
2025-09-01 21:21:28.510 +02:00 [INF] Conectando a MCP WebSocket: ws://localhost:8970/ws
2025-09-01 21:21:28.746 +02:00 [INF] Executed DbCommand (1ms) [Parameters=[@__agentId_0='?' (DbType = Guid)], CommandType='"Text"', CommandTimeout='30']
SELECT "a"."Id", "a"."AgentId", "a"."ConfigJson", "a"."Enabled", "a"."ToolId", "t"."Id", "t"."Description", "t"."Enabled", "t"."InputSchemaJson", "t"."McpServerId", "t"."Name", "t"."Scope", "m"."Id", "m"."AuthType", "m"."BaseUrl", "m"."LastSeenUtc", "m"."MetadataJson", "m"."Name", "m"."Status"
FROM "AgentToolBindings" AS "a"
INNER JOIN "Tools" AS "t" ON "a"."ToolId" = "t"."Id"
INNER JOIN "McpServers" AS "m" ON "t"."McpServerId" = "m"."Id"
WHERE "a"."AgentId" = @__agentId_0 AND "a"."Enabled"
2025-09-01 21:21:29.630 +02:00 [INF] Executed DbCommand (18ms) [Parameters=[@p0='?' (DbType = Guid), @p1='?' (Size = 48), @p2='?' (DbType = DateTime), @p3='?' (Size = 11), @p4='?' (Size = 9), @p5='?' (DbType = Guid), @p6='?'], CommandType='"Text"', CommandTimeout='30']
INSERT INTO "Messages" ("Id", "Content", "CreatedUtc", "Kind", "Role", "SessionId", "TokenUsageJson")
VALUES (@p0, @p1, @p2, @p3, @p4, @p5, @p6);
2025-09-01 21:21:29.641 +02:00 [INF] Executed DbCommand (1ms) [Parameters=[@__sessionId_0='?' (DbType = Guid), @__p_1='?' (DbType = Int32)], CommandType='"Text"', CommandTimeout='30']
SELECT "m"."Id", "m"."Content", "m"."CreatedUtc", "m"."Kind", "m"."Role", "m"."SessionId", "m"."TokenUsageJson"
FROM "Messages" AS "m"
WHERE "m"."SessionId" = @__sessionId_0
ORDER BY "m"."CreatedUtc" DESC
LIMIT @__p_1
2025-09-01 21:21:30.167 +02:00 [INF] Executed DbCommand (10ms) [Parameters=[@p0='?' (DbType = Guid), @p1='?' (Size = 137), @p2='?' (DbType = DateTime), @p3='?', @p4='?' (Size = 9), @p5='?' (DbType = Guid), @p6='?'], CommandType='"Text"', CommandTimeout='30']
INSERT INTO "Messages" ("Id", "Content", "CreatedUtc", "Kind", "Role", "SessionId", "TokenUsageJson")
VALUES (@p0, @p1, @p2, @p3, @p4, @p5, @p6);
2025-09-01 21:21:30.187 +02:00 [INF] Executed DbCommand (9ms) [Parameters=[@p0='?' (DbType = Guid), @p1='?' (Size = 137), @p2='?' (DbType = DateTime), @p3='?', @p4='?' (Size = 9), @p5='?' (DbType = Guid), @p6='?'], CommandType='"Text"', CommandTimeout='30']
INSERT INTO "Messages" ("Id", "Content", "CreatedUtc", "Kind", "Role", "SessionId", "TokenUsageJson")
VALUES (@p0, @p1, @p2, @p3, @p4, @p5, @p6);
2025-09-01 21:21:41.730 +02:00 [INF] Request starting HTTP/1.1 OPTIONS http://localhost:5088/sessions/7badd32c-ede8-4396-a598-318afa4aaa4c/messages - null null
2025-09-01 21:21:41.740 +02:00 [INF] CORS policy execution successful.
2025-09-01 21:21:41.745 +02:00 [INF] Request finished HTTP/1.1 OPTIONS http://localhost:5088/sessions/7badd32c-ede8-4396-a598-318afa4aaa4c/messages - 204 null null 15.3396ms
2025-09-01 21:21:41.751 +02:00 [INF] Request starting HTTP/1.1 POST http://localhost:5088/sessions/7badd32c-ede8-4396-a598-318afa4aaa4c/messages - application/json 60
2025-09-01 21:21:41.756 +02:00 [INF] CORS policy execution successful.
2025-09-01 21:21:41.759 +02:00 [INF] Executing endpoint 'HTTP: POST /sessions/{id:guid}/messages'
2025-09-01 21:21:41.767 +02:00 [INF] Executed DbCommand (1ms) [Parameters=[@__p_0='?' (DbType = Guid)], CommandType='"Text"', CommandTimeout='30']
SELECT "s"."Id", "s"."AgentId", "s"."EndedUtc", "s"."LastEventIdx", "s"."StartedUtc", "s"."Status", "s"."UserId"
FROM "Sessions" AS "s"
WHERE "s"."Id" = @__p_0
LIMIT 1
2025-09-01 21:21:41.791 +02:00 [INF] Executed DbCommand (17ms) [Parameters=[@p0='?' (DbType = Guid), @p1='?' (Size = 45), @p2='?' (DbType = DateTime), @p3='?', @p4='?' (Size = 4), @p5='?' (DbType = Guid), @p6='?'], CommandType='"Text"', CommandTimeout='30']
INSERT INTO "Messages" ("Id", "Content", "CreatedUtc", "Kind", "Role", "SessionId", "TokenUsageJson")
VALUES (@p0, @p1, @p2, @p3, @p4, @p5, @p6);
2025-09-01 21:21:41.798 +02:00 [INF] Setting HTTP status code 202.
2025-09-01 21:21:41.799 +02:00 [INF] Executed DbCommand (0ms) [Parameters=[@__p_0='?' (DbType = Guid)], CommandType='"Text"', CommandTimeout='30']
SELECT "a"."Id", "a"."Autonomy", "a"."CreatedUtc", "a"."GuardrailsJson", "a"."Name", "a"."ParamsJson", "a"."Provider", "a"."SystemPrompt", "a"."Temperature", "a"."TemplateRef", "a"."TokenBudget", "a"."ToolBudget", "a"."TopP", "a"."UpdatedUtc"
FROM "Agents" AS "a"
WHERE "a"."Id" = @__p_0
LIMIT 1
2025-09-01 21:21:41.804 +02:00 [INF] Writing value of type 'AcceptedResponse' as Json.
2025-09-01 21:21:41.814 +02:00 [INF] Executed endpoint 'HTTP: POST /sessions/{id:guid}/messages'
2025-09-01 21:21:41.820 +02:00 [INF] Request finished HTTP/1.1 POST http://localhost:5088/sessions/7badd32c-ede8-4396-a598-318afa4aaa4c/messages - 202 null application/json; charset=utf-8 68.6736ms
2025-09-01 21:21:41.822 +02:00 [INF] Executed DbCommand (9ms) [Parameters=[@p0='?' (DbType = Guid), @p1='?' (Size = 45), @p2='?' (DbType = DateTime), @p3='?', @p4='?' (Size = 4), @p5='?' (DbType = Guid), @p6='?'], CommandType='"Text"', CommandTimeout='30']
INSERT INTO "Messages" ("Id", "Content", "CreatedUtc", "Kind", "Role", "SessionId", "TokenUsageJson")
VALUES (@p0, @p1, @p2, @p3, @p4, @p5, @p6);
2025-09-01 21:21:41.834 +02:00 [INF] Executed DbCommand (0ms) [Parameters=[@__agentId_0='?' (DbType = Guid)], CommandType='"Text"', CommandTimeout='30']
SELECT "a"."Id", "a"."AgentId", "a"."ConfigJson", "a"."Enabled", "a"."ToolId", "t"."Id", "t"."Description", "t"."Enabled", "t"."InputSchemaJson", "t"."McpServerId", "t"."Name", "t"."Scope", "m"."Id", "m"."AuthType", "m"."BaseUrl", "m"."LastSeenUtc", "m"."MetadataJson", "m"."Name", "m"."Status"
FROM "AgentToolBindings" AS "a"
INNER JOIN "Tools" AS "t" ON "a"."ToolId" = "t"."Id"
INNER JOIN "McpServers" AS "m" ON "t"."McpServerId" = "m"."Id"
WHERE "a"."AgentId" = @__agentId_0 AND "a"."Enabled"
2025-09-01 21:21:41.846 +02:00 [INF] Executed DbCommand (1ms) [Parameters=[@__sessionId_0='?' (DbType = Guid), @__kind_1='?' (Size = 11), @__p_2='?' (DbType = Int32)], CommandType='"Text"', CommandTimeout='30']
SELECT "m"."Id", "m"."Content", "m"."CreatedUtc", "m"."Kind", "m"."Role", "m"."SessionId", "m"."TokenUsageJson"
FROM "Messages" AS "m"
WHERE "m"."SessionId" = @__sessionId_0 AND "m"."Kind" = @__kind_1
ORDER BY "m"."CreatedUtc" DESC
LIMIT @__p_2
2025-09-01 21:21:41.855 +02:00 [INF] Executed DbCommand (0ms) [Parameters=[@__sessionId_0='?' (DbType = Guid), @__p_1='?' (DbType = Int32)], CommandType='"Text"', CommandTimeout='30']
SELECT "m"."Id", "m"."Content", "m"."CreatedUtc", "m"."Kind", "m"."Role", "m"."SessionId", "m"."TokenUsageJson"
FROM "Messages" AS "m"
WHERE "m"."SessionId" = @__sessionId_0
ORDER BY "m"."CreatedUtc" DESC
LIMIT @__p_1
2025-09-01 21:21:41.866 +02:00 [INF] Executed DbCommand (1ms) [Parameters=[@__agentId_0='?' (DbType = Guid)], CommandType='"Text"', CommandTimeout='30']
SELECT "a"."Id", "a"."AgentId", "a"."ConfigJson", "a"."Enabled", "a"."ToolId", "t"."Id", "t"."Description", "t"."Enabled", "t"."InputSchemaJson", "t"."McpServerId", "t"."Name", "t"."Scope", "m"."Id", "m"."AuthType", "m"."BaseUrl", "m"."LastSeenUtc", "m"."MetadataJson", "m"."Name", "m"."Status"
FROM "AgentToolBindings" AS "a"
INNER JOIN "Tools" AS "t" ON "a"."ToolId" = "t"."Id"
INNER JOIN "McpServers" AS "m" ON "t"."McpServerId" = "m"."Id"
WHERE "a"."AgentId" = @__agentId_0 AND "a"."Enabled"
2025-09-01 21:21:42.323 +02:00 [INF] Executed DbCommand (1ms) [Parameters=[@__sessionId_0='?' (DbType = Guid), @__p_1='?' (DbType = Int32)], CommandType='"Text"', CommandTimeout='30']
SELECT "m"."Id", "m"."Content", "m"."CreatedUtc", "m"."Kind", "m"."Role", "m"."SessionId", "m"."TokenUsageJson"
FROM "Messages" AS "m"
WHERE "m"."SessionId" = @__sessionId_0
ORDER BY "m"."CreatedUtc" DESC
LIMIT @__p_1
2025-09-01 21:21:46.557 +02:00 [INF] Executed DbCommand (18ms) [Parameters=[@p0='?' (DbType = Guid), @p1='?' (Size = 118), @p2='?' (DbType = DateTime), @p3='?', @p4='?' (Size = 9), @p5='?' (DbType = Guid), @p6='?'], CommandType='"Text"', CommandTimeout='30']
INSERT INTO "Messages" ("Id", "Content", "CreatedUtc", "Kind", "Role", "SessionId", "TokenUsageJson")
VALUES (@p0, @p1, @p2, @p3, @p4, @p5, @p6);
2025-09-01 21:21:46.575 +02:00 [INF] Executed DbCommand (10ms) [Parameters=[@p0='?' (DbType = Guid), @p1='?' (Size = 118), @p2='?' (DbType = DateTime), @p3='?', @p4='?' (Size = 9), @p5='?' (DbType = Guid), @p6='?'], CommandType='"Text"', CommandTimeout='30']
INSERT INTO "Messages" ("Id", "Content", "CreatedUtc", "Kind", "Role", "SessionId", "TokenUsageJson")
VALUES (@p0, @p1, @p2, @p3, @p4, @p5, @p6);
2025-09-01 21:21:53.800 +02:00 [INF] Request starting HTTP/1.1 OPTIONS http://localhost:5088/sessions/7badd32c-ede8-4396-a598-318afa4aaa4c/messages - null null
2025-09-01 21:21:53.809 +02:00 [INF] CORS policy execution successful.
2025-09-01 21:21:53.814 +02:00 [INF] Request finished HTTP/1.1 OPTIONS http://localhost:5088/sessions/7badd32c-ede8-4396-a598-318afa4aaa4c/messages - 204 null null 14.7246ms
2025-09-01 21:21:53.821 +02:00 [INF] Request starting HTTP/1.1 POST http://localhost:5088/sessions/7badd32c-ede8-4396-a598-318afa4aaa4c/messages - application/json 40
2025-09-01 21:21:53.827 +02:00 [INF] CORS policy execution successful.
2025-09-01 21:21:53.832 +02:00 [INF] Executing endpoint 'HTTP: POST /sessions/{id:guid}/messages'
2025-09-01 21:21:53.839 +02:00 [INF] Executed DbCommand (0ms) [Parameters=[@__p_0='?' (DbType = Guid)], CommandType='"Text"', CommandTimeout='30']
SELECT "s"."Id", "s"."AgentId", "s"."EndedUtc", "s"."LastEventIdx", "s"."StartedUtc", "s"."Status", "s"."UserId"
FROM "Sessions" AS "s"
WHERE "s"."Id" = @__p_0
LIMIT 1
2025-09-01 21:21:53.866 +02:00 [INF] Executed DbCommand (18ms) [Parameters=[@p0='?' (DbType = Guid), @p1='?' (Size = 26), @p2='?' (DbType = DateTime), @p3='?', @p4='?' (Size = 4), @p5='?' (DbType = Guid), @p6='?'], CommandType='"Text"', CommandTimeout='30']
INSERT INTO "Messages" ("Id", "Content", "CreatedUtc", "Kind", "Role", "SessionId", "TokenUsageJson")
VALUES (@p0, @p1, @p2, @p3, @p4, @p5, @p6);
2025-09-01 21:21:53.874 +02:00 [INF] Setting HTTP status code 202.
2025-09-01 21:21:53.876 +02:00 [INF] Executed DbCommand (1ms) [Parameters=[@__p_0='?' (DbType = Guid)], CommandType='"Text"', CommandTimeout='30']
SELECT "a"."Id", "a"."Autonomy", "a"."CreatedUtc", "a"."GuardrailsJson", "a"."Name", "a"."ParamsJson", "a"."Provider", "a"."SystemPrompt", "a"."Temperature", "a"."TemplateRef", "a"."TokenBudget", "a"."ToolBudget", "a"."TopP", "a"."UpdatedUtc"
FROM "Agents" AS "a"
WHERE "a"."Id" = @__p_0
LIMIT 1
2025-09-01 21:21:53.881 +02:00 [INF] Writing value of type 'AcceptedResponse' as Json.
2025-09-01 21:21:53.891 +02:00 [INF] Executed endpoint 'HTTP: POST /sessions/{id:guid}/messages'
2025-09-01 21:21:53.897 +02:00 [INF] Request finished HTTP/1.1 POST http://localhost:5088/sessions/7badd32c-ede8-4396-a598-318afa4aaa4c/messages - 202 null application/json; charset=utf-8 75.8128ms
2025-09-01 21:21:53.901 +02:00 [INF] Executed DbCommand (11ms) [Parameters=[@p0='?' (DbType = Guid), @p1='?' (Size = 26), @p2='?' (DbType = DateTime), @p3='?', @p4='?' (Size = 4), @p5='?' (DbType = Guid), @p6='?'], CommandType='"Text"', CommandTimeout='30']
INSERT INTO "Messages" ("Id", "Content", "CreatedUtc", "Kind", "Role", "SessionId", "TokenUsageJson")
VALUES (@p0, @p1, @p2, @p3, @p4, @p5, @p6);
2025-09-01 21:21:53.915 +02:00 [INF] Executed DbCommand (1ms) [Parameters=[@__agentId_0='?' (DbType = Guid)], CommandType='"Text"', CommandTimeout='30']
SELECT "a"."Id", "a"."AgentId", "a"."ConfigJson", "a"."Enabled", "a"."ToolId", "t"."Id", "t"."Description", "t"."Enabled", "t"."InputSchemaJson", "t"."McpServerId", "t"."Name", "t"."Scope", "m"."Id", "m"."AuthType", "m"."BaseUrl", "m"."LastSeenUtc", "m"."MetadataJson", "m"."Name", "m"."Status"
FROM "AgentToolBindings" AS "a"
INNER JOIN "Tools" AS "t" ON "a"."ToolId" = "t"."Id"
INNER JOIN "McpServers" AS "m" ON "t"."McpServerId" = "m"."Id"
WHERE "a"."AgentId" = @__agentId_0 AND "a"."Enabled"
2025-09-01 21:21:53.925 +02:00 [INF] Executed DbCommand (1ms) [Parameters=[@__sessionId_0='?' (DbType = Guid), @__kind_1='?' (Size = 11), @__p_2='?' (DbType = Int32)], CommandType='"Text"', CommandTimeout='30']
SELECT "m"."Id", "m"."Content", "m"."CreatedUtc", "m"."Kind", "m"."Role", "m"."SessionId", "m"."TokenUsageJson"
FROM "Messages" AS "m"
WHERE "m"."SessionId" = @__sessionId_0 AND "m"."Kind" = @__kind_1
ORDER BY "m"."CreatedUtc" DESC
LIMIT @__p_2
2025-09-01 21:21:53.933 +02:00 [INF] Executed DbCommand (0ms) [Parameters=[@__sessionId_0='?' (DbType = Guid), @__p_1='?' (DbType = Int32)], CommandType='"Text"', CommandTimeout='30']
SELECT "m"."Id", "m"."Content", "m"."CreatedUtc", "m"."Kind", "m"."Role", "m"."SessionId", "m"."TokenUsageJson"
FROM "Messages" AS "m"
WHERE "m"."SessionId" = @__sessionId_0
ORDER BY "m"."CreatedUtc" DESC
LIMIT @__p_1
2025-09-01 21:21:53.943 +02:00 [INF] Executed DbCommand (1ms) [Parameters=[@__agentId_0='?' (DbType = Guid)], CommandType='"Text"', CommandTimeout='30']
SELECT "a"."Id", "a"."AgentId", "a"."ConfigJson", "a"."Enabled", "a"."ToolId", "t"."Id", "t"."Description", "t"."Enabled", "t"."InputSchemaJson", "t"."McpServerId", "t"."Name", "t"."Scope", "m"."Id", "m"."AuthType", "m"."BaseUrl", "m"."LastSeenUtc", "m"."MetadataJson", "m"."Name", "m"."Status"
FROM "AgentToolBindings" AS "a"
INNER JOIN "Tools" AS "t" ON "a"."ToolId" = "t"."Id"
INNER JOIN "McpServers" AS "m" ON "t"."McpServerId" = "m"."Id"
WHERE "a"."AgentId" = @__agentId_0 AND "a"."Enabled"
2025-09-01 21:21:54.848 +02:00 [INF] Executed DbCommand (1ms) [Parameters=[@__agentId_0='?' (DbType = Guid)], CommandType='"Text"', CommandTimeout='30']
SELECT "a"."Id", "a"."AgentId", "a"."ConfigJson", "a"."Enabled", "a"."ToolId", "t"."Id", "t"."Description", "t"."Enabled", "t"."InputSchemaJson", "t"."McpServerId", "t"."Name", "t"."Scope", "m"."Id", "m"."AuthType", "m"."BaseUrl", "m"."LastSeenUtc", "m"."MetadataJson", "m"."Name", "m"."Status"
FROM "AgentToolBindings" AS "a"
INNER JOIN "Tools" AS "t" ON "a"."ToolId" = "t"."Id"
INNER JOIN "McpServers" AS "m" ON "t"."McpServerId" = "m"."Id"
WHERE "a"."AgentId" = @__agentId_0 AND "a"."Enabled"
2025-09-01 21:21:54.860 +02:00 [INF] Executed DbCommand (1ms) [Parameters=[@__agentId_0='?' (DbType = Guid)], CommandType='"Text"', CommandTimeout='30']
SELECT "a"."Id", "a"."AgentId", "a"."ConfigJson", "a"."Enabled", "a"."ToolId", "t"."Id", "t"."Description", "t"."Enabled", "t"."InputSchemaJson", "t"."McpServerId", "t"."Name", "t"."Scope", "m"."Id", "m"."AuthType", "m"."BaseUrl", "m"."LastSeenUtc", "m"."MetadataJson", "m"."Name", "m"."Status"
FROM "AgentToolBindings" AS "a"
INNER JOIN "Tools" AS "t" ON "a"."ToolId" = "t"."Id"
INNER JOIN "McpServers" AS "m" ON "t"."McpServerId" = "m"."Id"
WHERE "a"."AgentId" = @__agentId_0 AND "a"."Enabled"
2025-09-01 21:21:55.472 +02:00 [INF] Executed DbCommand (0ms) [Parameters=[], CommandType='"Text"', CommandTimeout='30']
SELECT "m"."Id", "m"."AuthType", "m"."BaseUrl", "m"."LastSeenUtc", "m"."MetadataJson", "m"."Name", "m"."Status"
FROM "McpServers" AS "m"
ORDER BY "m"."LastSeenUtc"
2025-09-01 21:21:55.479 +02:00 [INF] Conectando a MCP WebSocket: ws://localhost:8970/ws
2025-09-01 21:21:55.716 +02:00 [INF] Executed DbCommand (1ms) [Parameters=[@__agentId_0='?' (DbType = Guid)], CommandType='"Text"', CommandTimeout='30']
SELECT "a"."Id", "a"."AgentId", "a"."ConfigJson", "a"."Enabled", "a"."ToolId", "t"."Id", "t"."Description", "t"."Enabled", "t"."InputSchemaJson", "t"."McpServerId", "t"."Name", "t"."Scope", "m"."Id", "m"."AuthType", "m"."BaseUrl", "m"."LastSeenUtc", "m"."MetadataJson", "m"."Name", "m"."Status"
FROM "AgentToolBindings" AS "a"
INNER JOIN "Tools" AS "t" ON "a"."ToolId" = "t"."Id"
INNER JOIN "McpServers" AS "m" ON "t"."McpServerId" = "m"."Id"
WHERE "a"."AgentId" = @__agentId_0 AND "a"."Enabled"
2025-09-01 21:21:57.105 +02:00 [INF] Executed DbCommand (18ms) [Parameters=[@p0='?' (DbType = Guid), @p1='?' (Size = 33), @p2='?' (DbType = DateTime), @p3='?' (Size = 11), @p4='?' (Size = 9), @p5='?' (DbType = Guid), @p6='?'], CommandType='"Text"', CommandTimeout='30']
INSERT INTO "Messages" ("Id", "Content", "CreatedUtc", "Kind", "Role", "SessionId", "TokenUsageJson")
VALUES (@p0, @p1, @p2, @p3, @p4, @p5, @p6);
2025-09-01 21:21:57.114 +02:00 [INF] Executed DbCommand (0ms) [Parameters=[@__agentId_0='?' (DbType = Guid)], CommandType='"Text"', CommandTimeout='30']
SELECT "a"."Id", "a"."AgentId", "a"."ConfigJson", "a"."Enabled", "a"."ToolId", "t"."Id", "t"."Description", "t"."Enabled", "t"."InputSchemaJson", "t"."McpServerId", "t"."Name", "t"."Scope", "m"."Id", "m"."AuthType", "m"."BaseUrl", "m"."LastSeenUtc", "m"."MetadataJson", "m"."Name", "m"."Status"
FROM "AgentToolBindings" AS "a"
INNER JOIN "Tools" AS "t" ON "a"."ToolId" = "t"."Id"
INNER JOIN "McpServers" AS "m" ON "t"."McpServerId" = "m"."Id"
WHERE "a"."AgentId" = @__agentId_0 AND "a"."Enabled"
2025-09-01 21:21:57.122 +02:00 [INF] Executed DbCommand (0ms) [Parameters=[@__agentId_0='?' (DbType = Guid)], CommandType='"Text"', CommandTimeout='30']
SELECT "a"."Id", "a"."AgentId", "a"."ConfigJson", "a"."Enabled", "a"."ToolId", "t"."Id", "t"."Description", "t"."Enabled", "t"."InputSchemaJson", "t"."McpServerId", "t"."Name", "t"."Scope", "m"."Id", "m"."AuthType", "m"."BaseUrl", "m"."LastSeenUtc", "m"."MetadataJson", "m"."Name", "m"."Status"
FROM "AgentToolBindings" AS "a"
INNER JOIN "Tools" AS "t" ON "a"."ToolId" = "t"."Id"
INNER JOIN "McpServers" AS "m" ON "t"."McpServerId" = "m"."Id"
WHERE "a"."AgentId" = @__agentId_0 AND "a"."Enabled"
2025-09-01 21:21:57.364 +02:00 [INF] Executed DbCommand (0ms) [Parameters=[], CommandType='"Text"', CommandTimeout='30']
SELECT "m"."Id", "m"."AuthType", "m"."BaseUrl", "m"."LastSeenUtc", "m"."MetadataJson", "m"."Name", "m"."Status"
FROM "McpServers" AS "m"
ORDER BY "m"."LastSeenUtc"
2025-09-01 21:21:57.372 +02:00 [INF] Conectando a MCP WebSocket: ws://localhost:8970/ws
2025-09-01 21:21:57.493 +02:00 [ERR] Error inesperado en WebSocket: MCP Tool error: No se encontró el archivo de herramienta: ../../bundles\kb-tools\tools/summarize.js
2025-09-01 21:21:57.557 +02:00 [INF] Executed DbCommand (18ms) [Parameters=[@p0='?' (DbType = Guid), @p1='?' (Size = 150), @p2='?' (DbType = DateTime), @p3='?' (Size = 11), @p4='?' (Size = 9), @p5='?' (DbType = Guid), @p6='?'], CommandType='"Text"', CommandTimeout='30']
INSERT INTO "Messages" ("Id", "Content", "CreatedUtc", "Kind", "Role", "SessionId", "TokenUsageJson")
VALUES (@p0, @p1, @p2, @p3, @p4, @p5, @p6);
2025-09-01 21:21:57.566 +02:00 [INF] Executed DbCommand (1ms) [Parameters=[@__sessionId_0='?' (DbType = Guid), @__p_1='?' (DbType = Int32)], CommandType='"Text"', CommandTimeout='30']
SELECT "m"."Id", "m"."Content", "m"."CreatedUtc", "m"."Kind", "m"."Role", "m"."SessionId", "m"."TokenUsageJson"
FROM "Messages" AS "m"
WHERE "m"."SessionId" = @__sessionId_0
ORDER BY "m"."CreatedUtc" DESC
LIMIT @__p_1
2025-09-01 21:21:58.134 +02:00 [INF] Executed DbCommand (18ms) [Parameters=[@p0='?' (DbType = Guid), @p1='?' (Size = 204), @p2='?' (DbType = DateTime), @p3='?', @p4='?' (Size = 9), @p5='?' (DbType = Guid), @p6='?'], CommandType='"Text"', CommandTimeout='30']
INSERT INTO "Messages" ("Id", "Content", "CreatedUtc", "Kind", "Role", "SessionId", "TokenUsageJson")
VALUES (@p0, @p1, @p2, @p3, @p4, @p5, @p6);
2025-09-01 21:21:58.151 +02:00 [INF] Executed DbCommand (9ms) [Parameters=[@p0='?' (DbType = Guid), @p1='?' (Size = 204), @p2='?' (DbType = DateTime), @p3='?', @p4='?' (Size = 9), @p5='?' (DbType = Guid), @p6='?'], CommandType='"Text"', CommandTimeout='30']
INSERT INTO "Messages" ("Id", "Content", "CreatedUtc", "Kind", "Role", "SessionId", "TokenUsageJson")
VALUES (@p0, @p1, @p2, @p3, @p4, @p5, @p6);
2025-09-01 21:22:08.367 +02:00 [INF] Request starting HTTP/1.1 OPTIONS http://localhost:5088/sessions/7badd32c-ede8-4396-a598-318afa4aaa4c/messages - null null
2025-09-01 21:22:08.377 +02:00 [INF] CORS policy execution successful.
2025-09-01 21:22:08.383 +02:00 [INF] Request finished HTTP/1.1 OPTIONS http://localhost:5088/sessions/7badd32c-ede8-4396-a598-318afa4aaa4c/messages - 204 null null 16.219ms
2025-09-01 21:22:08.389 +02:00 [INF] Request starting HTTP/1.1 POST http://localhost:5088/sessions/7badd32c-ede8-4396-a598-318afa4aaa4c/messages - application/json 40
2025-09-01 21:22:08.396 +02:00 [INF] CORS policy execution successful.
2025-09-01 21:22:08.403 +02:00 [INF] Executing endpoint 'HTTP: POST /sessions/{id:guid}/messages'
2025-09-01 21:22:08.412 +02:00 [INF] Executed DbCommand (0ms) [Parameters=[@__p_0='?' (DbType = Guid)], CommandType='"Text"', CommandTimeout='30']
SELECT "s"."Id", "s"."AgentId", "s"."EndedUtc", "s"."LastEventIdx", "s"."StartedUtc", "s"."Status", "s"."UserId"
FROM "Sessions" AS "s"
WHERE "s"."Id" = @__p_0
LIMIT 1
2025-09-01 21:22:08.428 +02:00 [INF] Executed DbCommand (9ms) [Parameters=[@p0='?' (DbType = Guid), @p1='?' (Size = 26), @p2='?' (DbType = DateTime), @p3='?', @p4='?' (Size = 4), @p5='?' (DbType = Guid), @p6='?'], CommandType='"Text"', CommandTimeout='30']
INSERT INTO "Messages" ("Id", "Content", "CreatedUtc", "Kind", "Role", "SessionId", "TokenUsageJson")
VALUES (@p0, @p1, @p2, @p3, @p4, @p5, @p6);
2025-09-01 21:22:08.435 +02:00 [INF] Setting HTTP status code 202.
2025-09-01 21:22:08.436 +02:00 [INF] Executed DbCommand (0ms) [Parameters=[@__p_0='?' (DbType = Guid)], CommandType='"Text"', CommandTimeout='30']
SELECT "a"."Id", "a"."Autonomy", "a"."CreatedUtc", "a"."GuardrailsJson", "a"."Name", "a"."ParamsJson", "a"."Provider", "a"."SystemPrompt", "a"."Temperature", "a"."TemplateRef", "a"."TokenBudget", "a"."ToolBudget", "a"."TopP", "a"."UpdatedUtc"
FROM "Agents" AS "a"
WHERE "a"."Id" = @__p_0
LIMIT 1
2025-09-01 21:22:08.441 +02:00 [INF] Writing value of type 'AcceptedResponse' as Json.
2025-09-01 21:22:08.452 +02:00 [INF] Executed endpoint 'HTTP: POST /sessions/{id:guid}/messages'
2025-09-01 21:22:08.457 +02:00 [INF] Request finished HTTP/1.1 POST http://localhost:5088/sessions/7badd32c-ede8-4396-a598-318afa4aaa4c/messages - 202 null application/json; charset=utf-8 68.1381ms
2025-09-01 21:22:08.458 +02:00 [INF] Executed DbCommand (10ms) [Parameters=[@p0='?' (DbType = Guid), @p1='?' (Size = 26), @p2='?' (DbType = DateTime), @p3='?', @p4='?' (Size = 4), @p5='?' (DbType = Guid), @p6='?'], CommandType='"Text"', CommandTimeout='30']
INSERT INTO "Messages" ("Id", "Content", "CreatedUtc", "Kind", "Role", "SessionId", "TokenUsageJson")
VALUES (@p0, @p1, @p2, @p3, @p4, @p5, @p6);
2025-09-01 21:22:08.475 +02:00 [INF] Executed DbCommand (1ms) [Parameters=[@__agentId_0='?' (DbType = Guid)], CommandType='"Text"', CommandTimeout='30']
SELECT "a"."Id", "a"."AgentId", "a"."ConfigJson", "a"."Enabled", "a"."ToolId", "t"."Id", "t"."Description", "t"."Enabled", "t"."InputSchemaJson", "t"."McpServerId", "t"."Name", "t"."Scope", "m"."Id", "m"."AuthType", "m"."BaseUrl", "m"."LastSeenUtc", "m"."MetadataJson", "m"."Name", "m"."Status"
FROM "AgentToolBindings" AS "a"
INNER JOIN "Tools" AS "t" ON "a"."ToolId" = "t"."Id"
INNER JOIN "McpServers" AS "m" ON "t"."McpServerId" = "m"."Id"
WHERE "a"."AgentId" = @__agentId_0 AND "a"."Enabled"
2025-09-01 21:22:08.486 +02:00 [INF] Executed DbCommand (1ms) [Parameters=[@__sessionId_0='?' (DbType = Guid), @__kind_1='?' (Size = 11), @__p_2='?' (DbType = Int32)], CommandType='"Text"', CommandTimeout='30']
SELECT "m"."Id", "m"."Content", "m"."CreatedUtc", "m"."Kind", "m"."Role", "m"."SessionId", "m"."TokenUsageJson"
FROM "Messages" AS "m"
WHERE "m"."SessionId" = @__sessionId_0 AND "m"."Kind" = @__kind_1
ORDER BY "m"."CreatedUtc" DESC
LIMIT @__p_2
2025-09-01 21:22:08.497 +02:00 [INF] Executed DbCommand (1ms) [Parameters=[@__sessionId_0='?' (DbType = Guid), @__p_1='?' (DbType = Int32)], CommandType='"Text"', CommandTimeout='30']
SELECT "m"."Id", "m"."Content", "m"."CreatedUtc", "m"."Kind", "m"."Role", "m"."SessionId", "m"."TokenUsageJson"
FROM "Messages" AS "m"
WHERE "m"."SessionId" = @__sessionId_0
ORDER BY "m"."CreatedUtc" DESC
LIMIT @__p_1
2025-09-01 21:22:08.506 +02:00 [INF] Executed DbCommand (1ms) [Parameters=[@__agentId_0='?' (DbType = Guid)], CommandType='"Text"', CommandTimeout='30']
SELECT "a"."Id", "a"."AgentId", "a"."ConfigJson", "a"."Enabled", "a"."ToolId", "t"."Id", "t"."Description", "t"."Enabled", "t"."InputSchemaJson", "t"."McpServerId", "t"."Name", "t"."Scope", "m"."Id", "m"."AuthType", "m"."BaseUrl", "m"."LastSeenUtc", "m"."MetadataJson", "m"."Name", "m"."Status"
FROM "AgentToolBindings" AS "a"
INNER JOIN "Tools" AS "t" ON "a"."ToolId" = "t"."Id"
INNER JOIN "McpServers" AS "m" ON "t"."McpServerId" = "m"."Id"
WHERE "a"."AgentId" = @__agentId_0 AND "a"."Enabled"
2025-09-01 21:22:09.323 +02:00 [INF] Executed DbCommand (1ms) [Parameters=[@__agentId_0='?' (DbType = Guid)], CommandType='"Text"', CommandTimeout='30']
SELECT "a"."Id", "a"."AgentId", "a"."ConfigJson", "a"."Enabled", "a"."ToolId", "t"."Id", "t"."Description", "t"."Enabled", "t"."InputSchemaJson", "t"."McpServerId", "t"."Name", "t"."Scope", "m"."Id", "m"."AuthType", "m"."BaseUrl", "m"."LastSeenUtc", "m"."MetadataJson", "m"."Name", "m"."Status"
FROM "AgentToolBindings" AS "a"
INNER JOIN "Tools" AS "t" ON "a"."ToolId" = "t"."Id"
INNER JOIN "McpServers" AS "m" ON "t"."McpServerId" = "m"."Id"
WHERE "a"."AgentId" = @__agentId_0 AND "a"."Enabled"
2025-09-01 21:22:09.332 +02:00 [INF] Executed DbCommand (0ms) [Parameters=[@__agentId_0='?' (DbType = Guid)], CommandType='"Text"', CommandTimeout='30']
SELECT "a"."Id", "a"."AgentId", "a"."ConfigJson", "a"."Enabled", "a"."ToolId", "t"."Id", "t"."Description", "t"."Enabled", "t"."InputSchemaJson", "t"."McpServerId", "t"."Name", "t"."Scope", "m"."Id", "m"."AuthType", "m"."BaseUrl", "m"."LastSeenUtc", "m"."MetadataJson", "m"."Name", "m"."Status"
FROM "AgentToolBindings" AS "a"
INNER JOIN "Tools" AS "t" ON "a"."ToolId" = "t"."Id"
INNER JOIN "McpServers" AS "m" ON "t"."McpServerId" = "m"."Id"
WHERE "a"."AgentId" = @__agentId_0 AND "a"."Enabled"
2025-09-01 21:22:09.577 +02:00 [INF] Executed DbCommand (0ms) [Parameters=[], CommandType='"Text"', CommandTimeout='30']
SELECT "m"."Id", "m"."AuthType", "m"."BaseUrl", "m"."LastSeenUtc", "m"."MetadataJson", "m"."Name", "m"."Status"
FROM "McpServers" AS "m"
ORDER BY "m"."LastSeenUtc"
2025-09-01 21:22:09.584 +02:00 [INF] Conectando a MCP WebSocket: ws://localhost:8970/ws
2025-09-01 21:22:09.713 +02:00 [ERR] Error inesperado en WebSocket: MCP Tool error: No se encontró el archivo de herramienta: ../../bundles\kb-tools\tools/summarize.js
2025-09-01 21:22:09.732 +02:00 [INF] Executed DbCommand (10ms) [Parameters=[@p0='?' (DbType = Guid), @p1='?' (Size = 150), @p2='?' (DbType = DateTime), @p3='?' (Size = 11), @p4='?' (Size = 9), @p5='?' (DbType = Guid), @p6='?'], CommandType='"Text"', CommandTimeout='30']
INSERT INTO "Messages" ("Id", "Content", "CreatedUtc", "Kind", "Role", "SessionId", "TokenUsageJson")
VALUES (@p0, @p1, @p2, @p3, @p4, @p5, @p6);
2025-09-01 21:22:09.742 +02:00 [INF] Executed DbCommand (1ms) [Parameters=[@__sessionId_0='?' (DbType = Guid), @__p_1='?' (DbType = Int32)], CommandType='"Text"', CommandTimeout='30']
SELECT "m"."Id", "m"."Content", "m"."CreatedUtc", "m"."Kind", "m"."Role", "m"."SessionId", "m"."TokenUsageJson"
FROM "Messages" AS "m"
WHERE "m"."SessionId" = @__sessionId_0
ORDER BY "m"."CreatedUtc" DESC
LIMIT @__p_1
2025-09-01 21:22:10.144 +02:00 [INF] Executed DbCommand (18ms) [Parameters=[@p0='?' (DbType = Guid), @p1='?' (Size = 83), @p2='?' (DbType = DateTime), @p3='?', @p4='?' (Size = 9), @p5='?' (DbType = Guid), @p6='?'], CommandType='"Text"', CommandTimeout='30']
INSERT INTO "Messages" ("Id", "Content", "CreatedUtc", "Kind", "Role", "SessionId", "TokenUsageJson")
VALUES (@p0, @p1, @p2, @p3, @p4, @p5, @p6);
2025-09-01 21:22:10.162 +02:00 [INF] Executed DbCommand (9ms) [Parameters=[@p0='?' (DbType = Guid), @p1='?' (Size = 83), @p2='?' (DbType = DateTime), @p3='?', @p4='?' (Size = 9), @p5='?' (DbType = Guid), @p6='?'], CommandType='"Text"', CommandTimeout='30']
INSERT INTO "Messages" ("Id", "Content", "CreatedUtc", "Kind", "Role", "SessionId", "TokenUsageJson")
VALUES (@p0, @p1, @p2, @p3, @p4, @p5, @p6);
2025-09-01 21:22:16.879 +02:00 [INF] Request starting HTTP/1.1 OPTIONS http://localhost:5088/sessions/7badd32c-ede8-4396-a598-318afa4aaa4c/messages - null null
2025-09-01 21:22:16.887 +02:00 [INF] CORS policy execution successful.
2025-09-01 21:22:16.892 +02:00 [INF] Request finished HTTP/1.1 OPTIONS http://localhost:5088/sessions/7badd32c-ede8-4396-a598-318afa4aaa4c/messages - 204 null null 12.8742ms
2025-09-01 21:22:16.898 +02:00 [INF] Request starting HTTP/1.1 POST http://localhost:5088/sessions/7badd32c-ede8-4396-a598-318afa4aaa4c/messages - application/json 26
2025-09-01 21:22:16.904 +02:00 [INF] CORS policy execution successful.
2025-09-01 21:22:16.910 +02:00 [INF] Executing endpoint 'HTTP: POST /sessions/{id:guid}/messages'
2025-09-01 21:22:16.917 +02:00 [INF] Executed DbCommand (0ms) [Parameters=[@__p_0='?' (DbType = Guid)], CommandType='"Text"', CommandTimeout='30']
SELECT "s"."Id", "s"."AgentId", "s"."EndedUtc", "s"."LastEventIdx", "s"."StartedUtc", "s"."Status", "s"."UserId"
FROM "Sessions" AS "s"
WHERE "s"."Id" = @__p_0
LIMIT 1
2025-09-01 21:22:16.942 +02:00 [INF] Executed DbCommand (17ms) [Parameters=[@p0='?' (DbType = Guid), @p1='?' (Size = 12), @p2='?' (DbType = DateTime), @p3='?', @p4='?' (Size = 4), @p5='?' (DbType = Guid), @p6='?'], CommandType='"Text"', CommandTimeout='30']
INSERT INTO "Messages" ("Id", "Content", "CreatedUtc", "Kind", "Role", "SessionId", "TokenUsageJson")
VALUES (@p0, @p1, @p2, @p3, @p4, @p5, @p6);
2025-09-01 21:22:16.949 +02:00 [INF] Setting HTTP status code 202.
2025-09-01 21:22:16.950 +02:00 [INF] Executed DbCommand (1ms) [Parameters=[@__p_0='?' (DbType = Guid)], CommandType='"Text"', CommandTimeout='30']
SELECT "a"."Id", "a"."Autonomy", "a"."CreatedUtc", "a"."GuardrailsJson", "a"."Name", "a"."ParamsJson", "a"."Provider", "a"."SystemPrompt", "a"."Temperature", "a"."TemplateRef", "a"."TokenBudget", "a"."ToolBudget", "a"."TopP", "a"."UpdatedUtc"
FROM "Agents" AS "a"
WHERE "a"."Id" = @__p_0
LIMIT 1
2025-09-01 21:22:16.954 +02:00 [INF] Writing value of type 'AcceptedResponse' as Json.
2025-09-01 21:22:16.964 +02:00 [INF] Executed endpoint 'HTTP: POST /sessions/{id:guid}/messages'
2025-09-01 21:22:16.971 +02:00 [INF] Request finished HTTP/1.1 POST http://localhost:5088/sessions/7badd32c-ede8-4396-a598-318afa4aaa4c/messages - 202 null application/json; charset=utf-8 72.6712ms
2025-09-01 21:22:16.972 +02:00 [INF] Executed DbCommand (10ms) [Parameters=[@p0='?' (DbType = Guid), @p1='?' (Size = 12), @p2='?' (DbType = DateTime), @p3='?', @p4='?' (Size = 4), @p5='?' (DbType = Guid), @p6='?'], CommandType='"Text"', CommandTimeout='30']
INSERT INTO "Messages" ("Id", "Content", "CreatedUtc", "Kind", "Role", "SessionId", "TokenUsageJson")
VALUES (@p0, @p1, @p2, @p3, @p4, @p5, @p6);
2025-09-01 21:22:16.986 +02:00 [INF] Executed DbCommand (1ms) [Parameters=[@__agentId_0='?' (DbType = Guid)], CommandType='"Text"', CommandTimeout='30']
SELECT "a"."Id", "a"."AgentId", "a"."ConfigJson", "a"."Enabled", "a"."ToolId", "t"."Id", "t"."Description", "t"."Enabled", "t"."InputSchemaJson", "t"."McpServerId", "t"."Name", "t"."Scope", "m"."Id", "m"."AuthType", "m"."BaseUrl", "m"."LastSeenUtc", "m"."MetadataJson", "m"."Name", "m"."Status"
FROM "AgentToolBindings" AS "a"
INNER JOIN "Tools" AS "t" ON "a"."ToolId" = "t"."Id"
INNER JOIN "McpServers" AS "m" ON "t"."McpServerId" = "m"."Id"
WHERE "a"."AgentId" = @__agentId_0 AND "a"."Enabled"
2025-09-01 21:22:16.996 +02:00 [INF] Executed DbCommand (1ms) [Parameters=[@__sessionId_0='?' (DbType = Guid), @__kind_1='?' (Size = 11), @__p_2='?' (DbType = Int32)], CommandType='"Text"', CommandTimeout='30']
SELECT "m"."Id", "m"."Content", "m"."CreatedUtc", "m"."Kind", "m"."Role", "m"."SessionId", "m"."TokenUsageJson"
FROM "Messages" AS "m"
WHERE "m"."SessionId" = @__sessionId_0 AND "m"."Kind" = @__kind_1
ORDER BY "m"."CreatedUtc" DESC
LIMIT @__p_2
2025-09-01 21:22:17.006 +02:00 [INF] Executed DbCommand (0ms) [Parameters=[@__sessionId_0='?' (DbType = Guid), @__p_1='?' (DbType = Int32)], CommandType='"Text"', CommandTimeout='30']
SELECT "m"."Id", "m"."Content", "m"."CreatedUtc", "m"."Kind", "m"."Role", "m"."SessionId", "m"."TokenUsageJson"
FROM "Messages" AS "m"
WHERE "m"."SessionId" = @__sessionId_0
ORDER BY "m"."CreatedUtc" DESC
LIMIT @__p_1
2025-09-01 21:22:17.015 +02:00 [INF] Executed DbCommand (1ms) [Parameters=[@__agentId_0='?' (DbType = Guid)], CommandType='"Text"', CommandTimeout='30']
SELECT "a"."Id", "a"."AgentId", "a"."ConfigJson", "a"."Enabled", "a"."ToolId", "t"."Id", "t"."Description", "t"."Enabled", "t"."InputSchemaJson", "t"."McpServerId", "t"."Name", "t"."Scope", "m"."Id", "m"."AuthType", "m"."BaseUrl", "m"."LastSeenUtc", "m"."MetadataJson", "m"."Name", "m"."Status"
FROM "AgentToolBindings" AS "a"
INNER JOIN "Tools" AS "t" ON "a"."ToolId" = "t"."Id"
INNER JOIN "McpServers" AS "m" ON "t"."McpServerId" = "m"."Id"
WHERE "a"."AgentId" = @__agentId_0 AND "a"."Enabled"
2025-09-01 21:22:17.421 +02:00 [INF] Executed DbCommand (0ms) [Parameters=[@__sessionId_0='?' (DbType = Guid), @__p_1='?' (DbType = Int32)], CommandType='"Text"', CommandTimeout='30']
SELECT "m"."Id", "m"."Content", "m"."CreatedUtc", "m"."Kind", "m"."Role", "m"."SessionId", "m"."TokenUsageJson"
FROM "Messages" AS "m"
WHERE "m"."SessionId" = @__sessionId_0
ORDER BY "m"."CreatedUtc" DESC
LIMIT @__p_1
2025-09-01 21:22:17.737 +02:00 [INF] Executed DbCommand (18ms) [Parameters=[@p0='?' (DbType = Guid), @p1='?' (Size = 23), @p2='?' (DbType = DateTime), @p3='?', @p4='?' (Size = 9), @p5='?' (DbType = Guid), @p6='?'], CommandType='"Text"', CommandTimeout='30']
INSERT INTO "Messages" ("Id", "Content", "CreatedUtc", "Kind", "Role", "SessionId", "TokenUsageJson")
VALUES (@p0, @p1, @p2, @p3, @p4, @p5, @p6);
2025-09-01 21:22:17.758 +02:00 [INF] Executed DbCommand (9ms) [Parameters=[@p0='?' (DbType = Guid), @p1='?' (Size = 23), @p2='?' (DbType = DateTime), @p3='?', @p4='?' (Size = 9), @p5='?' (DbType = Guid), @p6='?'], CommandType='"Text"', CommandTimeout='30']
INSERT INTO "Messages" ("Id", "Content", "CreatedUtc", "Kind", "Role", "SessionId", "TokenUsageJson")
VALUES (@p0, @p1, @p2, @p3, @p4, @p5, @p6);
2025-09-01 21:22:32.186 +02:00 [INF] Request starting HTTP/1.1 OPTIONS http://localhost:5088/sessions/7badd32c-ede8-4396-a598-318afa4aaa4c/messages - null null
2025-09-01 21:22:32.194 +02:00 [INF] CORS policy execution successful.
2025-09-01 21:22:32.200 +02:00 [INF] Request finished HTTP/1.1 OPTIONS http://localhost:5088/sessions/7badd32c-ede8-4396-a598-318afa4aaa4c/messages - 204 null null 14.0511ms
2025-09-01 21:22:32.205 +02:00 [INF] Request starting HTTP/1.1 POST http://localhost:5088/sessions/7badd32c-ede8-4396-a598-318afa4aaa4c/messages - application/json 40
2025-09-01 21:22:32.212 +02:00 [INF] CORS policy execution successful.
2025-09-01 21:22:32.216 +02:00 [INF] Executing endpoint 'HTTP: POST /sessions/{id:guid}/messages'
2025-09-01 21:22:32.223 +02:00 [INF] Executed DbCommand (1ms) [Parameters=[@__p_0='?' (DbType = Guid)], CommandType='"Text"', CommandTimeout='30']
SELECT "s"."Id", "s"."AgentId", "s"."EndedUtc", "s"."LastEventIdx", "s"."StartedUtc", "s"."Status", "s"."UserId"
FROM "Sessions" AS "s"
WHERE "s"."Id" = @__p_0
LIMIT 1
2025-09-01 21:22:32.254 +02:00 [INF] Executed DbCommand (19ms) [Parameters=[@p0='?' (DbType = Guid), @p1='?' (Size = 26), @p2='?' (DbType = DateTime), @p3='?', @p4='?' (Size = 4), @p5='?' (DbType = Guid), @p6='?'], CommandType='"Text"', CommandTimeout='30']
INSERT INTO "Messages" ("Id", "Content", "CreatedUtc", "Kind", "Role", "SessionId", "TokenUsageJson")
VALUES (@p0, @p1, @p2, @p3, @p4, @p5, @p6);
2025-09-01 21:22:32.261 +02:00 [INF] Setting HTTP status code 202.
2025-09-01 21:22:32.262 +02:00 [INF] Executed DbCommand (0ms) [Parameters=[@__p_0='?' (DbType = Guid)], CommandType='"Text"', CommandTimeout='30']
SELECT "a"."Id", "a"."Autonomy", "a"."CreatedUtc", "a"."GuardrailsJson", "a"."Name", "a"."ParamsJson", "a"."Provider", "a"."SystemPrompt", "a"."Temperature", "a"."TemplateRef", "a"."TokenBudget", "a"."ToolBudget", "a"."TopP", "a"."UpdatedUtc"
FROM "Agents" AS "a"
WHERE "a"."Id" = @__p_0
LIMIT 1
2025-09-01 21:22:32.266 +02:00 [INF] Writing value of type 'AcceptedResponse' as Json.
2025-09-01 21:22:32.278 +02:00 [INF] Executed endpoint 'HTTP: POST /sessions/{id:guid}/messages'
2025-09-01 21:22:32.285 +02:00 [INF] Executed DbCommand (10ms) [Parameters=[@p0='?' (DbType = Guid), @p1='?' (Size = 26), @p2='?' (DbType = DateTime), @p3='?', @p4='?' (Size = 4), @p5='?' (DbType = Guid), @p6='?'], CommandType='"Text"', CommandTimeout='30']
INSERT INTO "Messages" ("Id", "Content", "CreatedUtc", "Kind", "Role", "SessionId", "TokenUsageJson")
VALUES (@p0, @p1, @p2, @p3, @p4, @p5, @p6);
2025-09-01 21:22:32.285 +02:00 [INF] Request finished HTTP/1.1 POST http://localhost:5088/sessions/7badd32c-ede8-4396-a598-318afa4aaa4c/messages - 202 null application/json; charset=utf-8 79.8709ms
2025-09-01 21:22:32.296 +02:00 [INF] Executed DbCommand (1ms) [Parameters=[@__agentId_0='?' (DbType = Guid)], CommandType='"Text"', CommandTimeout='30']
SELECT "a"."Id", "a"."AgentId", "a"."ConfigJson", "a"."Enabled", "a"."ToolId", "t"."Id", "t"."Description", "t"."Enabled", "t"."InputSchemaJson", "t"."McpServerId", "t"."Name", "t"."Scope", "m"."Id", "m"."AuthType", "m"."BaseUrl", "m"."LastSeenUtc", "m"."MetadataJson", "m"."Name", "m"."Status"
FROM "AgentToolBindings" AS "a"
INNER JOIN "Tools" AS "t" ON "a"."ToolId" = "t"."Id"
INNER JOIN "McpServers" AS "m" ON "t"."McpServerId" = "m"."Id"
WHERE "a"."AgentId" = @__agentId_0 AND "a"."Enabled"
2025-09-01 21:22:32.311 +02:00 [INF] Executed DbCommand (1ms) [Parameters=[@__sessionId_0='?' (DbType = Guid), @__kind_1='?' (Size = 11), @__p_2='?' (DbType = Int32)], CommandType='"Text"', CommandTimeout='30']
SELECT "m"."Id", "m"."Content", "m"."CreatedUtc", "m"."Kind", "m"."Role", "m"."SessionId", "m"."TokenUsageJson"
FROM "Messages" AS "m"
WHERE "m"."SessionId" = @__sessionId_0 AND "m"."Kind" = @__kind_1
ORDER BY "m"."CreatedUtc" DESC
LIMIT @__p_2
2025-09-01 21:22:32.326 +02:00 [INF] Executed DbCommand (1ms) [Parameters=[@__sessionId_0='?' (DbType = Guid), @__p_1='?' (DbType = Int32)], CommandType='"Text"', CommandTimeout='30']
SELECT "m"."Id", "m"."Content", "m"."CreatedUtc", "m"."Kind", "m"."Role", "m"."SessionId", "m"."TokenUsageJson"
FROM "Messages" AS "m"
WHERE "m"."SessionId" = @__sessionId_0
ORDER BY "m"."CreatedUtc" DESC
LIMIT @__p_1
2025-09-01 21:22:32.341 +02:00 [INF] Executed DbCommand (1ms) [Parameters=[@__agentId_0='?' (DbType = Guid)], CommandType='"Text"', CommandTimeout='30']
SELECT "a"."Id", "a"."AgentId", "a"."ConfigJson", "a"."Enabled", "a"."ToolId", "t"."Id", "t"."Description", "t"."Enabled", "t"."InputSchemaJson", "t"."McpServerId", "t"."Name", "t"."Scope", "m"."Id", "m"."AuthType", "m"."BaseUrl", "m"."LastSeenUtc", "m"."MetadataJson", "m"."Name", "m"."Status"
FROM "AgentToolBindings" AS "a"
INNER JOIN "Tools" AS "t" ON "a"."ToolId" = "t"."Id"
INNER JOIN "McpServers" AS "m" ON "t"."McpServerId" = "m"."Id"
WHERE "a"."AgentId" = @__agentId_0 AND "a"."Enabled"
2025-09-01 21:22:32.782 +02:00 [INF] Executed DbCommand (1ms) [Parameters=[@__sessionId_0='?' (DbType = Guid), @__p_1='?' (DbType = Int32)], CommandType='"Text"', CommandTimeout='30']
SELECT "m"."Id", "m"."Content", "m"."CreatedUtc", "m"."Kind", "m"."Role", "m"."SessionId", "m"."TokenUsageJson"
FROM "Messages" AS "m"
WHERE "m"."SessionId" = @__sessionId_0
ORDER BY "m"."CreatedUtc" DESC
LIMIT @__p_1
2025-09-01 21:22:33.216 +02:00 [INF] Executed DbCommand (19ms) [Parameters=[@p0='?' (DbType = Guid), @p1='?' (Size = 120), @p2='?' (DbType = DateTime), @p3='?', @p4='?' (Size = 9), @p5='?' (DbType = Guid), @p6='?'], CommandType='"Text"', CommandTimeout='30']
INSERT INTO "Messages" ("Id", "Content", "CreatedUtc", "Kind", "Role", "SessionId", "TokenUsageJson")
VALUES (@p0, @p1, @p2, @p3, @p4, @p5, @p6);
2025-09-01 21:22:33.234 +02:00 [INF] Executed DbCommand (9ms) [Parameters=[@p0='?' (DbType = Guid), @p1='?' (Size = 120), @p2='?' (DbType = DateTime), @p3='?', @p4='?' (Size = 9), @p5='?' (DbType = Guid), @p6='?'], CommandType='"Text"', CommandTimeout='30']
INSERT INTO "Messages" ("Id", "Content", "CreatedUtc", "Kind", "Role", "SessionId", "TokenUsageJson")
VALUES (@p0, @p1, @p2, @p3, @p4, @p5, @p6);
2025-09-01 21:22:41.453 +02:00 [INF] Request starting HTTP/1.1 OPTIONS http://localhost:5088/sessions/7badd32c-ede8-4396-a598-318afa4aaa4c/messages - null null
2025-09-01 21:22:41.463 +02:00 [INF] CORS policy execution successful.
2025-09-01 21:22:41.469 +02:00 [INF] Request finished HTTP/1.1 OPTIONS http://localhost:5088/sessions/7badd32c-ede8-4396-a598-318afa4aaa4c/messages - 204 null null 15.8371ms
2025-09-01 21:22:41.477 +02:00 [INF] Request starting HTTP/1.1 POST http://localhost:5088/sessions/7badd32c-ede8-4396-a598-318afa4aaa4c/messages - application/json 44
2025-09-01 21:22:41.483 +02:00 [INF] CORS policy execution successful.
2025-09-01 21:22:41.488 +02:00 [INF] Executing endpoint 'HTTP: POST /sessions/{id:guid}/messages'
2025-09-01 21:22:41.496 +02:00 [INF] Executed DbCommand (0ms) [Parameters=[@__p_0='?' (DbType = Guid)], CommandType='"Text"', CommandTimeout='30']
SELECT "s"."Id", "s"."AgentId", "s"."EndedUtc", "s"."LastEventIdx", "s"."StartedUtc", "s"."Status", "s"."UserId"
FROM "Sessions" AS "s"
WHERE "s"."Id" = @__p_0
LIMIT 1
2025-09-01 21:22:41.523 +02:00 [INF] Executed DbCommand (19ms) [Parameters=[@p0='?' (DbType = Guid), @p1='?' (Size = 30), @p2='?' (DbType = DateTime), @p3='?', @p4='?' (Size = 4), @p5='?' (DbType = Guid), @p6='?'], CommandType='"Text"', CommandTimeout='30']
INSERT INTO "Messages" ("Id", "Content", "CreatedUtc", "Kind", "Role", "SessionId", "TokenUsageJson")
VALUES (@p0, @p1, @p2, @p3, @p4, @p5, @p6);
2025-09-01 21:22:41.531 +02:00 [INF] Setting HTTP status code 202.
2025-09-01 21:22:41.534 +02:00 [INF] Executed DbCommand (1ms) [Parameters=[@__p_0='?' (DbType = Guid)], CommandType='"Text"', CommandTimeout='30']
SELECT "a"."Id", "a"."Autonomy", "a"."CreatedUtc", "a"."GuardrailsJson", "a"."Name", "a"."ParamsJson", "a"."Provider", "a"."SystemPrompt", "a"."Temperature", "a"."TemplateRef", "a"."TokenBudget", "a"."ToolBudget", "a"."TopP", "a"."UpdatedUtc"
FROM "Agents" AS "a"
WHERE "a"."Id" = @__p_0
LIMIT 1
2025-09-01 21:22:41.540 +02:00 [INF] Writing value of type 'AcceptedResponse' as Json.
2025-09-01 21:22:41.554 +02:00 [INF] Executed endpoint 'HTTP: POST /sessions/{id:guid}/messages'
2025-09-01 21:22:41.559 +02:00 [INF] Request finished HTTP/1.1 POST http://localhost:5088/sessions/7badd32c-ede8-4396-a598-318afa4aaa4c/messages - 202 null application/json; charset=utf-8 82.8674ms
2025-09-01 21:22:41.562 +02:00 [INF] Executed DbCommand (11ms) [Parameters=[@p0='?' (DbType = Guid), @p1='?' (Size = 30), @p2='?' (DbType = DateTime), @p3='?', @p4='?' (Size = 4), @p5='?' (DbType = Guid), @p6='?'], CommandType='"Text"', CommandTimeout='30']
INSERT INTO "Messages" ("Id", "Content", "CreatedUtc", "Kind", "Role", "SessionId", "TokenUsageJson")
VALUES (@p0, @p1, @p2, @p3, @p4, @p5, @p6);
2025-09-01 21:22:41.579 +02:00 [INF] Executed DbCommand (1ms) [Parameters=[@__agentId_0='?' (DbType = Guid)], CommandType='"Text"', CommandTimeout='30']
SELECT "a"."Id", "a"."AgentId", "a"."ConfigJson", "a"."Enabled", "a"."ToolId", "t"."Id", "t"."Description", "t"."Enabled", "t"."InputSchemaJson", "t"."McpServerId", "t"."Name", "t"."Scope", "m"."Id", "m"."AuthType", "m"."BaseUrl", "m"."LastSeenUtc", "m"."MetadataJson", "m"."Name", "m"."Status"
FROM "AgentToolBindings" AS "a"
INNER JOIN "Tools" AS "t" ON "a"."ToolId" = "t"."Id"
INNER JOIN "McpServers" AS "m" ON "t"."McpServerId" = "m"."Id"
WHERE "a"."AgentId" = @__agentId_0 AND "a"."Enabled"
2025-09-01 21:22:41.591 +02:00 [INF] Executed DbCommand (1ms) [Parameters=[@__sessionId_0='?' (DbType = Guid), @__kind_1='?' (Size = 11), @__p_2='?' (DbType = Int32)], CommandType='"Text"', CommandTimeout='30']
SELECT "m"."Id", "m"."Content", "m"."CreatedUtc", "m"."Kind", "m"."Role", "m"."SessionId", "m"."TokenUsageJson"
FROM "Messages" AS "m"
WHERE "m"."SessionId" = @__sessionId_0 AND "m"."Kind" = @__kind_1
ORDER BY "m"."CreatedUtc" DESC
LIMIT @__p_2
2025-09-01 21:22:41.602 +02:00 [INF] Executed DbCommand (1ms) [Parameters=[@__sessionId_0='?' (DbType = Guid), @__p_1='?' (DbType = Int32)], CommandType='"Text"', CommandTimeout='30']
SELECT "m"."Id", "m"."Content", "m"."CreatedUtc", "m"."Kind", "m"."Role", "m"."SessionId", "m"."TokenUsageJson"
FROM "Messages" AS "m"
WHERE "m"."SessionId" = @__sessionId_0
ORDER BY "m"."CreatedUtc" DESC
LIMIT @__p_1
2025-09-01 21:22:41.611 +02:00 [INF] Executed DbCommand (1ms) [Parameters=[@__agentId_0='?' (DbType = Guid)], CommandType='"Text"', CommandTimeout='30']
SELECT "a"."Id", "a"."AgentId", "a"."ConfigJson", "a"."Enabled", "a"."ToolId", "t"."Id", "t"."Description", "t"."Enabled", "t"."InputSchemaJson", "t"."McpServerId", "t"."Name", "t"."Scope", "m"."Id", "m"."AuthType", "m"."BaseUrl", "m"."LastSeenUtc", "m"."MetadataJson", "m"."Name", "m"."Status"
FROM "AgentToolBindings" AS "a"
INNER JOIN "Tools" AS "t" ON "a"."ToolId" = "t"."Id"
INNER JOIN "McpServers" AS "m" ON "t"."McpServerId" = "m"."Id"
WHERE "a"."AgentId" = @__agentId_0 AND "a"."Enabled"
2025-09-01 21:22:42.527 +02:00 [INF] Executed DbCommand (0ms) [Parameters=[@__sessionId_0='?' (DbType = Guid), @__p_1='?' (DbType = Int32)], CommandType='"Text"', CommandTimeout='30']
SELECT "m"."Id", "m"."Content", "m"."CreatedUtc", "m"."Kind", "m"."Role", "m"."SessionId", "m"."TokenUsageJson"
FROM "Messages" AS "m"
WHERE "m"."SessionId" = @__sessionId_0
ORDER BY "m"."CreatedUtc" DESC
LIMIT @__p_1
2025-09-01 21:22:43.008 +02:00 [INF] Executed DbCommand (19ms) [Parameters=[@p0='?' (DbType = Guid), @p1='?' (Size = 126), @p2='?' (DbType = DateTime), @p3='?', @p4='?' (Size = 9), @p5='?' (DbType = Guid), @p6='?'], CommandType='"Text"', CommandTimeout='30']
INSERT INTO "Messages" ("Id", "Content", "CreatedUtc", "Kind", "Role", "SessionId", "TokenUsageJson")
VALUES (@p0, @p1, @p2, @p3, @p4, @p5, @p6);
2025-09-01 21:22:43.026 +02:00 [INF] Executed DbCommand (10ms) [Parameters=[@p0='?' (DbType = Guid), @p1='?' (Size = 126), @p2='?' (DbType = DateTime), @p3='?', @p4='?' (Size = 9), @p5='?' (DbType = Guid), @p6='?'], CommandType='"Text"', CommandTimeout='30']
INSERT INTO "Messages" ("Id", "Content", "CreatedUtc", "Kind", "Role", "SessionId", "TokenUsageJson")
VALUES (@p0, @p1, @p2, @p3, @p4, @p5, @p6);
2025-09-01 21:22:53.757 +02:00 [INF] Request starting HTTP/1.1 OPTIONS http://localhost:5088/sessions/7badd32c-ede8-4396-a598-318afa4aaa4c/messages - null null
2025-09-01 21:22:53.765 +02:00 [INF] CORS policy execution successful.
2025-09-01 21:22:53.771 +02:00 [INF] Request finished HTTP/1.1 OPTIONS http://localhost:5088/sessions/7badd32c-ede8-4396-a598-318afa4aaa4c/messages - 204 null null 13.8399ms
2025-09-01 21:22:53.777 +02:00 [INF] Request starting HTTP/1.1 POST http://localhost:5088/sessions/7badd32c-ede8-4396-a598-318afa4aaa4c/messages - application/json 41
2025-09-01 21:22:53.782 +02:00 [INF] CORS policy execution successful.
2025-09-01 21:22:53.786 +02:00 [INF] Executing endpoint 'HTTP: POST /sessions/{id:guid}/messages'
2025-09-01 21:22:53.793 +02:00 [INF] Executed DbCommand (1ms) [Parameters=[@__p_0='?' (DbType = Guid)], CommandType='"Text"', CommandTimeout='30']
SELECT "s"."Id", "s"."AgentId", "s"."EndedUtc", "s"."LastEventIdx", "s"."StartedUtc", "s"."Status", "s"."UserId"
FROM "Sessions" AS "s"
WHERE "s"."Id" = @__p_0
LIMIT 1
2025-09-01 21:22:53.818 +02:00 [INF] Executed DbCommand (19ms) [Parameters=[@p0='?' (DbType = Guid), @p1='?' (Size = 27), @p2='?' (DbType = DateTime), @p3='?', @p4='?' (Size = 4), @p5='?' (DbType = Guid), @p6='?'], CommandType='"Text"', CommandTimeout='30']
INSERT INTO "Messages" ("Id", "Content", "CreatedUtc", "Kind", "Role", "SessionId", "TokenUsageJson")
VALUES (@p0, @p1, @p2, @p3, @p4, @p5, @p6);
2025-09-01 21:22:53.824 +02:00 [INF] Setting HTTP status code 202.
2025-09-01 21:22:53.825 +02:00 [INF] Executed DbCommand (0ms) [Parameters=[@__p_0='?' (DbType = Guid)], CommandType='"Text"', CommandTimeout='30']
SELECT "a"."Id", "a"."Autonomy", "a"."CreatedUtc", "a"."GuardrailsJson", "a"."Name", "a"."ParamsJson", "a"."Provider", "a"."SystemPrompt", "a"."Temperature", "a"."TemplateRef", "a"."TokenBudget", "a"."ToolBudget", "a"."TopP", "a"."UpdatedUtc"
FROM "Agents" AS "a"
WHERE "a"."Id" = @__p_0
LIMIT 1
2025-09-01 21:22:53.829 +02:00 [INF] Writing value of type 'AcceptedResponse' as Json.
2025-09-01 21:22:53.839 +02:00 [INF] Executed endpoint 'HTTP: POST /sessions/{id:guid}/messages'
2025-09-01 21:22:53.844 +02:00 [INF] Request finished HTTP/1.1 POST http://localhost:5088/sessions/7badd32c-ede8-4396-a598-318afa4aaa4c/messages - 202 null application/json; charset=utf-8 66.3389ms
2025-09-01 21:22:53.845 +02:00 [INF] Executed DbCommand (9ms) [Parameters=[@p0='?' (DbType = Guid), @p1='?' (Size = 27), @p2='?' (DbType = DateTime), @p3='?', @p4='?' (Size = 4), @p5='?' (DbType = Guid), @p6='?'], CommandType='"Text"', CommandTimeout='30']
INSERT INTO "Messages" ("Id", "Content", "CreatedUtc", "Kind", "Role", "SessionId", "TokenUsageJson")
VALUES (@p0, @p1, @p2, @p3, @p4, @p5, @p6);
2025-09-01 21:22:53.857 +02:00 [INF] Executed DbCommand (0ms) [Parameters=[@__agentId_0='?' (DbType = Guid)], CommandType='"Text"', CommandTimeout='30']
SELECT "a"."Id", "a"."AgentId", "a"."ConfigJson", "a"."Enabled", "a"."ToolId", "t"."Id", "t"."Description", "t"."Enabled", "t"."InputSchemaJson", "t"."McpServerId", "t"."Name", "t"."Scope", "m"."Id", "m"."AuthType", "m"."BaseUrl", "m"."LastSeenUtc", "m"."MetadataJson", "m"."Name", "m"."Status"
FROM "AgentToolBindings" AS "a"
INNER JOIN "Tools" AS "t" ON "a"."ToolId" = "t"."Id"
INNER JOIN "McpServers" AS "m" ON "t"."McpServerId" = "m"."Id"
WHERE "a"."AgentId" = @__agentId_0 AND "a"."Enabled"
2025-09-01 21:22:53.865 +02:00 [INF] Executed DbCommand (0ms) [Parameters=[@__sessionId_0='?' (DbType = Guid), @__kind_1='?' (Size = 11), @__p_2='?' (DbType = Int32)], CommandType='"Text"', CommandTimeout='30']
SELECT "m"."Id", "m"."Content", "m"."CreatedUtc", "m"."Kind", "m"."Role", "m"."SessionId", "m"."TokenUsageJson"
FROM "Messages" AS "m"
WHERE "m"."SessionId" = @__sessionId_0 AND "m"."Kind" = @__kind_1
ORDER BY "m"."CreatedUtc" DESC
LIMIT @__p_2
2025-09-01 21:22:53.872 +02:00 [INF] Executed DbCommand (0ms) [Parameters=[@__sessionId_0='?' (DbType = Guid), @__p_1='?' (DbType = Int32)], CommandType='"Text"', CommandTimeout='30']
SELECT "m"."Id", "m"."Content", "m"."CreatedUtc", "m"."Kind", "m"."Role", "m"."SessionId", "m"."TokenUsageJson"
FROM "Messages" AS "m"
WHERE "m"."SessionId" = @__sessionId_0
ORDER BY "m"."CreatedUtc" DESC
LIMIT @__p_1
2025-09-01 21:22:53.880 +02:00 [INF] Executed DbCommand (0ms) [Parameters=[@__agentId_0='?' (DbType = Guid)], CommandType='"Text"', CommandTimeout='30']
SELECT "a"."Id", "a"."AgentId", "a"."ConfigJson", "a"."Enabled", "a"."ToolId", "t"."Id", "t"."Description", "t"."Enabled", "t"."InputSchemaJson", "t"."McpServerId", "t"."Name", "t"."Scope", "m"."Id", "m"."AuthType", "m"."BaseUrl", "m"."LastSeenUtc", "m"."MetadataJson", "m"."Name", "m"."Status"
FROM "AgentToolBindings" AS "a"
INNER JOIN "Tools" AS "t" ON "a"."ToolId" = "t"."Id"
INNER JOIN "McpServers" AS "m" ON "t"."McpServerId" = "m"."Id"
WHERE "a"."AgentId" = @__agentId_0 AND "a"."Enabled"
2025-09-01 21:22:54.340 +02:00 [INF] Executed DbCommand (1ms) [Parameters=[@__sessionId_0='?' (DbType = Guid), @__p_1='?' (DbType = Int32)], CommandType='"Text"', CommandTimeout='30']
SELECT "m"."Id", "m"."Content", "m"."CreatedUtc", "m"."Kind", "m"."Role", "m"."SessionId", "m"."TokenUsageJson"
FROM "Messages" AS "m"
WHERE "m"."SessionId" = @__sessionId_0
ORDER BY "m"."CreatedUtc" DESC
LIMIT @__p_1
2025-09-01 21:22:54.729 +02:00 [INF] Executed DbCommand (10ms) [Parameters=[@p0='?' (DbType = Guid), @p1='?' (Size = 95), @p2='?' (DbType = DateTime), @p3='?', @p4='?' (Size = 9), @p5='?' (DbType = Guid), @p6='?'], CommandType='"Text"', CommandTimeout='30']
INSERT INTO "Messages" ("Id", "Content", "CreatedUtc", "Kind", "Role", "SessionId", "TokenUsageJson")
VALUES (@p0, @p1, @p2, @p3, @p4, @p5, @p6);
2025-09-01 21:22:54.746 +02:00 [INF] Executed DbCommand (9ms) [Parameters=[@p0='?' (DbType = Guid), @p1='?' (Size = 95), @p2='?' (DbType = DateTime), @p3='?', @p4='?' (Size = 9), @p5='?' (DbType = Guid), @p6='?'], CommandType='"Text"', CommandTimeout='30']
INSERT INTO "Messages" ("Id", "Content", "CreatedUtc", "Kind", "Role", "SessionId", "TokenUsageJson")
VALUES (@p0, @p1, @p2, @p3, @p4, @p5, @p6);
2025-09-01 21:23:01.426 +02:00 [INF] Application is shutting down...
2025-09-01 21:23:01.434 +02:00 [INF] Executed endpoint '/hubs/trace'
2025-09-01 21:23:01.440 +02:00 [INF] Request finished HTTP/1.1 GET http://localhost:5088/hubs/trace?id=7gDID1RDCWx9yYiJ-ZRaGQ - 101 null null 118244.2912ms
