2025-09-03 16:50:42.260 +02:00 [INF] User profile is available. Using 'C:\Users\Usuario\AppData\Local\ASP.NET\DataProtection-Keys' as key repository and Windows DPAPI to encrypt keys at rest.
2025-09-03 16:50:42.697 +02:00 [INF] Now listening on: http://localhost:5088
2025-09-03 16:50:42.702 +02:00 [INF] Application started. Press Ctrl+C to shut down.
2025-09-03 16:50:42.704 +02:00 [INF] Hosting environment: Development
2025-09-03 16:50:42.706 +02:00 [INF] Content root path: D:\BearDevelopment\AutoAgent\autoagent_back\src\AutoAgentes.Api
2025-09-03 16:51:38.453 +02:00 [INF] Request starting HTTP/1.1 OPTIONS http://localhost:5088/agents/1e5ffb9e-fb28-4405-b82b-b4647aa5a865/bindings - null null
2025-09-03 16:51:38.453 +02:00 [INF] Request starting HTTP/1.1 OPTIONS http://localhost:5088/agents/1e5ffb9e-fb28-4405-b82b-b4647aa5a865 - null null
2025-09-03 16:51:38.762 +02:00 [INF] CORS policy execution successful.
2025-09-03 16:51:38.762 +02:00 [INF] CORS policy execution successful.
2025-09-03 16:51:38.789 +02:00 [INF] Request finished HTTP/1.1 OPTIONS http://localhost:5088/agents/1e5ffb9e-fb28-4405-b82b-b4647aa5a865 - 204 null null 378.5942ms
2025-09-03 16:51:38.789 +02:00 [INF] Request finished HTTP/1.1 OPTIONS http://localhost:5088/agents/1e5ffb9e-fb28-4405-b82b-b4647aa5a865/bindings - 204 null null 378.5889ms
2025-09-03 16:51:40.394 +02:00 [INF] Request starting HTTP/1.1 OPTIONS http://localhost:5088/sessions - null null
2025-09-03 16:51:40.409 +02:00 [INF] CORS policy execution successful.
2025-09-03 16:51:40.417 +02:00 [INF] Request finished HTTP/1.1 OPTIONS http://localhost:5088/sessions - 204 null null 23.9783ms
2025-09-03 16:51:40.427 +02:00 [INF] Request starting HTTP/1.1 POST http://localhost:5088/sessions - application/json 50
2025-09-03 16:51:40.439 +02:00 [INF] CORS policy execution successful.
2025-09-03 16:51:40.491 +02:00 [INF] Executing endpoint 'HTTP: POST /sessions/'
2025-09-03 16:51:42.543 +02:00 [INF] Executed DbCommand (13ms) [Parameters=[@__p_0='?' (DbType = Guid)], CommandType='"Text"', CommandTimeout='30']
SELECT "a"."Id", "a"."Autonomy", "a"."CreatedUtc", "a"."GuardrailsJson", "a"."Name", "a"."ParamsJson", "a"."Provider", "a"."SystemPrompt", "a"."Temperature", "a"."TemplateRef", "a"."TokenBudget", "a"."ToolBudget", "a"."TopP", "a"."UpdatedUtc"
FROM "Agents" AS "a"
WHERE "a"."Id" = @__p_0
LIMIT 1
2025-09-03 16:51:42.936 +02:00 [INF] Executed DbCommand (13ms) [Parameters=[@p0='?' (DbType = Guid), @p1='?' (DbType = Guid), @p2='?' (DbType = DateTime), @p3='?' (DbType = Int32), @p4='?' (DbType = DateTime), @p5='?' (Size = 7), @p6='?'], CommandType='"Text"', CommandTimeout='30']
INSERT INTO "Sessions" ("Id", "AgentId", "EndedUtc", "LastEventIdx", "StartedUtc", "Status", "UserId")
VALUES (@p0, @p1, @p2, @p3, @p4, @p5, @p6);
2025-09-03 16:51:42.965 +02:00 [INF] Setting HTTP status code 201.
2025-09-03 16:51:42.979 +02:00 [INF] Writing value of type 'SessionCreatedResponse' as Json.
2025-09-03 16:51:42.998 +02:00 [INF] Executed endpoint 'HTTP: POST /sessions/'
2025-09-03 16:51:43.011 +02:00 [INF] Request finished HTTP/1.1 POST http://localhost:5088/sessions - 201 null application/json; charset=utf-8 2584.2547ms
2025-09-03 16:51:43.035 +02:00 [INF] Request starting HTTP/1.1 OPTIONS http://localhost:5088/hubs/trace/negotiate?negotiateVersion=1 - null null
2025-09-03 16:51:43.042 +02:00 [INF] CORS policy execution successful.
2025-09-03 16:51:43.049 +02:00 [INF] Request finished HTTP/1.1 OPTIONS http://localhost:5088/hubs/trace/negotiate?negotiateVersion=1 - 204 null null 15.7771ms
2025-09-03 16:51:43.053 +02:00 [INF] Request starting HTTP/1.1 POST http://localhost:5088/hubs/trace/negotiate?negotiateVersion=1 - null 0
2025-09-03 16:51:43.067 +02:00 [INF] CORS policy execution successful.
2025-09-03 16:51:43.086 +02:00 [INF] ApiKey was not authenticated. Failure message: Missing API key
2025-09-03 16:51:43.093 +02:00 [INF] Executing endpoint '/hubs/trace/negotiate'
2025-09-03 16:51:43.113 +02:00 [INF] Executed endpoint '/hubs/trace/negotiate'
2025-09-03 16:51:43.120 +02:00 [INF] Request finished HTTP/1.1 POST http://localhost:5088/hubs/trace/negotiate?negotiateVersion=1 - 200 316 application/json 67.2632ms
2025-09-03 16:51:43.124 +02:00 [INF] Request starting HTTP/1.1 GET http://localhost:5088/hubs/trace?id=sPlMOwovTFplk5JEJT7-ug - null null
2025-09-03 16:51:43.141 +02:00 [INF] CORS policy execution successful.
2025-09-03 16:51:43.152 +02:00 [INF] ApiKey was not authenticated. Failure message: Missing API key
2025-09-03 16:51:43.157 +02:00 [INF] Executing endpoint '/hubs/trace'
2025-09-03 16:51:45.268 +02:00 [INF] Request starting HTTP/1.1 OPTIONS http://localhost:5088/sessions/09809ab3-09bf-4838-8dca-2bc71c90c599/messages - null null
2025-09-03 16:51:45.276 +02:00 [INF] CORS policy execution successful.
2025-09-03 16:51:45.282 +02:00 [INF] Request finished HTTP/1.1 OPTIONS http://localhost:5088/sessions/09809ab3-09bf-4838-8dca-2bc71c90c599/messages - 204 null null 14.3966ms
2025-09-03 16:51:45.289 +02:00 [INF] Request starting HTTP/1.1 POST http://localhost:5088/sessions/09809ab3-09bf-4838-8dca-2bc71c90c599/messages - application/json 18
2025-09-03 16:51:45.299 +02:00 [INF] CORS policy execution successful.
2025-09-03 16:51:45.306 +02:00 [INF] Executing endpoint 'HTTP: POST /sessions/{id:guid}/messages'
2025-09-03 16:51:45.397 +02:00 [INF] Executed DbCommand (1ms) [Parameters=[@__p_0='?' (DbType = Guid)], CommandType='"Text"', CommandTimeout='30']
SELECT "s"."Id", "s"."AgentId", "s"."EndedUtc", "s"."LastEventIdx", "s"."StartedUtc", "s"."Status", "s"."UserId"
FROM "Sessions" AS "s"
WHERE "s"."Id" = @__p_0
LIMIT 1
2025-09-03 16:51:45.455 +02:00 [INF] Executed DbCommand (19ms) [Parameters=[@p0='?' (DbType = Guid), @p1='?' (Size = 4), @p2='?' (DbType = DateTime), @p3='?', @p4='?' (Size = 4), @p5='?' (DbType = Guid), @p6='?'], CommandType='"Text"', CommandTimeout='30']
INSERT INTO "Messages" ("Id", "Content", "CreatedUtc", "Kind", "Role", "SessionId", "TokenUsageJson")
VALUES (@p0, @p1, @p2, @p3, @p4, @p5, @p6);
2025-09-03 16:51:45.490 +02:00 [INF] Setting HTTP status code 202.
2025-09-03 16:51:45.502 +02:00 [INF] Writing value of type 'AcceptedResponse' as Json.
2025-09-03 16:51:45.504 +02:00 [INF] Executed DbCommand (1ms) [Parameters=[@__p_0='?' (DbType = Guid)], CommandType='"Text"', CommandTimeout='30']
SELECT "a"."Id", "a"."Autonomy", "a"."CreatedUtc", "a"."GuardrailsJson", "a"."Name", "a"."ParamsJson", "a"."Provider", "a"."SystemPrompt", "a"."Temperature", "a"."TemplateRef", "a"."TokenBudget", "a"."ToolBudget", "a"."TopP", "a"."UpdatedUtc"
FROM "Agents" AS "a"
WHERE "a"."Id" = @__p_0
LIMIT 1
2025-09-03 16:51:45.511 +02:00 [INF] Executed endpoint 'HTTP: POST /sessions/{id:guid}/messages'
2025-09-03 16:51:45.522 +02:00 [INF] Request finished HTTP/1.1 POST http://localhost:5088/sessions/09809ab3-09bf-4838-8dca-2bc71c90c599/messages - 202 null application/json; charset=utf-8 233.0874ms
2025-09-03 16:51:45.539 +02:00 [ERR] An exception occurred while iterating over the results of a query for context type 'AutoAgentes.Infrastructure.AppDbContext'.
System.InvalidOperationException: Invalid attempt to call Read when reader is closed.
   at Microsoft.Data.Sqlite.SqliteDataReader.Read()
   at System.Data.Common.DbDataReader.ReadAsync(CancellationToken cancellationToken)
--- End of stack trace from previous location ---
   at Microsoft.EntityFrameworkCore.Query.Internal.SingleQueryingEnumerable`1.AsyncEnumerator.MoveNextAsync()
System.InvalidOperationException: Invalid attempt to call Read when reader is closed.
   at Microsoft.Data.Sqlite.SqliteDataReader.Read()
   at System.Data.Common.DbDataReader.ReadAsync(CancellationToken cancellationToken)
--- End of stack trace from previous location ---
   at Microsoft.EntityFrameworkCore.Query.Internal.SingleQueryingEnumerable`1.AsyncEnumerator.MoveNextAsync()
2025-09-03 16:51:59.632 +02:00 [INF] Request starting HTTP/1.1 OPTIONS http://localhost:5088/agents/57625e22-774b-470d-8ba6-785bc04f15f5 - null null
2025-09-03 16:51:59.634 +02:00 [INF] Request starting HTTP/1.1 OPTIONS http://localhost:5088/agents/57625e22-774b-470d-8ba6-785bc04f15f5/bindings - null null
2025-09-03 16:51:59.640 +02:00 [INF] CORS policy execution successful.
2025-09-03 16:51:59.647 +02:00 [INF] CORS policy execution successful.
2025-09-03 16:51:59.651 +02:00 [INF] Request finished HTTP/1.1 OPTIONS http://localhost:5088/agents/57625e22-774b-470d-8ba6-785bc04f15f5 - 204 null null 19.9496ms
2025-09-03 16:51:59.657 +02:00 [INF] Request finished HTTP/1.1 OPTIONS http://localhost:5088/agents/57625e22-774b-470d-8ba6-785bc04f15f5/bindings - 204 null null 23.3478ms
2025-09-03 16:51:59.695 +02:00 [INF] Request starting HTTP/1.1 GET http://localhost:5088/swagger/v1/swagger.json - null null
2025-09-03 16:51:59.725 +02:00 [INF] No action descriptors found. This may indicate an incorrectly configured application or missing application parts. To learn more, visit https://aka.ms/aspnet/mvc/app-parts
2025-09-03 16:51:59.894 +02:00 [INF] Request finished HTTP/1.1 GET http://localhost:5088/swagger/v1/swagger.json - 200 null application/json;charset=utf-8 199.2333ms
2025-09-03 16:51:59.901 +02:00 [INF] Request starting HTTP/1.1 OPTIONS http://localhost:5088/sessions/09809ab3-09bf-4838-8dca-2bc71c90c599/messages - null null
2025-09-03 16:51:59.908 +02:00 [INF] CORS policy execution successful.
2025-09-03 16:51:59.917 +02:00 [INF] Request finished HTTP/1.1 OPTIONS http://localhost:5088/sessions/09809ab3-09bf-4838-8dca-2bc71c90c599/messages - 204 null null 16.3174ms
2025-09-03 16:51:59.926 +02:00 [INF] Request starting HTTP/1.1 POST http://localhost:5088/sessions/09809ab3-09bf-4838-8dca-2bc71c90c599/messages - application/json 17
2025-09-03 16:51:59.935 +02:00 [INF] CORS policy execution successful.
2025-09-03 16:51:59.950 +02:00 [INF] Executing endpoint 'HTTP: POST /sessions/{id:guid}/messages'
2025-09-03 16:52:00.001 +02:00 [INF] Executed DbCommand (1ms) [Parameters=[@__p_0='?' (DbType = Guid)], CommandType='"Text"', CommandTimeout='30']
SELECT "s"."Id", "s"."AgentId", "s"."EndedUtc", "s"."LastEventIdx", "s"."StartedUtc", "s"."Status", "s"."UserId"
FROM "Sessions" AS "s"
WHERE "s"."Id" = @__p_0
LIMIT 1
2025-09-03 16:52:00.077 +02:00 [INF] Executed DbCommand (12ms) [Parameters=[@p0='?' (DbType = Guid), @p1='?' (Size = 3), @p2='?' (DbType = DateTime), @p3='?', @p4='?' (Size = 4), @p5='?' (DbType = Guid), @p6='?'], CommandType='"Text"', CommandTimeout='30']
INSERT INTO "Messages" ("Id", "Content", "CreatedUtc", "Kind", "Role", "SessionId", "TokenUsageJson")
VALUES (@p0, @p1, @p2, @p3, @p4, @p5, @p6);
2025-09-03 16:52:00.101 +02:00 [INF] Setting HTTP status code 202.
2025-09-03 16:52:00.104 +02:00 [INF] Executed DbCommand (1ms) [Parameters=[@__p_0='?' (DbType = Guid)], CommandType='"Text"', CommandTimeout='30']
SELECT "a"."Id", "a"."Autonomy", "a"."CreatedUtc", "a"."GuardrailsJson", "a"."Name", "a"."ParamsJson", "a"."Provider", "a"."SystemPrompt", "a"."Temperature", "a"."TemplateRef", "a"."TokenBudget", "a"."ToolBudget", "a"."TopP", "a"."UpdatedUtc"
FROM "Agents" AS "a"
WHERE "a"."Id" = @__p_0
LIMIT 1
2025-09-03 16:52:00.116 +02:00 [INF] Writing value of type 'AcceptedResponse' as Json.
2025-09-03 16:52:00.134 +02:00 [INF] Executed endpoint 'HTTP: POST /sessions/{id:guid}/messages'
2025-09-03 16:52:00.156 +02:00 [INF] Request finished HTTP/1.1 POST http://localhost:5088/sessions/09809ab3-09bf-4838-8dca-2bc71c90c599/messages - 202 null application/json; charset=utf-8 230.8978ms
2025-09-03 16:52:00.517 +02:00 [INF] Executed DbCommand (10ms) [Parameters=[@p0='?' (DbType = Guid), @p1='?' (Size = 3), @p2='?' (DbType = DateTime), @p3='?', @p4='?' (Size = 4), @p5='?' (DbType = Guid), @p6='?'], CommandType='"Text"', CommandTimeout='30']
INSERT INTO "Messages" ("Id", "Content", "CreatedUtc", "Kind", "Role", "SessionId", "TokenUsageJson")
VALUES (@p0, @p1, @p2, @p3, @p4, @p5, @p6);
2025-09-03 16:52:00.634 +02:00 [INF] Executed DbCommand (1ms) [Parameters=[@__agentId_0='?' (DbType = Guid)], CommandType='"Text"', CommandTimeout='30']
SELECT "a"."Id", "a"."AgentId", "a"."ConfigJson", "a"."Enabled", "a"."ToolId", "t"."Id", "t"."Description", "t"."Enabled", "t"."InputSchemaJson", "t"."McpServerId", "t"."Name", "t"."Scope", "m"."Id", "m"."AuthType", "m"."BaseUrl", "m"."LastSeenUtc", "m"."MetadataJson", "m"."Name", "m"."Status"
FROM "AgentToolBindings" AS "a"
INNER JOIN "Tools" AS "t" ON "a"."ToolId" = "t"."Id"
INNER JOIN "McpServers" AS "m" ON "t"."McpServerId" = "m"."Id"
WHERE "a"."AgentId" = @__agentId_0 AND "a"."Enabled"
2025-09-03 16:52:01.910 +02:00 [INF] Executed DbCommand (1ms) [Parameters=[@__agentId_0='?' (DbType = Guid)], CommandType='"Text"', CommandTimeout='30']
SELECT "a"."Id", "a"."AgentId", "a"."ConfigJson", "a"."Enabled", "a"."ToolId", "t"."Id", "t"."Description", "t"."Enabled", "t"."InputSchemaJson", "t"."McpServerId", "t"."Name", "t"."Scope", "m"."Id", "m"."AuthType", "m"."BaseUrl", "m"."LastSeenUtc", "m"."MetadataJson", "m"."Name", "m"."Status"
FROM "AgentToolBindings" AS "a"
INNER JOIN "Tools" AS "t" ON "a"."ToolId" = "t"."Id"
INNER JOIN "McpServers" AS "m" ON "t"."McpServerId" = "m"."Id"
WHERE "a"."AgentId" = @__agentId_0 AND "a"."Enabled"
2025-09-03 16:52:02.116 +02:00 [INF] Executed DbCommand (2ms) [Parameters=[@__sessionId_0='?' (DbType = Guid), @__kind_1='?' (Size = 11), @__p_2='?' (DbType = Int32)], CommandType='"Text"', CommandTimeout='30']
SELECT "m"."Id", "m"."Content", "m"."CreatedUtc", "m"."Kind", "m"."Role", "m"."SessionId", "m"."TokenUsageJson"
FROM "Messages" AS "m"
WHERE "m"."SessionId" = @__sessionId_0 AND "m"."Kind" = @__kind_1
ORDER BY "m"."CreatedUtc" DESC
LIMIT @__p_2
2025-09-03 16:52:02.162 +02:00 [INF] Executed DbCommand (1ms) [Parameters=[@__sessionId_0='?' (DbType = Guid), @__p_1='?' (DbType = Int32)], CommandType='"Text"', CommandTimeout='30']
SELECT "m"."Id", "m"."Content", "m"."CreatedUtc", "m"."Kind", "m"."Role", "m"."SessionId", "m"."TokenUsageJson"
FROM "Messages" AS "m"
WHERE "m"."SessionId" = @__sessionId_0
ORDER BY "m"."CreatedUtc" DESC
LIMIT @__p_1
2025-09-03 16:52:03.282 +02:00 [INF] Executed DbCommand (0ms) [Parameters=[@__agentId_0='?' (DbType = Guid)], CommandType='"Text"', CommandTimeout='30']
SELECT "a"."Id", "a"."AgentId", "a"."ConfigJson", "a"."Enabled", "a"."ToolId", "t"."Id", "t"."Description", "t"."Enabled", "t"."InputSchemaJson", "t"."McpServerId", "t"."Name", "t"."Scope", "m"."Id", "m"."AuthType", "m"."BaseUrl", "m"."LastSeenUtc", "m"."MetadataJson", "m"."Name", "m"."Status"
FROM "AgentToolBindings" AS "a"
INNER JOIN "Tools" AS "t" ON "a"."ToolId" = "t"."Id"
INNER JOIN "McpServers" AS "m" ON "t"."McpServerId" = "m"."Id"
WHERE "a"."AgentId" = @__agentId_0 AND "a"."Enabled"
2025-09-03 16:52:03.294 +02:00 [INF] Executed DbCommand (1ms) [Parameters=[@__agentId_0='?' (DbType = Guid)], CommandType='"Text"', CommandTimeout='30']
SELECT "a"."Id", "a"."AgentId", "a"."ConfigJson", "a"."Enabled", "a"."ToolId", "t"."Id", "t"."Description", "t"."Enabled", "t"."InputSchemaJson", "t"."McpServerId", "t"."Name", "t"."Scope", "m"."Id", "m"."AuthType", "m"."BaseUrl", "m"."LastSeenUtc", "m"."MetadataJson", "m"."Name", "m"."Status"
FROM "AgentToolBindings" AS "a"
INNER JOIN "Tools" AS "t" ON "a"."ToolId" = "t"."Id"
INNER JOIN "McpServers" AS "m" ON "t"."McpServerId" = "m"."Id"
WHERE "a"."AgentId" = @__agentId_0 AND "a"."Enabled"
2025-09-03 16:52:04.961 +02:00 [INF] Executed DbCommand (0ms) [Parameters=[@__sessionId_0='?' (DbType = Guid), @__p_1='?' (DbType = Int32)], CommandType='"Text"', CommandTimeout='30']
SELECT "m"."Id", "m"."Content", "m"."CreatedUtc", "m"."Kind", "m"."Role", "m"."SessionId", "m"."TokenUsageJson"
FROM "Messages" AS "m"
WHERE "m"."SessionId" = @__sessionId_0
ORDER BY "m"."CreatedUtc" DESC
LIMIT @__p_1
2025-09-03 16:52:05.379 +02:00 [INF] Executed DbCommand (23ms) [Parameters=[@p0='?' (DbType = Guid), @p1='?' (Size = 83), @p2='?' (DbType = DateTime), @p3='?', @p4='?' (Size = 9), @p5='?' (DbType = Guid), @p6='?'], CommandType='"Text"', CommandTimeout='30']
INSERT INTO "Messages" ("Id", "Content", "CreatedUtc", "Kind", "Role", "SessionId", "TokenUsageJson")
VALUES (@p0, @p1, @p2, @p3, @p4, @p5, @p6);
2025-09-03 16:52:05.402 +02:00 [INF] Executed DbCommand (10ms) [Parameters=[@p0='?' (DbType = Guid), @p1='?' (Size = 83), @p2='?' (DbType = DateTime), @p3='?', @p4='?' (Size = 9), @p5='?' (DbType = Guid), @p6='?'], CommandType='"Text"', CommandTimeout='30']
INSERT INTO "Messages" ("Id", "Content", "CreatedUtc", "Kind", "Role", "SessionId", "TokenUsageJson")
VALUES (@p0, @p1, @p2, @p3, @p4, @p5, @p6);
2025-09-03 16:52:09.657 +02:00 [INF] Executed endpoint '/hubs/trace'
2025-09-03 16:52:09.667 +02:00 [INF] Request finished HTTP/1.1 GET http://localhost:5088/hubs/trace?id=sPlMOwovTFplk5JEJT7-ug - 101 null null 26543.1044ms
2025-09-03 16:52:09.873 +02:00 [INF] Request starting HTTP/1.1 OPTIONS http://localhost:5088/agents/1e5ffb9e-fb28-4405-b82b-b4647aa5a865/bindings - null null
2025-09-03 16:52:09.873 +02:00 [INF] Request starting HTTP/1.1 OPTIONS http://localhost:5088/agents/1e5ffb9e-fb28-4405-b82b-b4647aa5a865 - null null
2025-09-03 16:52:09.880 +02:00 [INF] CORS policy execution successful.
2025-09-03 16:52:09.886 +02:00 [INF] CORS policy execution successful.
2025-09-03 16:52:09.890 +02:00 [INF] Request finished HTTP/1.1 OPTIONS http://localhost:5088/agents/1e5ffb9e-fb28-4405-b82b-b4647aa5a865/bindings - 204 null null 17.0217ms
2025-09-03 16:52:09.895 +02:00 [INF] Request finished HTTP/1.1 OPTIONS http://localhost:5088/agents/1e5ffb9e-fb28-4405-b82b-b4647aa5a865 - 204 null null 22.1457ms
2025-09-03 16:52:09.901 +02:00 [INF] Request starting HTTP/1.1 GET http://localhost:5088/agents/1e5ffb9e-fb28-4405-b82b-b4647aa5a865/bindings - application/json null
2025-09-03 16:52:09.907 +02:00 [INF] Request starting HTTP/1.1 GET http://localhost:5088/agents/1e5ffb9e-fb28-4405-b82b-b4647aa5a865 - application/json null
2025-09-03 16:52:09.911 +02:00 [INF] CORS policy execution successful.
2025-09-03 16:52:09.917 +02:00 [INF] CORS policy execution successful.
2025-09-03 16:52:09.922 +02:00 [INF] Executing endpoint 'HTTP: GET /agents/{id:guid}/bindings'
2025-09-03 16:52:09.927 +02:00 [INF] Executing endpoint 'HTTP: GET /agents/{id:guid}'
2025-09-03 16:52:09.937 +02:00 [INF] Executed DbCommand (1ms) [Parameters=[@__p_0='?' (DbType = Guid)], CommandType='"Text"', CommandTimeout='30']
SELECT "a"."Id", "a"."Autonomy", "a"."CreatedUtc", "a"."GuardrailsJson", "a"."Name", "a"."ParamsJson", "a"."Provider", "a"."SystemPrompt", "a"."Temperature", "a"."TemplateRef", "a"."TokenBudget", "a"."ToolBudget", "a"."TopP", "a"."UpdatedUtc"
FROM "Agents" AS "a"
WHERE "a"."Id" = @__p_0
LIMIT 1
2025-09-03 16:52:09.947 +02:00 [INF] Setting HTTP status code 200.
2025-09-03 16:52:09.947 +02:00 [INF] Executed DbCommand (1ms) [Parameters=[@__agentId_0='?' (DbType = Guid)], CommandType='"Text"', CommandTimeout='30']
SELECT "a"."Id", "a"."AgentId", "a"."ConfigJson", "a"."Enabled", "a"."ToolId"
FROM "AgentToolBindings" AS "a"
WHERE "a"."AgentId" = @__agentId_0
2025-09-03 16:52:09.956 +02:00 [INF] Writing value of type 'AgentResponse' as Json.
2025-09-03 16:52:09.962 +02:00 [INF] Setting HTTP status code 200.
2025-09-03 16:52:09.968 +02:00 [INF] Executed endpoint 'HTTP: GET /agents/{id:guid}'
2025-09-03 16:52:09.976 +02:00 [INF] Writing value of type 'List`1' as Json.
2025-09-03 16:52:09.979 +02:00 [INF] Request finished HTTP/1.1 GET http://localhost:5088/agents/1e5ffb9e-fb28-4405-b82b-b4647aa5a865 - 200 null application/json; charset=utf-8 72.0038ms
2025-09-03 16:52:09.989 +02:00 [INF] Executed endpoint 'HTTP: GET /agents/{id:guid}/bindings'
2025-09-03 16:52:09.996 +02:00 [INF] Request finished HTTP/1.1 GET http://localhost:5088/agents/1e5ffb9e-fb28-4405-b82b-b4647aa5a865/bindings - 200 null application/json; charset=utf-8 94.6641ms
2025-09-03 16:52:11.025 +02:00 [INF] Request starting HTTP/1.1 OPTIONS http://localhost:5088/sessions - null null
2025-09-03 16:52:11.034 +02:00 [INF] CORS policy execution successful.
2025-09-03 16:52:11.042 +02:00 [INF] Request finished HTTP/1.1 OPTIONS http://localhost:5088/sessions - 204 null null 16.9467ms
2025-09-03 16:52:11.050 +02:00 [INF] Request starting HTTP/1.1 POST http://localhost:5088/sessions - application/json 50
2025-09-03 16:52:11.056 +02:00 [INF] CORS policy execution successful.
2025-09-03 16:52:11.061 +02:00 [INF] Executing endpoint 'HTTP: POST /sessions/'
2025-09-03 16:52:11.069 +02:00 [INF] Executed DbCommand (1ms) [Parameters=[@__p_0='?' (DbType = Guid)], CommandType='"Text"', CommandTimeout='30']
SELECT "a"."Id", "a"."Autonomy", "a"."CreatedUtc", "a"."GuardrailsJson", "a"."Name", "a"."ParamsJson", "a"."Provider", "a"."SystemPrompt", "a"."Temperature", "a"."TemplateRef", "a"."TokenBudget", "a"."ToolBudget", "a"."TopP", "a"."UpdatedUtc"
FROM "Agents" AS "a"
WHERE "a"."Id" = @__p_0
LIMIT 1
2025-09-03 16:52:11.093 +02:00 [INF] Executed DbCommand (17ms) [Parameters=[@p0='?' (DbType = Guid), @p1='?' (DbType = Guid), @p2='?' (DbType = DateTime), @p3='?' (DbType = Int32), @p4='?' (DbType = DateTime), @p5='?' (Size = 7), @p6='?'], CommandType='"Text"', CommandTimeout='30']
INSERT INTO "Sessions" ("Id", "AgentId", "EndedUtc", "LastEventIdx", "StartedUtc", "Status", "UserId")
VALUES (@p0, @p1, @p2, @p3, @p4, @p5, @p6);
2025-09-03 16:52:11.101 +02:00 [INF] Setting HTTP status code 201.
2025-09-03 16:52:11.106 +02:00 [INF] Writing value of type 'SessionCreatedResponse' as Json.
2025-09-03 16:52:11.111 +02:00 [INF] Executed endpoint 'HTTP: POST /sessions/'
2025-09-03 16:52:11.116 +02:00 [INF] Request finished HTTP/1.1 POST http://localhost:5088/sessions - 201 null application/json; charset=utf-8 66.5764ms
2025-09-03 16:52:11.126 +02:00 [INF] Request starting HTTP/1.1 OPTIONS http://localhost:5088/hubs/trace/negotiate?negotiateVersion=1 - null null
2025-09-03 16:52:11.135 +02:00 [INF] CORS policy execution successful.
2025-09-03 16:52:11.142 +02:00 [INF] Request finished HTTP/1.1 OPTIONS http://localhost:5088/hubs/trace/negotiate?negotiateVersion=1 - 204 null null 16.4184ms
2025-09-03 16:52:11.146 +02:00 [INF] Request starting HTTP/1.1 POST http://localhost:5088/hubs/trace/negotiate?negotiateVersion=1 - null 0
2025-09-03 16:52:11.156 +02:00 [INF] CORS policy execution successful.
2025-09-03 16:52:11.163 +02:00 [INF] ApiKey was not authenticated. Failure message: Missing API key
2025-09-03 16:52:11.169 +02:00 [INF] Executing endpoint '/hubs/trace/negotiate'
2025-09-03 16:52:11.175 +02:00 [INF] Executed endpoint '/hubs/trace/negotiate'
2025-09-03 16:52:11.180 +02:00 [INF] Request finished HTTP/1.1 POST http://localhost:5088/hubs/trace/negotiate?negotiateVersion=1 - 200 316 application/json 34.1476ms
2025-09-03 16:52:11.181 +02:00 [INF] Request starting HTTP/1.1 GET http://localhost:5088/hubs/trace?id=vWtMk8RekPpKEo-7PkjRLQ - null null
2025-09-03 16:52:11.192 +02:00 [INF] CORS policy execution successful.
2025-09-03 16:52:11.198 +02:00 [INF] ApiKey was not authenticated. Failure message: Missing API key
2025-09-03 16:52:11.203 +02:00 [INF] Executing endpoint '/hubs/trace'
2025-09-03 16:52:13.230 +02:00 [INF] Request starting HTTP/1.1 OPTIONS http://localhost:5088/sessions/6ecb2155-914e-46ef-ac90-9484be20133e/messages - null null
2025-09-03 16:52:13.238 +02:00 [INF] CORS policy execution successful.
2025-09-03 16:52:13.243 +02:00 [INF] Request finished HTTP/1.1 OPTIONS http://localhost:5088/sessions/6ecb2155-914e-46ef-ac90-9484be20133e/messages - 204 null null 12.6081ms
2025-09-03 16:52:13.249 +02:00 [INF] Request starting HTTP/1.1 POST http://localhost:5088/sessions/6ecb2155-914e-46ef-ac90-9484be20133e/messages - application/json 18
2025-09-03 16:52:13.255 +02:00 [INF] CORS policy execution successful.
2025-09-03 16:52:13.260 +02:00 [INF] Executing endpoint 'HTTP: POST /sessions/{id:guid}/messages'
2025-09-03 16:52:13.268 +02:00 [INF] Executed DbCommand (0ms) [Parameters=[@__p_0='?' (DbType = Guid)], CommandType='"Text"', CommandTimeout='30']
SELECT "s"."Id", "s"."AgentId", "s"."EndedUtc", "s"."LastEventIdx", "s"."StartedUtc", "s"."Status", "s"."UserId"
FROM "Sessions" AS "s"
WHERE "s"."Id" = @__p_0
LIMIT 1
2025-09-03 16:52:13.289 +02:00 [INF] Executed DbCommand (11ms) [Parameters=[@p0='?' (DbType = Guid), @p1='?' (Size = 4), @p2='?' (DbType = DateTime), @p3='?', @p4='?' (Size = 4), @p5='?' (DbType = Guid), @p6='?'], CommandType='"Text"', CommandTimeout='30']
INSERT INTO "Messages" ("Id", "Content", "CreatedUtc", "Kind", "Role", "SessionId", "TokenUsageJson")
VALUES (@p0, @p1, @p2, @p3, @p4, @p5, @p6);
2025-09-03 16:52:13.298 +02:00 [INF] Setting HTTP status code 202.
2025-09-03 16:52:13.300 +02:00 [INF] Executed DbCommand (0ms) [Parameters=[@__p_0='?' (DbType = Guid)], CommandType='"Text"', CommandTimeout='30']
SELECT "a"."Id", "a"."Autonomy", "a"."CreatedUtc", "a"."GuardrailsJson", "a"."Name", "a"."ParamsJson", "a"."Provider", "a"."SystemPrompt", "a"."Temperature", "a"."TemplateRef", "a"."TokenBudget", "a"."ToolBudget", "a"."TopP", "a"."UpdatedUtc"
FROM "Agents" AS "a"
WHERE "a"."Id" = @__p_0
LIMIT 1
2025-09-03 16:52:13.304 +02:00 [INF] Writing value of type 'AcceptedResponse' as Json.
2025-09-03 16:52:13.315 +02:00 [INF] Executed endpoint 'HTTP: POST /sessions/{id:guid}/messages'
2025-09-03 16:52:13.322 +02:00 [INF] Request finished HTTP/1.1 POST http://localhost:5088/sessions/6ecb2155-914e-46ef-ac90-9484be20133e/messages - 202 null application/json; charset=utf-8 73.229ms
2025-09-03 16:52:13.330 +02:00 [INF] Executed DbCommand (11ms) [Parameters=[@p0='?' (DbType = Guid), @p1='?' (Size = 4), @p2='?' (DbType = DateTime), @p3='?', @p4='?' (Size = 4), @p5='?' (DbType = Guid), @p6='?'], CommandType='"Text"', CommandTimeout='30']
INSERT INTO "Messages" ("Id", "Content", "CreatedUtc", "Kind", "Role", "SessionId", "TokenUsageJson")
VALUES (@p0, @p1, @p2, @p3, @p4, @p5, @p6);
2025-09-03 16:52:13.352 +02:00 [INF] Executed DbCommand (1ms) [Parameters=[@__agentId_0='?' (DbType = Guid)], CommandType='"Text"', CommandTimeout='30']
SELECT "a"."Id", "a"."AgentId", "a"."ConfigJson", "a"."Enabled", "a"."ToolId", "t"."Id", "t"."Description", "t"."Enabled", "t"."InputSchemaJson", "t"."McpServerId", "t"."Name", "t"."Scope", "m"."Id", "m"."AuthType", "m"."BaseUrl", "m"."LastSeenUtc", "m"."MetadataJson", "m"."Name", "m"."Status"
FROM "AgentToolBindings" AS "a"
INNER JOIN "Tools" AS "t" ON "a"."ToolId" = "t"."Id"
INNER JOIN "McpServers" AS "m" ON "t"."McpServerId" = "m"."Id"
WHERE "a"."AgentId" = @__agentId_0 AND "a"."Enabled"
2025-09-03 16:52:13.375 +02:00 [INF] Executed DbCommand (1ms) [Parameters=[@__agentId_0='?' (DbType = Guid)], CommandType='"Text"', CommandTimeout='30']
SELECT "a"."Id", "a"."AgentId", "a"."ConfigJson", "a"."Enabled", "a"."ToolId", "t"."Id", "t"."Description", "t"."Enabled", "t"."InputSchemaJson", "t"."McpServerId", "t"."Name", "t"."Scope", "m"."Id", "m"."AuthType", "m"."BaseUrl", "m"."LastSeenUtc", "m"."MetadataJson", "m"."Name", "m"."Status"
FROM "AgentToolBindings" AS "a"
INNER JOIN "Tools" AS "t" ON "a"."ToolId" = "t"."Id"
INNER JOIN "McpServers" AS "m" ON "t"."McpServerId" = "m"."Id"
WHERE "a"."AgentId" = @__agentId_0 AND "a"."Enabled"
2025-09-03 16:52:13.398 +02:00 [INF] Executed DbCommand (1ms) [Parameters=[@__sessionId_0='?' (DbType = Guid), @__kind_1='?' (Size = 11), @__p_2='?' (DbType = Int32)], CommandType='"Text"', CommandTimeout='30']
SELECT "m"."Id", "m"."Content", "m"."CreatedUtc", "m"."Kind", "m"."Role", "m"."SessionId", "m"."TokenUsageJson"
FROM "Messages" AS "m"
WHERE "m"."SessionId" = @__sessionId_0 AND "m"."Kind" = @__kind_1
ORDER BY "m"."CreatedUtc" DESC
LIMIT @__p_2
2025-09-03 16:52:13.419 +02:00 [INF] Executed DbCommand (1ms) [Parameters=[@__sessionId_0='?' (DbType = Guid), @__p_1='?' (DbType = Int32)], CommandType='"Text"', CommandTimeout='30']
SELECT "m"."Id", "m"."Content", "m"."CreatedUtc", "m"."Kind", "m"."Role", "m"."SessionId", "m"."TokenUsageJson"
FROM "Messages" AS "m"
WHERE "m"."SessionId" = @__sessionId_0
ORDER BY "m"."CreatedUtc" DESC
LIMIT @__p_1
2025-09-03 16:52:13.437 +02:00 [INF] Executed DbCommand (1ms) [Parameters=[@__agentId_0='?' (DbType = Guid)], CommandType='"Text"', CommandTimeout='30']
SELECT "a"."Id", "a"."AgentId", "a"."ConfigJson", "a"."Enabled", "a"."ToolId", "t"."Id", "t"."Description", "t"."Enabled", "t"."InputSchemaJson", "t"."McpServerId", "t"."Name", "t"."Scope", "m"."Id", "m"."AuthType", "m"."BaseUrl", "m"."LastSeenUtc", "m"."MetadataJson", "m"."Name", "m"."Status"
FROM "AgentToolBindings" AS "a"
INNER JOIN "Tools" AS "t" ON "a"."ToolId" = "t"."Id"
INNER JOIN "McpServers" AS "m" ON "t"."McpServerId" = "m"."Id"
WHERE "a"."AgentId" = @__agentId_0 AND "a"."Enabled"
2025-09-03 16:52:13.450 +02:00 [INF] Executed DbCommand (1ms) [Parameters=[@__agentId_0='?' (DbType = Guid)], CommandType='"Text"', CommandTimeout='30']
SELECT "a"."Id", "a"."AgentId", "a"."ConfigJson", "a"."Enabled", "a"."ToolId", "t"."Id", "t"."Description", "t"."Enabled", "t"."InputSchemaJson", "t"."McpServerId", "t"."Name", "t"."Scope", "m"."Id", "m"."AuthType", "m"."BaseUrl", "m"."LastSeenUtc", "m"."MetadataJson", "m"."Name", "m"."Status"
FROM "AgentToolBindings" AS "a"
INNER JOIN "Tools" AS "t" ON "a"."ToolId" = "t"."Id"
INNER JOIN "McpServers" AS "m" ON "t"."McpServerId" = "m"."Id"
WHERE "a"."AgentId" = @__agentId_0 AND "a"."Enabled"
2025-09-03 16:52:14.314 +02:00 [INF] Executed DbCommand (1ms) [Parameters=[@__sessionId_0='?' (DbType = Guid), @__p_1='?' (DbType = Int32)], CommandType='"Text"', CommandTimeout='30']
SELECT "m"."Id", "m"."Content", "m"."CreatedUtc", "m"."Kind", "m"."Role", "m"."SessionId", "m"."TokenUsageJson"
FROM "Messages" AS "m"
WHERE "m"."SessionId" = @__sessionId_0
ORDER BY "m"."CreatedUtc" DESC
LIMIT @__p_1
2025-09-03 16:52:14.746 +02:00 [INF] Executed DbCommand (9ms) [Parameters=[@p0='?' (DbType = Guid), @p1='?' (Size = 34), @p2='?' (DbType = DateTime), @p3='?', @p4='?' (Size = 9), @p5='?' (DbType = Guid), @p6='?'], CommandType='"Text"', CommandTimeout='30']
INSERT INTO "Messages" ("Id", "Content", "CreatedUtc", "Kind", "Role", "SessionId", "TokenUsageJson")
VALUES (@p0, @p1, @p2, @p3, @p4, @p5, @p6);
2025-09-03 16:52:14.765 +02:00 [INF] Executed DbCommand (9ms) [Parameters=[@p0='?' (DbType = Guid), @p1='?' (Size = 34), @p2='?' (DbType = DateTime), @p3='?', @p4='?' (Size = 9), @p5='?' (DbType = Guid), @p6='?'], CommandType='"Text"', CommandTimeout='30']
INSERT INTO "Messages" ("Id", "Content", "CreatedUtc", "Kind", "Role", "SessionId", "TokenUsageJson")
VALUES (@p0, @p1, @p2, @p3, @p4, @p5, @p6);
2025-09-03 16:52:27.907 +02:00 [INF] Request starting HTTP/1.1 OPTIONS http://localhost:5088/sessions/6ecb2155-914e-46ef-ac90-9484be20133e/messages - null null
2025-09-03 16:52:27.912 +02:00 [INF] CORS policy execution successful.
2025-09-03 16:52:27.921 +02:00 [INF] Request finished HTTP/1.1 OPTIONS http://localhost:5088/sessions/6ecb2155-914e-46ef-ac90-9484be20133e/messages - 204 null null 13.6436ms
2025-09-03 16:52:27.928 +02:00 [INF] Request starting HTTP/1.1 POST http://localhost:5088/sessions/6ecb2155-914e-46ef-ac90-9484be20133e/messages - application/json 73
2025-09-03 16:52:27.933 +02:00 [INF] CORS policy execution successful.
2025-09-03 16:52:27.940 +02:00 [INF] Executing endpoint 'HTTP: POST /sessions/{id:guid}/messages'
2025-09-03 16:52:27.947 +02:00 [INF] Executed DbCommand (0ms) [Parameters=[@__p_0='?' (DbType = Guid)], CommandType='"Text"', CommandTimeout='30']
SELECT "s"."Id", "s"."AgentId", "s"."EndedUtc", "s"."LastEventIdx", "s"."StartedUtc", "s"."Status", "s"."UserId"
FROM "Sessions" AS "s"
WHERE "s"."Id" = @__p_0
LIMIT 1
2025-09-03 16:52:27.973 +02:00 [INF] Executed DbCommand (19ms) [Parameters=[@p0='?' (DbType = Guid), @p1='?' (Size = 59), @p2='?' (DbType = DateTime), @p3='?', @p4='?' (Size = 4), @p5='?' (DbType = Guid), @p6='?'], CommandType='"Text"', CommandTimeout='30']
INSERT INTO "Messages" ("Id", "Content", "CreatedUtc", "Kind", "Role", "SessionId", "TokenUsageJson")
VALUES (@p0, @p1, @p2, @p3, @p4, @p5, @p6);
2025-09-03 16:52:27.979 +02:00 [INF] Setting HTTP status code 202.
2025-09-03 16:52:27.982 +02:00 [INF] Executed DbCommand (1ms) [Parameters=[@__p_0='?' (DbType = Guid)], CommandType='"Text"', CommandTimeout='30']
SELECT "a"."Id", "a"."Autonomy", "a"."CreatedUtc", "a"."GuardrailsJson", "a"."Name", "a"."ParamsJson", "a"."Provider", "a"."SystemPrompt", "a"."Temperature", "a"."TemplateRef", "a"."TokenBudget", "a"."ToolBudget", "a"."TopP", "a"."UpdatedUtc"
FROM "Agents" AS "a"
WHERE "a"."Id" = @__p_0
LIMIT 1
2025-09-03 16:52:27.984 +02:00 [INF] Writing value of type 'AcceptedResponse' as Json.
2025-09-03 16:52:27.994 +02:00 [INF] Executed endpoint 'HTTP: POST /sessions/{id:guid}/messages'
2025-09-03 16:52:28.000 +02:00 [INF] Request finished HTTP/1.1 POST http://localhost:5088/sessions/6ecb2155-914e-46ef-ac90-9484be20133e/messages - 202 null application/json; charset=utf-8 71.9606ms
2025-09-03 16:52:28.006 +02:00 [INF] Executed DbCommand (11ms) [Parameters=[@p0='?' (DbType = Guid), @p1='?' (Size = 59), @p2='?' (DbType = DateTime), @p3='?', @p4='?' (Size = 4), @p5='?' (DbType = Guid), @p6='?'], CommandType='"Text"', CommandTimeout='30']
INSERT INTO "Messages" ("Id", "Content", "CreatedUtc", "Kind", "Role", "SessionId", "TokenUsageJson")
VALUES (@p0, @p1, @p2, @p3, @p4, @p5, @p6);
2025-09-03 16:52:28.022 +02:00 [INF] Executed DbCommand (2ms) [Parameters=[@__agentId_0='?' (DbType = Guid)], CommandType='"Text"', CommandTimeout='30']
SELECT "a"."Id", "a"."AgentId", "a"."ConfigJson", "a"."Enabled", "a"."ToolId", "t"."Id", "t"."Description", "t"."Enabled", "t"."InputSchemaJson", "t"."McpServerId", "t"."Name", "t"."Scope", "m"."Id", "m"."AuthType", "m"."BaseUrl", "m"."LastSeenUtc", "m"."MetadataJson", "m"."Name", "m"."Status"
FROM "AgentToolBindings" AS "a"
INNER JOIN "Tools" AS "t" ON "a"."ToolId" = "t"."Id"
INNER JOIN "McpServers" AS "m" ON "t"."McpServerId" = "m"."Id"
WHERE "a"."AgentId" = @__agentId_0 AND "a"."Enabled"
2025-09-03 16:52:28.038 +02:00 [INF] Executed DbCommand (1ms) [Parameters=[@__agentId_0='?' (DbType = Guid)], CommandType='"Text"', CommandTimeout='30']
SELECT "a"."Id", "a"."AgentId", "a"."ConfigJson", "a"."Enabled", "a"."ToolId", "t"."Id", "t"."Description", "t"."Enabled", "t"."InputSchemaJson", "t"."McpServerId", "t"."Name", "t"."Scope", "m"."Id", "m"."AuthType", "m"."BaseUrl", "m"."LastSeenUtc", "m"."MetadataJson", "m"."Name", "m"."Status"
FROM "AgentToolBindings" AS "a"
INNER JOIN "Tools" AS "t" ON "a"."ToolId" = "t"."Id"
INNER JOIN "McpServers" AS "m" ON "t"."McpServerId" = "m"."Id"
WHERE "a"."AgentId" = @__agentId_0 AND "a"."Enabled"
2025-09-03 16:52:28.055 +02:00 [INF] Executed DbCommand (1ms) [Parameters=[@__sessionId_0='?' (DbType = Guid), @__kind_1='?' (Size = 11), @__p_2='?' (DbType = Int32)], CommandType='"Text"', CommandTimeout='30']
SELECT "m"."Id", "m"."Content", "m"."CreatedUtc", "m"."Kind", "m"."Role", "m"."SessionId", "m"."TokenUsageJson"
FROM "Messages" AS "m"
WHERE "m"."SessionId" = @__sessionId_0 AND "m"."Kind" = @__kind_1
ORDER BY "m"."CreatedUtc" DESC
LIMIT @__p_2
2025-09-03 16:52:28.066 +02:00 [INF] Executed DbCommand (1ms) [Parameters=[@__sessionId_0='?' (DbType = Guid), @__p_1='?' (DbType = Int32)], CommandType='"Text"', CommandTimeout='30']
SELECT "m"."Id", "m"."Content", "m"."CreatedUtc", "m"."Kind", "m"."Role", "m"."SessionId", "m"."TokenUsageJson"
FROM "Messages" AS "m"
WHERE "m"."SessionId" = @__sessionId_0
ORDER BY "m"."CreatedUtc" DESC
LIMIT @__p_1
2025-09-03 16:52:28.083 +02:00 [INF] Executed DbCommand (1ms) [Parameters=[@__agentId_0='?' (DbType = Guid)], CommandType='"Text"', CommandTimeout='30']
SELECT "a"."Id", "a"."AgentId", "a"."ConfigJson", "a"."Enabled", "a"."ToolId", "t"."Id", "t"."Description", "t"."Enabled", "t"."InputSchemaJson", "t"."McpServerId", "t"."Name", "t"."Scope", "m"."Id", "m"."AuthType", "m"."BaseUrl", "m"."LastSeenUtc", "m"."MetadataJson", "m"."Name", "m"."Status"
FROM "AgentToolBindings" AS "a"
INNER JOIN "Tools" AS "t" ON "a"."ToolId" = "t"."Id"
INNER JOIN "McpServers" AS "m" ON "t"."McpServerId" = "m"."Id"
WHERE "a"."AgentId" = @__agentId_0 AND "a"."Enabled"
2025-09-03 16:52:28.092 +02:00 [INF] Executed DbCommand (1ms) [Parameters=[@__agentId_0='?' (DbType = Guid)], CommandType='"Text"', CommandTimeout='30']
SELECT "a"."Id", "a"."AgentId", "a"."ConfigJson", "a"."Enabled", "a"."ToolId", "t"."Id", "t"."Description", "t"."Enabled", "t"."InputSchemaJson", "t"."McpServerId", "t"."Name", "t"."Scope", "m"."Id", "m"."AuthType", "m"."BaseUrl", "m"."LastSeenUtc", "m"."MetadataJson", "m"."Name", "m"."Status"
FROM "AgentToolBindings" AS "a"
INNER JOIN "Tools" AS "t" ON "a"."ToolId" = "t"."Id"
INNER JOIN "McpServers" AS "m" ON "t"."McpServerId" = "m"."Id"
WHERE "a"."AgentId" = @__agentId_0 AND "a"."Enabled"
2025-09-03 16:52:29.500 +02:00 [INF] Executed DbCommand (1ms) [Parameters=[@__agentId_0='?' (DbType = Guid)], CommandType='"Text"', CommandTimeout='30']
SELECT "a"."Id", "a"."AgentId", "a"."ConfigJson", "a"."Enabled", "a"."ToolId", "t"."Id", "t"."Description", "t"."Enabled", "t"."InputSchemaJson", "t"."McpServerId", "t"."Name", "t"."Scope", "m"."Id", "m"."AuthType", "m"."BaseUrl", "m"."LastSeenUtc", "m"."MetadataJson", "m"."Name", "m"."Status"
FROM "AgentToolBindings" AS "a"
INNER JOIN "Tools" AS "t" ON "a"."ToolId" = "t"."Id"
INNER JOIN "McpServers" AS "m" ON "t"."McpServerId" = "m"."Id"
WHERE "a"."AgentId" = @__agentId_0 AND "a"."Enabled"
2025-09-03 16:52:29.512 +02:00 [INF] Executed DbCommand (0ms) [Parameters=[@__agentId_0='?' (DbType = Guid)], CommandType='"Text"', CommandTimeout='30']
SELECT "a"."Id", "a"."AgentId", "a"."ConfigJson", "a"."Enabled", "a"."ToolId", "t"."Id", "t"."Description", "t"."Enabled", "t"."InputSchemaJson", "t"."McpServerId", "t"."Name", "t"."Scope", "m"."Id", "m"."AuthType", "m"."BaseUrl", "m"."LastSeenUtc", "m"."MetadataJson", "m"."Name", "m"."Status"
FROM "AgentToolBindings" AS "a"
INNER JOIN "Tools" AS "t" ON "a"."ToolId" = "t"."Id"
INNER JOIN "McpServers" AS "m" ON "t"."McpServerId" = "m"."Id"
WHERE "a"."AgentId" = @__agentId_0 AND "a"."Enabled"
2025-09-03 16:52:31.286 +02:00 [INF] Executed DbCommand (0ms) [Parameters=[], CommandType='"Text"', CommandTimeout='30']
SELECT "m"."Id", "m"."AuthType", "m"."BaseUrl", "m"."LastSeenUtc", "m"."MetadataJson", "m"."Name", "m"."Status"
FROM "McpServers" AS "m"
ORDER BY "m"."LastSeenUtc"
2025-09-03 16:52:31.295 +02:00 [INF] Conectando a MCP WebSocket: ws://localhost:8970/ws
2025-09-03 16:52:35.392 +02:00 [ERR] Error inesperado en WebSocket: Unable to connect to the remote server
2025-09-03 16:52:35.434 +02:00 [INF] Executed DbCommand (18ms) [Parameters=[@p0='?' (DbType = Guid), @p1='?' (Size = 93), @p2='?' (DbType = DateTime), @p3='?' (Size = 11), @p4='?' (Size = 9), @p5='?' (DbType = Guid), @p6='?'], CommandType='"Text"', CommandTimeout='30']
INSERT INTO "Messages" ("Id", "Content", "CreatedUtc", "Kind", "Role", "SessionId", "TokenUsageJson")
VALUES (@p0, @p1, @p2, @p3, @p4, @p5, @p6);
2025-09-03 16:52:35.448 +02:00 [INF] Executed DbCommand (0ms) [Parameters=[@__sessionId_0='?' (DbType = Guid), @__p_1='?' (DbType = Int32)], CommandType='"Text"', CommandTimeout='30']
SELECT "m"."Id", "m"."Content", "m"."CreatedUtc", "m"."Kind", "m"."Role", "m"."SessionId", "m"."TokenUsageJson"
FROM "Messages" AS "m"
WHERE "m"."SessionId" = @__sessionId_0
ORDER BY "m"."CreatedUtc" DESC
LIMIT @__p_1
2025-09-03 16:52:36.107 +02:00 [INF] Executed DbCommand (18ms) [Parameters=[@p0='?' (DbType = Guid), @p1='?' (Size = 117), @p2='?' (DbType = DateTime), @p3='?', @p4='?' (Size = 9), @p5='?' (DbType = Guid), @p6='?'], CommandType='"Text"', CommandTimeout='30']
INSERT INTO "Messages" ("Id", "Content", "CreatedUtc", "Kind", "Role", "SessionId", "TokenUsageJson")
VALUES (@p0, @p1, @p2, @p3, @p4, @p5, @p6);
2025-09-03 16:52:36.125 +02:00 [INF] Executed DbCommand (9ms) [Parameters=[@p0='?' (DbType = Guid), @p1='?' (Size = 117), @p2='?' (DbType = DateTime), @p3='?', @p4='?' (Size = 9), @p5='?' (DbType = Guid), @p6='?'], CommandType='"Text"', CommandTimeout='30']
INSERT INTO "Messages" ("Id", "Content", "CreatedUtc", "Kind", "Role", "SessionId", "TokenUsageJson")
VALUES (@p0, @p1, @p2, @p3, @p4, @p5, @p6);
2025-09-03 16:53:10.457 +02:00 [INF] Executed endpoint '/hubs/trace'
2025-09-03 16:53:10.464 +02:00 [INF] Request finished HTTP/1.1 GET http://localhost:5088/hubs/trace?id=vWtMk8RekPpKEo-7PkjRLQ - 101 null null 59283.4755ms
2025-09-03 16:53:11.790 +02:00 [INF] Request starting HTTP/1.1 OPTIONS http://localhost:5088/agents/1e5ffb9e-fb28-4405-b82b-b4647aa5a865/bindings - null null
2025-09-03 16:53:11.790 +02:00 [INF] Request starting HTTP/1.1 OPTIONS http://localhost:5088/agents/1e5ffb9e-fb28-4405-b82b-b4647aa5a865 - null null
2025-09-03 16:53:11.796 +02:00 [INF] CORS policy execution successful.
2025-09-03 16:53:11.803 +02:00 [INF] CORS policy execution successful.
2025-09-03 16:53:11.807 +02:00 [INF] Request finished HTTP/1.1 OPTIONS http://localhost:5088/agents/1e5ffb9e-fb28-4405-b82b-b4647aa5a865/bindings - 204 null null 17.0148ms
2025-09-03 16:53:11.811 +02:00 [INF] Request finished HTTP/1.1 OPTIONS http://localhost:5088/agents/1e5ffb9e-fb28-4405-b82b-b4647aa5a865 - 204 null null 21.0564ms
2025-09-03 16:53:11.817 +02:00 [INF] Request starting HTTP/1.1 GET http://localhost:5088/agents/1e5ffb9e-fb28-4405-b82b-b4647aa5a865/bindings - application/json null
2025-09-03 16:53:11.824 +02:00 [INF] Request starting HTTP/1.1 GET http://localhost:5088/agents/1e5ffb9e-fb28-4405-b82b-b4647aa5a865 - application/json null
2025-09-03 16:53:11.829 +02:00 [INF] CORS policy execution successful.
2025-09-03 16:53:11.834 +02:00 [INF] CORS policy execution successful.
2025-09-03 16:53:11.839 +02:00 [INF] Executing endpoint 'HTTP: GET /agents/{id:guid}/bindings'
2025-09-03 16:53:11.843 +02:00 [INF] Executing endpoint 'HTTP: GET /agents/{id:guid}'
2025-09-03 16:53:11.852 +02:00 [INF] Executed DbCommand (1ms) [Parameters=[@__agentId_0='?' (DbType = Guid)], CommandType='"Text"', CommandTimeout='30']
SELECT "a"."Id", "a"."AgentId", "a"."ConfigJson", "a"."Enabled", "a"."ToolId"
FROM "AgentToolBindings" AS "a"
WHERE "a"."AgentId" = @__agentId_0
2025-09-03 16:53:11.855 +02:00 [INF] Executed DbCommand (1ms) [Parameters=[@__p_0='?' (DbType = Guid)], CommandType='"Text"', CommandTimeout='30']
SELECT "a"."Id", "a"."Autonomy", "a"."CreatedUtc", "a"."GuardrailsJson", "a"."Name", "a"."ParamsJson", "a"."Provider", "a"."SystemPrompt", "a"."Temperature", "a"."TemplateRef", "a"."TokenBudget", "a"."ToolBudget", "a"."TopP", "a"."UpdatedUtc"
FROM "Agents" AS "a"
WHERE "a"."Id" = @__p_0
LIMIT 1
2025-09-03 16:53:11.859 +02:00 [INF] Setting HTTP status code 200.
2025-09-03 16:53:11.865 +02:00 [INF] Setting HTTP status code 200.
2025-09-03 16:53:11.870 +02:00 [INF] Writing value of type 'List`1' as Json.
2025-09-03 16:53:11.875 +02:00 [INF] Writing value of type 'AgentResponse' as Json.
2025-09-03 16:53:11.880 +02:00 [INF] Executed endpoint 'HTTP: GET /agents/{id:guid}/bindings'
2025-09-03 16:53:11.885 +02:00 [INF] Executed endpoint 'HTTP: GET /agents/{id:guid}'
2025-09-03 16:53:11.890 +02:00 [INF] Request finished HTTP/1.1 GET http://localhost:5088/agents/1e5ffb9e-fb28-4405-b82b-b4647aa5a865/bindings - 200 null application/json; charset=utf-8 73.5111ms
2025-09-03 16:53:11.896 +02:00 [INF] Request finished HTTP/1.1 GET http://localhost:5088/agents/1e5ffb9e-fb28-4405-b82b-b4647aa5a865 - 200 null application/json; charset=utf-8 71.9863ms
2025-09-03 16:53:12.953 +02:00 [INF] Request starting HTTP/1.1 OPTIONS http://localhost:5088/sessions - null null
2025-09-03 16:53:12.959 +02:00 [INF] CORS policy execution successful.
2025-09-03 16:53:12.964 +02:00 [INF] Request finished HTTP/1.1 OPTIONS http://localhost:5088/sessions - 204 null null 11.357ms
2025-09-03 16:53:12.971 +02:00 [INF] Request starting HTTP/1.1 POST http://localhost:5088/sessions - application/json 50
2025-09-03 16:53:12.977 +02:00 [INF] CORS policy execution successful.
2025-09-03 16:53:12.983 +02:00 [INF] Executing endpoint 'HTTP: POST /sessions/'
2025-09-03 16:53:12.990 +02:00 [INF] Executed DbCommand (0ms) [Parameters=[@__p_0='?' (DbType = Guid)], CommandType='"Text"', CommandTimeout='30']
SELECT "a"."Id", "a"."Autonomy", "a"."CreatedUtc", "a"."GuardrailsJson", "a"."Name", "a"."ParamsJson", "a"."Provider", "a"."SystemPrompt", "a"."Temperature", "a"."TemplateRef", "a"."TokenBudget", "a"."ToolBudget", "a"."TopP", "a"."UpdatedUtc"
FROM "Agents" AS "a"
WHERE "a"."Id" = @__p_0
LIMIT 1
2025-09-03 16:53:13.015 +02:00 [INF] Executed DbCommand (18ms) [Parameters=[@p0='?' (DbType = Guid), @p1='?' (DbType = Guid), @p2='?' (DbType = DateTime), @p3='?' (DbType = Int32), @p4='?' (DbType = DateTime), @p5='?' (Size = 7), @p6='?'], CommandType='"Text"', CommandTimeout='30']
INSERT INTO "Sessions" ("Id", "AgentId", "EndedUtc", "LastEventIdx", "StartedUtc", "Status", "UserId")
VALUES (@p0, @p1, @p2, @p3, @p4, @p5, @p6);
2025-09-03 16:53:13.023 +02:00 [INF] Setting HTTP status code 201.
2025-09-03 16:53:13.027 +02:00 [INF] Writing value of type 'SessionCreatedResponse' as Json.
2025-09-03 16:53:13.032 +02:00 [INF] Executed endpoint 'HTTP: POST /sessions/'
2025-09-03 16:53:13.038 +02:00 [INF] Request finished HTTP/1.1 POST http://localhost:5088/sessions - 201 null application/json; charset=utf-8 67.4231ms
2025-09-03 16:53:13.048 +02:00 [INF] Request starting HTTP/1.1 OPTIONS http://localhost:5088/hubs/trace/negotiate?negotiateVersion=1 - null null
2025-09-03 16:53:13.055 +02:00 [INF] CORS policy execution successful.
2025-09-03 16:53:13.061 +02:00 [INF] Request finished HTTP/1.1 OPTIONS http://localhost:5088/hubs/trace/negotiate?negotiateVersion=1 - 204 null null 12.831ms
2025-09-03 16:53:13.065 +02:00 [INF] Request starting HTTP/1.1 POST http://localhost:5088/hubs/trace/negotiate?negotiateVersion=1 - null 0
2025-09-03 16:53:13.074 +02:00 [INF] CORS policy execution successful.
2025-09-03 16:53:13.078 +02:00 [INF] ApiKey was not authenticated. Failure message: Missing API key
2025-09-03 16:53:13.084 +02:00 [INF] Executing endpoint '/hubs/trace/negotiate'
2025-09-03 16:53:13.090 +02:00 [INF] Executed endpoint '/hubs/trace/negotiate'
2025-09-03 16:53:13.095 +02:00 [INF] Request finished HTTP/1.1 POST http://localhost:5088/hubs/trace/negotiate?negotiateVersion=1 - 200 316 application/json 30.1139ms
2025-09-03 16:53:13.097 +02:00 [INF] Request starting HTTP/1.1 GET http://localhost:5088/hubs/trace?id=qi-6g2NXrVuf62nl8Mwv4A - null null
2025-09-03 16:53:13.106 +02:00 [INF] CORS policy execution successful.
2025-09-03 16:53:13.111 +02:00 [INF] ApiKey was not authenticated. Failure message: Missing API key
2025-09-03 16:53:13.116 +02:00 [INF] Executing endpoint '/hubs/trace'
2025-09-03 16:53:14.662 +02:00 [INF] Request starting HTTP/1.1 OPTIONS http://localhost:5088/sessions/a6638fad-d931-45be-86a8-b184ae1ad1b4/messages - null null
2025-09-03 16:53:14.670 +02:00 [INF] CORS policy execution successful.
2025-09-03 16:53:14.675 +02:00 [INF] Request finished HTTP/1.1 OPTIONS http://localhost:5088/sessions/a6638fad-d931-45be-86a8-b184ae1ad1b4/messages - 204 null null 12.8487ms
2025-09-03 16:53:14.681 +02:00 [INF] Request starting HTTP/1.1 POST http://localhost:5088/sessions/a6638fad-d931-45be-86a8-b184ae1ad1b4/messages - application/json 77
2025-09-03 16:53:14.685 +02:00 [INF] CORS policy execution successful.
2025-09-03 16:53:14.690 +02:00 [INF] Executing endpoint 'HTTP: POST /sessions/{id:guid}/messages'
2025-09-03 16:53:14.696 +02:00 [INF] Executed DbCommand (0ms) [Parameters=[@__p_0='?' (DbType = Guid)], CommandType='"Text"', CommandTimeout='30']
SELECT "s"."Id", "s"."AgentId", "s"."EndedUtc", "s"."LastEventIdx", "s"."StartedUtc", "s"."Status", "s"."UserId"
FROM "Sessions" AS "s"
WHERE "s"."Id" = @__p_0
LIMIT 1
2025-09-03 16:53:14.717 +02:00 [INF] Executed DbCommand (15ms) [Parameters=[@p0='?' (DbType = Guid), @p1='?' (Size = 61), @p2='?' (DbType = DateTime), @p3='?', @p4='?' (Size = 4), @p5='?' (DbType = Guid), @p6='?'], CommandType='"Text"', CommandTimeout='30']
INSERT INTO "Messages" ("Id", "Content", "CreatedUtc", "Kind", "Role", "SessionId", "TokenUsageJson")
VALUES (@p0, @p1, @p2, @p3, @p4, @p5, @p6);
2025-09-03 16:53:14.724 +02:00 [INF] Setting HTTP status code 202.
2025-09-03 16:53:14.725 +02:00 [INF] Executed DbCommand (0ms) [Parameters=[@__p_0='?' (DbType = Guid)], CommandType='"Text"', CommandTimeout='30']
SELECT "a"."Id", "a"."Autonomy", "a"."CreatedUtc", "a"."GuardrailsJson", "a"."Name", "a"."ParamsJson", "a"."Provider", "a"."SystemPrompt", "a"."Temperature", "a"."TemplateRef", "a"."TokenBudget", "a"."ToolBudget", "a"."TopP", "a"."UpdatedUtc"
FROM "Agents" AS "a"
WHERE "a"."Id" = @__p_0
LIMIT 1
2025-09-03 16:53:14.728 +02:00 [INF] Writing value of type 'AcceptedResponse' as Json.
2025-09-03 16:53:14.738 +02:00 [INF] Executed endpoint 'HTTP: POST /sessions/{id:guid}/messages'
2025-09-03 16:53:14.743 +02:00 [INF] Request finished HTTP/1.1 POST http://localhost:5088/sessions/a6638fad-d931-45be-86a8-b184ae1ad1b4/messages - 202 null application/json; charset=utf-8 62.88ms
2025-09-03 16:53:14.745 +02:00 [INF] Executed DbCommand (10ms) [Parameters=[@p0='?' (DbType = Guid), @p1='?' (Size = 61), @p2='?' (DbType = DateTime), @p3='?', @p4='?' (Size = 4), @p5='?' (DbType = Guid), @p6='?'], CommandType='"Text"', CommandTimeout='30']
INSERT INTO "Messages" ("Id", "Content", "CreatedUtc", "Kind", "Role", "SessionId", "TokenUsageJson")
VALUES (@p0, @p1, @p2, @p3, @p4, @p5, @p6);
2025-09-03 16:53:14.760 +02:00 [INF] Executed DbCommand (1ms) [Parameters=[@__agentId_0='?' (DbType = Guid)], CommandType='"Text"', CommandTimeout='30']
SELECT "a"."Id", "a"."AgentId", "a"."ConfigJson", "a"."Enabled", "a"."ToolId", "t"."Id", "t"."Description", "t"."Enabled", "t"."InputSchemaJson", "t"."McpServerId", "t"."Name", "t"."Scope", "m"."Id", "m"."AuthType", "m"."BaseUrl", "m"."LastSeenUtc", "m"."MetadataJson", "m"."Name", "m"."Status"
FROM "AgentToolBindings" AS "a"
INNER JOIN "Tools" AS "t" ON "a"."ToolId" = "t"."Id"
INNER JOIN "McpServers" AS "m" ON "t"."McpServerId" = "m"."Id"
WHERE "a"."AgentId" = @__agentId_0 AND "a"."Enabled"
2025-09-03 16:53:14.770 +02:00 [INF] Executed DbCommand (1ms) [Parameters=[@__agentId_0='?' (DbType = Guid)], CommandType='"Text"', CommandTimeout='30']
SELECT "a"."Id", "a"."AgentId", "a"."ConfigJson", "a"."Enabled", "a"."ToolId", "t"."Id", "t"."Description", "t"."Enabled", "t"."InputSchemaJson", "t"."McpServerId", "t"."Name", "t"."Scope", "m"."Id", "m"."AuthType", "m"."BaseUrl", "m"."LastSeenUtc", "m"."MetadataJson", "m"."Name", "m"."Status"
FROM "AgentToolBindings" AS "a"
INNER JOIN "Tools" AS "t" ON "a"."ToolId" = "t"."Id"
INNER JOIN "McpServers" AS "m" ON "t"."McpServerId" = "m"."Id"
WHERE "a"."AgentId" = @__agentId_0 AND "a"."Enabled"
2025-09-03 16:53:14.783 +02:00 [INF] Executed DbCommand (1ms) [Parameters=[@__sessionId_0='?' (DbType = Guid), @__kind_1='?' (Size = 11), @__p_2='?' (DbType = Int32)], CommandType='"Text"', CommandTimeout='30']
SELECT "m"."Id", "m"."Content", "m"."CreatedUtc", "m"."Kind", "m"."Role", "m"."SessionId", "m"."TokenUsageJson"
FROM "Messages" AS "m"
WHERE "m"."SessionId" = @__sessionId_0 AND "m"."Kind" = @__kind_1
ORDER BY "m"."CreatedUtc" DESC
LIMIT @__p_2
2025-09-03 16:53:14.794 +02:00 [INF] Executed DbCommand (1ms) [Parameters=[@__sessionId_0='?' (DbType = Guid), @__p_1='?' (DbType = Int32)], CommandType='"Text"', CommandTimeout='30']
SELECT "m"."Id", "m"."Content", "m"."CreatedUtc", "m"."Kind", "m"."Role", "m"."SessionId", "m"."TokenUsageJson"
FROM "Messages" AS "m"
WHERE "m"."SessionId" = @__sessionId_0
ORDER BY "m"."CreatedUtc" DESC
LIMIT @__p_1
2025-09-03 16:53:14.805 +02:00 [INF] Executed DbCommand (1ms) [Parameters=[@__agentId_0='?' (DbType = Guid)], CommandType='"Text"', CommandTimeout='30']
SELECT "a"."Id", "a"."AgentId", "a"."ConfigJson", "a"."Enabled", "a"."ToolId", "t"."Id", "t"."Description", "t"."Enabled", "t"."InputSchemaJson", "t"."McpServerId", "t"."Name", "t"."Scope", "m"."Id", "m"."AuthType", "m"."BaseUrl", "m"."LastSeenUtc", "m"."MetadataJson", "m"."Name", "m"."Status"
FROM "AgentToolBindings" AS "a"
INNER JOIN "Tools" AS "t" ON "a"."ToolId" = "t"."Id"
INNER JOIN "McpServers" AS "m" ON "t"."McpServerId" = "m"."Id"
WHERE "a"."AgentId" = @__agentId_0 AND "a"."Enabled"
2025-09-03 16:53:14.814 +02:00 [INF] Executed DbCommand (1ms) [Parameters=[@__agentId_0='?' (DbType = Guid)], CommandType='"Text"', CommandTimeout='30']
SELECT "a"."Id", "a"."AgentId", "a"."ConfigJson", "a"."Enabled", "a"."ToolId", "t"."Id", "t"."Description", "t"."Enabled", "t"."InputSchemaJson", "t"."McpServerId", "t"."Name", "t"."Scope", "m"."Id", "m"."AuthType", "m"."BaseUrl", "m"."LastSeenUtc", "m"."MetadataJson", "m"."Name", "m"."Status"
FROM "AgentToolBindings" AS "a"
INNER JOIN "Tools" AS "t" ON "a"."ToolId" = "t"."Id"
INNER JOIN "McpServers" AS "m" ON "t"."McpServerId" = "m"."Id"
WHERE "a"."AgentId" = @__agentId_0 AND "a"."Enabled"
2025-09-03 16:53:15.676 +02:00 [INF] Executed DbCommand (0ms) [Parameters=[@__agentId_0='?' (DbType = Guid)], CommandType='"Text"', CommandTimeout='30']
SELECT "a"."Id", "a"."AgentId", "a"."ConfigJson", "a"."Enabled", "a"."ToolId", "t"."Id", "t"."Description", "t"."Enabled", "t"."InputSchemaJson", "t"."McpServerId", "t"."Name", "t"."Scope", "m"."Id", "m"."AuthType", "m"."BaseUrl", "m"."LastSeenUtc", "m"."MetadataJson", "m"."Name", "m"."Status"
FROM "AgentToolBindings" AS "a"
INNER JOIN "Tools" AS "t" ON "a"."ToolId" = "t"."Id"
INNER JOIN "McpServers" AS "m" ON "t"."McpServerId" = "m"."Id"
WHERE "a"."AgentId" = @__agentId_0 AND "a"."Enabled"
2025-09-03 16:53:15.684 +02:00 [INF] Executed DbCommand (0ms) [Parameters=[@__agentId_0='?' (DbType = Guid)], CommandType='"Text"', CommandTimeout='30']
SELECT "a"."Id", "a"."AgentId", "a"."ConfigJson", "a"."Enabled", "a"."ToolId", "t"."Id", "t"."Description", "t"."Enabled", "t"."InputSchemaJson", "t"."McpServerId", "t"."Name", "t"."Scope", "m"."Id", "m"."AuthType", "m"."BaseUrl", "m"."LastSeenUtc", "m"."MetadataJson", "m"."Name", "m"."Status"
FROM "AgentToolBindings" AS "a"
INNER JOIN "Tools" AS "t" ON "a"."ToolId" = "t"."Id"
INNER JOIN "McpServers" AS "m" ON "t"."McpServerId" = "m"."Id"
WHERE "a"."AgentId" = @__agentId_0 AND "a"."Enabled"
2025-09-03 16:53:16.217 +02:00 [INF] Executed DbCommand (0ms) [Parameters=[], CommandType='"Text"', CommandTimeout='30']
SELECT "m"."Id", "m"."AuthType", "m"."BaseUrl", "m"."LastSeenUtc", "m"."MetadataJson", "m"."Name", "m"."Status"
FROM "McpServers" AS "m"
ORDER BY "m"."LastSeenUtc"
2025-09-03 16:53:16.225 +02:00 [INF] Conectando a MCP WebSocket: ws://localhost:8970/ws
2025-09-03 16:53:16.862 +02:00 [INF] Executed DbCommand (0ms) [Parameters=[@__agentId_0='?' (DbType = Guid)], CommandType='"Text"', CommandTimeout='30']
SELECT "a"."Id", "a"."AgentId", "a"."ConfigJson", "a"."Enabled", "a"."ToolId", "t"."Id", "t"."Description", "t"."Enabled", "t"."InputSchemaJson", "t"."McpServerId", "t"."Name", "t"."Scope", "m"."Id", "m"."AuthType", "m"."BaseUrl", "m"."LastSeenUtc", "m"."MetadataJson", "m"."Name", "m"."Status"
FROM "AgentToolBindings" AS "a"
INNER JOIN "Tools" AS "t" ON "a"."ToolId" = "t"."Id"
INNER JOIN "McpServers" AS "m" ON "t"."McpServerId" = "m"."Id"
WHERE "a"."AgentId" = @__agentId_0 AND "a"."Enabled"
2025-09-03 16:53:16.871 +02:00 [INF] Executed DbCommand (0ms) [Parameters=[@__agentId_0='?' (DbType = Guid)], CommandType='"Text"', CommandTimeout='30']
SELECT "a"."Id", "a"."AgentId", "a"."ConfigJson", "a"."Enabled", "a"."ToolId", "t"."Id", "t"."Description", "t"."Enabled", "t"."InputSchemaJson", "t"."McpServerId", "t"."Name", "t"."Scope", "m"."Id", "m"."AuthType", "m"."BaseUrl", "m"."LastSeenUtc", "m"."MetadataJson", "m"."Name", "m"."Status"
FROM "AgentToolBindings" AS "a"
INNER JOIN "Tools" AS "t" ON "a"."ToolId" = "t"."Id"
INNER JOIN "McpServers" AS "m" ON "t"."McpServerId" = "m"."Id"
WHERE "a"."AgentId" = @__agentId_0 AND "a"."Enabled"
2025-09-03 16:53:19.223 +02:00 [INF] Executed DbCommand (21ms) [Parameters=[@p0='?' (DbType = Guid), @p1='?' (Size = 79), @p2='?' (DbType = DateTime), @p3='?' (Size = 11), @p4='?' (Size = 9), @p5='?' (DbType = Guid), @p6='?'], CommandType='"Text"', CommandTimeout='30']
INSERT INTO "Messages" ("Id", "Content", "CreatedUtc", "Kind", "Role", "SessionId", "TokenUsageJson")
VALUES (@p0, @p1, @p2, @p3, @p4, @p5, @p6);
2025-09-03 16:53:19.234 +02:00 [INF] Executed DbCommand (1ms) [Parameters=[@__sessionId_0='?' (DbType = Guid), @__p_1='?' (DbType = Int32)], CommandType='"Text"', CommandTimeout='30']
SELECT "m"."Id", "m"."Content", "m"."CreatedUtc", "m"."Kind", "m"."Role", "m"."SessionId", "m"."TokenUsageJson"
FROM "Messages" AS "m"
WHERE "m"."SessionId" = @__sessionId_0
ORDER BY "m"."CreatedUtc" DESC
LIMIT @__p_1
2025-09-03 16:53:20.395 +02:00 [INF] Executed DbCommand (19ms) [Parameters=[@p0='?' (DbType = Guid), @p1='?' (Size = 285), @p2='?' (DbType = DateTime), @p3='?', @p4='?' (Size = 9), @p5='?' (DbType = Guid), @p6='?'], CommandType='"Text"', CommandTimeout='30']
INSERT INTO "Messages" ("Id", "Content", "CreatedUtc", "Kind", "Role", "SessionId", "TokenUsageJson")
VALUES (@p0, @p1, @p2, @p3, @p4, @p5, @p6);
2025-09-03 16:53:20.412 +02:00 [INF] Executed DbCommand (9ms) [Parameters=[@p0='?' (DbType = Guid), @p1='?' (Size = 285), @p2='?' (DbType = DateTime), @p3='?', @p4='?' (Size = 9), @p5='?' (DbType = Guid), @p6='?'], CommandType='"Text"', CommandTimeout='30']
INSERT INTO "Messages" ("Id", "Content", "CreatedUtc", "Kind", "Role", "SessionId", "TokenUsageJson")
VALUES (@p0, @p1, @p2, @p3, @p4, @p5, @p6);
2025-09-03 16:59:20.590 +02:00 [INF] Application is shutting down...
2025-09-03 16:59:20.595 +02:00 [INF] Executed endpoint '/hubs/trace'
2025-09-03 16:59:20.602 +02:00 [INF] Request finished HTTP/1.1 GET http://localhost:5088/hubs/trace?id=qi-6g2NXrVuf62nl8Mwv4A - 101 null null 367505.1901ms
2025-09-03 17:07:17.471 +02:00 [INF] User profile is available. Using 'C:\Users\Usuario\AppData\Local\ASP.NET\DataProtection-Keys' as key repository and Windows DPAPI to encrypt keys at rest.
2025-09-03 17:09:01.077 +02:00 [INF] User profile is available. Using 'C:\Users\Usuario\AppData\Local\ASP.NET\DataProtection-Keys' as key repository and Windows DPAPI to encrypt keys at rest.
2025-09-03 17:09:01.754 +02:00 [INF] Now listening on: http://localhost:5088
2025-09-03 17:09:01.763 +02:00 [INF] Application started. Press Ctrl+C to shut down.
2025-09-03 17:09:01.766 +02:00 [INF] Hosting environment: Development
2025-09-03 17:09:01.767 +02:00 [INF] Content root path: D:\BearDevelopment\AutoAgent\autoagent_back\src\AutoAgentes.Api
2025-09-03 17:09:11.575 +02:00 [INF] Request starting HTTP/1.1 OPTIONS http://localhost:5088/agents/1e5ffb9e-fb28-4405-b82b-b4647aa5a865/bindings - null null
2025-09-03 17:09:11.575 +02:00 [INF] Request starting HTTP/1.1 OPTIONS http://localhost:5088/agents/1e5ffb9e-fb28-4405-b82b-b4647aa5a865 - null null
2025-09-03 17:09:11.752 +02:00 [INF] CORS policy execution successful.
2025-09-03 17:09:11.752 +02:00 [INF] CORS policy execution successful.
2025-09-03 17:09:11.771 +02:00 [INF] Request finished HTTP/1.1 OPTIONS http://localhost:5088/agents/1e5ffb9e-fb28-4405-b82b-b4647aa5a865 - 204 null null 227.3134ms
2025-09-03 17:09:11.771 +02:00 [INF] Request finished HTTP/1.1 OPTIONS http://localhost:5088/agents/1e5ffb9e-fb28-4405-b82b-b4647aa5a865/bindings - 204 null null 227.3061ms
2025-09-03 17:09:11.805 +02:00 [INF] Request starting HTTP/1.1 GET http://localhost:5088/agents/1e5ffb9e-fb28-4405-b82b-b4647aa5a865/bindings - application/json null
2025-09-03 17:09:11.805 +02:00 [INF] Request starting HTTP/1.1 GET http://localhost:5088/agents/1e5ffb9e-fb28-4405-b82b-b4647aa5a865 - application/json null
2025-09-03 17:09:11.826 +02:00 [INF] CORS policy execution successful.
2025-09-03 17:09:11.826 +02:00 [INF] CORS policy execution successful.
2025-09-03 17:09:11.861 +02:00 [INF] Executing endpoint 'HTTP: GET /agents/{id:guid}/bindings'
2025-09-03 17:09:11.861 +02:00 [INF] Executing endpoint 'HTTP: GET /agents/{id:guid}'
2025-09-03 17:09:12.243 +02:00 [INF] Executed endpoint 'HTTP: GET /agents/{id:guid}'
2025-09-03 17:09:12.243 +02:00 [INF] Executed endpoint 'HTTP: GET /agents/{id:guid}/bindings'
2025-09-03 17:09:12.251 +02:00 [ERR] An unhandled exception has occurred while executing the request.
System.InvalidOperationException: No database provider has been configured for this DbContext. A provider can be configured by overriding the 'DbContext.OnConfiguring' method or by using 'AddDbContext' on the application service provider. If 'AddDbContext' is used, then also ensure that your DbContext type accepts a DbContextOptions<TContext> object in its constructor and passes it to the base constructor for DbContext.
   at Microsoft.EntityFrameworkCore.Internal.DbContextServices.Initialize(IServiceProvider scopedProvider, DbContextOptions contextOptions, DbContext context)
   at Microsoft.EntityFrameworkCore.DbContext.get_ContextServices()
   at Microsoft.EntityFrameworkCore.DbContext.get_InternalServiceProvider()
   at Microsoft.EntityFrameworkCore.DbContext.get_DbContextDependencies()
   at Microsoft.EntityFrameworkCore.DbContext.Set[TEntity]()
   at AutoAgentes.Infrastructure.AppDbContext.get_Agents() in D:\BearDevelopment\AutoAgent\autoagent_back\src\AutoAgentes.Infrastructure\AppDbContext.cs:line 12
   at AutoAgentes.Infrastructure.Services.AgentsService.GetAgentAsync(Guid id) in D:\BearDevelopment\AutoAgent\autoagent_back\src\AutoAgentes.Infrastructure\Services\AgentsService.cs:line 57
   at AutoAgentes.Api.Endpoints.<>c.<<MapApi>b__0_8>d.MoveNext() in D:\BearDevelopment\AutoAgent\autoagent_back\src\AutoAgentes.Api\Endpoints.cs:line 85
--- End of stack trace from previous location ---
   at Microsoft.AspNetCore.Http.RequestDelegateFactory.ExecuteTaskResult[T](Task`1 task, HttpContext httpContext)
   at Microsoft.AspNetCore.Routing.EndpointMiddleware.<Invoke>g__AwaitRequestTask|7_0(Endpoint endpoint, Task requestTask, ILogger logger)
   at Microsoft.AspNetCore.Authentication.AuthenticationMiddleware.Invoke(HttpContext context)
   at Microsoft.AspNetCore.RateLimiting.RateLimitingMiddleware.InvokeInternal(HttpContext context, EnableRateLimitingAttribute enableRateLimitingAttribute)
   at Swashbuckle.AspNetCore.SwaggerUI.SwaggerUIMiddleware.Invoke(HttpContext httpContext)
   at Swashbuckle.AspNetCore.Swagger.SwaggerMiddleware.Invoke(HttpContext httpContext, ISwaggerProvider swaggerProvider)
   at Microsoft.AspNetCore.Authorization.AuthorizationMiddleware.Invoke(HttpContext context)
   at Microsoft.AspNetCore.Diagnostics.DeveloperExceptionPageMiddlewareImpl.Invoke(HttpContext context)
2025-09-03 17:09:12.255 +02:00 [ERR] An unhandled exception has occurred while executing the request.
System.InvalidOperationException: No database provider has been configured for this DbContext. A provider can be configured by overriding the 'DbContext.OnConfiguring' method or by using 'AddDbContext' on the application service provider. If 'AddDbContext' is used, then also ensure that your DbContext type accepts a DbContextOptions<TContext> object in its constructor and passes it to the base constructor for DbContext.
   at Microsoft.EntityFrameworkCore.Internal.DbContextServices.Initialize(IServiceProvider scopedProvider, DbContextOptions contextOptions, DbContext context)
   at Microsoft.EntityFrameworkCore.DbContext.get_ContextServices()
   at Microsoft.EntityFrameworkCore.DbContext.get_InternalServiceProvider()
   at Microsoft.EntityFrameworkCore.DbContext.get_DbContextDependencies()
   at Microsoft.EntityFrameworkCore.DbContext.Set[TEntity]()
   at AutoAgentes.Infrastructure.AppDbContext.get_AgentToolBindings() in D:\BearDevelopment\AutoAgent\autoagent_back\src\AutoAgentes.Infrastructure\AppDbContext.cs:line 13
   at AutoAgentes.Infrastructure.Services.AgentsService.GetBindingsAsync(Guid agentId) in D:\BearDevelopment\AutoAgent\autoagent_back\src\AutoAgentes.Infrastructure\Services\AgentsService.cs:line 102
   at AutoAgentes.Api.Endpoints.<>c.<<MapApi>b__0_11>d.MoveNext() in D:\BearDevelopment\AutoAgent\autoagent_back\src\AutoAgentes.Api\Endpoints.cs:line 101
--- End of stack trace from previous location ---
   at Microsoft.AspNetCore.Http.RequestDelegateFactory.ExecuteTaskResult[T](Task`1 task, HttpContext httpContext)
   at Microsoft.AspNetCore.Routing.EndpointMiddleware.<Invoke>g__AwaitRequestTask|7_0(Endpoint endpoint, Task requestTask, ILogger logger)
   at Microsoft.AspNetCore.Authentication.AuthenticationMiddleware.Invoke(HttpContext context)
   at Microsoft.AspNetCore.RateLimiting.RateLimitingMiddleware.InvokeInternal(HttpContext context, EnableRateLimitingAttribute enableRateLimitingAttribute)
   at Swashbuckle.AspNetCore.SwaggerUI.SwaggerUIMiddleware.Invoke(HttpContext httpContext)
   at Swashbuckle.AspNetCore.Swagger.SwaggerMiddleware.Invoke(HttpContext httpContext, ISwaggerProvider swaggerProvider)
   at Microsoft.AspNetCore.Authorization.AuthorizationMiddleware.Invoke(HttpContext context)
   at Microsoft.AspNetCore.Diagnostics.DeveloperExceptionPageMiddlewareImpl.Invoke(HttpContext context)
2025-09-03 17:09:12.293 +02:00 [INF] Request finished HTTP/1.1 GET http://localhost:5088/agents/1e5ffb9e-fb28-4405-b82b-b4647aa5a865/bindings - 500 null text/plain; charset=utf-8 488.8801ms
2025-09-03 17:09:12.293 +02:00 [INF] Request finished HTTP/1.1 GET http://localhost:5088/agents/1e5ffb9e-fb28-4405-b82b-b4647aa5a865 - 500 null text/plain; charset=utf-8 488.8802ms
2025-09-03 17:09:13.305 +02:00 [INF] Request starting HTTP/1.1 GET http://localhost:5088/agents/1e5ffb9e-fb28-4405-b82b-b4647aa5a865/bindings - application/json null
2025-09-03 17:09:13.305 +02:00 [INF] Request starting HTTP/1.1 GET http://localhost:5088/agents/1e5ffb9e-fb28-4405-b82b-b4647aa5a865 - application/json null
2025-09-03 17:09:13.311 +02:00 [INF] CORS policy execution successful.
2025-09-03 17:09:13.316 +02:00 [INF] CORS policy execution successful.
2025-09-03 17:09:13.322 +02:00 [INF] Executing endpoint 'HTTP: GET /agents/{id:guid}/bindings'
2025-09-03 17:09:13.323 +02:00 [INF] Executing endpoint 'HTTP: GET /agents/{id:guid}'
2025-09-03 17:09:13.331 +02:00 [INF] Executed endpoint 'HTTP: GET /agents/{id:guid}/bindings'
2025-09-03 17:09:13.332 +02:00 [INF] Executed endpoint 'HTTP: GET /agents/{id:guid}'
2025-09-03 17:09:13.337 +02:00 [ERR] An unhandled exception has occurred while executing the request.
System.InvalidOperationException: No database provider has been configured for this DbContext. A provider can be configured by overriding the 'DbContext.OnConfiguring' method or by using 'AddDbContext' on the application service provider. If 'AddDbContext' is used, then also ensure that your DbContext type accepts a DbContextOptions<TContext> object in its constructor and passes it to the base constructor for DbContext.
   at Microsoft.EntityFrameworkCore.Internal.DbContextServices.Initialize(IServiceProvider scopedProvider, DbContextOptions contextOptions, DbContext context)
   at Microsoft.EntityFrameworkCore.DbContext.get_ContextServices()
   at Microsoft.EntityFrameworkCore.DbContext.get_InternalServiceProvider()
   at Microsoft.EntityFrameworkCore.DbContext.get_DbContextDependencies()
   at Microsoft.EntityFrameworkCore.DbContext.Set[TEntity]()
   at AutoAgentes.Infrastructure.AppDbContext.get_AgentToolBindings() in D:\BearDevelopment\AutoAgent\autoagent_back\src\AutoAgentes.Infrastructure\AppDbContext.cs:line 13
   at AutoAgentes.Infrastructure.Services.AgentsService.GetBindingsAsync(Guid agentId) in D:\BearDevelopment\AutoAgent\autoagent_back\src\AutoAgentes.Infrastructure\Services\AgentsService.cs:line 102
   at AutoAgentes.Api.Endpoints.<>c.<<MapApi>b__0_11>d.MoveNext() in D:\BearDevelopment\AutoAgent\autoagent_back\src\AutoAgentes.Api\Endpoints.cs:line 101
--- End of stack trace from previous location ---
   at Microsoft.AspNetCore.Http.RequestDelegateFactory.ExecuteTaskResult[T](Task`1 task, HttpContext httpContext)
   at Microsoft.AspNetCore.Routing.EndpointMiddleware.<Invoke>g__AwaitRequestTask|7_0(Endpoint endpoint, Task requestTask, ILogger logger)
   at Microsoft.AspNetCore.Authentication.AuthenticationMiddleware.Invoke(HttpContext context)
   at Microsoft.AspNetCore.RateLimiting.RateLimitingMiddleware.InvokeInternal(HttpContext context, EnableRateLimitingAttribute enableRateLimitingAttribute)
   at Swashbuckle.AspNetCore.SwaggerUI.SwaggerUIMiddleware.Invoke(HttpContext httpContext)
   at Swashbuckle.AspNetCore.Swagger.SwaggerMiddleware.Invoke(HttpContext httpContext, ISwaggerProvider swaggerProvider)
   at Microsoft.AspNetCore.Authorization.AuthorizationMiddleware.Invoke(HttpContext context)
   at Microsoft.AspNetCore.Diagnostics.DeveloperExceptionPageMiddlewareImpl.Invoke(HttpContext context)
2025-09-03 17:09:13.341 +02:00 [ERR] An unhandled exception has occurred while executing the request.
System.InvalidOperationException: No database provider has been configured for this DbContext. A provider can be configured by overriding the 'DbContext.OnConfiguring' method or by using 'AddDbContext' on the application service provider. If 'AddDbContext' is used, then also ensure that your DbContext type accepts a DbContextOptions<TContext> object in its constructor and passes it to the base constructor for DbContext.
   at Microsoft.EntityFrameworkCore.Internal.DbContextServices.Initialize(IServiceProvider scopedProvider, DbContextOptions contextOptions, DbContext context)
   at Microsoft.EntityFrameworkCore.DbContext.get_ContextServices()
   at Microsoft.EntityFrameworkCore.DbContext.get_InternalServiceProvider()
   at Microsoft.EntityFrameworkCore.DbContext.get_DbContextDependencies()
   at Microsoft.EntityFrameworkCore.DbContext.Set[TEntity]()
   at AutoAgentes.Infrastructure.AppDbContext.get_Agents() in D:\BearDevelopment\AutoAgent\autoagent_back\src\AutoAgentes.Infrastructure\AppDbContext.cs:line 12
   at AutoAgentes.Infrastructure.Services.AgentsService.GetAgentAsync(Guid id) in D:\BearDevelopment\AutoAgent\autoagent_back\src\AutoAgentes.Infrastructure\Services\AgentsService.cs:line 57
   at AutoAgentes.Api.Endpoints.<>c.<<MapApi>b__0_8>d.MoveNext() in D:\BearDevelopment\AutoAgent\autoagent_back\src\AutoAgentes.Api\Endpoints.cs:line 85
--- End of stack trace from previous location ---
   at Microsoft.AspNetCore.Http.RequestDelegateFactory.ExecuteTaskResult[T](Task`1 task, HttpContext httpContext)
   at Microsoft.AspNetCore.Routing.EndpointMiddleware.<Invoke>g__AwaitRequestTask|7_0(Endpoint endpoint, Task requestTask, ILogger logger)
   at Microsoft.AspNetCore.Authentication.AuthenticationMiddleware.Invoke(HttpContext context)
   at Microsoft.AspNetCore.RateLimiting.RateLimitingMiddleware.InvokeInternal(HttpContext context, EnableRateLimitingAttribute enableRateLimitingAttribute)
   at Swashbuckle.AspNetCore.SwaggerUI.SwaggerUIMiddleware.Invoke(HttpContext httpContext)
   at Swashbuckle.AspNetCore.Swagger.SwaggerMiddleware.Invoke(HttpContext httpContext, ISwaggerProvider swaggerProvider)
   at Microsoft.AspNetCore.Authorization.AuthorizationMiddleware.Invoke(HttpContext context)
   at Microsoft.AspNetCore.Diagnostics.DeveloperExceptionPageMiddlewareImpl.Invoke(HttpContext context)
2025-09-03 17:09:13.353 +02:00 [INF] Request finished HTTP/1.1 GET http://localhost:5088/agents/1e5ffb9e-fb28-4405-b82b-b4647aa5a865/bindings - 500 null text/plain; charset=utf-8 48.2422ms
2025-09-03 17:09:13.360 +02:00 [INF] Request finished HTTP/1.1 GET http://localhost:5088/agents/1e5ffb9e-fb28-4405-b82b-b4647aa5a865 - 500 null text/plain; charset=utf-8 55.7549ms
2025-09-03 17:09:15.370 +02:00 [INF] Request starting HTTP/1.1 GET http://localhost:5088/agents/1e5ffb9e-fb28-4405-b82b-b4647aa5a865 - application/json null
2025-09-03 17:09:15.370 +02:00 [INF] Request starting HTTP/1.1 GET http://localhost:5088/agents/1e5ffb9e-fb28-4405-b82b-b4647aa5a865/bindings - application/json null
2025-09-03 17:09:15.376 +02:00 [INF] CORS policy execution successful.
2025-09-03 17:09:15.383 +02:00 [INF] CORS policy execution successful.
2025-09-03 17:09:15.388 +02:00 [INF] Executing endpoint 'HTTP: GET /agents/{id:guid}'
2025-09-03 17:09:15.391 +02:00 [INF] Executing endpoint 'HTTP: GET /agents/{id:guid}/bindings'
2025-09-03 17:09:15.395 +02:00 [INF] Executed endpoint 'HTTP: GET /agents/{id:guid}'
2025-09-03 17:09:15.399 +02:00 [INF] Executed endpoint 'HTTP: GET /agents/{id:guid}/bindings'
2025-09-03 17:09:15.403 +02:00 [ERR] An unhandled exception has occurred while executing the request.
System.InvalidOperationException: No database provider has been configured for this DbContext. A provider can be configured by overriding the 'DbContext.OnConfiguring' method or by using 'AddDbContext' on the application service provider. If 'AddDbContext' is used, then also ensure that your DbContext type accepts a DbContextOptions<TContext> object in its constructor and passes it to the base constructor for DbContext.
   at Microsoft.EntityFrameworkCore.Internal.DbContextServices.Initialize(IServiceProvider scopedProvider, DbContextOptions contextOptions, DbContext context)
   at Microsoft.EntityFrameworkCore.DbContext.get_ContextServices()
   at Microsoft.EntityFrameworkCore.DbContext.get_InternalServiceProvider()
   at Microsoft.EntityFrameworkCore.DbContext.get_DbContextDependencies()
   at Microsoft.EntityFrameworkCore.DbContext.Set[TEntity]()
   at AutoAgentes.Infrastructure.AppDbContext.get_Agents() in D:\BearDevelopment\AutoAgent\autoagent_back\src\AutoAgentes.Infrastructure\AppDbContext.cs:line 12
   at AutoAgentes.Infrastructure.Services.AgentsService.GetAgentAsync(Guid id) in D:\BearDevelopment\AutoAgent\autoagent_back\src\AutoAgentes.Infrastructure\Services\AgentsService.cs:line 57
   at AutoAgentes.Api.Endpoints.<>c.<<MapApi>b__0_8>d.MoveNext() in D:\BearDevelopment\AutoAgent\autoagent_back\src\AutoAgentes.Api\Endpoints.cs:line 85
--- End of stack trace from previous location ---
   at Microsoft.AspNetCore.Http.RequestDelegateFactory.ExecuteTaskResult[T](Task`1 task, HttpContext httpContext)
   at Microsoft.AspNetCore.Routing.EndpointMiddleware.<Invoke>g__AwaitRequestTask|7_0(Endpoint endpoint, Task requestTask, ILogger logger)
   at Microsoft.AspNetCore.Authentication.AuthenticationMiddleware.Invoke(HttpContext context)
   at Microsoft.AspNetCore.RateLimiting.RateLimitingMiddleware.InvokeInternal(HttpContext context, EnableRateLimitingAttribute enableRateLimitingAttribute)
   at Swashbuckle.AspNetCore.SwaggerUI.SwaggerUIMiddleware.Invoke(HttpContext httpContext)
   at Swashbuckle.AspNetCore.Swagger.SwaggerMiddleware.Invoke(HttpContext httpContext, ISwaggerProvider swaggerProvider)
   at Microsoft.AspNetCore.Authorization.AuthorizationMiddleware.Invoke(HttpContext context)
   at Microsoft.AspNetCore.Diagnostics.DeveloperExceptionPageMiddlewareImpl.Invoke(HttpContext context)
2025-09-03 17:09:15.407 +02:00 [ERR] An unhandled exception has occurred while executing the request.
System.InvalidOperationException: No database provider has been configured for this DbContext. A provider can be configured by overriding the 'DbContext.OnConfiguring' method or by using 'AddDbContext' on the application service provider. If 'AddDbContext' is used, then also ensure that your DbContext type accepts a DbContextOptions<TContext> object in its constructor and passes it to the base constructor for DbContext.
   at Microsoft.EntityFrameworkCore.Internal.DbContextServices.Initialize(IServiceProvider scopedProvider, DbContextOptions contextOptions, DbContext context)
   at Microsoft.EntityFrameworkCore.DbContext.get_ContextServices()
   at Microsoft.EntityFrameworkCore.DbContext.get_InternalServiceProvider()
   at Microsoft.EntityFrameworkCore.DbContext.get_DbContextDependencies()
   at Microsoft.EntityFrameworkCore.DbContext.Set[TEntity]()
   at AutoAgentes.Infrastructure.AppDbContext.get_AgentToolBindings() in D:\BearDevelopment\AutoAgent\autoagent_back\src\AutoAgentes.Infrastructure\AppDbContext.cs:line 13
   at AutoAgentes.Infrastructure.Services.AgentsService.GetBindingsAsync(Guid agentId) in D:\BearDevelopment\AutoAgent\autoagent_back\src\AutoAgentes.Infrastructure\Services\AgentsService.cs:line 102
   at AutoAgentes.Api.Endpoints.<>c.<<MapApi>b__0_11>d.MoveNext() in D:\BearDevelopment\AutoAgent\autoagent_back\src\AutoAgentes.Api\Endpoints.cs:line 101
--- End of stack trace from previous location ---
   at Microsoft.AspNetCore.Http.RequestDelegateFactory.ExecuteTaskResult[T](Task`1 task, HttpContext httpContext)
   at Microsoft.AspNetCore.Routing.EndpointMiddleware.<Invoke>g__AwaitRequestTask|7_0(Endpoint endpoint, Task requestTask, ILogger logger)
   at Microsoft.AspNetCore.Authentication.AuthenticationMiddleware.Invoke(HttpContext context)
   at Microsoft.AspNetCore.RateLimiting.RateLimitingMiddleware.InvokeInternal(HttpContext context, EnableRateLimitingAttribute enableRateLimitingAttribute)
   at Swashbuckle.AspNetCore.SwaggerUI.SwaggerUIMiddleware.Invoke(HttpContext httpContext)
   at Swashbuckle.AspNetCore.Swagger.SwaggerMiddleware.Invoke(HttpContext httpContext, ISwaggerProvider swaggerProvider)
   at Microsoft.AspNetCore.Authorization.AuthorizationMiddleware.Invoke(HttpContext context)
   at Microsoft.AspNetCore.Diagnostics.DeveloperExceptionPageMiddlewareImpl.Invoke(HttpContext context)
2025-09-03 17:09:15.415 +02:00 [INF] Request finished HTTP/1.1 GET http://localhost:5088/agents/1e5ffb9e-fb28-4405-b82b-b4647aa5a865 - 500 null text/plain; charset=utf-8 45.0167ms
2025-09-03 17:09:15.424 +02:00 [INF] Request finished HTTP/1.1 GET http://localhost:5088/agents/1e5ffb9e-fb28-4405-b82b-b4647aa5a865/bindings - 500 null text/plain; charset=utf-8 53.5054ms
2025-09-03 17:09:19.424 +02:00 [INF] Request starting HTTP/1.1 OPTIONS http://localhost:5088/agents/1e5ffb9e-fb28-4405-b82b-b4647aa5a865 - null null
2025-09-03 17:09:19.430 +02:00 [INF] CORS policy execution successful.
2025-09-03 17:09:19.434 +02:00 [INF] Request starting HTTP/1.1 OPTIONS http://localhost:5088/agents/1e5ffb9e-fb28-4405-b82b-b4647aa5a865/bindings - null null
2025-09-03 17:09:19.438 +02:00 [INF] Request finished HTTP/1.1 OPTIONS http://localhost:5088/agents/1e5ffb9e-fb28-4405-b82b-b4647aa5a865 - 204 null null 14.9958ms
2025-09-03 17:09:19.443 +02:00 [INF] CORS policy execution successful.
2025-09-03 17:09:19.449 +02:00 [INF] Request starting HTTP/1.1 GET http://localhost:5088/agents/1e5ffb9e-fb28-4405-b82b-b4647aa5a865 - application/json null
2025-09-03 17:09:19.453 +02:00 [INF] Request finished HTTP/1.1 OPTIONS http://localhost:5088/agents/1e5ffb9e-fb28-4405-b82b-b4647aa5a865/bindings - 204 null null 19.0096ms
2025-09-03 17:09:19.458 +02:00 [INF] CORS policy execution successful.
2025-09-03 17:09:19.463 +02:00 [INF] Request starting HTTP/1.1 GET http://localhost:5088/agents/1e5ffb9e-fb28-4405-b82b-b4647aa5a865/bindings - application/json null
2025-09-03 17:09:19.466 +02:00 [INF] Executing endpoint 'HTTP: GET /agents/{id:guid}'
2025-09-03 17:09:19.472 +02:00 [INF] CORS policy execution successful.
2025-09-03 17:09:19.476 +02:00 [INF] Executed endpoint 'HTTP: GET /agents/{id:guid}'
2025-09-03 17:09:19.480 +02:00 [INF] Executing endpoint 'HTTP: GET /agents/{id:guid}/bindings'
2025-09-03 17:09:19.484 +02:00 [ERR] An unhandled exception has occurred while executing the request.
System.InvalidOperationException: No database provider has been configured for this DbContext. A provider can be configured by overriding the 'DbContext.OnConfiguring' method or by using 'AddDbContext' on the application service provider. If 'AddDbContext' is used, then also ensure that your DbContext type accepts a DbContextOptions<TContext> object in its constructor and passes it to the base constructor for DbContext.
   at Microsoft.EntityFrameworkCore.Internal.DbContextServices.Initialize(IServiceProvider scopedProvider, DbContextOptions contextOptions, DbContext context)
   at Microsoft.EntityFrameworkCore.DbContext.get_ContextServices()
   at Microsoft.EntityFrameworkCore.DbContext.get_InternalServiceProvider()
   at Microsoft.EntityFrameworkCore.DbContext.get_DbContextDependencies()
   at Microsoft.EntityFrameworkCore.DbContext.Set[TEntity]()
   at AutoAgentes.Infrastructure.AppDbContext.get_Agents() in D:\BearDevelopment\AutoAgent\autoagent_back\src\AutoAgentes.Infrastructure\AppDbContext.cs:line 12
   at AutoAgentes.Infrastructure.Services.AgentsService.GetAgentAsync(Guid id) in D:\BearDevelopment\AutoAgent\autoagent_back\src\AutoAgentes.Infrastructure\Services\AgentsService.cs:line 57
   at AutoAgentes.Api.Endpoints.<>c.<<MapApi>b__0_8>d.MoveNext() in D:\BearDevelopment\AutoAgent\autoagent_back\src\AutoAgentes.Api\Endpoints.cs:line 85
--- End of stack trace from previous location ---
   at Microsoft.AspNetCore.Http.RequestDelegateFactory.ExecuteTaskResult[T](Task`1 task, HttpContext httpContext)
   at Microsoft.AspNetCore.Routing.EndpointMiddleware.<Invoke>g__AwaitRequestTask|7_0(Endpoint endpoint, Task requestTask, ILogger logger)
   at Microsoft.AspNetCore.Authentication.AuthenticationMiddleware.Invoke(HttpContext context)
   at Microsoft.AspNetCore.RateLimiting.RateLimitingMiddleware.InvokeInternal(HttpContext context, EnableRateLimitingAttribute enableRateLimitingAttribute)
   at Swashbuckle.AspNetCore.SwaggerUI.SwaggerUIMiddleware.Invoke(HttpContext httpContext)
   at Swashbuckle.AspNetCore.Swagger.SwaggerMiddleware.Invoke(HttpContext httpContext, ISwaggerProvider swaggerProvider)
   at Microsoft.AspNetCore.Authorization.AuthorizationMiddleware.Invoke(HttpContext context)
   at Microsoft.AspNetCore.Diagnostics.DeveloperExceptionPageMiddlewareImpl.Invoke(HttpContext context)
2025-09-03 17:09:19.488 +02:00 [INF] Executed endpoint 'HTTP: GET /agents/{id:guid}/bindings'
2025-09-03 17:09:19.495 +02:00 [INF] Request finished HTTP/1.1 GET http://localhost:5088/agents/1e5ffb9e-fb28-4405-b82b-b4647aa5a865 - 500 null text/plain; charset=utf-8 46.2664ms
2025-09-03 17:09:19.498 +02:00 [ERR] An unhandled exception has occurred while executing the request.
System.InvalidOperationException: No database provider has been configured for this DbContext. A provider can be configured by overriding the 'DbContext.OnConfiguring' method or by using 'AddDbContext' on the application service provider. If 'AddDbContext' is used, then also ensure that your DbContext type accepts a DbContextOptions<TContext> object in its constructor and passes it to the base constructor for DbContext.
   at Microsoft.EntityFrameworkCore.Internal.DbContextServices.Initialize(IServiceProvider scopedProvider, DbContextOptions contextOptions, DbContext context)
   at Microsoft.EntityFrameworkCore.DbContext.get_ContextServices()
   at Microsoft.EntityFrameworkCore.DbContext.get_InternalServiceProvider()
   at Microsoft.EntityFrameworkCore.DbContext.get_DbContextDependencies()
   at Microsoft.EntityFrameworkCore.DbContext.Set[TEntity]()
   at AutoAgentes.Infrastructure.AppDbContext.get_AgentToolBindings() in D:\BearDevelopment\AutoAgent\autoagent_back\src\AutoAgentes.Infrastructure\AppDbContext.cs:line 13
   at AutoAgentes.Infrastructure.Services.AgentsService.GetBindingsAsync(Guid agentId) in D:\BearDevelopment\AutoAgent\autoagent_back\src\AutoAgentes.Infrastructure\Services\AgentsService.cs:line 102
   at AutoAgentes.Api.Endpoints.<>c.<<MapApi>b__0_11>d.MoveNext() in D:\BearDevelopment\AutoAgent\autoagent_back\src\AutoAgentes.Api\Endpoints.cs:line 101
--- End of stack trace from previous location ---
   at Microsoft.AspNetCore.Http.RequestDelegateFactory.ExecuteTaskResult[T](Task`1 task, HttpContext httpContext)
   at Microsoft.AspNetCore.Routing.EndpointMiddleware.<Invoke>g__AwaitRequestTask|7_0(Endpoint endpoint, Task requestTask, ILogger logger)
   at Microsoft.AspNetCore.Authentication.AuthenticationMiddleware.Invoke(HttpContext context)
   at Microsoft.AspNetCore.RateLimiting.RateLimitingMiddleware.InvokeInternal(HttpContext context, EnableRateLimitingAttribute enableRateLimitingAttribute)
   at Swashbuckle.AspNetCore.SwaggerUI.SwaggerUIMiddleware.Invoke(HttpContext httpContext)
   at Swashbuckle.AspNetCore.Swagger.SwaggerMiddleware.Invoke(HttpContext httpContext, ISwaggerProvider swaggerProvider)
   at Microsoft.AspNetCore.Authorization.AuthorizationMiddleware.Invoke(HttpContext context)
   at Microsoft.AspNetCore.Diagnostics.DeveloperExceptionPageMiddlewareImpl.Invoke(HttpContext context)
2025-09-03 17:09:19.512 +02:00 [INF] Request finished HTTP/1.1 GET http://localhost:5088/agents/1e5ffb9e-fb28-4405-b82b-b4647aa5a865/bindings - 500 null text/plain; charset=utf-8 48.9993ms
2025-09-03 17:09:26.257 +02:00 [INF] Request starting HTTP/1.1 OPTIONS http://localhost:5088/agents/1e5ffb9e-fb28-4405-b82b-b4647aa5a865 - null null
2025-09-03 17:09:26.257 +02:00 [INF] Request starting HTTP/1.1 OPTIONS http://localhost:5088/agents/1e5ffb9e-fb28-4405-b82b-b4647aa5a865/bindings - null null
2025-09-03 17:09:26.263 +02:00 [INF] CORS policy execution successful.
2025-09-03 17:09:26.268 +02:00 [INF] CORS policy execution successful.
2025-09-03 17:09:26.272 +02:00 [INF] Request finished HTTP/1.1 OPTIONS http://localhost:5088/agents/1e5ffb9e-fb28-4405-b82b-b4647aa5a865 - 204 null null 14.4061ms
2025-09-03 17:09:26.277 +02:00 [INF] Request finished HTTP/1.1 OPTIONS http://localhost:5088/agents/1e5ffb9e-fb28-4405-b82b-b4647aa5a865/bindings - 204 null null 19.2212ms
2025-09-03 17:09:26.282 +02:00 [INF] Request starting HTTP/1.1 GET http://localhost:5088/agents/1e5ffb9e-fb28-4405-b82b-b4647aa5a865 - application/json null
2025-09-03 17:09:26.288 +02:00 [INF] Request starting HTTP/1.1 GET http://localhost:5088/agents/1e5ffb9e-fb28-4405-b82b-b4647aa5a865/bindings - application/json null
2025-09-03 17:09:26.292 +02:00 [INF] CORS policy execution successful.
2025-09-03 17:09:26.298 +02:00 [INF] CORS policy execution successful.
2025-09-03 17:09:26.302 +02:00 [INF] Executing endpoint 'HTTP: GET /agents/{id:guid}'
2025-09-03 17:09:26.308 +02:00 [INF] Executing endpoint 'HTTP: GET /agents/{id:guid}/bindings'
2025-09-03 17:09:26.312 +02:00 [INF] Executed endpoint 'HTTP: GET /agents/{id:guid}'
2025-09-03 17:09:26.317 +02:00 [INF] Executed endpoint 'HTTP: GET /agents/{id:guid}/bindings'
2025-09-03 17:09:26.321 +02:00 [ERR] An unhandled exception has occurred while executing the request.
System.InvalidOperationException: No database provider has been configured for this DbContext. A provider can be configured by overriding the 'DbContext.OnConfiguring' method or by using 'AddDbContext' on the application service provider. If 'AddDbContext' is used, then also ensure that your DbContext type accepts a DbContextOptions<TContext> object in its constructor and passes it to the base constructor for DbContext.
   at Microsoft.EntityFrameworkCore.Internal.DbContextServices.Initialize(IServiceProvider scopedProvider, DbContextOptions contextOptions, DbContext context)
   at Microsoft.EntityFrameworkCore.DbContext.get_ContextServices()
   at Microsoft.EntityFrameworkCore.DbContext.get_InternalServiceProvider()
   at Microsoft.EntityFrameworkCore.DbContext.get_DbContextDependencies()
   at Microsoft.EntityFrameworkCore.DbContext.Set[TEntity]()
   at AutoAgentes.Infrastructure.AppDbContext.get_Agents() in D:\BearDevelopment\AutoAgent\autoagent_back\src\AutoAgentes.Infrastructure\AppDbContext.cs:line 12
   at AutoAgentes.Infrastructure.Services.AgentsService.GetAgentAsync(Guid id) in D:\BearDevelopment\AutoAgent\autoagent_back\src\AutoAgentes.Infrastructure\Services\AgentsService.cs:line 57
   at AutoAgentes.Api.Endpoints.<>c.<<MapApi>b__0_8>d.MoveNext() in D:\BearDevelopment\AutoAgent\autoagent_back\src\AutoAgentes.Api\Endpoints.cs:line 85
--- End of stack trace from previous location ---
   at Microsoft.AspNetCore.Http.RequestDelegateFactory.ExecuteTaskResult[T](Task`1 task, HttpContext httpContext)
   at Microsoft.AspNetCore.Routing.EndpointMiddleware.<Invoke>g__AwaitRequestTask|7_0(Endpoint endpoint, Task requestTask, ILogger logger)
   at Microsoft.AspNetCore.Authentication.AuthenticationMiddleware.Invoke(HttpContext context)
   at Microsoft.AspNetCore.RateLimiting.RateLimitingMiddleware.InvokeInternal(HttpContext context, EnableRateLimitingAttribute enableRateLimitingAttribute)
   at Swashbuckle.AspNetCore.SwaggerUI.SwaggerUIMiddleware.Invoke(HttpContext httpContext)
   at Swashbuckle.AspNetCore.Swagger.SwaggerMiddleware.Invoke(HttpContext httpContext, ISwaggerProvider swaggerProvider)
   at Microsoft.AspNetCore.Authorization.AuthorizationMiddleware.Invoke(HttpContext context)
   at Microsoft.AspNetCore.Diagnostics.DeveloperExceptionPageMiddlewareImpl.Invoke(HttpContext context)
2025-09-03 17:09:26.326 +02:00 [ERR] An unhandled exception has occurred while executing the request.
System.InvalidOperationException: No database provider has been configured for this DbContext. A provider can be configured by overriding the 'DbContext.OnConfiguring' method or by using 'AddDbContext' on the application service provider. If 'AddDbContext' is used, then also ensure that your DbContext type accepts a DbContextOptions<TContext> object in its constructor and passes it to the base constructor for DbContext.
   at Microsoft.EntityFrameworkCore.Internal.DbContextServices.Initialize(IServiceProvider scopedProvider, DbContextOptions contextOptions, DbContext context)
   at Microsoft.EntityFrameworkCore.DbContext.get_ContextServices()
   at Microsoft.EntityFrameworkCore.DbContext.get_InternalServiceProvider()
   at Microsoft.EntityFrameworkCore.DbContext.get_DbContextDependencies()
   at Microsoft.EntityFrameworkCore.DbContext.Set[TEntity]()
   at AutoAgentes.Infrastructure.AppDbContext.get_AgentToolBindings() in D:\BearDevelopment\AutoAgent\autoagent_back\src\AutoAgentes.Infrastructure\AppDbContext.cs:line 13
   at AutoAgentes.Infrastructure.Services.AgentsService.GetBindingsAsync(Guid agentId) in D:\BearDevelopment\AutoAgent\autoagent_back\src\AutoAgentes.Infrastructure\Services\AgentsService.cs:line 102
   at AutoAgentes.Api.Endpoints.<>c.<<MapApi>b__0_11>d.MoveNext() in D:\BearDevelopment\AutoAgent\autoagent_back\src\AutoAgentes.Api\Endpoints.cs:line 101
--- End of stack trace from previous location ---
   at Microsoft.AspNetCore.Http.RequestDelegateFactory.ExecuteTaskResult[T](Task`1 task, HttpContext httpContext)
   at Microsoft.AspNetCore.Routing.EndpointMiddleware.<Invoke>g__AwaitRequestTask|7_0(Endpoint endpoint, Task requestTask, ILogger logger)
   at Microsoft.AspNetCore.Authentication.AuthenticationMiddleware.Invoke(HttpContext context)
   at Microsoft.AspNetCore.RateLimiting.RateLimitingMiddleware.InvokeInternal(HttpContext context, EnableRateLimitingAttribute enableRateLimitingAttribute)
   at Swashbuckle.AspNetCore.SwaggerUI.SwaggerUIMiddleware.Invoke(HttpContext httpContext)
   at Swashbuckle.AspNetCore.Swagger.SwaggerMiddleware.Invoke(HttpContext httpContext, ISwaggerProvider swaggerProvider)
   at Microsoft.AspNetCore.Authorization.AuthorizationMiddleware.Invoke(HttpContext context)
   at Microsoft.AspNetCore.Diagnostics.DeveloperExceptionPageMiddlewareImpl.Invoke(HttpContext context)
2025-09-03 17:09:26.337 +02:00 [INF] Request finished HTTP/1.1 GET http://localhost:5088/agents/1e5ffb9e-fb28-4405-b82b-b4647aa5a865 - 500 null text/plain; charset=utf-8 55.1322ms
2025-09-03 17:09:26.348 +02:00 [INF] Request finished HTTP/1.1 GET http://localhost:5088/agents/1e5ffb9e-fb28-4405-b82b-b4647aa5a865/bindings - 500 null text/plain; charset=utf-8 60.3742ms
2025-09-03 17:09:27.363 +02:00 [INF] Request starting HTTP/1.1 GET http://localhost:5088/agents/1e5ffb9e-fb28-4405-b82b-b4647aa5a865/bindings - application/json null
2025-09-03 17:09:27.363 +02:00 [INF] Request starting HTTP/1.1 GET http://localhost:5088/agents/1e5ffb9e-fb28-4405-b82b-b4647aa5a865 - application/json null
2025-09-03 17:09:27.369 +02:00 [INF] CORS policy execution successful.
2025-09-03 17:09:27.374 +02:00 [INF] CORS policy execution successful.
2025-09-03 17:09:27.380 +02:00 [INF] Executing endpoint 'HTTP: GET /agents/{id:guid}/bindings'
2025-09-03 17:09:27.385 +02:00 [INF] Executing endpoint 'HTTP: GET /agents/{id:guid}'
2025-09-03 17:09:27.388 +02:00 [INF] Executed endpoint 'HTTP: GET /agents/{id:guid}/bindings'
2025-09-03 17:09:27.392 +02:00 [INF] Executed endpoint 'HTTP: GET /agents/{id:guid}'
2025-09-03 17:09:27.396 +02:00 [ERR] An unhandled exception has occurred while executing the request.
System.InvalidOperationException: No database provider has been configured for this DbContext. A provider can be configured by overriding the 'DbContext.OnConfiguring' method or by using 'AddDbContext' on the application service provider. If 'AddDbContext' is used, then also ensure that your DbContext type accepts a DbContextOptions<TContext> object in its constructor and passes it to the base constructor for DbContext.
   at Microsoft.EntityFrameworkCore.Internal.DbContextServices.Initialize(IServiceProvider scopedProvider, DbContextOptions contextOptions, DbContext context)
   at Microsoft.EntityFrameworkCore.DbContext.get_ContextServices()
   at Microsoft.EntityFrameworkCore.DbContext.get_InternalServiceProvider()
   at Microsoft.EntityFrameworkCore.DbContext.get_DbContextDependencies()
   at Microsoft.EntityFrameworkCore.DbContext.Set[TEntity]()
   at AutoAgentes.Infrastructure.AppDbContext.get_AgentToolBindings() in D:\BearDevelopment\AutoAgent\autoagent_back\src\AutoAgentes.Infrastructure\AppDbContext.cs:line 13
   at AutoAgentes.Infrastructure.Services.AgentsService.GetBindingsAsync(Guid agentId) in D:\BearDevelopment\AutoAgent\autoagent_back\src\AutoAgentes.Infrastructure\Services\AgentsService.cs:line 102
   at AutoAgentes.Api.Endpoints.<>c.<<MapApi>b__0_11>d.MoveNext() in D:\BearDevelopment\AutoAgent\autoagent_back\src\AutoAgentes.Api\Endpoints.cs:line 101
--- End of stack trace from previous location ---
   at Microsoft.AspNetCore.Http.RequestDelegateFactory.ExecuteTaskResult[T](Task`1 task, HttpContext httpContext)
   at Microsoft.AspNetCore.Routing.EndpointMiddleware.<Invoke>g__AwaitRequestTask|7_0(Endpoint endpoint, Task requestTask, ILogger logger)
   at Microsoft.AspNetCore.Authentication.AuthenticationMiddleware.Invoke(HttpContext context)
   at Microsoft.AspNetCore.RateLimiting.RateLimitingMiddleware.InvokeInternal(HttpContext context, EnableRateLimitingAttribute enableRateLimitingAttribute)
   at Swashbuckle.AspNetCore.SwaggerUI.SwaggerUIMiddleware.Invoke(HttpContext httpContext)
   at Swashbuckle.AspNetCore.Swagger.SwaggerMiddleware.Invoke(HttpContext httpContext, ISwaggerProvider swaggerProvider)
   at Microsoft.AspNetCore.Authorization.AuthorizationMiddleware.Invoke(HttpContext context)
   at Microsoft.AspNetCore.Diagnostics.DeveloperExceptionPageMiddlewareImpl.Invoke(HttpContext context)
2025-09-03 17:09:27.400 +02:00 [ERR] An unhandled exception has occurred while executing the request.
System.InvalidOperationException: No database provider has been configured for this DbContext. A provider can be configured by overriding the 'DbContext.OnConfiguring' method or by using 'AddDbContext' on the application service provider. If 'AddDbContext' is used, then also ensure that your DbContext type accepts a DbContextOptions<TContext> object in its constructor and passes it to the base constructor for DbContext.
   at Microsoft.EntityFrameworkCore.Internal.DbContextServices.Initialize(IServiceProvider scopedProvider, DbContextOptions contextOptions, DbContext context)
   at Microsoft.EntityFrameworkCore.DbContext.get_ContextServices()
   at Microsoft.EntityFrameworkCore.DbContext.get_InternalServiceProvider()
   at Microsoft.EntityFrameworkCore.DbContext.get_DbContextDependencies()
   at Microsoft.EntityFrameworkCore.DbContext.Set[TEntity]()
   at AutoAgentes.Infrastructure.AppDbContext.get_Agents() in D:\BearDevelopment\AutoAgent\autoagent_back\src\AutoAgentes.Infrastructure\AppDbContext.cs:line 12
   at AutoAgentes.Infrastructure.Services.AgentsService.GetAgentAsync(Guid id) in D:\BearDevelopment\AutoAgent\autoagent_back\src\AutoAgentes.Infrastructure\Services\AgentsService.cs:line 57
   at AutoAgentes.Api.Endpoints.<>c.<<MapApi>b__0_8>d.MoveNext() in D:\BearDevelopment\AutoAgent\autoagent_back\src\AutoAgentes.Api\Endpoints.cs:line 85
--- End of stack trace from previous location ---
   at Microsoft.AspNetCore.Http.RequestDelegateFactory.ExecuteTaskResult[T](Task`1 task, HttpContext httpContext)
   at Microsoft.AspNetCore.Routing.EndpointMiddleware.<Invoke>g__AwaitRequestTask|7_0(Endpoint endpoint, Task requestTask, ILogger logger)
   at Microsoft.AspNetCore.Authentication.AuthenticationMiddleware.Invoke(HttpContext context)
   at Microsoft.AspNetCore.RateLimiting.RateLimitingMiddleware.InvokeInternal(HttpContext context, EnableRateLimitingAttribute enableRateLimitingAttribute)
   at Swashbuckle.AspNetCore.SwaggerUI.SwaggerUIMiddleware.Invoke(HttpContext httpContext)
   at Swashbuckle.AspNetCore.Swagger.SwaggerMiddleware.Invoke(HttpContext httpContext, ISwaggerProvider swaggerProvider)
   at Microsoft.AspNetCore.Authorization.AuthorizationMiddleware.Invoke(HttpContext context)
   at Microsoft.AspNetCore.Diagnostics.DeveloperExceptionPageMiddlewareImpl.Invoke(HttpContext context)
2025-09-03 17:09:27.408 +02:00 [INF] Request finished HTTP/1.1 GET http://localhost:5088/agents/1e5ffb9e-fb28-4405-b82b-b4647aa5a865/bindings - 500 null text/plain; charset=utf-8 45.749ms
2025-09-03 17:09:27.416 +02:00 [INF] Request finished HTTP/1.1 GET http://localhost:5088/agents/1e5ffb9e-fb28-4405-b82b-b4647aa5a865 - 500 null text/plain; charset=utf-8 53.2901ms
2025-09-03 17:09:29.416 +02:00 [INF] Request starting HTTP/1.1 GET http://localhost:5088/agents/1e5ffb9e-fb28-4405-b82b-b4647aa5a865/bindings - application/json null
2025-09-03 17:09:29.425 +02:00 [INF] CORS policy execution successful.
2025-09-03 17:09:29.431 +02:00 [INF] Executing endpoint 'HTTP: GET /agents/{id:guid}/bindings'
2025-09-03 17:09:29.433 +02:00 [INF] Request starting HTTP/1.1 GET http://localhost:5088/agents/1e5ffb9e-fb28-4405-b82b-b4647aa5a865 - application/json null
2025-09-03 17:09:29.436 +02:00 [INF] Executed endpoint 'HTTP: GET /agents/{id:guid}/bindings'
2025-09-03 17:09:29.440 +02:00 [INF] CORS policy execution successful.
2025-09-03 17:09:29.444 +02:00 [ERR] An unhandled exception has occurred while executing the request.
System.InvalidOperationException: No database provider has been configured for this DbContext. A provider can be configured by overriding the 'DbContext.OnConfiguring' method or by using 'AddDbContext' on the application service provider. If 'AddDbContext' is used, then also ensure that your DbContext type accepts a DbContextOptions<TContext> object in its constructor and passes it to the base constructor for DbContext.
   at Microsoft.EntityFrameworkCore.Internal.DbContextServices.Initialize(IServiceProvider scopedProvider, DbContextOptions contextOptions, DbContext context)
   at Microsoft.EntityFrameworkCore.DbContext.get_ContextServices()
   at Microsoft.EntityFrameworkCore.DbContext.get_InternalServiceProvider()
   at Microsoft.EntityFrameworkCore.DbContext.get_DbContextDependencies()
   at Microsoft.EntityFrameworkCore.DbContext.Set[TEntity]()
   at AutoAgentes.Infrastructure.AppDbContext.get_AgentToolBindings() in D:\BearDevelopment\AutoAgent\autoagent_back\src\AutoAgentes.Infrastructure\AppDbContext.cs:line 13
   at AutoAgentes.Infrastructure.Services.AgentsService.GetBindingsAsync(Guid agentId) in D:\BearDevelopment\AutoAgent\autoagent_back\src\AutoAgentes.Infrastructure\Services\AgentsService.cs:line 102
   at AutoAgentes.Api.Endpoints.<>c.<<MapApi>b__0_11>d.MoveNext() in D:\BearDevelopment\AutoAgent\autoagent_back\src\AutoAgentes.Api\Endpoints.cs:line 101
--- End of stack trace from previous location ---
   at Microsoft.AspNetCore.Http.RequestDelegateFactory.ExecuteTaskResult[T](Task`1 task, HttpContext httpContext)
   at Microsoft.AspNetCore.Routing.EndpointMiddleware.<Invoke>g__AwaitRequestTask|7_0(Endpoint endpoint, Task requestTask, ILogger logger)
   at Microsoft.AspNetCore.Authentication.AuthenticationMiddleware.Invoke(HttpContext context)
   at Microsoft.AspNetCore.RateLimiting.RateLimitingMiddleware.InvokeInternal(HttpContext context, EnableRateLimitingAttribute enableRateLimitingAttribute)
   at Swashbuckle.AspNetCore.SwaggerUI.SwaggerUIMiddleware.Invoke(HttpContext httpContext)
   at Swashbuckle.AspNetCore.Swagger.SwaggerMiddleware.Invoke(HttpContext httpContext, ISwaggerProvider swaggerProvider)
   at Microsoft.AspNetCore.Authorization.AuthorizationMiddleware.Invoke(HttpContext context)
   at Microsoft.AspNetCore.Diagnostics.DeveloperExceptionPageMiddlewareImpl.Invoke(HttpContext context)
2025-09-03 17:09:29.449 +02:00 [INF] Executing endpoint 'HTTP: GET /agents/{id:guid}'
2025-09-03 17:09:29.456 +02:00 [INF] Request finished HTTP/1.1 GET http://localhost:5088/agents/1e5ffb9e-fb28-4405-b82b-b4647aa5a865/bindings - 500 null text/plain; charset=utf-8 39.2851ms
2025-09-03 17:09:29.460 +02:00 [INF] Executed endpoint 'HTTP: GET /agents/{id:guid}'
2025-09-03 17:09:29.469 +02:00 [ERR] An unhandled exception has occurred while executing the request.
System.InvalidOperationException: No database provider has been configured for this DbContext. A provider can be configured by overriding the 'DbContext.OnConfiguring' method or by using 'AddDbContext' on the application service provider. If 'AddDbContext' is used, then also ensure that your DbContext type accepts a DbContextOptions<TContext> object in its constructor and passes it to the base constructor for DbContext.
   at Microsoft.EntityFrameworkCore.Internal.DbContextServices.Initialize(IServiceProvider scopedProvider, DbContextOptions contextOptions, DbContext context)
   at Microsoft.EntityFrameworkCore.DbContext.get_ContextServices()
   at Microsoft.EntityFrameworkCore.DbContext.get_InternalServiceProvider()
   at Microsoft.EntityFrameworkCore.DbContext.get_DbContextDependencies()
   at Microsoft.EntityFrameworkCore.DbContext.Set[TEntity]()
   at AutoAgentes.Infrastructure.AppDbContext.get_Agents() in D:\BearDevelopment\AutoAgent\autoagent_back\src\AutoAgentes.Infrastructure\AppDbContext.cs:line 12
   at AutoAgentes.Infrastructure.Services.AgentsService.GetAgentAsync(Guid id) in D:\BearDevelopment\AutoAgent\autoagent_back\src\AutoAgentes.Infrastructure\Services\AgentsService.cs:line 57
   at AutoAgentes.Api.Endpoints.<>c.<<MapApi>b__0_8>d.MoveNext() in D:\BearDevelopment\AutoAgent\autoagent_back\src\AutoAgentes.Api\Endpoints.cs:line 85
--- End of stack trace from previous location ---
   at Microsoft.AspNetCore.Http.RequestDelegateFactory.ExecuteTaskResult[T](Task`1 task, HttpContext httpContext)
   at Microsoft.AspNetCore.Routing.EndpointMiddleware.<Invoke>g__AwaitRequestTask|7_0(Endpoint endpoint, Task requestTask, ILogger logger)
   at Microsoft.AspNetCore.Authentication.AuthenticationMiddleware.Invoke(HttpContext context)
   at Microsoft.AspNetCore.RateLimiting.RateLimitingMiddleware.InvokeInternal(HttpContext context, EnableRateLimitingAttribute enableRateLimitingAttribute)
   at Swashbuckle.AspNetCore.SwaggerUI.SwaggerUIMiddleware.Invoke(HttpContext httpContext)
   at Swashbuckle.AspNetCore.Swagger.SwaggerMiddleware.Invoke(HttpContext httpContext, ISwaggerProvider swaggerProvider)
   at Microsoft.AspNetCore.Authorization.AuthorizationMiddleware.Invoke(HttpContext context)
   at Microsoft.AspNetCore.Diagnostics.DeveloperExceptionPageMiddlewareImpl.Invoke(HttpContext context)
2025-09-03 17:09:29.476 +02:00 [INF] Request finished HTTP/1.1 GET http://localhost:5088/agents/1e5ffb9e-fb28-4405-b82b-b4647aa5a865 - 500 null text/plain; charset=utf-8 43.5047ms
2025-09-03 17:09:33.464 +02:00 [INF] Request starting HTTP/1.1 OPTIONS http://localhost:5088/agents/1e5ffb9e-fb28-4405-b82b-b4647aa5a865/bindings - null null
2025-09-03 17:09:33.474 +02:00 [INF] CORS policy execution successful.
2025-09-03 17:09:33.479 +02:00 [INF] Request finished HTTP/1.1 OPTIONS http://localhost:5088/agents/1e5ffb9e-fb28-4405-b82b-b4647aa5a865/bindings - 204 null null 15.374ms
2025-09-03 17:09:33.486 +02:00 [INF] Request starting HTTP/1.1 OPTIONS http://localhost:5088/agents/1e5ffb9e-fb28-4405-b82b-b4647aa5a865 - null null
2025-09-03 17:09:33.486 +02:00 [INF] Request starting HTTP/1.1 GET http://localhost:5088/agents/1e5ffb9e-fb28-4405-b82b-b4647aa5a865/bindings - application/json null
2025-09-03 17:09:33.491 +02:00 [INF] CORS policy execution successful.
2025-09-03 17:09:33.496 +02:00 [INF] CORS policy execution successful.
2025-09-03 17:09:33.500 +02:00 [INF] Request finished HTTP/1.1 OPTIONS http://localhost:5088/agents/1e5ffb9e-fb28-4405-b82b-b4647aa5a865 - 204 null null 14.2064ms
2025-09-03 17:09:33.504 +02:00 [INF] Executing endpoint 'HTTP: GET /agents/{id:guid}/bindings'
2025-09-03 17:09:33.509 +02:00 [INF] Request starting HTTP/1.1 GET http://localhost:5088/agents/1e5ffb9e-fb28-4405-b82b-b4647aa5a865 - application/json null
2025-09-03 17:09:33.513 +02:00 [INF] Executed endpoint 'HTTP: GET /agents/{id:guid}/bindings'
2025-09-03 17:09:33.518 +02:00 [INF] CORS policy execution successful.
2025-09-03 17:09:33.521 +02:00 [ERR] An unhandled exception has occurred while executing the request.
System.InvalidOperationException: No database provider has been configured for this DbContext. A provider can be configured by overriding the 'DbContext.OnConfiguring' method or by using 'AddDbContext' on the application service provider. If 'AddDbContext' is used, then also ensure that your DbContext type accepts a DbContextOptions<TContext> object in its constructor and passes it to the base constructor for DbContext.
   at Microsoft.EntityFrameworkCore.Internal.DbContextServices.Initialize(IServiceProvider scopedProvider, DbContextOptions contextOptions, DbContext context)
   at Microsoft.EntityFrameworkCore.DbContext.get_ContextServices()
   at Microsoft.EntityFrameworkCore.DbContext.get_InternalServiceProvider()
   at Microsoft.EntityFrameworkCore.DbContext.get_DbContextDependencies()
   at Microsoft.EntityFrameworkCore.DbContext.Set[TEntity]()
   at AutoAgentes.Infrastructure.AppDbContext.get_AgentToolBindings() in D:\BearDevelopment\AutoAgent\autoagent_back\src\AutoAgentes.Infrastructure\AppDbContext.cs:line 13
   at AutoAgentes.Infrastructure.Services.AgentsService.GetBindingsAsync(Guid agentId) in D:\BearDevelopment\AutoAgent\autoagent_back\src\AutoAgentes.Infrastructure\Services\AgentsService.cs:line 102
   at AutoAgentes.Api.Endpoints.<>c.<<MapApi>b__0_11>d.MoveNext() in D:\BearDevelopment\AutoAgent\autoagent_back\src\AutoAgentes.Api\Endpoints.cs:line 101
--- End of stack trace from previous location ---
   at Microsoft.AspNetCore.Http.RequestDelegateFactory.ExecuteTaskResult[T](Task`1 task, HttpContext httpContext)
   at Microsoft.AspNetCore.Routing.EndpointMiddleware.<Invoke>g__AwaitRequestTask|7_0(Endpoint endpoint, Task requestTask, ILogger logger)
   at Microsoft.AspNetCore.Authentication.AuthenticationMiddleware.Invoke(HttpContext context)
   at Microsoft.AspNetCore.RateLimiting.RateLimitingMiddleware.InvokeInternal(HttpContext context, EnableRateLimitingAttribute enableRateLimitingAttribute)
   at Swashbuckle.AspNetCore.SwaggerUI.SwaggerUIMiddleware.Invoke(HttpContext httpContext)
   at Swashbuckle.AspNetCore.Swagger.SwaggerMiddleware.Invoke(HttpContext httpContext, ISwaggerProvider swaggerProvider)
   at Microsoft.AspNetCore.Authorization.AuthorizationMiddleware.Invoke(HttpContext context)
   at Microsoft.AspNetCore.Diagnostics.DeveloperExceptionPageMiddlewareImpl.Invoke(HttpContext context)
2025-09-03 17:09:33.525 +02:00 [INF] Executing endpoint 'HTTP: GET /agents/{id:guid}'
2025-09-03 17:09:33.532 +02:00 [INF] Request finished HTTP/1.1 GET http://localhost:5088/agents/1e5ffb9e-fb28-4405-b82b-b4647aa5a865/bindings - 500 null text/plain; charset=utf-8 46.0599ms
2025-09-03 17:09:33.536 +02:00 [INF] Executed endpoint 'HTTP: GET /agents/{id:guid}'
2025-09-03 17:09:33.544 +02:00 [ERR] An unhandled exception has occurred while executing the request.
System.InvalidOperationException: No database provider has been configured for this DbContext. A provider can be configured by overriding the 'DbContext.OnConfiguring' method or by using 'AddDbContext' on the application service provider. If 'AddDbContext' is used, then also ensure that your DbContext type accepts a DbContextOptions<TContext> object in its constructor and passes it to the base constructor for DbContext.
   at Microsoft.EntityFrameworkCore.Internal.DbContextServices.Initialize(IServiceProvider scopedProvider, DbContextOptions contextOptions, DbContext context)
   at Microsoft.EntityFrameworkCore.DbContext.get_ContextServices()
   at Microsoft.EntityFrameworkCore.DbContext.get_InternalServiceProvider()
   at Microsoft.EntityFrameworkCore.DbContext.get_DbContextDependencies()
   at Microsoft.EntityFrameworkCore.DbContext.Set[TEntity]()
   at AutoAgentes.Infrastructure.AppDbContext.get_Agents() in D:\BearDevelopment\AutoAgent\autoagent_back\src\AutoAgentes.Infrastructure\AppDbContext.cs:line 12
   at AutoAgentes.Infrastructure.Services.AgentsService.GetAgentAsync(Guid id) in D:\BearDevelopment\AutoAgent\autoagent_back\src\AutoAgentes.Infrastructure\Services\AgentsService.cs:line 57
   at AutoAgentes.Api.Endpoints.<>c.<<MapApi>b__0_8>d.MoveNext() in D:\BearDevelopment\AutoAgent\autoagent_back\src\AutoAgentes.Api\Endpoints.cs:line 85
--- End of stack trace from previous location ---
   at Microsoft.AspNetCore.Http.RequestDelegateFactory.ExecuteTaskResult[T](Task`1 task, HttpContext httpContext)
   at Microsoft.AspNetCore.Routing.EndpointMiddleware.<Invoke>g__AwaitRequestTask|7_0(Endpoint endpoint, Task requestTask, ILogger logger)
   at Microsoft.AspNetCore.Authentication.AuthenticationMiddleware.Invoke(HttpContext context)
   at Microsoft.AspNetCore.RateLimiting.RateLimitingMiddleware.InvokeInternal(HttpContext context, EnableRateLimitingAttribute enableRateLimitingAttribute)
   at Swashbuckle.AspNetCore.SwaggerUI.SwaggerUIMiddleware.Invoke(HttpContext httpContext)
   at Swashbuckle.AspNetCore.Swagger.SwaggerMiddleware.Invoke(HttpContext httpContext, ISwaggerProvider swaggerProvider)
   at Microsoft.AspNetCore.Authorization.AuthorizationMiddleware.Invoke(HttpContext context)
   at Microsoft.AspNetCore.Diagnostics.DeveloperExceptionPageMiddlewareImpl.Invoke(HttpContext context)
2025-09-03 17:09:33.553 +02:00 [INF] Request finished HTTP/1.1 GET http://localhost:5088/agents/1e5ffb9e-fb28-4405-b82b-b4647aa5a865 - 500 null text/plain; charset=utf-8 43.8365ms
2025-09-03 17:10:31.220 +02:00 [INF] Application is shutting down...
2025-09-03 17:10:34.844 +02:00 [INF] User profile is available. Using 'C:\Users\Usuario\AppData\Local\ASP.NET\DataProtection-Keys' as key repository and Windows DPAPI to encrypt keys at rest.
2025-09-03 17:10:35.194 +02:00 [INF] Now listening on: http://localhost:5088
2025-09-03 17:10:35.198 +02:00 [INF] Application started. Press Ctrl+C to shut down.
2025-09-03 17:10:35.199 +02:00 [INF] Hosting environment: Development
2025-09-03 17:10:35.200 +02:00 [INF] Content root path: D:\BearDevelopment\AutoAgent\autoagent_back\src\AutoAgentes.Api
2025-09-03 17:10:38.938 +02:00 [INF] Request starting HTTP/1.1 OPTIONS http://localhost:5088/agents/1e5ffb9e-fb28-4405-b82b-b4647aa5a865 - null null
2025-09-03 17:10:38.938 +02:00 [INF] Request starting HTTP/1.1 OPTIONS http://localhost:5088/agents/1e5ffb9e-fb28-4405-b82b-b4647aa5a865/bindings - null null
2025-09-03 17:10:39.051 +02:00 [INF] CORS policy execution successful.
2025-09-03 17:10:39.051 +02:00 [INF] CORS policy execution successful.
2025-09-03 17:10:39.060 +02:00 [INF] Request finished HTTP/1.1 OPTIONS http://localhost:5088/agents/1e5ffb9e-fb28-4405-b82b-b4647aa5a865 - 204 null null 141.4136ms
2025-09-03 17:10:39.061 +02:00 [INF] Request finished HTTP/1.1 OPTIONS http://localhost:5088/agents/1e5ffb9e-fb28-4405-b82b-b4647aa5a865/bindings - 204 null null 142.3469ms
2025-09-03 17:10:39.077 +02:00 [INF] Request starting HTTP/1.1 GET http://localhost:5088/agents/1e5ffb9e-fb28-4405-b82b-b4647aa5a865/bindings - application/json null
2025-09-03 17:10:39.077 +02:00 [INF] Request starting HTTP/1.1 GET http://localhost:5088/agents/1e5ffb9e-fb28-4405-b82b-b4647aa5a865 - application/json null
2025-09-03 17:10:39.087 +02:00 [INF] CORS policy execution successful.
2025-09-03 17:10:39.089 +02:00 [INF] CORS policy execution successful.
2025-09-03 17:10:39.110 +02:00 [INF] Executing endpoint 'HTTP: GET /agents/{id:guid}/bindings'
2025-09-03 17:10:39.110 +02:00 [INF] Executing endpoint 'HTTP: GET /agents/{id:guid}'
2025-09-03 17:10:40.367 +02:00 [INF] Executed DbCommand (10ms) [Parameters=[@__agentId_0='?' (DbType = Guid)], CommandType='"Text"', CommandTimeout='30']
SELECT "a"."Id", "a"."AgentId", "a"."ConfigJson", "a"."Enabled", "a"."ToolId"
FROM "AgentToolBindings" AS "a"
WHERE "a"."AgentId" = @__agentId_0
2025-09-03 17:10:40.375 +02:00 [INF] Executed DbCommand (24ms) [Parameters=[@__p_0='?' (DbType = Guid)], CommandType='"Text"', CommandTimeout='30']
SELECT "a"."Id", "a"."Autonomy", "a"."CreatedUtc", "a"."GuardrailsJson", "a"."Name", "a"."ParamsJson", "a"."Provider", "a"."SystemPrompt", "a"."Temperature", "a"."TemplateRef", "a"."TokenBudget", "a"."ToolBudget", "a"."TopP", "a"."UpdatedUtc"
FROM "Agents" AS "a"
WHERE "a"."Id" = @__p_0
LIMIT 1
2025-09-03 17:10:40.435 +02:00 [INF] Setting HTTP status code 200.
2025-09-03 17:10:40.435 +02:00 [INF] Setting HTTP status code 200.
2025-09-03 17:10:40.451 +02:00 [INF] Writing value of type 'List`1' as Json.
2025-09-03 17:10:40.452 +02:00 [INF] Writing value of type 'AgentResponse' as Json.
2025-09-03 17:10:40.469 +02:00 [INF] Executed endpoint 'HTTP: GET /agents/{id:guid}'
2025-09-03 17:10:40.469 +02:00 [INF] Executed endpoint 'HTTP: GET /agents/{id:guid}/bindings'
2025-09-03 17:10:40.484 +02:00 [INF] Request finished HTTP/1.1 GET http://localhost:5088/agents/1e5ffb9e-fb28-4405-b82b-b4647aa5a865/bindings - 200 null application/json; charset=utf-8 1407.4816ms
2025-09-03 17:10:40.484 +02:00 [INF] Request finished HTTP/1.1 GET http://localhost:5088/agents/1e5ffb9e-fb28-4405-b82b-b4647aa5a865 - 200 null application/json; charset=utf-8 1407.464ms
2025-09-03 17:10:42.230 +02:00 [INF] Request starting HTTP/1.1 OPTIONS http://localhost:5088/sessions - null null
2025-09-03 17:10:42.237 +02:00 [INF] CORS policy execution successful.
2025-09-03 17:10:42.244 +02:00 [INF] Request finished HTTP/1.1 OPTIONS http://localhost:5088/sessions - 204 null null 14.0414ms
2025-09-03 17:10:42.251 +02:00 [INF] Request starting HTTP/1.1 POST http://localhost:5088/sessions - application/json 50
2025-09-03 17:10:42.260 +02:00 [INF] CORS policy execution successful.
2025-09-03 17:10:42.269 +02:00 [INF] Executing endpoint 'HTTP: POST /sessions/'
2025-09-03 17:10:42.334 +02:00 [INF] Executed DbCommand (0ms) [Parameters=[@__p_0='?' (DbType = Guid)], CommandType='"Text"', CommandTimeout='30']
SELECT "a"."Id", "a"."Autonomy", "a"."CreatedUtc", "a"."GuardrailsJson", "a"."Name", "a"."ParamsJson", "a"."Provider", "a"."SystemPrompt", "a"."Temperature", "a"."TemplateRef", "a"."TokenBudget", "a"."ToolBudget", "a"."TopP", "a"."UpdatedUtc"
FROM "Agents" AS "a"
WHERE "a"."Id" = @__p_0
LIMIT 1
2025-09-03 17:10:42.462 +02:00 [INF] Executed DbCommand (19ms) [Parameters=[@p0='?' (DbType = Guid), @p1='?' (DbType = Guid), @p2='?' (DbType = DateTime), @p3='?' (DbType = Int32), @p4='?' (DbType = DateTime), @p5='?' (Size = 7), @p6='?'], CommandType='"Text"', CommandTimeout='30']
INSERT INTO "Sessions" ("Id", "AgentId", "EndedUtc", "LastEventIdx", "StartedUtc", "Status", "UserId")
VALUES (@p0, @p1, @p2, @p3, @p4, @p5, @p6);
2025-09-03 17:10:42.477 +02:00 [INF] Setting HTTP status code 201.
2025-09-03 17:10:42.483 +02:00 [INF] Writing value of type 'SessionCreatedResponse' as Json.
2025-09-03 17:10:42.488 +02:00 [INF] Executed endpoint 'HTTP: POST /sessions/'
2025-09-03 17:10:42.495 +02:00 [INF] Request finished HTTP/1.1 POST http://localhost:5088/sessions - 201 null application/json; charset=utf-8 243.4123ms
2025-09-03 17:10:42.504 +02:00 [INF] Request starting HTTP/1.1 OPTIONS http://localhost:5088/hubs/trace/negotiate?negotiateVersion=1 - null null
2025-09-03 17:10:42.511 +02:00 [INF] CORS policy execution successful.
2025-09-03 17:10:42.517 +02:00 [INF] Request finished HTTP/1.1 OPTIONS http://localhost:5088/hubs/trace/negotiate?negotiateVersion=1 - 204 null null 13.6064ms
2025-09-03 17:10:42.522 +02:00 [INF] Request starting HTTP/1.1 POST http://localhost:5088/hubs/trace/negotiate?negotiateVersion=1 - null 0
2025-09-03 17:10:42.532 +02:00 [INF] CORS policy execution successful.
2025-09-03 17:10:42.542 +02:00 [INF] ApiKey was not authenticated. Failure message: Missing API key
2025-09-03 17:10:42.548 +02:00 [INF] Executing endpoint '/hubs/trace/negotiate'
2025-09-03 17:10:42.567 +02:00 [INF] Executed endpoint '/hubs/trace/negotiate'
2025-09-03 17:10:42.573 +02:00 [INF] Request finished HTTP/1.1 POST http://localhost:5088/hubs/trace/negotiate?negotiateVersion=1 - 200 316 application/json 50.9838ms
2025-09-03 17:10:42.574 +02:00 [INF] Request starting HTTP/1.1 GET http://localhost:5088/hubs/trace?id=H5rVyLcS45QPEWy8q_lUfw - null null
2025-09-03 17:10:42.585 +02:00 [INF] CORS policy execution successful.
2025-09-03 17:10:42.590 +02:00 [INF] ApiKey was not authenticated. Failure message: Missing API key
2025-09-03 17:10:42.596 +02:00 [INF] Executing endpoint '/hubs/trace'
2025-09-03 17:10:45.532 +02:00 [INF] Request starting HTTP/1.1 OPTIONS http://localhost:5088/sessions/0bded53c-38af-4215-86e9-dece5b369d8d/messages - null null
2025-09-03 17:10:45.539 +02:00 [INF] CORS policy execution successful.
2025-09-03 17:10:45.544 +02:00 [INF] Request finished HTTP/1.1 OPTIONS http://localhost:5088/sessions/0bded53c-38af-4215-86e9-dece5b369d8d/messages - 204 null null 12.5999ms
2025-09-03 17:10:45.550 +02:00 [INF] Request starting HTTP/1.1 POST http://localhost:5088/sessions/0bded53c-38af-4215-86e9-dece5b369d8d/messages - application/json 18
2025-09-03 17:10:45.555 +02:00 [INF] CORS policy execution successful.
2025-09-03 17:10:45.560 +02:00 [INF] Executing endpoint 'HTTP: POST /sessions/{id:guid}/messages'
2025-09-03 17:10:45.581 +02:00 [INF] Executed DbCommand (0ms) [Parameters=[@__p_0='?' (DbType = Guid)], CommandType='"Text"', CommandTimeout='30']
SELECT "s"."Id", "s"."AgentId", "s"."EndedUtc", "s"."LastEventIdx", "s"."StartedUtc", "s"."Status", "s"."UserId"
FROM "Sessions" AS "s"
WHERE "s"."Id" = @__p_0
LIMIT 1
2025-09-03 17:10:45.623 +02:00 [INF] Executed DbCommand (18ms) [Parameters=[@p0='?' (DbType = Guid), @p1='?' (Size = 4), @p2='?' (DbType = DateTime), @p3='?', @p4='?' (Size = 4), @p5='?' (DbType = Guid), @p6='?'], CommandType='"Text"', CommandTimeout='30']
INSERT INTO "Messages" ("Id", "Content", "CreatedUtc", "Kind", "Role", "SessionId", "TokenUsageJson")
VALUES (@p0, @p1, @p2, @p3, @p4, @p5, @p6);
2025-09-03 17:10:45.641 +02:00 [INF] Setting HTTP status code 202.
2025-09-03 17:10:45.648 +02:00 [INF] Executed DbCommand (1ms) [Parameters=[@__p_0='?' (DbType = Guid)], CommandType='"Text"', CommandTimeout='30']
SELECT "a"."Id", "a"."Autonomy", "a"."CreatedUtc", "a"."GuardrailsJson", "a"."Name", "a"."ParamsJson", "a"."Provider", "a"."SystemPrompt", "a"."Temperature", "a"."TemplateRef", "a"."TokenBudget", "a"."ToolBudget", "a"."TopP", "a"."UpdatedUtc"
FROM "Agents" AS "a"
WHERE "a"."Id" = @__p_0
LIMIT 1
2025-09-03 17:10:45.651 +02:00 [INF] Writing value of type 'AcceptedResponse' as Json.
2025-09-03 17:10:45.663 +02:00 [INF] Executed endpoint 'HTTP: POST /sessions/{id:guid}/messages'
2025-09-03 17:10:45.670 +02:00 [INF] Request finished HTTP/1.1 POST http://localhost:5088/sessions/0bded53c-38af-4215-86e9-dece5b369d8d/messages - 202 null application/json; charset=utf-8 119.9384ms
2025-09-03 17:10:45.686 +02:00 [INF] Executed DbCommand (10ms) [Parameters=[@p0='?' (DbType = Guid), @p1='?' (Size = 4), @p2='?' (DbType = DateTime), @p3='?', @p4='?' (Size = 4), @p5='?' (DbType = Guid), @p6='?'], CommandType='"Text"', CommandTimeout='30']
INSERT INTO "Messages" ("Id", "Content", "CreatedUtc", "Kind", "Role", "SessionId", "TokenUsageJson")
VALUES (@p0, @p1, @p2, @p3, @p4, @p5, @p6);
2025-09-03 17:10:45.761 +02:00 [INF] Executed DbCommand (1ms) [Parameters=[@__agentId_0='?' (DbType = Guid)], CommandType='"Text"', CommandTimeout='30']
SELECT "a"."Id", "a"."AgentId", "a"."ConfigJson", "a"."Enabled", "a"."ToolId", "t"."Id", "t"."Description", "t"."Enabled", "t"."InputSchemaJson", "t"."McpServerId", "t"."Name", "t"."Scope", "m"."Id", "m"."AuthType", "m"."BaseUrl", "m"."LastSeenUtc", "m"."MetadataJson", "m"."Name", "m"."Status"
FROM "AgentToolBindings" AS "a"
INNER JOIN "Tools" AS "t" ON "a"."ToolId" = "t"."Id"
INNER JOIN "McpServers" AS "m" ON "t"."McpServerId" = "m"."Id"
WHERE "a"."AgentId" = @__agentId_0 AND "a"."Enabled"
2025-09-03 17:10:45.841 +02:00 [INF] Executed DbCommand (0ms) [Parameters=[@__agentId_0='?' (DbType = Guid)], CommandType='"Text"', CommandTimeout='30']
SELECT "a"."Id", "a"."AgentId", "a"."ConfigJson", "a"."Enabled", "a"."ToolId", "t"."Id", "t"."Description", "t"."Enabled", "t"."InputSchemaJson", "t"."McpServerId", "t"."Name", "t"."Scope", "m"."Id", "m"."AuthType", "m"."BaseUrl", "m"."LastSeenUtc", "m"."MetadataJson", "m"."Name", "m"."Status"
FROM "AgentToolBindings" AS "a"
INNER JOIN "Tools" AS "t" ON "a"."ToolId" = "t"."Id"
INNER JOIN "McpServers" AS "m" ON "t"."McpServerId" = "m"."Id"
WHERE "a"."AgentId" = @__agentId_0 AND "a"."Enabled"
2025-09-03 17:10:45.936 +02:00 [INF] Executed DbCommand (1ms) [Parameters=[@__sessionId_0='?' (DbType = Guid), @__kind_1='?' (Size = 11), @__p_2='?' (DbType = Int32)], CommandType='"Text"', CommandTimeout='30']
SELECT "m"."Id", "m"."Content", "m"."CreatedUtc", "m"."Kind", "m"."Role", "m"."SessionId", "m"."TokenUsageJson"
FROM "Messages" AS "m"
WHERE "m"."SessionId" = @__sessionId_0 AND "m"."Kind" = @__kind_1
ORDER BY "m"."CreatedUtc" DESC
LIMIT @__p_2
2025-09-03 17:10:45.965 +02:00 [INF] Executed DbCommand (0ms) [Parameters=[@__sessionId_0='?' (DbType = Guid), @__p_1='?' (DbType = Int32)], CommandType='"Text"', CommandTimeout='30']
SELECT "m"."Id", "m"."Content", "m"."CreatedUtc", "m"."Kind", "m"."Role", "m"."SessionId", "m"."TokenUsageJson"
FROM "Messages" AS "m"
WHERE "m"."SessionId" = @__sessionId_0
ORDER BY "m"."CreatedUtc" DESC
LIMIT @__p_1
2025-09-03 17:10:46.073 +02:00 [INF] Executed DbCommand (0ms) [Parameters=[@__agentId_0='?' (DbType = Guid)], CommandType='"Text"', CommandTimeout='30']
SELECT "a"."Id", "a"."AgentId", "a"."ConfigJson", "a"."Enabled", "a"."ToolId", "t"."Id", "t"."Description", "t"."Enabled", "t"."InputSchemaJson", "t"."McpServerId", "t"."Name", "t"."Scope", "m"."Id", "m"."AuthType", "m"."BaseUrl", "m"."LastSeenUtc", "m"."MetadataJson", "m"."Name", "m"."Status"
FROM "AgentToolBindings" AS "a"
INNER JOIN "Tools" AS "t" ON "a"."ToolId" = "t"."Id"
INNER JOIN "McpServers" AS "m" ON "t"."McpServerId" = "m"."Id"
WHERE "a"."AgentId" = @__agentId_0 AND "a"."Enabled"
2025-09-03 17:10:46.085 +02:00 [INF] Executed DbCommand (0ms) [Parameters=[@__agentId_0='?' (DbType = Guid)], CommandType='"Text"', CommandTimeout='30']
SELECT "a"."Id", "a"."AgentId", "a"."ConfigJson", "a"."Enabled", "a"."ToolId", "t"."Id", "t"."Description", "t"."Enabled", "t"."InputSchemaJson", "t"."McpServerId", "t"."Name", "t"."Scope", "m"."Id", "m"."AuthType", "m"."BaseUrl", "m"."LastSeenUtc", "m"."MetadataJson", "m"."Name", "m"."Status"
FROM "AgentToolBindings" AS "a"
INNER JOIN "Tools" AS "t" ON "a"."ToolId" = "t"."Id"
INNER JOIN "McpServers" AS "m" ON "t"."McpServerId" = "m"."Id"
WHERE "a"."AgentId" = @__agentId_0 AND "a"."Enabled"
2025-09-03 17:10:47.248 +02:00 [INF] Executed DbCommand (0ms) [Parameters=[@__sessionId_0='?' (DbType = Guid), @__p_1='?' (DbType = Int32)], CommandType='"Text"', CommandTimeout='30']
SELECT "m"."Id", "m"."Content", "m"."CreatedUtc", "m"."Kind", "m"."Role", "m"."SessionId", "m"."TokenUsageJson"
FROM "Messages" AS "m"
WHERE "m"."SessionId" = @__sessionId_0
ORDER BY "m"."CreatedUtc" DESC
LIMIT @__p_1
2025-09-03 17:10:47.650 +02:00 [INF] Executed DbCommand (18ms) [Parameters=[@p0='?' (DbType = Guid), @p1='?' (Size = 32), @p2='?' (DbType = DateTime), @p3='?', @p4='?' (Size = 9), @p5='?' (DbType = Guid), @p6='?'], CommandType='"Text"', CommandTimeout='30']
INSERT INTO "Messages" ("Id", "Content", "CreatedUtc", "Kind", "Role", "SessionId", "TokenUsageJson")
VALUES (@p0, @p1, @p2, @p3, @p4, @p5, @p6);
2025-09-03 17:10:47.678 +02:00 [INF] Executed DbCommand (11ms) [Parameters=[@p0='?' (DbType = Guid), @p1='?' (Size = 32), @p2='?' (DbType = DateTime), @p3='?', @p4='?' (Size = 9), @p5='?' (DbType = Guid), @p6='?'], CommandType='"Text"', CommandTimeout='30']
INSERT INTO "Messages" ("Id", "Content", "CreatedUtc", "Kind", "Role", "SessionId", "TokenUsageJson")
VALUES (@p0, @p1, @p2, @p3, @p4, @p5, @p6);
2025-09-03 17:12:27.327 +02:00 [INF] Request starting HTTP/1.1 OPTIONS http://localhost:5088/hubs/trace/negotiate?negotiateVersion=1 - null null
2025-09-03 17:12:27.330 +02:00 [INF] Executed endpoint '/hubs/trace'
2025-09-03 17:12:27.337 +02:00 [INF] CORS policy execution successful.
2025-09-03 17:12:27.344 +02:00 [INF] Request finished HTTP/1.1 GET http://localhost:5088/hubs/trace?id=H5rVyLcS45QPEWy8q_lUfw - 101 null null 104770.0072ms
2025-09-03 17:12:27.346 +02:00 [INF] Request finished HTTP/1.1 OPTIONS http://localhost:5088/hubs/trace/negotiate?negotiateVersion=1 - 204 null null 19.4366ms
2025-09-03 17:12:27.348 +02:00 [INF] Request starting HTTP/1.1 POST http://localhost:5088/hubs/trace/negotiate?negotiateVersion=1 - null 0
2025-09-03 17:12:27.363 +02:00 [INF] CORS policy execution successful.
2025-09-03 17:12:27.368 +02:00 [INF] ApiKey was not authenticated. Failure message: Missing API key
2025-09-03 17:12:27.372 +02:00 [INF] Executing endpoint '/hubs/trace/negotiate'
2025-09-03 17:12:27.377 +02:00 [INF] Executed endpoint '/hubs/trace/negotiate'
2025-09-03 17:12:27.382 +02:00 [INF] Request finished HTTP/1.1 POST http://localhost:5088/hubs/trace/negotiate?negotiateVersion=1 - 200 316 application/json 34.2312ms
2025-09-03 17:12:27.383 +02:00 [INF] Request starting HTTP/1.1 GET http://localhost:5088/hubs/trace?id=NWpF004MG4JEQXZ4CeWI9Q - null null
2025-09-03 17:12:27.392 +02:00 [INF] CORS policy execution successful.
2025-09-03 17:12:27.398 +02:00 [INF] ApiKey was not authenticated. Failure message: Missing API key
2025-09-03 17:12:27.402 +02:00 [INF] Executing endpoint '/hubs/trace'
2025-09-03 17:12:33.095 +02:00 [INF] Executed endpoint '/hubs/trace'
2025-09-03 17:12:33.101 +02:00 [INF] Request finished HTTP/1.1 GET http://localhost:5088/hubs/trace?id=NWpF004MG4JEQXZ4CeWI9Q - 101 null null 5717.9382ms
2025-09-03 17:12:33.309 +02:00 [INF] Request starting HTTP/1.1 OPTIONS http://localhost:5088/agents/1e5ffb9e-fb28-4405-b82b-b4647aa5a865 - null null
2025-09-03 17:12:33.310 +02:00 [INF] Request starting HTTP/1.1 OPTIONS http://localhost:5088/agents/1e5ffb9e-fb28-4405-b82b-b4647aa5a865/bindings - null null
2025-09-03 17:12:33.316 +02:00 [INF] CORS policy execution successful.
2025-09-03 17:12:33.321 +02:00 [INF] CORS policy execution successful.
2025-09-03 17:12:33.326 +02:00 [INF] Request finished HTTP/1.1 OPTIONS http://localhost:5088/agents/1e5ffb9e-fb28-4405-b82b-b4647aa5a865 - 204 null null 16.7256ms
2025-09-03 17:12:33.330 +02:00 [INF] Request finished HTTP/1.1 OPTIONS http://localhost:5088/agents/1e5ffb9e-fb28-4405-b82b-b4647aa5a865/bindings - 204 null null 20.3607ms
2025-09-03 17:12:33.336 +02:00 [INF] Request starting HTTP/1.1 GET http://localhost:5088/agents/1e5ffb9e-fb28-4405-b82b-b4647aa5a865 - application/json null
2025-09-03 17:12:33.342 +02:00 [INF] Request starting HTTP/1.1 GET http://localhost:5088/agents/1e5ffb9e-fb28-4405-b82b-b4647aa5a865/bindings - application/json null
2025-09-03 17:12:33.347 +02:00 [INF] CORS policy execution successful.
2025-09-03 17:12:33.352 +02:00 [INF] CORS policy execution successful.
2025-09-03 17:12:33.358 +02:00 [INF] Executing endpoint 'HTTP: GET /agents/{id:guid}'
2025-09-03 17:12:33.362 +02:00 [INF] Executing endpoint 'HTTP: GET /agents/{id:guid}/bindings'
2025-09-03 17:12:33.373 +02:00 [INF] Executed DbCommand (0ms) [Parameters=[@__p_0='?' (DbType = Guid)], CommandType='"Text"', CommandTimeout='30']
SELECT "a"."Id", "a"."Autonomy", "a"."CreatedUtc", "a"."GuardrailsJson", "a"."Name", "a"."ParamsJson", "a"."Provider", "a"."SystemPrompt", "a"."Temperature", "a"."TemplateRef", "a"."TokenBudget", "a"."ToolBudget", "a"."TopP", "a"."UpdatedUtc"
FROM "Agents" AS "a"
WHERE "a"."Id" = @__p_0
LIMIT 1
2025-09-03 17:12:33.373 +02:00 [INF] Executed DbCommand (0ms) [Parameters=[@__agentId_0='?' (DbType = Guid)], CommandType='"Text"', CommandTimeout='30']
SELECT "a"."Id", "a"."AgentId", "a"."ConfigJson", "a"."Enabled", "a"."ToolId"
FROM "AgentToolBindings" AS "a"
WHERE "a"."AgentId" = @__agentId_0
2025-09-03 17:12:33.380 +02:00 [INF] Setting HTTP status code 200.
2025-09-03 17:12:33.388 +02:00 [INF] Setting HTTP status code 200.
2025-09-03 17:12:33.404 +02:00 [INF] Writing value of type 'List`1' as Json.
2025-09-03 17:12:33.395 +02:00 [INF] Writing value of type 'AgentResponse' as Json.
2025-09-03 17:12:33.416 +02:00 [INF] Executed endpoint 'HTTP: GET /agents/{id:guid}/bindings'
2025-09-03 17:12:33.421 +02:00 [INF] Executed endpoint 'HTTP: GET /agents/{id:guid}'
2025-09-03 17:12:33.425 +02:00 [INF] Request finished HTTP/1.1 GET http://localhost:5088/agents/1e5ffb9e-fb28-4405-b82b-b4647aa5a865/bindings - 200 null application/json; charset=utf-8 83.5184ms
2025-09-03 17:12:33.431 +02:00 [INF] Request finished HTTP/1.1 GET http://localhost:5088/agents/1e5ffb9e-fb28-4405-b82b-b4647aa5a865 - 200 null application/json; charset=utf-8 94.6667ms
2025-09-03 17:12:35.549 +02:00 [INF] Request starting HTTP/1.1 OPTIONS http://localhost:5088/sessions - null null
2025-09-03 17:12:35.557 +02:00 [INF] CORS policy execution successful.
2025-09-03 17:12:35.562 +02:00 [INF] Request finished HTTP/1.1 OPTIONS http://localhost:5088/sessions - 204 null null 13.3897ms
2025-09-03 17:12:35.569 +02:00 [INF] Request starting HTTP/1.1 POST http://localhost:5088/sessions - application/json 50
2025-09-03 17:12:35.576 +02:00 [INF] CORS policy execution successful.
2025-09-03 17:12:35.580 +02:00 [INF] Executing endpoint 'HTTP: POST /sessions/'
2025-09-03 17:12:35.592 +02:00 [INF] Executed DbCommand (1ms) [Parameters=[@__p_0='?' (DbType = Guid)], CommandType='"Text"', CommandTimeout='30']
SELECT "a"."Id", "a"."Autonomy", "a"."CreatedUtc", "a"."GuardrailsJson", "a"."Name", "a"."ParamsJson", "a"."Provider", "a"."SystemPrompt", "a"."Temperature", "a"."TemplateRef", "a"."TokenBudget", "a"."ToolBudget", "a"."TopP", "a"."UpdatedUtc"
FROM "Agents" AS "a"
WHERE "a"."Id" = @__p_0
LIMIT 1
2025-09-03 17:12:35.622 +02:00 [INF] Executed DbCommand (18ms) [Parameters=[@p0='?' (DbType = Guid), @p1='?' (DbType = Guid), @p2='?' (DbType = DateTime), @p3='?' (DbType = Int32), @p4='?' (DbType = DateTime), @p5='?' (Size = 7), @p6='?'], CommandType='"Text"', CommandTimeout='30']
INSERT INTO "Sessions" ("Id", "AgentId", "EndedUtc", "LastEventIdx", "StartedUtc", "Status", "UserId")
VALUES (@p0, @p1, @p2, @p3, @p4, @p5, @p6);
2025-09-03 17:12:35.630 +02:00 [INF] Setting HTTP status code 201.
2025-09-03 17:12:35.635 +02:00 [INF] Writing value of type 'SessionCreatedResponse' as Json.
2025-09-03 17:12:35.640 +02:00 [INF] Executed endpoint 'HTTP: POST /sessions/'
2025-09-03 17:12:35.645 +02:00 [INF] Request finished HTTP/1.1 POST http://localhost:5088/sessions - 201 null application/json; charset=utf-8 75.4357ms
2025-09-03 17:12:35.652 +02:00 [INF] Request starting HTTP/1.1 OPTIONS http://localhost:5088/hubs/trace/negotiate?negotiateVersion=1 - null null
2025-09-03 17:12:35.658 +02:00 [INF] CORS policy execution successful.
2025-09-03 17:12:35.664 +02:00 [INF] Request finished HTTP/1.1 OPTIONS http://localhost:5088/hubs/trace/negotiate?negotiateVersion=1 - 204 null null 11.9607ms
2025-09-03 17:12:35.666 +02:00 [INF] Request starting HTTP/1.1 POST http://localhost:5088/hubs/trace/negotiate?negotiateVersion=1 - null 0
2025-09-03 17:12:35.677 +02:00 [INF] CORS policy execution successful.
2025-09-03 17:12:35.681 +02:00 [INF] ApiKey was not authenticated. Failure message: Missing API key
2025-09-03 17:12:35.687 +02:00 [INF] Executing endpoint '/hubs/trace/negotiate'
2025-09-03 17:12:35.692 +02:00 [INF] Executed endpoint '/hubs/trace/negotiate'
2025-09-03 17:12:35.697 +02:00 [INF] Request finished HTTP/1.1 POST http://localhost:5088/hubs/trace/negotiate?negotiateVersion=1 - 200 316 application/json 31.2995ms
2025-09-03 17:12:35.697 +02:00 [INF] Request starting HTTP/1.1 GET http://localhost:5088/hubs/trace?id=WExn8u4G5My7ODB9GyKhaA - null null
2025-09-03 17:12:35.707 +02:00 [INF] CORS policy execution successful.
2025-09-03 17:12:35.711 +02:00 [INF] ApiKey was not authenticated. Failure message: Missing API key
2025-09-03 17:12:35.715 +02:00 [INF] Executing endpoint '/hubs/trace'
2025-09-03 17:12:38.372 +02:00 [INF] Request starting HTTP/1.1 OPTIONS http://localhost:5088/sessions/3d5cf1b3-3978-4f8d-8202-1c35189c083b/messages - null null
2025-09-03 17:12:38.379 +02:00 [INF] CORS policy execution successful.
2025-09-03 17:12:38.383 +02:00 [INF] Request finished HTTP/1.1 OPTIONS http://localhost:5088/sessions/3d5cf1b3-3978-4f8d-8202-1c35189c083b/messages - 204 null null 11.751ms
2025-09-03 17:12:38.389 +02:00 [INF] Request starting HTTP/1.1 POST http://localhost:5088/sessions/3d5cf1b3-3978-4f8d-8202-1c35189c083b/messages - application/json 18
2025-09-03 17:12:38.395 +02:00 [INF] CORS policy execution successful.
2025-09-03 17:12:38.399 +02:00 [INF] Executing endpoint 'HTTP: POST /sessions/{id:guid}/messages'
2025-09-03 17:12:38.405 +02:00 [INF] Executed DbCommand (0ms) [Parameters=[@__p_0='?' (DbType = Guid)], CommandType='"Text"', CommandTimeout='30']
SELECT "s"."Id", "s"."AgentId", "s"."EndedUtc", "s"."LastEventIdx", "s"."StartedUtc", "s"."Status", "s"."UserId"
FROM "Sessions" AS "s"
WHERE "s"."Id" = @__p_0
LIMIT 1
2025-09-03 17:12:38.431 +02:00 [INF] Executed DbCommand (18ms) [Parameters=[@p0='?' (DbType = Guid), @p1='?' (Size = 4), @p2='?' (DbType = DateTime), @p3='?', @p4='?' (Size = 4), @p5='?' (DbType = Guid), @p6='?'], CommandType='"Text"', CommandTimeout='30']
INSERT INTO "Messages" ("Id", "Content", "CreatedUtc", "Kind", "Role", "SessionId", "TokenUsageJson")
VALUES (@p0, @p1, @p2, @p3, @p4, @p5, @p6);
2025-09-03 17:12:38.440 +02:00 [INF] Setting HTTP status code 202.
2025-09-03 17:12:38.442 +02:00 [INF] Executed DbCommand (0ms) [Parameters=[@__p_0='?' (DbType = Guid)], CommandType='"Text"', CommandTimeout='30']
SELECT "a"."Id", "a"."Autonomy", "a"."CreatedUtc", "a"."GuardrailsJson", "a"."Name", "a"."ParamsJson", "a"."Provider", "a"."SystemPrompt", "a"."Temperature", "a"."TemplateRef", "a"."TokenBudget", "a"."ToolBudget", "a"."TopP", "a"."UpdatedUtc"
FROM "Agents" AS "a"
WHERE "a"."Id" = @__p_0
LIMIT 1
2025-09-03 17:12:38.445 +02:00 [INF] Writing value of type 'AcceptedResponse' as Json.
2025-09-03 17:12:38.455 +02:00 [INF] Executed endpoint 'HTTP: POST /sessions/{id:guid}/messages'
2025-09-03 17:12:38.461 +02:00 [INF] Request finished HTTP/1.1 POST http://localhost:5088/sessions/3d5cf1b3-3978-4f8d-8202-1c35189c083b/messages - 202 null application/json; charset=utf-8 71.3048ms
2025-09-03 17:12:38.464 +02:00 [INF] Executed DbCommand (10ms) [Parameters=[@p0='?' (DbType = Guid), @p1='?' (Size = 4), @p2='?' (DbType = DateTime), @p3='?', @p4='?' (Size = 4), @p5='?' (DbType = Guid), @p6='?'], CommandType='"Text"', CommandTimeout='30']
INSERT INTO "Messages" ("Id", "Content", "CreatedUtc", "Kind", "Role", "SessionId", "TokenUsageJson")
VALUES (@p0, @p1, @p2, @p3, @p4, @p5, @p6);
2025-09-03 17:12:38.476 +02:00 [INF] Executed DbCommand (1ms) [Parameters=[@__agentId_0='?' (DbType = Guid)], CommandType='"Text"', CommandTimeout='30']
SELECT "a"."Id", "a"."AgentId", "a"."ConfigJson", "a"."Enabled", "a"."ToolId", "t"."Id", "t"."Description", "t"."Enabled", "t"."InputSchemaJson", "t"."McpServerId", "t"."Name", "t"."Scope", "m"."Id", "m"."AuthType", "m"."BaseUrl", "m"."LastSeenUtc", "m"."MetadataJson", "m"."Name", "m"."Status"
FROM "AgentToolBindings" AS "a"
INNER JOIN "Tools" AS "t" ON "a"."ToolId" = "t"."Id"
INNER JOIN "McpServers" AS "m" ON "t"."McpServerId" = "m"."Id"
WHERE "a"."AgentId" = @__agentId_0 AND "a"."Enabled"
2025-09-03 17:12:38.484 +02:00 [INF] Executed DbCommand (0ms) [Parameters=[@__agentId_0='?' (DbType = Guid)], CommandType='"Text"', CommandTimeout='30']
SELECT "a"."Id", "a"."AgentId", "a"."ConfigJson", "a"."Enabled", "a"."ToolId", "t"."Id", "t"."Description", "t"."Enabled", "t"."InputSchemaJson", "t"."McpServerId", "t"."Name", "t"."Scope", "m"."Id", "m"."AuthType", "m"."BaseUrl", "m"."LastSeenUtc", "m"."MetadataJson", "m"."Name", "m"."Status"
FROM "AgentToolBindings" AS "a"
INNER JOIN "Tools" AS "t" ON "a"."ToolId" = "t"."Id"
INNER JOIN "McpServers" AS "m" ON "t"."McpServerId" = "m"."Id"
WHERE "a"."AgentId" = @__agentId_0 AND "a"."Enabled"
2025-09-03 17:12:38.495 +02:00 [INF] Executed DbCommand (0ms) [Parameters=[@__sessionId_0='?' (DbType = Guid), @__kind_1='?' (Size = 11), @__p_2='?' (DbType = Int32)], CommandType='"Text"', CommandTimeout='30']
SELECT "m"."Id", "m"."Content", "m"."CreatedUtc", "m"."Kind", "m"."Role", "m"."SessionId", "m"."TokenUsageJson"
FROM "Messages" AS "m"
WHERE "m"."SessionId" = @__sessionId_0 AND "m"."Kind" = @__kind_1
ORDER BY "m"."CreatedUtc" DESC
LIMIT @__p_2
2025-09-03 17:12:38.507 +02:00 [INF] Executed DbCommand (1ms) [Parameters=[@__sessionId_0='?' (DbType = Guid), @__p_1='?' (DbType = Int32)], CommandType='"Text"', CommandTimeout='30']
SELECT "m"."Id", "m"."Content", "m"."CreatedUtc", "m"."Kind", "m"."Role", "m"."SessionId", "m"."TokenUsageJson"
FROM "Messages" AS "m"
WHERE "m"."SessionId" = @__sessionId_0
ORDER BY "m"."CreatedUtc" DESC
LIMIT @__p_1
2025-09-03 17:12:38.515 +02:00 [INF] Executed DbCommand (0ms) [Parameters=[@__agentId_0='?' (DbType = Guid)], CommandType='"Text"', CommandTimeout='30']
SELECT "a"."Id", "a"."AgentId", "a"."ConfigJson", "a"."Enabled", "a"."ToolId", "t"."Id", "t"."Description", "t"."Enabled", "t"."InputSchemaJson", "t"."McpServerId", "t"."Name", "t"."Scope", "m"."Id", "m"."AuthType", "m"."BaseUrl", "m"."LastSeenUtc", "m"."MetadataJson", "m"."Name", "m"."Status"
FROM "AgentToolBindings" AS "a"
INNER JOIN "Tools" AS "t" ON "a"."ToolId" = "t"."Id"
INNER JOIN "McpServers" AS "m" ON "t"."McpServerId" = "m"."Id"
WHERE "a"."AgentId" = @__agentId_0 AND "a"."Enabled"
2025-09-03 17:12:38.524 +02:00 [INF] Executed DbCommand (1ms) [Parameters=[@__agentId_0='?' (DbType = Guid)], CommandType='"Text"', CommandTimeout='30']
SELECT "a"."Id", "a"."AgentId", "a"."ConfigJson", "a"."Enabled", "a"."ToolId", "t"."Id", "t"."Description", "t"."Enabled", "t"."InputSchemaJson", "t"."McpServerId", "t"."Name", "t"."Scope", "m"."Id", "m"."AuthType", "m"."BaseUrl", "m"."LastSeenUtc", "m"."MetadataJson", "m"."Name", "m"."Status"
FROM "AgentToolBindings" AS "a"
INNER JOIN "Tools" AS "t" ON "a"."ToolId" = "t"."Id"
INNER JOIN "McpServers" AS "m" ON "t"."McpServerId" = "m"."Id"
WHERE "a"."AgentId" = @__agentId_0 AND "a"."Enabled"
2025-09-03 17:12:39.572 +02:00 [INF] Executed DbCommand (0ms) [Parameters=[@__sessionId_0='?' (DbType = Guid), @__p_1='?' (DbType = Int32)], CommandType='"Text"', CommandTimeout='30']
SELECT "m"."Id", "m"."Content", "m"."CreatedUtc", "m"."Kind", "m"."Role", "m"."SessionId", "m"."TokenUsageJson"
FROM "Messages" AS "m"
WHERE "m"."SessionId" = @__sessionId_0
ORDER BY "m"."CreatedUtc" DESC
LIMIT @__p_1
2025-09-03 17:12:39.916 +02:00 [INF] Executed DbCommand (18ms) [Parameters=[@p0='?' (DbType = Guid), @p1='?' (Size = 34), @p2='?' (DbType = DateTime), @p3='?', @p4='?' (Size = 9), @p5='?' (DbType = Guid), @p6='?'], CommandType='"Text"', CommandTimeout='30']
INSERT INTO "Messages" ("Id", "Content", "CreatedUtc", "Kind", "Role", "SessionId", "TokenUsageJson")
VALUES (@p0, @p1, @p2, @p3, @p4, @p5, @p6);
2025-09-03 17:12:39.936 +02:00 [INF] Executed DbCommand (9ms) [Parameters=[@p0='?' (DbType = Guid), @p1='?' (Size = 34), @p2='?' (DbType = DateTime), @p3='?', @p4='?' (Size = 9), @p5='?' (DbType = Guid), @p6='?'], CommandType='"Text"', CommandTimeout='30']
INSERT INTO "Messages" ("Id", "Content", "CreatedUtc", "Kind", "Role", "SessionId", "TokenUsageJson")
VALUES (@p0, @p1, @p2, @p3, @p4, @p5, @p6);
2025-09-03 17:12:43.447 +02:00 [INF] Request starting HTTP/1.1 OPTIONS http://localhost:5088/sessions/3d5cf1b3-3978-4f8d-8202-1c35189c083b/messages - null null
2025-09-03 17:12:43.453 +02:00 [INF] CORS policy execution successful.
2025-09-03 17:12:43.460 +02:00 [INF] Request finished HTTP/1.1 OPTIONS http://localhost:5088/sessions/3d5cf1b3-3978-4f8d-8202-1c35189c083b/messages - 204 null null 13.1732ms
2025-09-03 17:12:43.467 +02:00 [INF] Request starting HTTP/1.1 POST http://localhost:5088/sessions/3d5cf1b3-3978-4f8d-8202-1c35189c083b/messages - application/json 26
2025-09-03 17:12:43.472 +02:00 [INF] CORS policy execution successful.
2025-09-03 17:12:43.479 +02:00 [INF] Executing endpoint 'HTTP: POST /sessions/{id:guid}/messages'
2025-09-03 17:12:43.484 +02:00 [INF] Executed DbCommand (0ms) [Parameters=[@__p_0='?' (DbType = Guid)], CommandType='"Text"', CommandTimeout='30']
SELECT "s"."Id", "s"."AgentId", "s"."EndedUtc", "s"."LastEventIdx", "s"."StartedUtc", "s"."Status", "s"."UserId"
FROM "Sessions" AS "s"
WHERE "s"."Id" = @__p_0
LIMIT 1
2025-09-03 17:12:43.512 +02:00 [INF] Executed DbCommand (19ms) [Parameters=[@p0='?' (DbType = Guid), @p1='?' (Size = 11), @p2='?' (DbType = DateTime), @p3='?', @p4='?' (Size = 4), @p5='?' (DbType = Guid), @p6='?'], CommandType='"Text"', CommandTimeout='30']
INSERT INTO "Messages" ("Id", "Content", "CreatedUtc", "Kind", "Role", "SessionId", "TokenUsageJson")
VALUES (@p0, @p1, @p2, @p3, @p4, @p5, @p6);
2025-09-03 17:12:43.518 +02:00 [INF] Setting HTTP status code 202.
2025-09-03 17:12:43.519 +02:00 [INF] Executed DbCommand (1ms) [Parameters=[@__p_0='?' (DbType = Guid)], CommandType='"Text"', CommandTimeout='30']
SELECT "a"."Id", "a"."Autonomy", "a"."CreatedUtc", "a"."GuardrailsJson", "a"."Name", "a"."ParamsJson", "a"."Provider", "a"."SystemPrompt", "a"."Temperature", "a"."TemplateRef", "a"."TokenBudget", "a"."ToolBudget", "a"."TopP", "a"."UpdatedUtc"
FROM "Agents" AS "a"
WHERE "a"."Id" = @__p_0
LIMIT 1
2025-09-03 17:12:43.523 +02:00 [INF] Writing value of type 'AcceptedResponse' as Json.
2025-09-03 17:12:43.533 +02:00 [INF] Executed endpoint 'HTTP: POST /sessions/{id:guid}/messages'
2025-09-03 17:12:43.540 +02:00 [INF] Request finished HTTP/1.1 POST http://localhost:5088/sessions/3d5cf1b3-3978-4f8d-8202-1c35189c083b/messages - 202 null application/json; charset=utf-8 72.3848ms
2025-09-03 17:12:43.548 +02:00 [INF] Executed DbCommand (11ms) [Parameters=[@p0='?' (DbType = Guid), @p1='?' (Size = 11), @p2='?' (DbType = DateTime), @p3='?', @p4='?' (Size = 4), @p5='?' (DbType = Guid), @p6='?'], CommandType='"Text"', CommandTimeout='30']
INSERT INTO "Messages" ("Id", "Content", "CreatedUtc", "Kind", "Role", "SessionId", "TokenUsageJson")
VALUES (@p0, @p1, @p2, @p3, @p4, @p5, @p6);
2025-09-03 17:12:43.560 +02:00 [INF] Executed DbCommand (1ms) [Parameters=[@__agentId_0='?' (DbType = Guid)], CommandType='"Text"', CommandTimeout='30']
SELECT "a"."Id", "a"."AgentId", "a"."ConfigJson", "a"."Enabled", "a"."ToolId", "t"."Id", "t"."Description", "t"."Enabled", "t"."InputSchemaJson", "t"."McpServerId", "t"."Name", "t"."Scope", "m"."Id", "m"."AuthType", "m"."BaseUrl", "m"."LastSeenUtc", "m"."MetadataJson", "m"."Name", "m"."Status"
FROM "AgentToolBindings" AS "a"
INNER JOIN "Tools" AS "t" ON "a"."ToolId" = "t"."Id"
INNER JOIN "McpServers" AS "m" ON "t"."McpServerId" = "m"."Id"
WHERE "a"."AgentId" = @__agentId_0 AND "a"."Enabled"
2025-09-03 17:12:43.570 +02:00 [INF] Executed DbCommand (0ms) [Parameters=[@__agentId_0='?' (DbType = Guid)], CommandType='"Text"', CommandTimeout='30']
SELECT "a"."Id", "a"."AgentId", "a"."ConfigJson", "a"."Enabled", "a"."ToolId", "t"."Id", "t"."Description", "t"."Enabled", "t"."InputSchemaJson", "t"."McpServerId", "t"."Name", "t"."Scope", "m"."Id", "m"."AuthType", "m"."BaseUrl", "m"."LastSeenUtc", "m"."MetadataJson", "m"."Name", "m"."Status"
FROM "AgentToolBindings" AS "a"
INNER JOIN "Tools" AS "t" ON "a"."ToolId" = "t"."Id"
INNER JOIN "McpServers" AS "m" ON "t"."McpServerId" = "m"."Id"
WHERE "a"."AgentId" = @__agentId_0 AND "a"."Enabled"
2025-09-03 17:12:43.583 +02:00 [INF] Executed DbCommand (1ms) [Parameters=[@__sessionId_0='?' (DbType = Guid), @__kind_1='?' (Size = 11), @__p_2='?' (DbType = Int32)], CommandType='"Text"', CommandTimeout='30']
SELECT "m"."Id", "m"."Content", "m"."CreatedUtc", "m"."Kind", "m"."Role", "m"."SessionId", "m"."TokenUsageJson"
FROM "Messages" AS "m"
WHERE "m"."SessionId" = @__sessionId_0 AND "m"."Kind" = @__kind_1
ORDER BY "m"."CreatedUtc" DESC
LIMIT @__p_2
2025-09-03 17:12:43.594 +02:00 [INF] Executed DbCommand (1ms) [Parameters=[@__sessionId_0='?' (DbType = Guid), @__p_1='?' (DbType = Int32)], CommandType='"Text"', CommandTimeout='30']
SELECT "m"."Id", "m"."Content", "m"."CreatedUtc", "m"."Kind", "m"."Role", "m"."SessionId", "m"."TokenUsageJson"
FROM "Messages" AS "m"
WHERE "m"."SessionId" = @__sessionId_0
ORDER BY "m"."CreatedUtc" DESC
LIMIT @__p_1
2025-09-03 17:12:43.609 +02:00 [INF] Executed DbCommand (1ms) [Parameters=[@__agentId_0='?' (DbType = Guid)], CommandType='"Text"', CommandTimeout='30']
SELECT "a"."Id", "a"."AgentId", "a"."ConfigJson", "a"."Enabled", "a"."ToolId", "t"."Id", "t"."Description", "t"."Enabled", "t"."InputSchemaJson", "t"."McpServerId", "t"."Name", "t"."Scope", "m"."Id", "m"."AuthType", "m"."BaseUrl", "m"."LastSeenUtc", "m"."MetadataJson", "m"."Name", "m"."Status"
FROM "AgentToolBindings" AS "a"
INNER JOIN "Tools" AS "t" ON "a"."ToolId" = "t"."Id"
INNER JOIN "McpServers" AS "m" ON "t"."McpServerId" = "m"."Id"
WHERE "a"."AgentId" = @__agentId_0 AND "a"."Enabled"
2025-09-03 17:12:43.620 +02:00 [INF] Executed DbCommand (1ms) [Parameters=[@__agentId_0='?' (DbType = Guid)], CommandType='"Text"', CommandTimeout='30']
SELECT "a"."Id", "a"."AgentId", "a"."ConfigJson", "a"."Enabled", "a"."ToolId", "t"."Id", "t"."Description", "t"."Enabled", "t"."InputSchemaJson", "t"."McpServerId", "t"."Name", "t"."Scope", "m"."Id", "m"."AuthType", "m"."BaseUrl", "m"."LastSeenUtc", "m"."MetadataJson", "m"."Name", "m"."Status"
FROM "AgentToolBindings" AS "a"
INNER JOIN "Tools" AS "t" ON "a"."ToolId" = "t"."Id"
INNER JOIN "McpServers" AS "m" ON "t"."McpServerId" = "m"."Id"
WHERE "a"."AgentId" = @__agentId_0 AND "a"."Enabled"
2025-09-03 17:12:45.568 +02:00 [INF] Executed DbCommand (0ms) [Parameters=[@__sessionId_0='?' (DbType = Guid), @__p_1='?' (DbType = Int32)], CommandType='"Text"', CommandTimeout='30']
SELECT "m"."Id", "m"."Content", "m"."CreatedUtc", "m"."Kind", "m"."Role", "m"."SessionId", "m"."TokenUsageJson"
FROM "Messages" AS "m"
WHERE "m"."SessionId" = @__sessionId_0
ORDER BY "m"."CreatedUtc" DESC
LIMIT @__p_1
2025-09-03 17:12:46.097 +02:00 [INF] Executed DbCommand (19ms) [Parameters=[@p0='?' (DbType = Guid), @p1='?' (Size = 161), @p2='?' (DbType = DateTime), @p3='?', @p4='?' (Size = 9), @p5='?' (DbType = Guid), @p6='?'], CommandType='"Text"', CommandTimeout='30']
INSERT INTO "Messages" ("Id", "Content", "CreatedUtc", "Kind", "Role", "SessionId", "TokenUsageJson")
VALUES (@p0, @p1, @p2, @p3, @p4, @p5, @p6);
2025-09-03 17:12:46.115 +02:00 [INF] Executed DbCommand (9ms) [Parameters=[@p0='?' (DbType = Guid), @p1='?' (Size = 161), @p2='?' (DbType = DateTime), @p3='?', @p4='?' (Size = 9), @p5='?' (DbType = Guid), @p6='?'], CommandType='"Text"', CommandTimeout='30']
INSERT INTO "Messages" ("Id", "Content", "CreatedUtc", "Kind", "Role", "SessionId", "TokenUsageJson")
VALUES (@p0, @p1, @p2, @p3, @p4, @p5, @p6);
2025-09-03 17:12:58.201 +02:00 [INF] Request starting HTTP/1.1 OPTIONS http://localhost:5088/sessions/3d5cf1b3-3978-4f8d-8202-1c35189c083b/messages - null null
2025-09-03 17:12:58.209 +02:00 [INF] CORS policy execution successful.
2025-09-03 17:12:58.213 +02:00 [INF] Request finished HTTP/1.1 OPTIONS http://localhost:5088/sessions/3d5cf1b3-3978-4f8d-8202-1c35189c083b/messages - 204 null null 12.8307ms
2025-09-03 17:12:58.221 +02:00 [INF] Request starting HTTP/1.1 POST http://localhost:5088/sessions/3d5cf1b3-3978-4f8d-8202-1c35189c083b/messages - application/json 63
2025-09-03 17:12:58.226 +02:00 [INF] CORS policy execution successful.
2025-09-03 17:12:58.231 +02:00 [INF] Executing endpoint 'HTTP: POST /sessions/{id:guid}/messages'
2025-09-03 17:12:58.238 +02:00 [INF] Executed DbCommand (0ms) [Parameters=[@__p_0='?' (DbType = Guid)], CommandType='"Text"', CommandTimeout='30']
SELECT "s"."Id", "s"."AgentId", "s"."EndedUtc", "s"."LastEventIdx", "s"."StartedUtc", "s"."Status", "s"."UserId"
FROM "Sessions" AS "s"
WHERE "s"."Id" = @__p_0
LIMIT 1
2025-09-03 17:12:58.263 +02:00 [INF] Executed DbCommand (18ms) [Parameters=[@p0='?' (DbType = Guid), @p1='?' (Size = 48), @p2='?' (DbType = DateTime), @p3='?', @p4='?' (Size = 4), @p5='?' (DbType = Guid), @p6='?'], CommandType='"Text"', CommandTimeout='30']
INSERT INTO "Messages" ("Id", "Content", "CreatedUtc", "Kind", "Role", "SessionId", "TokenUsageJson")
VALUES (@p0, @p1, @p2, @p3, @p4, @p5, @p6);
2025-09-03 17:12:58.269 +02:00 [INF] Setting HTTP status code 202.
2025-09-03 17:12:58.271 +02:00 [INF] Executed DbCommand (1ms) [Parameters=[@__p_0='?' (DbType = Guid)], CommandType='"Text"', CommandTimeout='30']
SELECT "a"."Id", "a"."Autonomy", "a"."CreatedUtc", "a"."GuardrailsJson", "a"."Name", "a"."ParamsJson", "a"."Provider", "a"."SystemPrompt", "a"."Temperature", "a"."TemplateRef", "a"."TokenBudget", "a"."ToolBudget", "a"."TopP", "a"."UpdatedUtc"
FROM "Agents" AS "a"
WHERE "a"."Id" = @__p_0
LIMIT 1
2025-09-03 17:12:58.275 +02:00 [INF] Writing value of type 'AcceptedResponse' as Json.
2025-09-03 17:12:58.285 +02:00 [INF] Executed endpoint 'HTTP: POST /sessions/{id:guid}/messages'
2025-09-03 17:12:58.290 +02:00 [INF] Request finished HTTP/1.1 POST http://localhost:5088/sessions/3d5cf1b3-3978-4f8d-8202-1c35189c083b/messages - 202 null application/json; charset=utf-8 68.9095ms
2025-09-03 17:12:58.293 +02:00 [INF] Executed DbCommand (9ms) [Parameters=[@p0='?' (DbType = Guid), @p1='?' (Size = 48), @p2='?' (DbType = DateTime), @p3='?', @p4='?' (Size = 4), @p5='?' (DbType = Guid), @p6='?'], CommandType='"Text"', CommandTimeout='30']
INSERT INTO "Messages" ("Id", "Content", "CreatedUtc", "Kind", "Role", "SessionId", "TokenUsageJson")
VALUES (@p0, @p1, @p2, @p3, @p4, @p5, @p6);
2025-09-03 17:12:58.305 +02:00 [INF] Executed DbCommand (1ms) [Parameters=[@__agentId_0='?' (DbType = Guid)], CommandType='"Text"', CommandTimeout='30']
SELECT "a"."Id", "a"."AgentId", "a"."ConfigJson", "a"."Enabled", "a"."ToolId", "t"."Id", "t"."Description", "t"."Enabled", "t"."InputSchemaJson", "t"."McpServerId", "t"."Name", "t"."Scope", "m"."Id", "m"."AuthType", "m"."BaseUrl", "m"."LastSeenUtc", "m"."MetadataJson", "m"."Name", "m"."Status"
FROM "AgentToolBindings" AS "a"
INNER JOIN "Tools" AS "t" ON "a"."ToolId" = "t"."Id"
INNER JOIN "McpServers" AS "m" ON "t"."McpServerId" = "m"."Id"
WHERE "a"."AgentId" = @__agentId_0 AND "a"."Enabled"
2025-09-03 17:12:58.315 +02:00 [INF] Executed DbCommand (1ms) [Parameters=[@__agentId_0='?' (DbType = Guid)], CommandType='"Text"', CommandTimeout='30']
SELECT "a"."Id", "a"."AgentId", "a"."ConfigJson", "a"."Enabled", "a"."ToolId", "t"."Id", "t"."Description", "t"."Enabled", "t"."InputSchemaJson", "t"."McpServerId", "t"."Name", "t"."Scope", "m"."Id", "m"."AuthType", "m"."BaseUrl", "m"."LastSeenUtc", "m"."MetadataJson", "m"."Name", "m"."Status"
FROM "AgentToolBindings" AS "a"
INNER JOIN "Tools" AS "t" ON "a"."ToolId" = "t"."Id"
INNER JOIN "McpServers" AS "m" ON "t"."McpServerId" = "m"."Id"
WHERE "a"."AgentId" = @__agentId_0 AND "a"."Enabled"
2025-09-03 17:12:58.325 +02:00 [INF] Executed DbCommand (0ms) [Parameters=[@__sessionId_0='?' (DbType = Guid), @__kind_1='?' (Size = 11), @__p_2='?' (DbType = Int32)], CommandType='"Text"', CommandTimeout='30']
SELECT "m"."Id", "m"."Content", "m"."CreatedUtc", "m"."Kind", "m"."Role", "m"."SessionId", "m"."TokenUsageJson"
FROM "Messages" AS "m"
WHERE "m"."SessionId" = @__sessionId_0 AND "m"."Kind" = @__kind_1
ORDER BY "m"."CreatedUtc" DESC
LIMIT @__p_2
2025-09-03 17:12:58.332 +02:00 [INF] Executed DbCommand (0ms) [Parameters=[@__sessionId_0='?' (DbType = Guid), @__p_1='?' (DbType = Int32)], CommandType='"Text"', CommandTimeout='30']
SELECT "m"."Id", "m"."Content", "m"."CreatedUtc", "m"."Kind", "m"."Role", "m"."SessionId", "m"."TokenUsageJson"
FROM "Messages" AS "m"
WHERE "m"."SessionId" = @__sessionId_0
ORDER BY "m"."CreatedUtc" DESC
LIMIT @__p_1
2025-09-03 17:12:58.343 +02:00 [INF] Executed DbCommand (1ms) [Parameters=[@__agentId_0='?' (DbType = Guid)], CommandType='"Text"', CommandTimeout='30']
SELECT "a"."Id", "a"."AgentId", "a"."ConfigJson", "a"."Enabled", "a"."ToolId", "t"."Id", "t"."Description", "t"."Enabled", "t"."InputSchemaJson", "t"."McpServerId", "t"."Name", "t"."Scope", "m"."Id", "m"."AuthType", "m"."BaseUrl", "m"."LastSeenUtc", "m"."MetadataJson", "m"."Name", "m"."Status"
FROM "AgentToolBindings" AS "a"
INNER JOIN "Tools" AS "t" ON "a"."ToolId" = "t"."Id"
INNER JOIN "McpServers" AS "m" ON "t"."McpServerId" = "m"."Id"
WHERE "a"."AgentId" = @__agentId_0 AND "a"."Enabled"
2025-09-03 17:12:58.352 +02:00 [INF] Executed DbCommand (1ms) [Parameters=[@__agentId_0='?' (DbType = Guid)], CommandType='"Text"', CommandTimeout='30']
SELECT "a"."Id", "a"."AgentId", "a"."ConfigJson", "a"."Enabled", "a"."ToolId", "t"."Id", "t"."Description", "t"."Enabled", "t"."InputSchemaJson", "t"."McpServerId", "t"."Name", "t"."Scope", "m"."Id", "m"."AuthType", "m"."BaseUrl", "m"."LastSeenUtc", "m"."MetadataJson", "m"."Name", "m"."Status"
FROM "AgentToolBindings" AS "a"
INNER JOIN "Tools" AS "t" ON "a"."ToolId" = "t"."Id"
INNER JOIN "McpServers" AS "m" ON "t"."McpServerId" = "m"."Id"
WHERE "a"."AgentId" = @__agentId_0 AND "a"."Enabled"
2025-09-03 17:12:59.332 +02:00 [INF] Executed DbCommand (0ms) [Parameters=[@__agentId_0='?' (DbType = Guid)], CommandType='"Text"', CommandTimeout='30']
SELECT "a"."Id", "a"."AgentId", "a"."ConfigJson", "a"."Enabled", "a"."ToolId", "t"."Id", "t"."Description", "t"."Enabled", "t"."InputSchemaJson", "t"."McpServerId", "t"."Name", "t"."Scope", "m"."Id", "m"."AuthType", "m"."BaseUrl", "m"."LastSeenUtc", "m"."MetadataJson", "m"."Name", "m"."Status"
FROM "AgentToolBindings" AS "a"
INNER JOIN "Tools" AS "t" ON "a"."ToolId" = "t"."Id"
INNER JOIN "McpServers" AS "m" ON "t"."McpServerId" = "m"."Id"
WHERE "a"."AgentId" = @__agentId_0 AND "a"."Enabled"
2025-09-03 17:12:59.343 +02:00 [INF] Executed DbCommand (0ms) [Parameters=[@__agentId_0='?' (DbType = Guid)], CommandType='"Text"', CommandTimeout='30']
SELECT "a"."Id", "a"."AgentId", "a"."ConfigJson", "a"."Enabled", "a"."ToolId", "t"."Id", "t"."Description", "t"."Enabled", "t"."InputSchemaJson", "t"."McpServerId", "t"."Name", "t"."Scope", "m"."Id", "m"."AuthType", "m"."BaseUrl", "m"."LastSeenUtc", "m"."MetadataJson", "m"."Name", "m"."Status"
FROM "AgentToolBindings" AS "a"
INNER JOIN "Tools" AS "t" ON "a"."ToolId" = "t"."Id"
INNER JOIN "McpServers" AS "m" ON "t"."McpServerId" = "m"."Id"
WHERE "a"."AgentId" = @__agentId_0 AND "a"."Enabled"
2025-09-03 17:12:59.734 +02:00 [INF] Executed DbCommand (1ms) [Parameters=[], CommandType='"Text"', CommandTimeout='30']
SELECT "m"."Id", "m"."AuthType", "m"."BaseUrl", "m"."LastSeenUtc", "m"."MetadataJson", "m"."Name", "m"."Status"
FROM "McpServers" AS "m"
ORDER BY "m"."LastSeenUtc"
2025-09-03 17:12:59.751 +02:00 [INF] Conectando a MCP WebSocket: ws://localhost:8970/ws
2025-09-03 17:12:59.997 +02:00 [INF] Executed DbCommand (0ms) [Parameters=[@__agentId_0='?' (DbType = Guid)], CommandType='"Text"', CommandTimeout='30']
SELECT "a"."Id", "a"."AgentId", "a"."ConfigJson", "a"."Enabled", "a"."ToolId", "t"."Id", "t"."Description", "t"."Enabled", "t"."InputSchemaJson", "t"."McpServerId", "t"."Name", "t"."Scope", "m"."Id", "m"."AuthType", "m"."BaseUrl", "m"."LastSeenUtc", "m"."MetadataJson", "m"."Name", "m"."Status"
FROM "AgentToolBindings" AS "a"
INNER JOIN "Tools" AS "t" ON "a"."ToolId" = "t"."Id"
INNER JOIN "McpServers" AS "m" ON "t"."McpServerId" = "m"."Id"
WHERE "a"."AgentId" = @__agentId_0 AND "a"."Enabled"
2025-09-03 17:13:00.916 +02:00 [INF] Executed DbCommand (18ms) [Parameters=[@p0='?' (DbType = Guid), @p1='?' (Size = 41), @p2='?' (DbType = DateTime), @p3='?' (Size = 11), @p4='?' (Size = 9), @p5='?' (DbType = Guid), @p6='?'], CommandType='"Text"', CommandTimeout='30']
INSERT INTO "Messages" ("Id", "Content", "CreatedUtc", "Kind", "Role", "SessionId", "TokenUsageJson")
VALUES (@p0, @p1, @p2, @p3, @p4, @p5, @p6);
2025-09-03 17:13:00.933 +02:00 [INF] Executed DbCommand (1ms) [Parameters=[@__sessionId_0='?' (DbType = Guid), @__p_1='?' (DbType = Int32)], CommandType='"Text"', CommandTimeout='30']
SELECT "m"."Id", "m"."Content", "m"."CreatedUtc", "m"."Kind", "m"."Role", "m"."SessionId", "m"."TokenUsageJson"
FROM "Messages" AS "m"
WHERE "m"."SessionId" = @__sessionId_0
ORDER BY "m"."CreatedUtc" DESC
LIMIT @__p_1
2025-09-03 17:13:01.446 +02:00 [INF] Executed DbCommand (18ms) [Parameters=[@p0='?' (DbType = Guid), @p1='?' (Size = 131), @p2='?' (DbType = DateTime), @p3='?', @p4='?' (Size = 9), @p5='?' (DbType = Guid), @p6='?'], CommandType='"Text"', CommandTimeout='30']
INSERT INTO "Messages" ("Id", "Content", "CreatedUtc", "Kind", "Role", "SessionId", "TokenUsageJson")
VALUES (@p0, @p1, @p2, @p3, @p4, @p5, @p6);
2025-09-03 17:13:01.462 +02:00 [INF] Executed DbCommand (9ms) [Parameters=[@p0='?' (DbType = Guid), @p1='?' (Size = 131), @p2='?' (DbType = DateTime), @p3='?', @p4='?' (Size = 9), @p5='?' (DbType = Guid), @p6='?'], CommandType='"Text"', CommandTimeout='30']
INSERT INTO "Messages" ("Id", "Content", "CreatedUtc", "Kind", "Role", "SessionId", "TokenUsageJson")
VALUES (@p0, @p1, @p2, @p3, @p4, @p5, @p6);
2025-09-03 17:13:23.824 +02:00 [INF] Request starting HTTP/1.1 OPTIONS http://localhost:5088/sessions/3d5cf1b3-3978-4f8d-8202-1c35189c083b/messages - null null
2025-09-03 17:13:23.833 +02:00 [INF] CORS policy execution successful.
2025-09-03 17:13:23.838 +02:00 [INF] Request finished HTTP/1.1 OPTIONS http://localhost:5088/sessions/3d5cf1b3-3978-4f8d-8202-1c35189c083b/messages - 204 null null 13.6919ms
2025-09-03 17:13:23.846 +02:00 [INF] Request starting HTTP/1.1 POST http://localhost:5088/sessions/3d5cf1b3-3978-4f8d-8202-1c35189c083b/messages - application/json 77
2025-09-03 17:13:23.851 +02:00 [INF] CORS policy execution successful.
2025-09-03 17:13:23.858 +02:00 [INF] Executing endpoint 'HTTP: POST /sessions/{id:guid}/messages'
2025-09-03 17:13:23.864 +02:00 [INF] Executed DbCommand (0ms) [Parameters=[@__p_0='?' (DbType = Guid)], CommandType='"Text"', CommandTimeout='30']
SELECT "s"."Id", "s"."AgentId", "s"."EndedUtc", "s"."LastEventIdx", "s"."StartedUtc", "s"."Status", "s"."UserId"
FROM "Sessions" AS "s"
WHERE "s"."Id" = @__p_0
LIMIT 1
2025-09-03 17:13:23.891 +02:00 [INF] Executed DbCommand (19ms) [Parameters=[@p0='?' (DbType = Guid), @p1='?' (Size = 62), @p2='?' (DbType = DateTime), @p3='?', @p4='?' (Size = 4), @p5='?' (DbType = Guid), @p6='?'], CommandType='"Text"', CommandTimeout='30']
INSERT INTO "Messages" ("Id", "Content", "CreatedUtc", "Kind", "Role", "SessionId", "TokenUsageJson")
VALUES (@p0, @p1, @p2, @p3, @p4, @p5, @p6);
2025-09-03 17:13:23.899 +02:00 [INF] Setting HTTP status code 202.
2025-09-03 17:13:23.900 +02:00 [INF] Executed DbCommand (0ms) [Parameters=[@__p_0='?' (DbType = Guid)], CommandType='"Text"', CommandTimeout='30']
SELECT "a"."Id", "a"."Autonomy", "a"."CreatedUtc", "a"."GuardrailsJson", "a"."Name", "a"."ParamsJson", "a"."Provider", "a"."SystemPrompt", "a"."Temperature", "a"."TemplateRef", "a"."TokenBudget", "a"."ToolBudget", "a"."TopP", "a"."UpdatedUtc"
FROM "Agents" AS "a"
WHERE "a"."Id" = @__p_0
LIMIT 1
2025-09-03 17:13:23.904 +02:00 [INF] Writing value of type 'AcceptedResponse' as Json.
2025-09-03 17:13:23.915 +02:00 [INF] Executed endpoint 'HTTP: POST /sessions/{id:guid}/messages'
2025-09-03 17:13:23.920 +02:00 [INF] Request finished HTTP/1.1 POST http://localhost:5088/sessions/3d5cf1b3-3978-4f8d-8202-1c35189c083b/messages - 202 null application/json; charset=utf-8 74.546ms
2025-09-03 17:13:23.922 +02:00 [INF] Executed DbCommand (10ms) [Parameters=[@p0='?' (DbType = Guid), @p1='?' (Size = 62), @p2='?' (DbType = DateTime), @p3='?', @p4='?' (Size = 4), @p5='?' (DbType = Guid), @p6='?'], CommandType='"Text"', CommandTimeout='30']
INSERT INTO "Messages" ("Id", "Content", "CreatedUtc", "Kind", "Role", "SessionId", "TokenUsageJson")
VALUES (@p0, @p1, @p2, @p3, @p4, @p5, @p6);
2025-09-03 17:13:23.933 +02:00 [INF] Executed DbCommand (0ms) [Parameters=[@__agentId_0='?' (DbType = Guid)], CommandType='"Text"', CommandTimeout='30']
SELECT "a"."Id", "a"."AgentId", "a"."ConfigJson", "a"."Enabled", "a"."ToolId", "t"."Id", "t"."Description", "t"."Enabled", "t"."InputSchemaJson", "t"."McpServerId", "t"."Name", "t"."Scope", "m"."Id", "m"."AuthType", "m"."BaseUrl", "m"."LastSeenUtc", "m"."MetadataJson", "m"."Name", "m"."Status"
FROM "AgentToolBindings" AS "a"
INNER JOIN "Tools" AS "t" ON "a"."ToolId" = "t"."Id"
INNER JOIN "McpServers" AS "m" ON "t"."McpServerId" = "m"."Id"
WHERE "a"."AgentId" = @__agentId_0 AND "a"."Enabled"
2025-09-03 17:13:23.942 +02:00 [INF] Executed DbCommand (1ms) [Parameters=[@__agentId_0='?' (DbType = Guid)], CommandType='"Text"', CommandTimeout='30']
SELECT "a"."Id", "a"."AgentId", "a"."ConfigJson", "a"."Enabled", "a"."ToolId", "t"."Id", "t"."Description", "t"."Enabled", "t"."InputSchemaJson", "t"."McpServerId", "t"."Name", "t"."Scope", "m"."Id", "m"."AuthType", "m"."BaseUrl", "m"."LastSeenUtc", "m"."MetadataJson", "m"."Name", "m"."Status"
FROM "AgentToolBindings" AS "a"
INNER JOIN "Tools" AS "t" ON "a"."ToolId" = "t"."Id"
INNER JOIN "McpServers" AS "m" ON "t"."McpServerId" = "m"."Id"
WHERE "a"."AgentId" = @__agentId_0 AND "a"."Enabled"
2025-09-03 17:13:23.952 +02:00 [INF] Executed DbCommand (0ms) [Parameters=[@__sessionId_0='?' (DbType = Guid), @__kind_1='?' (Size = 11), @__p_2='?' (DbType = Int32)], CommandType='"Text"', CommandTimeout='30']
SELECT "m"."Id", "m"."Content", "m"."CreatedUtc", "m"."Kind", "m"."Role", "m"."SessionId", "m"."TokenUsageJson"
FROM "Messages" AS "m"
WHERE "m"."SessionId" = @__sessionId_0 AND "m"."Kind" = @__kind_1
ORDER BY "m"."CreatedUtc" DESC
LIMIT @__p_2
2025-09-03 17:13:23.970 +02:00 [INF] Executed DbCommand (0ms) [Parameters=[@__sessionId_0='?' (DbType = Guid), @__p_1='?' (DbType = Int32)], CommandType='"Text"', CommandTimeout='30']
SELECT "m"."Id", "m"."Content", "m"."CreatedUtc", "m"."Kind", "m"."Role", "m"."SessionId", "m"."TokenUsageJson"
FROM "Messages" AS "m"
WHERE "m"."SessionId" = @__sessionId_0
ORDER BY "m"."CreatedUtc" DESC
LIMIT @__p_1
2025-09-03 17:13:23.979 +02:00 [INF] Executed DbCommand (1ms) [Parameters=[@__agentId_0='?' (DbType = Guid)], CommandType='"Text"', CommandTimeout='30']
SELECT "a"."Id", "a"."AgentId", "a"."ConfigJson", "a"."Enabled", "a"."ToolId", "t"."Id", "t"."Description", "t"."Enabled", "t"."InputSchemaJson", "t"."McpServerId", "t"."Name", "t"."Scope", "m"."Id", "m"."AuthType", "m"."BaseUrl", "m"."LastSeenUtc", "m"."MetadataJson", "m"."Name", "m"."Status"
FROM "AgentToolBindings" AS "a"
INNER JOIN "Tools" AS "t" ON "a"."ToolId" = "t"."Id"
INNER JOIN "McpServers" AS "m" ON "t"."McpServerId" = "m"."Id"
WHERE "a"."AgentId" = @__agentId_0 AND "a"."Enabled"
2025-09-03 17:13:23.987 +02:00 [INF] Executed DbCommand (0ms) [Parameters=[@__agentId_0='?' (DbType = Guid)], CommandType='"Text"', CommandTimeout='30']
SELECT "a"."Id", "a"."AgentId", "a"."ConfigJson", "a"."Enabled", "a"."ToolId", "t"."Id", "t"."Description", "t"."Enabled", "t"."InputSchemaJson", "t"."McpServerId", "t"."Name", "t"."Scope", "m"."Id", "m"."AuthType", "m"."BaseUrl", "m"."LastSeenUtc", "m"."MetadataJson", "m"."Name", "m"."Status"
FROM "AgentToolBindings" AS "a"
INNER JOIN "Tools" AS "t" ON "a"."ToolId" = "t"."Id"
INNER JOIN "McpServers" AS "m" ON "t"."McpServerId" = "m"."Id"
WHERE "a"."AgentId" = @__agentId_0 AND "a"."Enabled"
2025-09-03 17:13:24.788 +02:00 [INF] Executed DbCommand (1ms) [Parameters=[@__sessionId_0='?' (DbType = Guid), @__p_1='?' (DbType = Int32)], CommandType='"Text"', CommandTimeout='30']
SELECT "m"."Id", "m"."Content", "m"."CreatedUtc", "m"."Kind", "m"."Role", "m"."SessionId", "m"."TokenUsageJson"
FROM "Messages" AS "m"
WHERE "m"."SessionId" = @__sessionId_0
ORDER BY "m"."CreatedUtc" DESC
LIMIT @__p_1
2025-09-03 17:13:26.737 +02:00 [INF] Executed DbCommand (10ms) [Parameters=[@p0='?' (DbType = Guid), @p1='?' (Size = 905), @p2='?' (DbType = DateTime), @p3='?', @p4='?' (Size = 9), @p5='?' (DbType = Guid), @p6='?'], CommandType='"Text"', CommandTimeout='30']
INSERT INTO "Messages" ("Id", "Content", "CreatedUtc", "Kind", "Role", "SessionId", "TokenUsageJson")
VALUES (@p0, @p1, @p2, @p3, @p4, @p5, @p6);
2025-09-03 17:13:26.756 +02:00 [INF] Executed DbCommand (10ms) [Parameters=[@p0='?' (DbType = Guid), @p1='?' (Size = 905), @p2='?' (DbType = DateTime), @p3='?', @p4='?' (Size = 9), @p5='?' (DbType = Guid), @p6='?'], CommandType='"Text"', CommandTimeout='30']
INSERT INTO "Messages" ("Id", "Content", "CreatedUtc", "Kind", "Role", "SessionId", "TokenUsageJson")
VALUES (@p0, @p1, @p2, @p3, @p4, @p5, @p6);
2025-09-03 17:13:30.392 +02:00 [INF] Request starting HTTP/1.1 OPTIONS http://localhost:5088/sessions/3d5cf1b3-3978-4f8d-8202-1c35189c083b/messages - null null
2025-09-03 17:13:30.402 +02:00 [INF] CORS policy execution successful.
2025-09-03 17:13:30.408 +02:00 [INF] Request finished HTTP/1.1 OPTIONS http://localhost:5088/sessions/3d5cf1b3-3978-4f8d-8202-1c35189c083b/messages - 204 null null 15.851ms
2025-09-03 17:13:30.417 +02:00 [INF] Request starting HTTP/1.1 POST http://localhost:5088/sessions/3d5cf1b3-3978-4f8d-8202-1c35189c083b/messages - application/json 27
2025-09-03 17:13:30.423 +02:00 [INF] CORS policy execution successful.
2025-09-03 17:13:30.429 +02:00 [INF] Executing endpoint 'HTTP: POST /sessions/{id:guid}/messages'
2025-09-03 17:13:30.435 +02:00 [INF] Executed DbCommand (0ms) [Parameters=[@__p_0='?' (DbType = Guid)], CommandType='"Text"', CommandTimeout='30']
SELECT "s"."Id", "s"."AgentId", "s"."EndedUtc", "s"."LastEventIdx", "s"."StartedUtc", "s"."Status", "s"."UserId"
FROM "Sessions" AS "s"
WHERE "s"."Id" = @__p_0
LIMIT 1
2025-09-03 17:13:30.461 +02:00 [INF] Executed DbCommand (18ms) [Parameters=[@p0='?' (DbType = Guid), @p1='?' (Size = 13), @p2='?' (DbType = DateTime), @p3='?', @p4='?' (Size = 4), @p5='?' (DbType = Guid), @p6='?'], CommandType='"Text"', CommandTimeout='30']
INSERT INTO "Messages" ("Id", "Content", "CreatedUtc", "Kind", "Role", "SessionId", "TokenUsageJson")
VALUES (@p0, @p1, @p2, @p3, @p4, @p5, @p6);
2025-09-03 17:13:30.469 +02:00 [INF] Setting HTTP status code 202.
2025-09-03 17:13:30.471 +02:00 [INF] Executed DbCommand (1ms) [Parameters=[@__p_0='?' (DbType = Guid)], CommandType='"Text"', CommandTimeout='30']
SELECT "a"."Id", "a"."Autonomy", "a"."CreatedUtc", "a"."GuardrailsJson", "a"."Name", "a"."ParamsJson", "a"."Provider", "a"."SystemPrompt", "a"."Temperature", "a"."TemplateRef", "a"."TokenBudget", "a"."ToolBudget", "a"."TopP", "a"."UpdatedUtc"
FROM "Agents" AS "a"
WHERE "a"."Id" = @__p_0
LIMIT 1
2025-09-03 17:13:30.474 +02:00 [INF] Writing value of type 'AcceptedResponse' as Json.
2025-09-03 17:13:30.484 +02:00 [INF] Executed endpoint 'HTTP: POST /sessions/{id:guid}/messages'
2025-09-03 17:13:30.490 +02:00 [INF] Request finished HTTP/1.1 POST http://localhost:5088/sessions/3d5cf1b3-3978-4f8d-8202-1c35189c083b/messages - 202 null application/json; charset=utf-8 72.8066ms
2025-09-03 17:13:30.493 +02:00 [INF] Executed DbCommand (10ms) [Parameters=[@p0='?' (DbType = Guid), @p1='?' (Size = 13), @p2='?' (DbType = DateTime), @p3='?', @p4='?' (Size = 4), @p5='?' (DbType = Guid), @p6='?'], CommandType='"Text"', CommandTimeout='30']
INSERT INTO "Messages" ("Id", "Content", "CreatedUtc", "Kind", "Role", "SessionId", "TokenUsageJson")
VALUES (@p0, @p1, @p2, @p3, @p4, @p5, @p6);
2025-09-03 17:13:30.506 +02:00 [INF] Executed DbCommand (1ms) [Parameters=[@__agentId_0='?' (DbType = Guid)], CommandType='"Text"', CommandTimeout='30']
SELECT "a"."Id", "a"."AgentId", "a"."ConfigJson", "a"."Enabled", "a"."ToolId", "t"."Id", "t"."Description", "t"."Enabled", "t"."InputSchemaJson", "t"."McpServerId", "t"."Name", "t"."Scope", "m"."Id", "m"."AuthType", "m"."BaseUrl", "m"."LastSeenUtc", "m"."MetadataJson", "m"."Name", "m"."Status"
FROM "AgentToolBindings" AS "a"
INNER JOIN "Tools" AS "t" ON "a"."ToolId" = "t"."Id"
INNER JOIN "McpServers" AS "m" ON "t"."McpServerId" = "m"."Id"
WHERE "a"."AgentId" = @__agentId_0 AND "a"."Enabled"
2025-09-03 17:13:30.515 +02:00 [INF] Executed DbCommand (1ms) [Parameters=[@__agentId_0='?' (DbType = Guid)], CommandType='"Text"', CommandTimeout='30']
SELECT "a"."Id", "a"."AgentId", "a"."ConfigJson", "a"."Enabled", "a"."ToolId", "t"."Id", "t"."Description", "t"."Enabled", "t"."InputSchemaJson", "t"."McpServerId", "t"."Name", "t"."Scope", "m"."Id", "m"."AuthType", "m"."BaseUrl", "m"."LastSeenUtc", "m"."MetadataJson", "m"."Name", "m"."Status"
FROM "AgentToolBindings" AS "a"
INNER JOIN "Tools" AS "t" ON "a"."ToolId" = "t"."Id"
INNER JOIN "McpServers" AS "m" ON "t"."McpServerId" = "m"."Id"
WHERE "a"."AgentId" = @__agentId_0 AND "a"."Enabled"
2025-09-03 17:13:30.525 +02:00 [INF] Executed DbCommand (0ms) [Parameters=[@__sessionId_0='?' (DbType = Guid), @__kind_1='?' (Size = 11), @__p_2='?' (DbType = Int32)], CommandType='"Text"', CommandTimeout='30']
SELECT "m"."Id", "m"."Content", "m"."CreatedUtc", "m"."Kind", "m"."Role", "m"."SessionId", "m"."TokenUsageJson"
FROM "Messages" AS "m"
WHERE "m"."SessionId" = @__sessionId_0 AND "m"."Kind" = @__kind_1
ORDER BY "m"."CreatedUtc" DESC
LIMIT @__p_2
2025-09-03 17:13:30.535 +02:00 [INF] Executed DbCommand (1ms) [Parameters=[@__sessionId_0='?' (DbType = Guid), @__p_1='?' (DbType = Int32)], CommandType='"Text"', CommandTimeout='30']
SELECT "m"."Id", "m"."Content", "m"."CreatedUtc", "m"."Kind", "m"."Role", "m"."SessionId", "m"."TokenUsageJson"
FROM "Messages" AS "m"
WHERE "m"."SessionId" = @__sessionId_0
ORDER BY "m"."CreatedUtc" DESC
LIMIT @__p_1
2025-09-03 17:13:30.544 +02:00 [INF] Executed DbCommand (1ms) [Parameters=[@__agentId_0='?' (DbType = Guid)], CommandType='"Text"', CommandTimeout='30']
SELECT "a"."Id", "a"."AgentId", "a"."ConfigJson", "a"."Enabled", "a"."ToolId", "t"."Id", "t"."Description", "t"."Enabled", "t"."InputSchemaJson", "t"."McpServerId", "t"."Name", "t"."Scope", "m"."Id", "m"."AuthType", "m"."BaseUrl", "m"."LastSeenUtc", "m"."MetadataJson", "m"."Name", "m"."Status"
FROM "AgentToolBindings" AS "a"
INNER JOIN "Tools" AS "t" ON "a"."ToolId" = "t"."Id"
INNER JOIN "McpServers" AS "m" ON "t"."McpServerId" = "m"."Id"
WHERE "a"."AgentId" = @__agentId_0 AND "a"."Enabled"
2025-09-03 17:13:30.553 +02:00 [INF] Executed DbCommand (0ms) [Parameters=[@__agentId_0='?' (DbType = Guid)], CommandType='"Text"', CommandTimeout='30']
SELECT "a"."Id", "a"."AgentId", "a"."ConfigJson", "a"."Enabled", "a"."ToolId", "t"."Id", "t"."Description", "t"."Enabled", "t"."InputSchemaJson", "t"."McpServerId", "t"."Name", "t"."Scope", "m"."Id", "m"."AuthType", "m"."BaseUrl", "m"."LastSeenUtc", "m"."MetadataJson", "m"."Name", "m"."Status"
FROM "AgentToolBindings" AS "a"
INNER JOIN "Tools" AS "t" ON "a"."ToolId" = "t"."Id"
INNER JOIN "McpServers" AS "m" ON "t"."McpServerId" = "m"."Id"
WHERE "a"."AgentId" = @__agentId_0 AND "a"."Enabled"
2025-09-03 17:13:32.440 +02:00 [INF] Executed DbCommand (0ms) [Parameters=[@__sessionId_0='?' (DbType = Guid), @__p_1='?' (DbType = Int32)], CommandType='"Text"', CommandTimeout='30']
SELECT "m"."Id", "m"."Content", "m"."CreatedUtc", "m"."Kind", "m"."Role", "m"."SessionId", "m"."TokenUsageJson"
FROM "Messages" AS "m"
WHERE "m"."SessionId" = @__sessionId_0
ORDER BY "m"."CreatedUtc" DESC
LIMIT @__p_1
2025-09-03 17:13:37.416 +02:00 [INF] Executed DbCommand (17ms) [Parameters=[@p0='?' (DbType = Guid), @p1='?' (Size = 998), @p2='?' (DbType = DateTime), @p3='?', @p4='?' (Size = 9), @p5='?' (DbType = Guid), @p6='?'], CommandType='"Text"', CommandTimeout='30']
INSERT INTO "Messages" ("Id", "Content", "CreatedUtc", "Kind", "Role", "SessionId", "TokenUsageJson")
VALUES (@p0, @p1, @p2, @p3, @p4, @p5, @p6);
2025-09-03 17:13:37.432 +02:00 [INF] Executed DbCommand (8ms) [Parameters=[@p0='?' (DbType = Guid), @p1='?' (Size = 998), @p2='?' (DbType = DateTime), @p3='?', @p4='?' (Size = 9), @p5='?' (DbType = Guid), @p6='?'], CommandType='"Text"', CommandTimeout='30']
INSERT INTO "Messages" ("Id", "Content", "CreatedUtc", "Kind", "Role", "SessionId", "TokenUsageJson")
VALUES (@p0, @p1, @p2, @p3, @p4, @p5, @p6);
2025-09-03 17:14:16.349 +02:00 [INF] Executed endpoint '/hubs/trace'
2025-09-03 17:14:16.358 +02:00 [INF] Request finished HTTP/1.1 GET http://localhost:5088/hubs/trace?id=WExn8u4G5My7ODB9GyKhaA - 101 null null 100660.9146ms
2025-09-03 17:14:16.819 +02:00 [INF] Request starting HTTP/1.1 OPTIONS http://localhost:5088/agents/1e5ffb9e-fb28-4405-b82b-b4647aa5a865 - null null
2025-09-03 17:14:16.822 +02:00 [INF] Request starting HTTP/1.1 OPTIONS http://localhost:5088/agents/1e5ffb9e-fb28-4405-b82b-b4647aa5a865/bindings - null null
2025-09-03 17:14:16.825 +02:00 [INF] CORS policy execution successful.
2025-09-03 17:14:16.830 +02:00 [INF] CORS policy execution successful.
2025-09-03 17:14:16.836 +02:00 [INF] Request finished HTTP/1.1 OPTIONS http://localhost:5088/agents/1e5ffb9e-fb28-4405-b82b-b4647aa5a865 - 204 null null 17.2186ms
2025-09-03 17:14:16.842 +02:00 [INF] Request finished HTTP/1.1 OPTIONS http://localhost:5088/agents/1e5ffb9e-fb28-4405-b82b-b4647aa5a865/bindings - 204 null null 20.0829ms
2025-09-03 17:14:16.849 +02:00 [INF] Request starting HTTP/1.1 GET http://localhost:5088/agents/1e5ffb9e-fb28-4405-b82b-b4647aa5a865 - application/json null
2025-09-03 17:14:16.855 +02:00 [INF] Request starting HTTP/1.1 GET http://localhost:5088/agents/1e5ffb9e-fb28-4405-b82b-b4647aa5a865/bindings - application/json null
2025-09-03 17:14:16.859 +02:00 [INF] CORS policy execution successful.
2025-09-03 17:14:16.863 +02:00 [INF] CORS policy execution successful.
2025-09-03 17:14:16.868 +02:00 [INF] Executing endpoint 'HTTP: GET /agents/{id:guid}'
2025-09-03 17:14:16.873 +02:00 [INF] Executing endpoint 'HTTP: GET /agents/{id:guid}/bindings'
2025-09-03 17:14:16.880 +02:00 [INF] Executed DbCommand (0ms) [Parameters=[@__p_0='?' (DbType = Guid)], CommandType='"Text"', CommandTimeout='30']
SELECT "a"."Id", "a"."Autonomy", "a"."CreatedUtc", "a"."GuardrailsJson", "a"."Name", "a"."ParamsJson", "a"."Provider", "a"."SystemPrompt", "a"."Temperature", "a"."TemplateRef", "a"."TokenBudget", "a"."ToolBudget", "a"."TopP", "a"."UpdatedUtc"
FROM "Agents" AS "a"
WHERE "a"."Id" = @__p_0
LIMIT 1
2025-09-03 17:14:16.883 +02:00 [INF] Executed DbCommand (0ms) [Parameters=[@__agentId_0='?' (DbType = Guid)], CommandType='"Text"', CommandTimeout='30']
SELECT "a"."Id", "a"."AgentId", "a"."ConfigJson", "a"."Enabled", "a"."ToolId"
FROM "AgentToolBindings" AS "a"
WHERE "a"."AgentId" = @__agentId_0
2025-09-03 17:14:16.888 +02:00 [INF] Setting HTTP status code 200.
2025-09-03 17:14:16.893 +02:00 [INF] Setting HTTP status code 200.
2025-09-03 17:14:16.897 +02:00 [INF] Writing value of type 'AgentResponse' as Json.
2025-09-03 17:14:16.901 +02:00 [INF] Writing value of type 'List`1' as Json.
2025-09-03 17:14:16.907 +02:00 [INF] Executed endpoint 'HTTP: GET /agents/{id:guid}'
2025-09-03 17:14:16.911 +02:00 [INF] Executed endpoint 'HTTP: GET /agents/{id:guid}/bindings'
2025-09-03 17:14:16.915 +02:00 [INF] Request finished HTTP/1.1 GET http://localhost:5088/agents/1e5ffb9e-fb28-4405-b82b-b4647aa5a865 - 200 null application/json; charset=utf-8 66.0437ms
2025-09-03 17:14:16.920 +02:00 [INF] Request finished HTTP/1.1 GET http://localhost:5088/agents/1e5ffb9e-fb28-4405-b82b-b4647aa5a865/bindings - 200 null application/json; charset=utf-8 65.094ms
2025-09-03 17:14:18.269 +02:00 [INF] Request starting HTTP/1.1 OPTIONS http://localhost:5088/sessions - null null
2025-09-03 17:14:18.279 +02:00 [INF] CORS policy execution successful.
2025-09-03 17:14:18.282 +02:00 [INF] Request finished HTTP/1.1 OPTIONS http://localhost:5088/sessions - 204 null null 13.4321ms
2025-09-03 17:14:18.288 +02:00 [INF] Request starting HTTP/1.1 POST http://localhost:5088/sessions - application/json 50
2025-09-03 17:14:18.293 +02:00 [INF] CORS policy execution successful.
2025-09-03 17:14:18.297 +02:00 [INF] Executing endpoint 'HTTP: POST /sessions/'
2025-09-03 17:14:18.303 +02:00 [INF] Executed DbCommand (1ms) [Parameters=[@__p_0='?' (DbType = Guid)], CommandType='"Text"', CommandTimeout='30']
SELECT "a"."Id", "a"."Autonomy", "a"."CreatedUtc", "a"."GuardrailsJson", "a"."Name", "a"."ParamsJson", "a"."Provider", "a"."SystemPrompt", "a"."Temperature", "a"."TemplateRef", "a"."TokenBudget", "a"."ToolBudget", "a"."TopP", "a"."UpdatedUtc"
FROM "Agents" AS "a"
WHERE "a"."Id" = @__p_0
LIMIT 1
2025-09-03 17:14:18.329 +02:00 [INF] Executed DbCommand (18ms) [Parameters=[@p0='?' (DbType = Guid), @p1='?' (DbType = Guid), @p2='?' (DbType = DateTime), @p3='?' (DbType = Int32), @p4='?' (DbType = DateTime), @p5='?' (Size = 7), @p6='?'], CommandType='"Text"', CommandTimeout='30']
INSERT INTO "Sessions" ("Id", "AgentId", "EndedUtc", "LastEventIdx", "StartedUtc", "Status", "UserId")
VALUES (@p0, @p1, @p2, @p3, @p4, @p5, @p6);
2025-09-03 17:14:18.334 +02:00 [INF] Setting HTTP status code 201.
2025-09-03 17:14:18.339 +02:00 [INF] Writing value of type 'SessionCreatedResponse' as Json.
2025-09-03 17:14:18.345 +02:00 [INF] Executed endpoint 'HTTP: POST /sessions/'
2025-09-03 17:14:18.350 +02:00 [INF] Request finished HTTP/1.1 POST http://localhost:5088/sessions - 201 null application/json; charset=utf-8 61.4586ms
2025-09-03 17:14:18.363 +02:00 [INF] Request starting HTTP/1.1 OPTIONS http://localhost:5088/hubs/trace/negotiate?negotiateVersion=1 - null null
2025-09-03 17:14:18.369 +02:00 [INF] CORS policy execution successful.
2025-09-03 17:14:18.375 +02:00 [INF] Request finished HTTP/1.1 OPTIONS http://localhost:5088/hubs/trace/negotiate?negotiateVersion=1 - 204 null null 11.482ms
2025-09-03 17:14:18.377 +02:00 [INF] Request starting HTTP/1.1 POST http://localhost:5088/hubs/trace/negotiate?negotiateVersion=1 - null 0
2025-09-03 17:14:18.386 +02:00 [INF] CORS policy execution successful.
2025-09-03 17:14:18.391 +02:00 [INF] ApiKey was not authenticated. Failure message: Missing API key
2025-09-03 17:14:18.395 +02:00 [INF] Executing endpoint '/hubs/trace/negotiate'
2025-09-03 17:14:18.399 +02:00 [INF] Executed endpoint '/hubs/trace/negotiate'
2025-09-03 17:14:18.405 +02:00 [INF] Request finished HTTP/1.1 POST http://localhost:5088/hubs/trace/negotiate?negotiateVersion=1 - 200 316 application/json 27.9ms
2025-09-03 17:14:18.411 +02:00 [INF] Request starting HTTP/1.1 GET http://localhost:5088/hubs/trace?id=zNe0ErXFE1yqJHI7Q3VU7w - null null
2025-09-03 17:14:18.416 +02:00 [INF] CORS policy execution successful.
2025-09-03 17:14:18.421 +02:00 [INF] ApiKey was not authenticated. Failure message: Missing API key
2025-09-03 17:14:18.425 +02:00 [INF] Executing endpoint '/hubs/trace'
2025-09-03 17:14:20.569 +02:00 [INF] Request starting HTTP/1.1 OPTIONS http://localhost:5088/sessions/831ba91f-2c84-4857-b8c9-f5c1a3a25d74/messages - null null
2025-09-03 17:14:20.576 +02:00 [INF] CORS policy execution successful.
2025-09-03 17:14:20.580 +02:00 [INF] Request finished HTTP/1.1 OPTIONS http://localhost:5088/sessions/831ba91f-2c84-4857-b8c9-f5c1a3a25d74/messages - 204 null null 11.267ms
2025-09-03 17:14:20.585 +02:00 [INF] Request starting HTTP/1.1 POST http://localhost:5088/sessions/831ba91f-2c84-4857-b8c9-f5c1a3a25d74/messages - application/json 18
2025-09-03 17:14:20.590 +02:00 [INF] CORS policy execution successful.
2025-09-03 17:14:20.595 +02:00 [INF] Executing endpoint 'HTTP: POST /sessions/{id:guid}/messages'
2025-09-03 17:14:20.600 +02:00 [INF] Executed DbCommand (0ms) [Parameters=[@__p_0='?' (DbType = Guid)], CommandType='"Text"', CommandTimeout='30']
SELECT "s"."Id", "s"."AgentId", "s"."EndedUtc", "s"."LastEventIdx", "s"."StartedUtc", "s"."Status", "s"."UserId"
FROM "Sessions" AS "s"
WHERE "s"."Id" = @__p_0
LIMIT 1
2025-09-03 17:14:20.625 +02:00 [INF] Executed DbCommand (18ms) [Parameters=[@p0='?' (DbType = Guid), @p1='?' (Size = 4), @p2='?' (DbType = DateTime), @p3='?', @p4='?' (Size = 4), @p5='?' (DbType = Guid), @p6='?'], CommandType='"Text"', CommandTimeout='30']
INSERT INTO "Messages" ("Id", "Content", "CreatedUtc", "Kind", "Role", "SessionId", "TokenUsageJson")
VALUES (@p0, @p1, @p2, @p3, @p4, @p5, @p6);
2025-09-03 17:14:20.631 +02:00 [INF] Setting HTTP status code 202.
2025-09-03 17:14:20.632 +02:00 [INF] Executed DbCommand (0ms) [Parameters=[@__p_0='?' (DbType = Guid)], CommandType='"Text"', CommandTimeout='30']
SELECT "a"."Id", "a"."Autonomy", "a"."CreatedUtc", "a"."GuardrailsJson", "a"."Name", "a"."ParamsJson", "a"."Provider", "a"."SystemPrompt", "a"."Temperature", "a"."TemplateRef", "a"."TokenBudget", "a"."ToolBudget", "a"."TopP", "a"."UpdatedUtc"
FROM "Agents" AS "a"
WHERE "a"."Id" = @__p_0
LIMIT 1
2025-09-03 17:14:20.637 +02:00 [INF] Writing value of type 'AcceptedResponse' as Json.
2025-09-03 17:14:20.648 +02:00 [INF] Executed endpoint 'HTTP: POST /sessions/{id:guid}/messages'
2025-09-03 17:14:20.653 +02:00 [INF] Request finished HTTP/1.1 POST http://localhost:5088/sessions/831ba91f-2c84-4857-b8c9-f5c1a3a25d74/messages - 202 null application/json; charset=utf-8 68.2519ms
2025-09-03 17:14:20.655 +02:00 [INF] Executed DbCommand (9ms) [Parameters=[@p0='?' (DbType = Guid), @p1='?' (Size = 4), @p2='?' (DbType = DateTime), @p3='?', @p4='?' (Size = 4), @p5='?' (DbType = Guid), @p6='?'], CommandType='"Text"', CommandTimeout='30']
INSERT INTO "Messages" ("Id", "Content", "CreatedUtc", "Kind", "Role", "SessionId", "TokenUsageJson")
VALUES (@p0, @p1, @p2, @p3, @p4, @p5, @p6);
2025-09-03 17:14:20.667 +02:00 [INF] Executed DbCommand (0ms) [Parameters=[@__agentId_0='?' (DbType = Guid)], CommandType='"Text"', CommandTimeout='30']
SELECT "a"."Id", "a"."AgentId", "a"."ConfigJson", "a"."Enabled", "a"."ToolId", "t"."Id", "t"."Description", "t"."Enabled", "t"."InputSchemaJson", "t"."McpServerId", "t"."Name", "t"."Scope", "m"."Id", "m"."AuthType", "m"."BaseUrl", "m"."LastSeenUtc", "m"."MetadataJson", "m"."Name", "m"."Status"
FROM "AgentToolBindings" AS "a"
INNER JOIN "Tools" AS "t" ON "a"."ToolId" = "t"."Id"
INNER JOIN "McpServers" AS "m" ON "t"."McpServerId" = "m"."Id"
WHERE "a"."AgentId" = @__agentId_0 AND "a"."Enabled"
2025-09-03 17:14:20.677 +02:00 [INF] Executed DbCommand (1ms) [Parameters=[@__agentId_0='?' (DbType = Guid)], CommandType='"Text"', CommandTimeout='30']
SELECT "a"."Id", "a"."AgentId", "a"."ConfigJson", "a"."Enabled", "a"."ToolId", "t"."Id", "t"."Description", "t"."Enabled", "t"."InputSchemaJson", "t"."McpServerId", "t"."Name", "t"."Scope", "m"."Id", "m"."AuthType", "m"."BaseUrl", "m"."LastSeenUtc", "m"."MetadataJson", "m"."Name", "m"."Status"
FROM "AgentToolBindings" AS "a"
INNER JOIN "Tools" AS "t" ON "a"."ToolId" = "t"."Id"
INNER JOIN "McpServers" AS "m" ON "t"."McpServerId" = "m"."Id"
WHERE "a"."AgentId" = @__agentId_0 AND "a"."Enabled"
2025-09-03 17:14:20.685 +02:00 [INF] Executed DbCommand (0ms) [Parameters=[@__sessionId_0='?' (DbType = Guid), @__kind_1='?' (Size = 11), @__p_2='?' (DbType = Int32)], CommandType='"Text"', CommandTimeout='30']
SELECT "m"."Id", "m"."Content", "m"."CreatedUtc", "m"."Kind", "m"."Role", "m"."SessionId", "m"."TokenUsageJson"
FROM "Messages" AS "m"
WHERE "m"."SessionId" = @__sessionId_0 AND "m"."Kind" = @__kind_1
ORDER BY "m"."CreatedUtc" DESC
LIMIT @__p_2
2025-09-03 17:14:20.694 +02:00 [INF] Executed DbCommand (1ms) [Parameters=[@__sessionId_0='?' (DbType = Guid), @__p_1='?' (DbType = Int32)], CommandType='"Text"', CommandTimeout='30']
SELECT "m"."Id", "m"."Content", "m"."CreatedUtc", "m"."Kind", "m"."Role", "m"."SessionId", "m"."TokenUsageJson"
FROM "Messages" AS "m"
WHERE "m"."SessionId" = @__sessionId_0
ORDER BY "m"."CreatedUtc" DESC
LIMIT @__p_1
2025-09-03 17:14:20.701 +02:00 [INF] Executed DbCommand (0ms) [Parameters=[@__agentId_0='?' (DbType = Guid)], CommandType='"Text"', CommandTimeout='30']
SELECT "a"."Id", "a"."AgentId", "a"."ConfigJson", "a"."Enabled", "a"."ToolId", "t"."Id", "t"."Description", "t"."Enabled", "t"."InputSchemaJson", "t"."McpServerId", "t"."Name", "t"."Scope", "m"."Id", "m"."AuthType", "m"."BaseUrl", "m"."LastSeenUtc", "m"."MetadataJson", "m"."Name", "m"."Status"
FROM "AgentToolBindings" AS "a"
INNER JOIN "Tools" AS "t" ON "a"."ToolId" = "t"."Id"
INNER JOIN "McpServers" AS "m" ON "t"."McpServerId" = "m"."Id"
WHERE "a"."AgentId" = @__agentId_0 AND "a"."Enabled"
2025-09-03 17:14:20.710 +02:00 [INF] Executed DbCommand (1ms) [Parameters=[@__agentId_0='?' (DbType = Guid)], CommandType='"Text"', CommandTimeout='30']
SELECT "a"."Id", "a"."AgentId", "a"."ConfigJson", "a"."Enabled", "a"."ToolId", "t"."Id", "t"."Description", "t"."Enabled", "t"."InputSchemaJson", "t"."McpServerId", "t"."Name", "t"."Scope", "m"."Id", "m"."AuthType", "m"."BaseUrl", "m"."LastSeenUtc", "m"."MetadataJson", "m"."Name", "m"."Status"
FROM "AgentToolBindings" AS "a"
INNER JOIN "Tools" AS "t" ON "a"."ToolId" = "t"."Id"
INNER JOIN "McpServers" AS "m" ON "t"."McpServerId" = "m"."Id"
WHERE "a"."AgentId" = @__agentId_0 AND "a"."Enabled"
2025-09-03 17:14:21.769 +02:00 [INF] Executed DbCommand (0ms) [Parameters=[@__sessionId_0='?' (DbType = Guid), @__p_1='?' (DbType = Int32)], CommandType='"Text"', CommandTimeout='30']
SELECT "m"."Id", "m"."Content", "m"."CreatedUtc", "m"."Kind", "m"."Role", "m"."SessionId", "m"."TokenUsageJson"
FROM "Messages" AS "m"
WHERE "m"."SessionId" = @__sessionId_0
ORDER BY "m"."CreatedUtc" DESC
LIMIT @__p_1
2025-09-03 17:14:22.101 +02:00 [INF] Executed DbCommand (17ms) [Parameters=[@p0='?' (DbType = Guid), @p1='?' (Size = 33), @p2='?' (DbType = DateTime), @p3='?', @p4='?' (Size = 9), @p5='?' (DbType = Guid), @p6='?'], CommandType='"Text"', CommandTimeout='30']
INSERT INTO "Messages" ("Id", "Content", "CreatedUtc", "Kind", "Role", "SessionId", "TokenUsageJson")
VALUES (@p0, @p1, @p2, @p3, @p4, @p5, @p6);
2025-09-03 17:14:22.116 +02:00 [INF] Executed DbCommand (9ms) [Parameters=[@p0='?' (DbType = Guid), @p1='?' (Size = 33), @p2='?' (DbType = DateTime), @p3='?', @p4='?' (Size = 9), @p5='?' (DbType = Guid), @p6='?'], CommandType='"Text"', CommandTimeout='30']
INSERT INTO "Messages" ("Id", "Content", "CreatedUtc", "Kind", "Role", "SessionId", "TokenUsageJson")
VALUES (@p0, @p1, @p2, @p3, @p4, @p5, @p6);
2025-09-03 17:14:26.156 +02:00 [INF] Request starting HTTP/1.1 OPTIONS http://localhost:5088/sessions/831ba91f-2c84-4857-b8c9-f5c1a3a25d74/messages - null null
2025-09-03 17:14:26.164 +02:00 [INF] CORS policy execution successful.
2025-09-03 17:14:26.168 +02:00 [INF] Request finished HTTP/1.1 OPTIONS http://localhost:5088/sessions/831ba91f-2c84-4857-b8c9-f5c1a3a25d74/messages - 204 null null 12.143ms
2025-09-03 17:14:26.173 +02:00 [INF] Request starting HTTP/1.1 POST http://localhost:5088/sessions/831ba91f-2c84-4857-b8c9-f5c1a3a25d74/messages - application/json 26
2025-09-03 17:14:26.178 +02:00 [INF] CORS policy execution successful.
2025-09-03 17:14:26.182 +02:00 [INF] Executing endpoint 'HTTP: POST /sessions/{id:guid}/messages'
2025-09-03 17:14:26.187 +02:00 [INF] Executed DbCommand (0ms) [Parameters=[@__p_0='?' (DbType = Guid)], CommandType='"Text"', CommandTimeout='30']
SELECT "s"."Id", "s"."AgentId", "s"."EndedUtc", "s"."LastEventIdx", "s"."StartedUtc", "s"."Status", "s"."UserId"
FROM "Sessions" AS "s"
WHERE "s"."Id" = @__p_0
LIMIT 1
2025-09-03 17:14:26.214 +02:00 [INF] Executed DbCommand (19ms) [Parameters=[@p0='?' (DbType = Guid), @p1='?' (Size = 11), @p2='?' (DbType = DateTime), @p3='?', @p4='?' (Size = 4), @p5='?' (DbType = Guid), @p6='?'], CommandType='"Text"', CommandTimeout='30']
INSERT INTO "Messages" ("Id", "Content", "CreatedUtc", "Kind", "Role", "SessionId", "TokenUsageJson")
VALUES (@p0, @p1, @p2, @p3, @p4, @p5, @p6);
2025-09-03 17:14:26.220 +02:00 [INF] Setting HTTP status code 202.
2025-09-03 17:14:26.221 +02:00 [INF] Executed DbCommand (0ms) [Parameters=[@__p_0='?' (DbType = Guid)], CommandType='"Text"', CommandTimeout='30']
SELECT "a"."Id", "a"."Autonomy", "a"."CreatedUtc", "a"."GuardrailsJson", "a"."Name", "a"."ParamsJson", "a"."Provider", "a"."SystemPrompt", "a"."Temperature", "a"."TemplateRef", "a"."TokenBudget", "a"."ToolBudget", "a"."TopP", "a"."UpdatedUtc"
FROM "Agents" AS "a"
WHERE "a"."Id" = @__p_0
LIMIT 1
2025-09-03 17:14:26.224 +02:00 [INF] Writing value of type 'AcceptedResponse' as Json.
2025-09-03 17:14:26.238 +02:00 [INF] Executed endpoint 'HTTP: POST /sessions/{id:guid}/messages'
2025-09-03 17:14:26.243 +02:00 [INF] Request finished HTTP/1.1 POST http://localhost:5088/sessions/831ba91f-2c84-4857-b8c9-f5c1a3a25d74/messages - 202 null application/json; charset=utf-8 70.1553ms
2025-09-03 17:14:26.245 +02:00 [INF] Executed DbCommand (10ms) [Parameters=[@p0='?' (DbType = Guid), @p1='?' (Size = 11), @p2='?' (DbType = DateTime), @p3='?', @p4='?' (Size = 4), @p5='?' (DbType = Guid), @p6='?'], CommandType='"Text"', CommandTimeout='30']
INSERT INTO "Messages" ("Id", "Content", "CreatedUtc", "Kind", "Role", "SessionId", "TokenUsageJson")
VALUES (@p0, @p1, @p2, @p3, @p4, @p5, @p6);
2025-09-03 17:14:26.256 +02:00 [INF] Executed DbCommand (0ms) [Parameters=[@__agentId_0='?' (DbType = Guid)], CommandType='"Text"', CommandTimeout='30']
SELECT "a"."Id", "a"."AgentId", "a"."ConfigJson", "a"."Enabled", "a"."ToolId", "t"."Id", "t"."Description", "t"."Enabled", "t"."InputSchemaJson", "t"."McpServerId", "t"."Name", "t"."Scope", "m"."Id", "m"."AuthType", "m"."BaseUrl", "m"."LastSeenUtc", "m"."MetadataJson", "m"."Name", "m"."Status"
FROM "AgentToolBindings" AS "a"
INNER JOIN "Tools" AS "t" ON "a"."ToolId" = "t"."Id"
INNER JOIN "McpServers" AS "m" ON "t"."McpServerId" = "m"."Id"
WHERE "a"."AgentId" = @__agentId_0 AND "a"."Enabled"
2025-09-03 17:14:26.264 +02:00 [INF] Executed DbCommand (0ms) [Parameters=[@__agentId_0='?' (DbType = Guid)], CommandType='"Text"', CommandTimeout='30']
SELECT "a"."Id", "a"."AgentId", "a"."ConfigJson", "a"."Enabled", "a"."ToolId", "t"."Id", "t"."Description", "t"."Enabled", "t"."InputSchemaJson", "t"."McpServerId", "t"."Name", "t"."Scope", "m"."Id", "m"."AuthType", "m"."BaseUrl", "m"."LastSeenUtc", "m"."MetadataJson", "m"."Name", "m"."Status"
FROM "AgentToolBindings" AS "a"
INNER JOIN "Tools" AS "t" ON "a"."ToolId" = "t"."Id"
INNER JOIN "McpServers" AS "m" ON "t"."McpServerId" = "m"."Id"
WHERE "a"."AgentId" = @__agentId_0 AND "a"."Enabled"
2025-09-03 17:14:26.272 +02:00 [INF] Executed DbCommand (0ms) [Parameters=[@__sessionId_0='?' (DbType = Guid), @__kind_1='?' (Size = 11), @__p_2='?' (DbType = Int32)], CommandType='"Text"', CommandTimeout='30']
SELECT "m"."Id", "m"."Content", "m"."CreatedUtc", "m"."Kind", "m"."Role", "m"."SessionId", "m"."TokenUsageJson"
FROM "Messages" AS "m"
WHERE "m"."SessionId" = @__sessionId_0 AND "m"."Kind" = @__kind_1
ORDER BY "m"."CreatedUtc" DESC
LIMIT @__p_2
2025-09-03 17:14:26.281 +02:00 [INF] Executed DbCommand (1ms) [Parameters=[@__sessionId_0='?' (DbType = Guid), @__p_1='?' (DbType = Int32)], CommandType='"Text"', CommandTimeout='30']
SELECT "m"."Id", "m"."Content", "m"."CreatedUtc", "m"."Kind", "m"."Role", "m"."SessionId", "m"."TokenUsageJson"
FROM "Messages" AS "m"
WHERE "m"."SessionId" = @__sessionId_0
ORDER BY "m"."CreatedUtc" DESC
LIMIT @__p_1
2025-09-03 17:14:26.287 +02:00 [INF] Executed DbCommand (0ms) [Parameters=[@__agentId_0='?' (DbType = Guid)], CommandType='"Text"', CommandTimeout='30']
SELECT "a"."Id", "a"."AgentId", "a"."ConfigJson", "a"."Enabled", "a"."ToolId", "t"."Id", "t"."Description", "t"."Enabled", "t"."InputSchemaJson", "t"."McpServerId", "t"."Name", "t"."Scope", "m"."Id", "m"."AuthType", "m"."BaseUrl", "m"."LastSeenUtc", "m"."MetadataJson", "m"."Name", "m"."Status"
FROM "AgentToolBindings" AS "a"
INNER JOIN "Tools" AS "t" ON "a"."ToolId" = "t"."Id"
INNER JOIN "McpServers" AS "m" ON "t"."McpServerId" = "m"."Id"
WHERE "a"."AgentId" = @__agentId_0 AND "a"."Enabled"
2025-09-03 17:14:26.295 +02:00 [INF] Executed DbCommand (1ms) [Parameters=[@__agentId_0='?' (DbType = Guid)], CommandType='"Text"', CommandTimeout='30']
SELECT "a"."Id", "a"."AgentId", "a"."ConfigJson", "a"."Enabled", "a"."ToolId", "t"."Id", "t"."Description", "t"."Enabled", "t"."InputSchemaJson", "t"."McpServerId", "t"."Name", "t"."Scope", "m"."Id", "m"."AuthType", "m"."BaseUrl", "m"."LastSeenUtc", "m"."MetadataJson", "m"."Name", "m"."Status"
FROM "AgentToolBindings" AS "a"
INNER JOIN "Tools" AS "t" ON "a"."ToolId" = "t"."Id"
INNER JOIN "McpServers" AS "m" ON "t"."McpServerId" = "m"."Id"
WHERE "a"."AgentId" = @__agentId_0 AND "a"."Enabled"
2025-09-03 17:14:27.568 +02:00 [INF] Executed DbCommand (0ms) [Parameters=[@__sessionId_0='?' (DbType = Guid), @__p_1='?' (DbType = Int32)], CommandType='"Text"', CommandTimeout='30']
SELECT "m"."Id", "m"."Content", "m"."CreatedUtc", "m"."Kind", "m"."Role", "m"."SessionId", "m"."TokenUsageJson"
FROM "Messages" AS "m"
WHERE "m"."SessionId" = @__sessionId_0
ORDER BY "m"."CreatedUtc" DESC
LIMIT @__p_1
2025-09-03 17:14:28.022 +02:00 [INF] Executed DbCommand (17ms) [Parameters=[@p0='?' (DbType = Guid), @p1='?' (Size = 82), @p2='?' (DbType = DateTime), @p3='?', @p4='?' (Size = 9), @p5='?' (DbType = Guid), @p6='?'], CommandType='"Text"', CommandTimeout='30']
INSERT INTO "Messages" ("Id", "Content", "CreatedUtc", "Kind", "Role", "SessionId", "TokenUsageJson")
VALUES (@p0, @p1, @p2, @p3, @p4, @p5, @p6);
2025-09-03 17:14:28.039 +02:00 [INF] Executed DbCommand (8ms) [Parameters=[@p0='?' (DbType = Guid), @p1='?' (Size = 82), @p2='?' (DbType = DateTime), @p3='?', @p4='?' (Size = 9), @p5='?' (DbType = Guid), @p6='?'], CommandType='"Text"', CommandTimeout='30']
INSERT INTO "Messages" ("Id", "Content", "CreatedUtc", "Kind", "Role", "SessionId", "TokenUsageJson")
VALUES (@p0, @p1, @p2, @p3, @p4, @p5, @p6);
2025-09-03 17:14:33.729 +02:00 [INF] Request starting HTTP/1.1 OPTIONS http://localhost:5088/sessions/831ba91f-2c84-4857-b8c9-f5c1a3a25d74/messages - null null
2025-09-03 17:14:33.737 +02:00 [INF] CORS policy execution successful.
2025-09-03 17:14:33.744 +02:00 [INF] Request finished HTTP/1.1 OPTIONS http://localhost:5088/sessions/831ba91f-2c84-4857-b8c9-f5c1a3a25d74/messages - 204 null null 14.3869ms
2025-09-03 17:14:33.751 +02:00 [INF] Request starting HTTP/1.1 POST http://localhost:5088/sessions/831ba91f-2c84-4857-b8c9-f5c1a3a25d74/messages - application/json 44
2025-09-03 17:14:33.757 +02:00 [INF] CORS policy execution successful.
2025-09-03 17:14:33.763 +02:00 [INF] Executing endpoint 'HTTP: POST /sessions/{id:guid}/messages'
2025-09-03 17:14:33.769 +02:00 [INF] Executed DbCommand (0ms) [Parameters=[@__p_0='?' (DbType = Guid)], CommandType='"Text"', CommandTimeout='30']
SELECT "s"."Id", "s"."AgentId", "s"."EndedUtc", "s"."LastEventIdx", "s"."StartedUtc", "s"."Status", "s"."UserId"
FROM "Sessions" AS "s"
WHERE "s"."Id" = @__p_0
LIMIT 1
2025-09-03 17:14:33.794 +02:00 [INF] Executed DbCommand (18ms) [Parameters=[@p0='?' (DbType = Guid), @p1='?' (Size = 29), @p2='?' (DbType = DateTime), @p3='?', @p4='?' (Size = 4), @p5='?' (DbType = Guid), @p6='?'], CommandType='"Text"', CommandTimeout='30']
INSERT INTO "Messages" ("Id", "Content", "CreatedUtc", "Kind", "Role", "SessionId", "TokenUsageJson")
VALUES (@p0, @p1, @p2, @p3, @p4, @p5, @p6);
2025-09-03 17:14:33.800 +02:00 [INF] Setting HTTP status code 202.
2025-09-03 17:14:33.802 +02:00 [INF] Executed DbCommand (1ms) [Parameters=[@__p_0='?' (DbType = Guid)], CommandType='"Text"', CommandTimeout='30']
SELECT "a"."Id", "a"."Autonomy", "a"."CreatedUtc", "a"."GuardrailsJson", "a"."Name", "a"."ParamsJson", "a"."Provider", "a"."SystemPrompt", "a"."Temperature", "a"."TemplateRef", "a"."TokenBudget", "a"."ToolBudget", "a"."TopP", "a"."UpdatedUtc"
FROM "Agents" AS "a"
WHERE "a"."Id" = @__p_0
LIMIT 1
2025-09-03 17:14:33.806 +02:00 [INF] Writing value of type 'AcceptedResponse' as Json.
2025-09-03 17:14:33.815 +02:00 [INF] Executed endpoint 'HTTP: POST /sessions/{id:guid}/messages'
2025-09-03 17:14:33.820 +02:00 [INF] Executed DbCommand (9ms) [Parameters=[@p0='?' (DbType = Guid), @p1='?' (Size = 29), @p2='?' (DbType = DateTime), @p3='?', @p4='?' (Size = 4), @p5='?' (DbType = Guid), @p6='?'], CommandType='"Text"', CommandTimeout='30']
INSERT INTO "Messages" ("Id", "Content", "CreatedUtc", "Kind", "Role", "SessionId", "TokenUsageJson")
VALUES (@p0, @p1, @p2, @p3, @p4, @p5, @p6);
2025-09-03 17:14:33.821 +02:00 [INF] Request finished HTTP/1.1 POST http://localhost:5088/sessions/831ba91f-2c84-4857-b8c9-f5c1a3a25d74/messages - 202 null application/json; charset=utf-8 69.2113ms
2025-09-03 17:14:33.827 +02:00 [INF] Executed DbCommand (0ms) [Parameters=[@__agentId_0='?' (DbType = Guid)], CommandType='"Text"', CommandTimeout='30']
SELECT "a"."Id", "a"."AgentId", "a"."ConfigJson", "a"."Enabled", "a"."ToolId", "t"."Id", "t"."Description", "t"."Enabled", "t"."InputSchemaJson", "t"."McpServerId", "t"."Name", "t"."Scope", "m"."Id", "m"."AuthType", "m"."BaseUrl", "m"."LastSeenUtc", "m"."MetadataJson", "m"."Name", "m"."Status"
FROM "AgentToolBindings" AS "a"
INNER JOIN "Tools" AS "t" ON "a"."ToolId" = "t"."Id"
INNER JOIN "McpServers" AS "m" ON "t"."McpServerId" = "m"."Id"
WHERE "a"."AgentId" = @__agentId_0 AND "a"."Enabled"
2025-09-03 17:14:33.839 +02:00 [INF] Executed DbCommand (0ms) [Parameters=[@__agentId_0='?' (DbType = Guid)], CommandType='"Text"', CommandTimeout='30']
SELECT "a"."Id", "a"."AgentId", "a"."ConfigJson", "a"."Enabled", "a"."ToolId", "t"."Id", "t"."Description", "t"."Enabled", "t"."InputSchemaJson", "t"."McpServerId", "t"."Name", "t"."Scope", "m"."Id", "m"."AuthType", "m"."BaseUrl", "m"."LastSeenUtc", "m"."MetadataJson", "m"."Name", "m"."Status"
FROM "AgentToolBindings" AS "a"
INNER JOIN "Tools" AS "t" ON "a"."ToolId" = "t"."Id"
INNER JOIN "McpServers" AS "m" ON "t"."McpServerId" = "m"."Id"
WHERE "a"."AgentId" = @__agentId_0 AND "a"."Enabled"
2025-09-03 17:14:33.849 +02:00 [INF] Executed DbCommand (1ms) [Parameters=[@__sessionId_0='?' (DbType = Guid), @__kind_1='?' (Size = 11), @__p_2='?' (DbType = Int32)], CommandType='"Text"', CommandTimeout='30']
SELECT "m"."Id", "m"."Content", "m"."CreatedUtc", "m"."Kind", "m"."Role", "m"."SessionId", "m"."TokenUsageJson"
FROM "Messages" AS "m"
WHERE "m"."SessionId" = @__sessionId_0 AND "m"."Kind" = @__kind_1
ORDER BY "m"."CreatedUtc" DESC
LIMIT @__p_2
2025-09-03 17:14:33.858 +02:00 [INF] Executed DbCommand (1ms) [Parameters=[@__sessionId_0='?' (DbType = Guid), @__p_1='?' (DbType = Int32)], CommandType='"Text"', CommandTimeout='30']
SELECT "m"."Id", "m"."Content", "m"."CreatedUtc", "m"."Kind", "m"."Role", "m"."SessionId", "m"."TokenUsageJson"
FROM "Messages" AS "m"
WHERE "m"."SessionId" = @__sessionId_0
ORDER BY "m"."CreatedUtc" DESC
LIMIT @__p_1
2025-09-03 17:14:33.869 +02:00 [INF] Executed DbCommand (1ms) [Parameters=[@__agentId_0='?' (DbType = Guid)], CommandType='"Text"', CommandTimeout='30']
SELECT "a"."Id", "a"."AgentId", "a"."ConfigJson", "a"."Enabled", "a"."ToolId", "t"."Id", "t"."Description", "t"."Enabled", "t"."InputSchemaJson", "t"."McpServerId", "t"."Name", "t"."Scope", "m"."Id", "m"."AuthType", "m"."BaseUrl", "m"."LastSeenUtc", "m"."MetadataJson", "m"."Name", "m"."Status"
FROM "AgentToolBindings" AS "a"
INNER JOIN "Tools" AS "t" ON "a"."ToolId" = "t"."Id"
INNER JOIN "McpServers" AS "m" ON "t"."McpServerId" = "m"."Id"
WHERE "a"."AgentId" = @__agentId_0 AND "a"."Enabled"
2025-09-03 17:14:33.876 +02:00 [INF] Executed DbCommand (0ms) [Parameters=[@__agentId_0='?' (DbType = Guid)], CommandType='"Text"', CommandTimeout='30']
SELECT "a"."Id", "a"."AgentId", "a"."ConfigJson", "a"."Enabled", "a"."ToolId", "t"."Id", "t"."Description", "t"."Enabled", "t"."InputSchemaJson", "t"."McpServerId", "t"."Name", "t"."Scope", "m"."Id", "m"."AuthType", "m"."BaseUrl", "m"."LastSeenUtc", "m"."MetadataJson", "m"."Name", "m"."Status"
FROM "AgentToolBindings" AS "a"
INNER JOIN "Tools" AS "t" ON "a"."ToolId" = "t"."Id"
INNER JOIN "McpServers" AS "m" ON "t"."McpServerId" = "m"."Id"
WHERE "a"."AgentId" = @__agentId_0 AND "a"."Enabled"
2025-09-03 17:14:35.263 +02:00 [INF] Executed DbCommand (0ms) [Parameters=[@__sessionId_0='?' (DbType = Guid), @__p_1='?' (DbType = Int32)], CommandType='"Text"', CommandTimeout='30']
SELECT "m"."Id", "m"."Content", "m"."CreatedUtc", "m"."Kind", "m"."Role", "m"."SessionId", "m"."TokenUsageJson"
FROM "Messages" AS "m"
WHERE "m"."SessionId" = @__sessionId_0
ORDER BY "m"."CreatedUtc" DESC
LIMIT @__p_1
2025-09-03 17:14:37.454 +02:00 [INF] Executed DbCommand (18ms) [Parameters=[@p0='?' (DbType = Guid), @p1='?' (Size = 1022), @p2='?' (DbType = DateTime), @p3='?', @p4='?' (Size = 9), @p5='?' (DbType = Guid), @p6='?'], CommandType='"Text"', CommandTimeout='30']
INSERT INTO "Messages" ("Id", "Content", "CreatedUtc", "Kind", "Role", "SessionId", "TokenUsageJson")
VALUES (@p0, @p1, @p2, @p3, @p4, @p5, @p6);
2025-09-03 17:14:37.470 +02:00 [INF] Executed DbCommand (9ms) [Parameters=[@p0='?' (DbType = Guid), @p1='?' (Size = 1022), @p2='?' (DbType = DateTime), @p3='?', @p4='?' (Size = 9), @p5='?' (DbType = Guid), @p6='?'], CommandType='"Text"', CommandTimeout='30']
INSERT INTO "Messages" ("Id", "Content", "CreatedUtc", "Kind", "Role", "SessionId", "TokenUsageJson")
VALUES (@p0, @p1, @p2, @p3, @p4, @p5, @p6);
2025-09-03 17:14:38.295 +02:00 [INF] Request starting HTTP/1.1 OPTIONS http://localhost:5088/sessions/831ba91f-2c84-4857-b8c9-f5c1a3a25d74/messages - null null
2025-09-03 17:14:38.301 +02:00 [INF] CORS policy execution successful.
2025-09-03 17:14:38.307 +02:00 [INF] Request finished HTTP/1.1 OPTIONS http://localhost:5088/sessions/831ba91f-2c84-4857-b8c9-f5c1a3a25d74/messages - 204 null null 12.5476ms
2025-09-03 17:14:38.313 +02:00 [INF] Request starting HTTP/1.1 POST http://localhost:5088/sessions/831ba91f-2c84-4857-b8c9-f5c1a3a25d74/messages - application/json 26
2025-09-03 17:14:38.318 +02:00 [INF] CORS policy execution successful.
2025-09-03 17:14:38.323 +02:00 [INF] Executing endpoint 'HTTP: POST /sessions/{id:guid}/messages'
2025-09-03 17:14:38.329 +02:00 [INF] Executed DbCommand (0ms) [Parameters=[@__p_0='?' (DbType = Guid)], CommandType='"Text"', CommandTimeout='30']
SELECT "s"."Id", "s"."AgentId", "s"."EndedUtc", "s"."LastEventIdx", "s"."StartedUtc", "s"."Status", "s"."UserId"
FROM "Sessions" AS "s"
WHERE "s"."Id" = @__p_0
LIMIT 1
2025-09-03 17:14:38.356 +02:00 [INF] Executed DbCommand (19ms) [Parameters=[@p0='?' (DbType = Guid), @p1='?' (Size = 12), @p2='?' (DbType = DateTime), @p3='?', @p4='?' (Size = 4), @p5='?' (DbType = Guid), @p6='?'], CommandType='"Text"', CommandTimeout='30']
INSERT INTO "Messages" ("Id", "Content", "CreatedUtc", "Kind", "Role", "SessionId", "TokenUsageJson")
VALUES (@p0, @p1, @p2, @p3, @p4, @p5, @p6);
2025-09-03 17:14:38.362 +02:00 [INF] Setting HTTP status code 202.
2025-09-03 17:14:38.363 +02:00 [INF] Executed DbCommand (0ms) [Parameters=[@__p_0='?' (DbType = Guid)], CommandType='"Text"', CommandTimeout='30']
SELECT "a"."Id", "a"."Autonomy", "a"."CreatedUtc", "a"."GuardrailsJson", "a"."Name", "a"."ParamsJson", "a"."Provider", "a"."SystemPrompt", "a"."Temperature", "a"."TemplateRef", "a"."TokenBudget", "a"."ToolBudget", "a"."TopP", "a"."UpdatedUtc"
FROM "Agents" AS "a"
WHERE "a"."Id" = @__p_0
LIMIT 1
2025-09-03 17:14:38.366 +02:00 [INF] Writing value of type 'AcceptedResponse' as Json.
2025-09-03 17:14:38.379 +02:00 [INF] Executed endpoint 'HTTP: POST /sessions/{id:guid}/messages'
2025-09-03 17:14:38.384 +02:00 [INF] Request finished HTTP/1.1 POST http://localhost:5088/sessions/831ba91f-2c84-4857-b8c9-f5c1a3a25d74/messages - 202 null application/json; charset=utf-8 70.6102ms
2025-09-03 17:14:38.386 +02:00 [INF] Executed DbCommand (10ms) [Parameters=[@p0='?' (DbType = Guid), @p1='?' (Size = 12), @p2='?' (DbType = DateTime), @p3='?', @p4='?' (Size = 4), @p5='?' (DbType = Guid), @p6='?'], CommandType='"Text"', CommandTimeout='30']
INSERT INTO "Messages" ("Id", "Content", "CreatedUtc", "Kind", "Role", "SessionId", "TokenUsageJson")
VALUES (@p0, @p1, @p2, @p3, @p4, @p5, @p6);
2025-09-03 17:14:38.400 +02:00 [INF] Executed DbCommand (1ms) [Parameters=[@__agentId_0='?' (DbType = Guid)], CommandType='"Text"', CommandTimeout='30']
SELECT "a"."Id", "a"."AgentId", "a"."ConfigJson", "a"."Enabled", "a"."ToolId", "t"."Id", "t"."Description", "t"."Enabled", "t"."InputSchemaJson", "t"."McpServerId", "t"."Name", "t"."Scope", "m"."Id", "m"."AuthType", "m"."BaseUrl", "m"."LastSeenUtc", "m"."MetadataJson", "m"."Name", "m"."Status"
FROM "AgentToolBindings" AS "a"
INNER JOIN "Tools" AS "t" ON "a"."ToolId" = "t"."Id"
INNER JOIN "McpServers" AS "m" ON "t"."McpServerId" = "m"."Id"
WHERE "a"."AgentId" = @__agentId_0 AND "a"."Enabled"
2025-09-03 17:14:38.410 +02:00 [INF] Executed DbCommand (1ms) [Parameters=[@__agentId_0='?' (DbType = Guid)], CommandType='"Text"', CommandTimeout='30']
SELECT "a"."Id", "a"."AgentId", "a"."ConfigJson", "a"."Enabled", "a"."ToolId", "t"."Id", "t"."Description", "t"."Enabled", "t"."InputSchemaJson", "t"."McpServerId", "t"."Name", "t"."Scope", "m"."Id", "m"."AuthType", "m"."BaseUrl", "m"."LastSeenUtc", "m"."MetadataJson", "m"."Name", "m"."Status"
FROM "AgentToolBindings" AS "a"
INNER JOIN "Tools" AS "t" ON "a"."ToolId" = "t"."Id"
INNER JOIN "McpServers" AS "m" ON "t"."McpServerId" = "m"."Id"
WHERE "a"."AgentId" = @__agentId_0 AND "a"."Enabled"
2025-09-03 17:14:38.421 +02:00 [INF] Executed DbCommand (1ms) [Parameters=[@__sessionId_0='?' (DbType = Guid), @__kind_1='?' (Size = 11), @__p_2='?' (DbType = Int32)], CommandType='"Text"', CommandTimeout='30']
SELECT "m"."Id", "m"."Content", "m"."CreatedUtc", "m"."Kind", "m"."Role", "m"."SessionId", "m"."TokenUsageJson"
FROM "Messages" AS "m"
WHERE "m"."SessionId" = @__sessionId_0 AND "m"."Kind" = @__kind_1
ORDER BY "m"."CreatedUtc" DESC
LIMIT @__p_2
2025-09-03 17:14:38.430 +02:00 [INF] Executed DbCommand (0ms) [Parameters=[@__sessionId_0='?' (DbType = Guid), @__p_1='?' (DbType = Int32)], CommandType='"Text"', CommandTimeout='30']
SELECT "m"."Id", "m"."Content", "m"."CreatedUtc", "m"."Kind", "m"."Role", "m"."SessionId", "m"."TokenUsageJson"
FROM "Messages" AS "m"
WHERE "m"."SessionId" = @__sessionId_0
ORDER BY "m"."CreatedUtc" DESC
LIMIT @__p_1
2025-09-03 17:14:38.440 +02:00 [INF] Executed DbCommand (1ms) [Parameters=[@__agentId_0='?' (DbType = Guid)], CommandType='"Text"', CommandTimeout='30']
SELECT "a"."Id", "a"."AgentId", "a"."ConfigJson", "a"."Enabled", "a"."ToolId", "t"."Id", "t"."Description", "t"."Enabled", "t"."InputSchemaJson", "t"."McpServerId", "t"."Name", "t"."Scope", "m"."Id", "m"."AuthType", "m"."BaseUrl", "m"."LastSeenUtc", "m"."MetadataJson", "m"."Name", "m"."Status"
FROM "AgentToolBindings" AS "a"
INNER JOIN "Tools" AS "t" ON "a"."ToolId" = "t"."Id"
INNER JOIN "McpServers" AS "m" ON "t"."McpServerId" = "m"."Id"
WHERE "a"."AgentId" = @__agentId_0 AND "a"."Enabled"
2025-09-03 17:14:38.448 +02:00 [INF] Executed DbCommand (0ms) [Parameters=[@__agentId_0='?' (DbType = Guid)], CommandType='"Text"', CommandTimeout='30']
SELECT "a"."Id", "a"."AgentId", "a"."ConfigJson", "a"."Enabled", "a"."ToolId", "t"."Id", "t"."Description", "t"."Enabled", "t"."InputSchemaJson", "t"."McpServerId", "t"."Name", "t"."Scope", "m"."Id", "m"."AuthType", "m"."BaseUrl", "m"."LastSeenUtc", "m"."MetadataJson", "m"."Name", "m"."Status"
FROM "AgentToolBindings" AS "a"
INNER JOIN "Tools" AS "t" ON "a"."ToolId" = "t"."Id"
INNER JOIN "McpServers" AS "m" ON "t"."McpServerId" = "m"."Id"
WHERE "a"."AgentId" = @__agentId_0 AND "a"."Enabled"
2025-09-03 17:14:39.137 +02:00 [INF] Executed DbCommand (1ms) [Parameters=[@__agentId_0='?' (DbType = Guid)], CommandType='"Text"', CommandTimeout='30']
SELECT "a"."Id", "a"."AgentId", "a"."ConfigJson", "a"."Enabled", "a"."ToolId", "t"."Id", "t"."Description", "t"."Enabled", "t"."InputSchemaJson", "t"."McpServerId", "t"."Name", "t"."Scope", "m"."Id", "m"."AuthType", "m"."BaseUrl", "m"."LastSeenUtc", "m"."MetadataJson", "m"."Name", "m"."Status"
FROM "AgentToolBindings" AS "a"
INNER JOIN "Tools" AS "t" ON "a"."ToolId" = "t"."Id"
INNER JOIN "McpServers" AS "m" ON "t"."McpServerId" = "m"."Id"
WHERE "a"."AgentId" = @__agentId_0 AND "a"."Enabled"
2025-09-03 17:14:39.147 +02:00 [INF] Executed DbCommand (0ms) [Parameters=[@__agentId_0='?' (DbType = Guid)], CommandType='"Text"', CommandTimeout='30']
SELECT "a"."Id", "a"."AgentId", "a"."ConfigJson", "a"."Enabled", "a"."ToolId", "t"."Id", "t"."Description", "t"."Enabled", "t"."InputSchemaJson", "t"."McpServerId", "t"."Name", "t"."Scope", "m"."Id", "m"."AuthType", "m"."BaseUrl", "m"."LastSeenUtc", "m"."MetadataJson", "m"."Name", "m"."Status"
FROM "AgentToolBindings" AS "a"
INNER JOIN "Tools" AS "t" ON "a"."ToolId" = "t"."Id"
INNER JOIN "McpServers" AS "m" ON "t"."McpServerId" = "m"."Id"
WHERE "a"."AgentId" = @__agentId_0 AND "a"."Enabled"
2025-09-03 17:14:39.707 +02:00 [INF] Executed DbCommand (0ms) [Parameters=[], CommandType='"Text"', CommandTimeout='30']
SELECT "m"."Id", "m"."AuthType", "m"."BaseUrl", "m"."LastSeenUtc", "m"."MetadataJson", "m"."Name", "m"."Status"
FROM "McpServers" AS "m"
ORDER BY "m"."LastSeenUtc"
2025-09-03 17:14:39.713 +02:00 [INF] Conectando a MCP WebSocket: ws://localhost:8970/ws
2025-09-03 17:14:39.872 +02:00 [ERR] Error inesperado en WebSocket: MCP Tool error: No se encontró el archivo de herramienta: ../../bundles\kb-tools\tools/summarize.js
2025-09-03 17:14:39.894 +02:00 [INF] Executed DbCommand (9ms) [Parameters=[@p0='?' (DbType = Guid), @p1='?' (Size = 153), @p2='?' (DbType = DateTime), @p3='?' (Size = 11), @p4='?' (Size = 9), @p5='?' (DbType = Guid), @p6='?'], CommandType='"Text"', CommandTimeout='30']
INSERT INTO "Messages" ("Id", "Content", "CreatedUtc", "Kind", "Role", "SessionId", "TokenUsageJson")
VALUES (@p0, @p1, @p2, @p3, @p4, @p5, @p6);
2025-09-03 17:14:39.901 +02:00 [INF] Executed DbCommand (0ms) [Parameters=[@__sessionId_0='?' (DbType = Guid), @__p_1='?' (DbType = Int32)], CommandType='"Text"', CommandTimeout='30']
SELECT "m"."Id", "m"."Content", "m"."CreatedUtc", "m"."Kind", "m"."Role", "m"."SessionId", "m"."TokenUsageJson"
FROM "Messages" AS "m"
WHERE "m"."SessionId" = @__sessionId_0
ORDER BY "m"."CreatedUtc" DESC
LIMIT @__p_1
2025-09-03 17:14:42.115 +02:00 [INF] Executed DbCommand (19ms) [Parameters=[@p0='?' (DbType = Guid), @p1='?' (Size = 1267), @p2='?' (DbType = DateTime), @p3='?', @p4='?' (Size = 9), @p5='?' (DbType = Guid), @p6='?'], CommandType='"Text"', CommandTimeout='30']
INSERT INTO "Messages" ("Id", "Content", "CreatedUtc", "Kind", "Role", "SessionId", "TokenUsageJson")
VALUES (@p0, @p1, @p2, @p3, @p4, @p5, @p6);
2025-09-03 17:14:42.133 +02:00 [INF] Executed DbCommand (9ms) [Parameters=[@p0='?' (DbType = Guid), @p1='?' (Size = 1267), @p2='?' (DbType = DateTime), @p3='?', @p4='?' (Size = 9), @p5='?' (DbType = Guid), @p6='?'], CommandType='"Text"', CommandTimeout='30']
INSERT INTO "Messages" ("Id", "Content", "CreatedUtc", "Kind", "Role", "SessionId", "TokenUsageJson")
VALUES (@p0, @p1, @p2, @p3, @p4, @p5, @p6);
2025-09-03 17:14:51.272 +02:00 [INF] Request starting HTTP/1.1 OPTIONS http://localhost:5088/sessions/831ba91f-2c84-4857-b8c9-f5c1a3a25d74/messages - null null
2025-09-03 17:14:51.278 +02:00 [INF] CORS policy execution successful.
2025-09-03 17:14:51.282 +02:00 [INF] Request finished HTTP/1.1 OPTIONS http://localhost:5088/sessions/831ba91f-2c84-4857-b8c9-f5c1a3a25d74/messages - 204 null null 10.6665ms
2025-09-03 17:14:51.289 +02:00 [INF] Request starting HTTP/1.1 POST http://localhost:5088/sessions/831ba91f-2c84-4857-b8c9-f5c1a3a25d74/messages - application/json 30
2025-09-03 17:14:51.293 +02:00 [INF] CORS policy execution successful.
2025-09-03 17:14:51.299 +02:00 [INF] Executing endpoint 'HTTP: POST /sessions/{id:guid}/messages'
2025-09-03 17:14:51.304 +02:00 [INF] Executed DbCommand (0ms) [Parameters=[@__p_0='?' (DbType = Guid)], CommandType='"Text"', CommandTimeout='30']
SELECT "s"."Id", "s"."AgentId", "s"."EndedUtc", "s"."LastEventIdx", "s"."StartedUtc", "s"."Status", "s"."UserId"
FROM "Sessions" AS "s"
WHERE "s"."Id" = @__p_0
LIMIT 1
2025-09-03 17:14:51.327 +02:00 [INF] Executed DbCommand (17ms) [Parameters=[@p0='?' (DbType = Guid), @p1='?' (Size = 15), @p2='?' (DbType = DateTime), @p3='?', @p4='?' (Size = 4), @p5='?' (DbType = Guid), @p6='?'], CommandType='"Text"', CommandTimeout='30']
INSERT INTO "Messages" ("Id", "Content", "CreatedUtc", "Kind", "Role", "SessionId", "TokenUsageJson")
VALUES (@p0, @p1, @p2, @p3, @p4, @p5, @p6);
2025-09-03 17:14:51.335 +02:00 [INF] Setting HTTP status code 202.
2025-09-03 17:14:51.337 +02:00 [INF] Executed DbCommand (0ms) [Parameters=[@__p_0='?' (DbType = Guid)], CommandType='"Text"', CommandTimeout='30']
SELECT "a"."Id", "a"."Autonomy", "a"."CreatedUtc", "a"."GuardrailsJson", "a"."Name", "a"."ParamsJson", "a"."Provider", "a"."SystemPrompt", "a"."Temperature", "a"."TemplateRef", "a"."TokenBudget", "a"."ToolBudget", "a"."TopP", "a"."UpdatedUtc"
FROM "Agents" AS "a"
WHERE "a"."Id" = @__p_0
LIMIT 1
2025-09-03 17:14:51.341 +02:00 [INF] Writing value of type 'AcceptedResponse' as Json.
2025-09-03 17:14:51.353 +02:00 [INF] Executed endpoint 'HTTP: POST /sessions/{id:guid}/messages'
2025-09-03 17:14:51.358 +02:00 [INF] Request finished HTTP/1.1 POST http://localhost:5088/sessions/831ba91f-2c84-4857-b8c9-f5c1a3a25d74/messages - 202 null application/json; charset=utf-8 69.2631ms
2025-09-03 17:14:51.358 +02:00 [INF] Executed DbCommand (9ms) [Parameters=[@p0='?' (DbType = Guid), @p1='?' (Size = 15), @p2='?' (DbType = DateTime), @p3='?', @p4='?' (Size = 4), @p5='?' (DbType = Guid), @p6='?'], CommandType='"Text"', CommandTimeout='30']
INSERT INTO "Messages" ("Id", "Content", "CreatedUtc", "Kind", "Role", "SessionId", "TokenUsageJson")
VALUES (@p0, @p1, @p2, @p3, @p4, @p5, @p6);
2025-09-03 17:14:51.373 +02:00 [INF] Executed DbCommand (0ms) [Parameters=[@__agentId_0='?' (DbType = Guid)], CommandType='"Text"', CommandTimeout='30']
SELECT "a"."Id", "a"."AgentId", "a"."ConfigJson", "a"."Enabled", "a"."ToolId", "t"."Id", "t"."Description", "t"."Enabled", "t"."InputSchemaJson", "t"."McpServerId", "t"."Name", "t"."Scope", "m"."Id", "m"."AuthType", "m"."BaseUrl", "m"."LastSeenUtc", "m"."MetadataJson", "m"."Name", "m"."Status"
FROM "AgentToolBindings" AS "a"
INNER JOIN "Tools" AS "t" ON "a"."ToolId" = "t"."Id"
INNER JOIN "McpServers" AS "m" ON "t"."McpServerId" = "m"."Id"
WHERE "a"."AgentId" = @__agentId_0 AND "a"."Enabled"
2025-09-03 17:14:51.382 +02:00 [INF] Executed DbCommand (1ms) [Parameters=[@__agentId_0='?' (DbType = Guid)], CommandType='"Text"', CommandTimeout='30']
SELECT "a"."Id", "a"."AgentId", "a"."ConfigJson", "a"."Enabled", "a"."ToolId", "t"."Id", "t"."Description", "t"."Enabled", "t"."InputSchemaJson", "t"."McpServerId", "t"."Name", "t"."Scope", "m"."Id", "m"."AuthType", "m"."BaseUrl", "m"."LastSeenUtc", "m"."MetadataJson", "m"."Name", "m"."Status"
FROM "AgentToolBindings" AS "a"
INNER JOIN "Tools" AS "t" ON "a"."ToolId" = "t"."Id"
INNER JOIN "McpServers" AS "m" ON "t"."McpServerId" = "m"."Id"
WHERE "a"."AgentId" = @__agentId_0 AND "a"."Enabled"
2025-09-03 17:14:51.392 +02:00 [INF] Executed DbCommand (0ms) [Parameters=[@__sessionId_0='?' (DbType = Guid), @__kind_1='?' (Size = 11), @__p_2='?' (DbType = Int32)], CommandType='"Text"', CommandTimeout='30']
SELECT "m"."Id", "m"."Content", "m"."CreatedUtc", "m"."Kind", "m"."Role", "m"."SessionId", "m"."TokenUsageJson"
FROM "Messages" AS "m"
WHERE "m"."SessionId" = @__sessionId_0 AND "m"."Kind" = @__kind_1
ORDER BY "m"."CreatedUtc" DESC
LIMIT @__p_2
2025-09-03 17:14:51.401 +02:00 [INF] Executed DbCommand (1ms) [Parameters=[@__sessionId_0='?' (DbType = Guid), @__p_1='?' (DbType = Int32)], CommandType='"Text"', CommandTimeout='30']
SELECT "m"."Id", "m"."Content", "m"."CreatedUtc", "m"."Kind", "m"."Role", "m"."SessionId", "m"."TokenUsageJson"
FROM "Messages" AS "m"
WHERE "m"."SessionId" = @__sessionId_0
ORDER BY "m"."CreatedUtc" DESC
LIMIT @__p_1
2025-09-03 17:14:51.409 +02:00 [INF] Executed DbCommand (0ms) [Parameters=[@__agentId_0='?' (DbType = Guid)], CommandType='"Text"', CommandTimeout='30']
SELECT "a"."Id", "a"."AgentId", "a"."ConfigJson", "a"."Enabled", "a"."ToolId", "t"."Id", "t"."Description", "t"."Enabled", "t"."InputSchemaJson", "t"."McpServerId", "t"."Name", "t"."Scope", "m"."Id", "m"."AuthType", "m"."BaseUrl", "m"."LastSeenUtc", "m"."MetadataJson", "m"."Name", "m"."Status"
FROM "AgentToolBindings" AS "a"
INNER JOIN "Tools" AS "t" ON "a"."ToolId" = "t"."Id"
INNER JOIN "McpServers" AS "m" ON "t"."McpServerId" = "m"."Id"
WHERE "a"."AgentId" = @__agentId_0 AND "a"."Enabled"
2025-09-03 17:14:51.417 +02:00 [INF] Executed DbCommand (0ms) [Parameters=[@__agentId_0='?' (DbType = Guid)], CommandType='"Text"', CommandTimeout='30']
SELECT "a"."Id", "a"."AgentId", "a"."ConfigJson", "a"."Enabled", "a"."ToolId", "t"."Id", "t"."Description", "t"."Enabled", "t"."InputSchemaJson", "t"."McpServerId", "t"."Name", "t"."Scope", "m"."Id", "m"."AuthType", "m"."BaseUrl", "m"."LastSeenUtc", "m"."MetadataJson", "m"."Name", "m"."Status"
FROM "AgentToolBindings" AS "a"
INNER JOIN "Tools" AS "t" ON "a"."ToolId" = "t"."Id"
INNER JOIN "McpServers" AS "m" ON "t"."McpServerId" = "m"."Id"
WHERE "a"."AgentId" = @__agentId_0 AND "a"."Enabled"
2025-09-03 17:14:52.141 +02:00 [INF] Executed DbCommand (0ms) [Parameters=[@__agentId_0='?' (DbType = Guid)], CommandType='"Text"', CommandTimeout='30']
SELECT "a"."Id", "a"."AgentId", "a"."ConfigJson", "a"."Enabled", "a"."ToolId", "t"."Id", "t"."Description", "t"."Enabled", "t"."InputSchemaJson", "t"."McpServerId", "t"."Name", "t"."Scope", "m"."Id", "m"."AuthType", "m"."BaseUrl", "m"."LastSeenUtc", "m"."MetadataJson", "m"."Name", "m"."Status"
FROM "AgentToolBindings" AS "a"
INNER JOIN "Tools" AS "t" ON "a"."ToolId" = "t"."Id"
INNER JOIN "McpServers" AS "m" ON "t"."McpServerId" = "m"."Id"
WHERE "a"."AgentId" = @__agentId_0 AND "a"."Enabled"
2025-09-03 17:14:52.149 +02:00 [INF] Executed DbCommand (0ms) [Parameters=[@__agentId_0='?' (DbType = Guid)], CommandType='"Text"', CommandTimeout='30']
SELECT "a"."Id", "a"."AgentId", "a"."ConfigJson", "a"."Enabled", "a"."ToolId", "t"."Id", "t"."Description", "t"."Enabled", "t"."InputSchemaJson", "t"."McpServerId", "t"."Name", "t"."Scope", "m"."Id", "m"."AuthType", "m"."BaseUrl", "m"."LastSeenUtc", "m"."MetadataJson", "m"."Name", "m"."Status"
FROM "AgentToolBindings" AS "a"
INNER JOIN "Tools" AS "t" ON "a"."ToolId" = "t"."Id"
INNER JOIN "McpServers" AS "m" ON "t"."McpServerId" = "m"."Id"
WHERE "a"."AgentId" = @__agentId_0 AND "a"."Enabled"
2025-09-03 17:14:52.417 +02:00 [INF] Executed DbCommand (1ms) [Parameters=[], CommandType='"Text"', CommandTimeout='30']
SELECT "m"."Id", "m"."AuthType", "m"."BaseUrl", "m"."LastSeenUtc", "m"."MetadataJson", "m"."Name", "m"."Status"
FROM "McpServers" AS "m"
ORDER BY "m"."LastSeenUtc"
2025-09-03 17:14:52.425 +02:00 [INF] Conectando a MCP WebSocket: ws://localhost:8970/ws
2025-09-03 17:14:52.548 +02:00 [ERR] Error inesperado en WebSocket: MCP Tool error: No se encontró el archivo de herramienta: ../../bundles\kb-tools\tools/summarize.js
2025-09-03 17:14:52.565 +02:00 [INF] Executed DbCommand (10ms) [Parameters=[@p0='?' (DbType = Guid), @p1='?' (Size = 153), @p2='?' (DbType = DateTime), @p3='?' (Size = 11), @p4='?' (Size = 9), @p5='?' (DbType = Guid), @p6='?'], CommandType='"Text"', CommandTimeout='30']
INSERT INTO "Messages" ("Id", "Content", "CreatedUtc", "Kind", "Role", "SessionId", "TokenUsageJson")
VALUES (@p0, @p1, @p2, @p3, @p4, @p5, @p6);
2025-09-03 17:14:52.576 +02:00 [INF] Executed DbCommand (1ms) [Parameters=[@__sessionId_0='?' (DbType = Guid), @__p_1='?' (DbType = Int32)], CommandType='"Text"', CommandTimeout='30']
SELECT "m"."Id", "m"."Content", "m"."CreatedUtc", "m"."Kind", "m"."Role", "m"."SessionId", "m"."TokenUsageJson"
FROM "Messages" AS "m"
WHERE "m"."SessionId" = @__sessionId_0
ORDER BY "m"."CreatedUtc" DESC
LIMIT @__p_1
2025-09-03 17:14:55.610 +02:00 [INF] Executed DbCommand (22ms) [Parameters=[@p0='?' (DbType = Guid), @p1='?' (Size = 1542), @p2='?' (DbType = DateTime), @p3='?', @p4='?' (Size = 9), @p5='?' (DbType = Guid), @p6='?'], CommandType='"Text"', CommandTimeout='30']
INSERT INTO "Messages" ("Id", "Content", "CreatedUtc", "Kind", "Role", "SessionId", "TokenUsageJson")
VALUES (@p0, @p1, @p2, @p3, @p4, @p5, @p6);
2025-09-03 17:14:55.633 +02:00 [INF] Executed DbCommand (12ms) [Parameters=[@p0='?' (DbType = Guid), @p1='?' (Size = 1542), @p2='?' (DbType = DateTime), @p3='?', @p4='?' (Size = 9), @p5='?' (DbType = Guid), @p6='?'], CommandType='"Text"', CommandTimeout='30']
INSERT INTO "Messages" ("Id", "Content", "CreatedUtc", "Kind", "Role", "SessionId", "TokenUsageJson")
VALUES (@p0, @p1, @p2, @p3, @p4, @p5, @p6);
2025-09-03 17:15:22.334 +02:00 [INF] Request starting HTTP/1.1 OPTIONS http://localhost:5088/hubs/trace/negotiate?negotiateVersion=1 - null null
2025-09-03 17:15:22.336 +02:00 [INF] Executed endpoint '/hubs/trace'
2025-09-03 17:15:22.340 +02:00 [INF] CORS policy execution successful.
2025-09-03 17:15:22.345 +02:00 [INF] Request finished HTTP/1.1 GET http://localhost:5088/hubs/trace?id=zNe0ErXFE1yqJHI7Q3VU7w - 101 null null 63934.0361ms
2025-09-03 17:15:22.350 +02:00 [INF] Request finished HTTP/1.1 OPTIONS http://localhost:5088/hubs/trace/negotiate?negotiateVersion=1 - 204 null null 16.3533ms
2025-09-03 17:15:22.353 +02:00 [INF] Request starting HTTP/1.1 POST http://localhost:5088/hubs/trace/negotiate?negotiateVersion=1 - null 0
2025-09-03 17:15:22.367 +02:00 [INF] CORS policy execution successful.
2025-09-03 17:15:22.371 +02:00 [INF] ApiKey was not authenticated. Failure message: Missing API key
2025-09-03 17:15:22.377 +02:00 [INF] Executing endpoint '/hubs/trace/negotiate'
2025-09-03 17:15:22.382 +02:00 [INF] Executed endpoint '/hubs/trace/negotiate'
2025-09-03 17:15:22.387 +02:00 [INF] Request finished HTTP/1.1 POST http://localhost:5088/hubs/trace/negotiate?negotiateVersion=1 - 200 316 application/json 34.2028ms
2025-09-03 17:15:22.394 +02:00 [INF] Request starting HTTP/1.1 GET http://localhost:5088/hubs/trace?id=AfciKnz8xVB1qvJYzq6gjA - null null
2025-09-03 17:15:22.400 +02:00 [INF] CORS policy execution successful.
2025-09-03 17:15:22.407 +02:00 [INF] ApiKey was not authenticated. Failure message: Missing API key
2025-09-03 17:15:22.413 +02:00 [INF] Executing endpoint '/hubs/trace'
2025-09-03 17:15:27.312 +02:00 [INF] Executed endpoint '/hubs/trace'
2025-09-03 17:15:27.318 +02:00 [INF] Request finished HTTP/1.1 GET http://localhost:5088/hubs/trace?id=AfciKnz8xVB1qvJYzq6gjA - 101 null null 4924.0577ms
2025-09-03 17:15:27.786 +02:00 [INF] Request starting HTTP/1.1 OPTIONS http://localhost:5088/agents/1e5ffb9e-fb28-4405-b82b-b4647aa5a865 - null null
2025-09-03 17:15:27.787 +02:00 [INF] Request starting HTTP/1.1 OPTIONS http://localhost:5088/agents/1e5ffb9e-fb28-4405-b82b-b4647aa5a865/bindings - null null
2025-09-03 17:15:27.791 +02:00 [INF] CORS policy execution successful.
2025-09-03 17:15:27.797 +02:00 [INF] CORS policy execution successful.
2025-09-03 17:15:27.802 +02:00 [INF] Request finished HTTP/1.1 OPTIONS http://localhost:5088/agents/1e5ffb9e-fb28-4405-b82b-b4647aa5a865 - 204 null null 16.6784ms
2025-09-03 17:15:27.807 +02:00 [INF] Request finished HTTP/1.1 OPTIONS http://localhost:5088/agents/1e5ffb9e-fb28-4405-b82b-b4647aa5a865/bindings - 204 null null 20.3695ms
2025-09-03 17:15:27.813 +02:00 [INF] Request starting HTTP/1.1 GET http://localhost:5088/agents/1e5ffb9e-fb28-4405-b82b-b4647aa5a865 - application/json null
2025-09-03 17:15:27.820 +02:00 [INF] Request starting HTTP/1.1 GET http://localhost:5088/agents/1e5ffb9e-fb28-4405-b82b-b4647aa5a865/bindings - application/json null
2025-09-03 17:15:27.832 +02:00 [INF] CORS policy execution successful.
2025-09-03 17:15:27.838 +02:00 [INF] CORS policy execution successful.
2025-09-03 17:15:27.842 +02:00 [INF] Executing endpoint 'HTTP: GET /agents/{id:guid}'
2025-09-03 17:15:27.848 +02:00 [INF] Executing endpoint 'HTTP: GET /agents/{id:guid}/bindings'
2025-09-03 17:15:27.853 +02:00 [INF] Executed DbCommand (0ms) [Parameters=[@__p_0='?' (DbType = Guid)], CommandType='"Text"', CommandTimeout='30']
SELECT "a"."Id", "a"."Autonomy", "a"."CreatedUtc", "a"."GuardrailsJson", "a"."Name", "a"."ParamsJson", "a"."Provider", "a"."SystemPrompt", "a"."Temperature", "a"."TemplateRef", "a"."TokenBudget", "a"."ToolBudget", "a"."TopP", "a"."UpdatedUtc"
FROM "Agents" AS "a"
WHERE "a"."Id" = @__p_0
LIMIT 1
2025-09-03 17:15:27.857 +02:00 [INF] Executed DbCommand (0ms) [Parameters=[@__agentId_0='?' (DbType = Guid)], CommandType='"Text"', CommandTimeout='30']
SELECT "a"."Id", "a"."AgentId", "a"."ConfigJson", "a"."Enabled", "a"."ToolId"
FROM "AgentToolBindings" AS "a"
WHERE "a"."AgentId" = @__agentId_0
2025-09-03 17:15:27.861 +02:00 [INF] Setting HTTP status code 200.
2025-09-03 17:15:27.866 +02:00 [INF] Setting HTTP status code 200.
2025-09-03 17:15:27.870 +02:00 [INF] Writing value of type 'AgentResponse' as Json.
2025-09-03 17:15:27.874 +02:00 [INF] Writing value of type 'List`1' as Json.
2025-09-03 17:15:27.879 +02:00 [INF] Executed endpoint 'HTTP: GET /agents/{id:guid}'
2025-09-03 17:15:27.883 +02:00 [INF] Executed endpoint 'HTTP: GET /agents/{id:guid}/bindings'
2025-09-03 17:15:27.888 +02:00 [INF] Request finished HTTP/1.1 GET http://localhost:5088/agents/1e5ffb9e-fb28-4405-b82b-b4647aa5a865 - 200 null application/json; charset=utf-8 75.2226ms
2025-09-03 17:15:27.900 +02:00 [INF] Request finished HTTP/1.1 GET http://localhost:5088/agents/1e5ffb9e-fb28-4405-b82b-b4647aa5a865/bindings - 200 null application/json; charset=utf-8 79.9381ms
2025-09-03 17:17:41.747 +02:00 [INF] Request starting HTTP/1.1 OPTIONS http://localhost:5088/mcp/servers - null null
2025-09-03 17:17:41.747 +02:00 [INF] Request starting HTTP/1.1 OPTIONS http://localhost:5088/mcp/tools/all - null null
2025-09-03 17:17:41.758 +02:00 [INF] CORS policy execution successful.
2025-09-03 17:17:41.768 +02:00 [INF] CORS policy execution successful.
2025-09-03 17:17:41.774 +02:00 [INF] Request finished HTTP/1.1 OPTIONS http://localhost:5088/mcp/servers - 204 null null 26.9953ms
2025-09-03 17:17:41.781 +02:00 [INF] Request finished HTTP/1.1 OPTIONS http://localhost:5088/mcp/tools/all - 204 null null 34.7804ms
2025-09-03 17:17:41.793 +02:00 [INF] Request starting HTTP/1.1 GET http://localhost:5088/mcp/servers - application/json null
2025-09-03 17:17:41.801 +02:00 [INF] Request starting HTTP/1.1 GET http://localhost:5088/mcp/tools/all - application/json null
2025-09-03 17:17:41.809 +02:00 [INF] CORS policy execution successful.
2025-09-03 17:17:41.818 +02:00 [INF] CORS policy execution successful.
2025-09-03 17:17:41.834 +02:00 [INF] Executing endpoint 'HTTP: GET /mcp/servers'
2025-09-03 17:17:41.840 +02:00 [INF] Executing endpoint 'HTTP: GET /mcp/tools/all'
2025-09-03 17:17:41.851 +02:00 [INF] Executed DbCommand (1ms) [Parameters=[], CommandType='"Text"', CommandTimeout='30']
SELECT "m"."Id", "m"."AuthType", "m"."BaseUrl", "m"."LastSeenUtc", "m"."MetadataJson", "m"."Name", "m"."Status"
FROM "McpServers" AS "m"
ORDER BY "m"."LastSeenUtc"
2025-09-03 17:17:41.867 +02:00 [INF] Setting HTTP status code 200.
2025-09-03 17:17:41.888 +02:00 [INF] Writing value of type 'List`1' as Json.
2025-09-03 17:17:41.903 +02:00 [INF] Executed endpoint 'HTTP: GET /mcp/servers'
2025-09-03 17:17:41.908 +02:00 [INF] Executed DbCommand (1ms) [Parameters=[], CommandType='"Text"', CommandTimeout='30']
SELECT "t"."Id", "t"."Name", "t"."Description", "t"."Scope", "t"."InputSchemaJson", "t"."McpServerId" AS "ServerId", "m"."Name" AS "ServerName"
FROM "Tools" AS "t"
INNER JOIN "McpServers" AS "m" ON "t"."McpServerId" = "m"."Id"
2025-09-03 17:17:41.914 +02:00 [INF] Request finished HTTP/1.1 GET http://localhost:5088/mcp/servers - 200 null application/json; charset=utf-8 120.2321ms
2025-09-03 17:17:41.922 +02:00 [INF] Setting HTTP status code 200.
2025-09-03 17:17:41.935 +02:00 [INF] Writing value of type 'List`1' as Json.
2025-09-03 17:17:41.945 +02:00 [INF] Executed endpoint 'HTTP: GET /mcp/tools/all'
2025-09-03 17:17:41.953 +02:00 [INF] Request finished HTTP/1.1 GET http://localhost:5088/mcp/tools/all - 200 null application/json; charset=utf-8 152.7104ms
2025-09-03 17:18:00.940 +02:00 [INF] Request starting HTTP/1.1 OPTIONS http://localhost:5088/sessions - null null
2025-09-03 17:18:00.947 +02:00 [INF] CORS policy execution successful.
2025-09-03 17:18:00.952 +02:00 [INF] Request finished HTTP/1.1 OPTIONS http://localhost:5088/sessions - 204 null null 11.8655ms
2025-09-03 17:18:00.959 +02:00 [INF] Request starting HTTP/1.1 POST http://localhost:5088/sessions - application/json 50
2025-09-03 17:18:00.964 +02:00 [INF] CORS policy execution successful.
2025-09-03 17:18:00.970 +02:00 [INF] Executing endpoint 'HTTP: POST /sessions/'
2025-09-03 17:18:00.978 +02:00 [INF] Executed DbCommand (0ms) [Parameters=[@__p_0='?' (DbType = Guid)], CommandType='"Text"', CommandTimeout='30']
SELECT "a"."Id", "a"."Autonomy", "a"."CreatedUtc", "a"."GuardrailsJson", "a"."Name", "a"."ParamsJson", "a"."Provider", "a"."SystemPrompt", "a"."Temperature", "a"."TemplateRef", "a"."TokenBudget", "a"."ToolBudget", "a"."TopP", "a"."UpdatedUtc"
FROM "Agents" AS "a"
WHERE "a"."Id" = @__p_0
LIMIT 1
2025-09-03 17:18:01.002 +02:00 [INF] Executed DbCommand (17ms) [Parameters=[@p0='?' (DbType = Guid), @p1='?' (DbType = Guid), @p2='?' (DbType = DateTime), @p3='?' (DbType = Int32), @p4='?' (DbType = DateTime), @p5='?' (Size = 7), @p6='?'], CommandType='"Text"', CommandTimeout='30']
INSERT INTO "Sessions" ("Id", "AgentId", "EndedUtc", "LastEventIdx", "StartedUtc", "Status", "UserId")
VALUES (@p0, @p1, @p2, @p3, @p4, @p5, @p6);
2025-09-03 17:18:01.009 +02:00 [INF] Setting HTTP status code 201.
2025-09-03 17:18:01.013 +02:00 [INF] Writing value of type 'SessionCreatedResponse' as Json.
2025-09-03 17:18:01.018 +02:00 [INF] Executed endpoint 'HTTP: POST /sessions/'
2025-09-03 17:18:01.024 +02:00 [INF] Request finished HTTP/1.1 POST http://localhost:5088/sessions - 201 null application/json; charset=utf-8 65.0533ms
2025-09-03 17:18:01.044 +02:00 [INF] Request starting HTTP/1.1 OPTIONS http://localhost:5088/hubs/trace/negotiate?negotiateVersion=1 - null null
2025-09-03 17:18:01.050 +02:00 [INF] CORS policy execution successful.
2025-09-03 17:18:01.056 +02:00 [INF] Request finished HTTP/1.1 OPTIONS http://localhost:5088/hubs/trace/negotiate?negotiateVersion=1 - 204 null null 12.7646ms
2025-09-03 17:18:01.061 +02:00 [INF] Request starting HTTP/1.1 POST http://localhost:5088/hubs/trace/negotiate?negotiateVersion=1 - null 0
2025-09-03 17:18:01.070 +02:00 [INF] CORS policy execution successful.
2025-09-03 17:18:01.078 +02:00 [INF] ApiKey was not authenticated. Failure message: Missing API key
2025-09-03 17:18:01.084 +02:00 [INF] Executing endpoint '/hubs/trace/negotiate'
2025-09-03 17:18:01.090 +02:00 [INF] Executed endpoint '/hubs/trace/negotiate'
2025-09-03 17:18:01.097 +02:00 [INF] Request finished HTTP/1.1 POST http://localhost:5088/hubs/trace/negotiate?negotiateVersion=1 - 200 316 application/json 36.6075ms
2025-09-03 17:18:01.099 +02:00 [INF] Request starting HTTP/1.1 GET http://localhost:5088/hubs/trace?id=szH7zmQ6eZ2R9eT0i5Q78Q - null null
2025-09-03 17:18:01.111 +02:00 [INF] CORS policy execution successful.
2025-09-03 17:18:01.116 +02:00 [INF] ApiKey was not authenticated. Failure message: Missing API key
2025-09-03 17:18:01.122 +02:00 [INF] Executing endpoint '/hubs/trace'
2025-09-03 17:18:01.926 +02:00 [INF] Executed endpoint '/hubs/trace'
2025-09-03 17:18:01.934 +02:00 [INF] Request finished HTTP/1.1 GET http://localhost:5088/hubs/trace?id=szH7zmQ6eZ2R9eT0i5Q78Q - 101 null null 835.2385ms
2025-09-03 17:18:06.321 +02:00 [INF] Request starting HTTP/1.1 OPTIONS http://localhost:5088/mcp/tools/all - null null
2025-09-03 17:18:06.329 +02:00 [INF] CORS policy execution successful.
2025-09-03 17:18:06.334 +02:00 [INF] Request finished HTTP/1.1 OPTIONS http://localhost:5088/mcp/tools/all - 204 null null 13.2663ms
2025-09-03 17:18:06.342 +02:00 [INF] Request starting HTTP/1.1 GET http://localhost:5088/mcp/tools/all - application/json null
2025-09-03 17:18:06.349 +02:00 [INF] CORS policy execution successful.
2025-09-03 17:18:06.355 +02:00 [INF] Executing endpoint 'HTTP: GET /mcp/tools/all'
2025-09-03 17:18:06.365 +02:00 [INF] Executed DbCommand (0ms) [Parameters=[], CommandType='"Text"', CommandTimeout='30']
SELECT "t"."Id", "t"."Name", "t"."Description", "t"."Scope", "t"."InputSchemaJson", "t"."McpServerId" AS "ServerId", "m"."Name" AS "ServerName"
FROM "Tools" AS "t"
INNER JOIN "McpServers" AS "m" ON "t"."McpServerId" = "m"."Id"
2025-09-03 17:18:06.372 +02:00 [INF] Setting HTTP status code 200.
2025-09-03 17:18:06.378 +02:00 [INF] Writing value of type 'List`1' as Json.
2025-09-03 17:18:06.384 +02:00 [INF] Executed endpoint 'HTTP: GET /mcp/tools/all'
2025-09-03 17:18:06.389 +02:00 [INF] Request finished HTTP/1.1 GET http://localhost:5088/mcp/tools/all - 200 null application/json; charset=utf-8 47.2119ms
2025-09-03 17:18:16.457 +02:00 [INF] Request starting HTTP/1.1 OPTIONS http://localhost:5088/agents - null null
2025-09-03 17:18:16.457 +02:00 [INF] Request starting HTTP/1.1 OPTIONS http://localhost:5088/mcp/servers - null null
2025-09-03 17:18:16.467 +02:00 [INF] CORS policy execution successful.
2025-09-03 17:18:16.474 +02:00 [INF] CORS policy execution successful.
2025-09-03 17:18:16.480 +02:00 [INF] Request finished HTTP/1.1 OPTIONS http://localhost:5088/agents - 204 null null 23.4555ms
2025-09-03 17:18:16.485 +02:00 [INF] Request finished HTTP/1.1 OPTIONS http://localhost:5088/mcp/servers - 204 null null 28.2222ms
2025-09-03 17:18:16.493 +02:00 [INF] Request starting HTTP/1.1 GET http://localhost:5088/agents - application/json null
2025-09-03 17:18:16.498 +02:00 [INF] Request starting HTTP/1.1 GET http://localhost:5088/mcp/servers - application/json null
2025-09-03 17:18:16.504 +02:00 [INF] CORS policy execution successful.
2025-09-03 17:18:16.509 +02:00 [INF] CORS policy execution successful.
2025-09-03 17:18:16.513 +02:00 [INF] Executing endpoint 'HTTP: GET /agents/'
2025-09-03 17:18:16.518 +02:00 [INF] Executing endpoint 'HTTP: GET /mcp/servers'
2025-09-03 17:18:16.527 +02:00 [INF] Executed DbCommand (0ms) [Parameters=[], CommandType='"Text"', CommandTimeout='30']
SELECT "m"."Id", "m"."AuthType", "m"."BaseUrl", "m"."LastSeenUtc", "m"."MetadataJson", "m"."Name", "m"."Status"
FROM "McpServers" AS "m"
ORDER BY "m"."LastSeenUtc"
2025-09-03 17:18:16.531 +02:00 [INF] Executed DbCommand (0ms) [Parameters=[], CommandType='"Text"', CommandTimeout='30']
SELECT "a"."Id", "a"."Autonomy", "a"."CreatedUtc", "a"."GuardrailsJson", "a"."Name", "a"."ParamsJson", "a"."Provider", "a"."SystemPrompt", "a"."Temperature", "a"."TemplateRef", "a"."TokenBudget", "a"."ToolBudget", "a"."TopP", "a"."UpdatedUtc"
FROM "Agents" AS "a"
ORDER BY "a"."CreatedUtc"
2025-09-03 17:18:16.534 +02:00 [INF] Setting HTTP status code 200.
2025-09-03 17:18:16.540 +02:00 [INF] Setting HTTP status code 200.
2025-09-03 17:18:16.542 +02:00 [INF] Writing value of type 'List`1' as Json.
2025-09-03 17:18:16.547 +02:00 [INF] Writing value of type 'List`1' as Json.
2025-09-03 17:18:16.551 +02:00 [INF] Executed endpoint 'HTTP: GET /mcp/servers'
2025-09-03 17:18:16.556 +02:00 [INF] Executed endpoint 'HTTP: GET /agents/'
2025-09-03 17:18:16.560 +02:00 [INF] Request finished HTTP/1.1 GET http://localhost:5088/mcp/servers - 200 null application/json; charset=utf-8 61.6741ms
2025-09-03 17:18:16.564 +02:00 [INF] Request finished HTTP/1.1 GET http://localhost:5088/agents - 200 null application/json; charset=utf-8 70.907ms
2025-09-03 17:23:57.978 +02:00 [INF] Application is shutting down...
2025-09-03 17:27:03.686 +02:00 [INF] User profile is available. Using 'C:\Users\Usuario\AppData\Local\ASP.NET\DataProtection-Keys' as key repository and Windows DPAPI to encrypt keys at rest.
2025-09-03 17:27:04.111 +02:00 [INF] Now listening on: http://localhost:5088
2025-09-03 17:27:04.117 +02:00 [INF] Application started. Press Ctrl+C to shut down.
2025-09-03 17:27:04.120 +02:00 [INF] Hosting environment: Development
2025-09-03 17:27:04.122 +02:00 [INF] Content root path: D:\BearDevelopment\AutoAgent\autoagent_back\src\AutoAgentes.Api
2025-09-03 17:27:04.846 +02:00 [INF] Request starting HTTP/1.1 OPTIONS http://localhost:5088/agents - null null
2025-09-03 17:27:04.949 +02:00 [INF] CORS policy execution successful.
2025-09-03 17:27:04.962 +02:00 [INF] Request finished HTTP/1.1 OPTIONS http://localhost:5088/agents - 204 null null 137.2691ms
2025-09-03 17:27:04.979 +02:00 [INF] Request starting HTTP/1.1 GET http://localhost:5088/agents - application/json null
2025-09-03 17:27:04.990 +02:00 [INF] CORS policy execution successful.
2025-09-03 17:27:05.017 +02:00 [INF] Executing endpoint 'HTTP: GET /agents/'
2025-09-03 17:27:06.233 +02:00 [INF] Executed DbCommand (10ms) [Parameters=[], CommandType='"Text"', CommandTimeout='30']
SELECT "a"."Id", "a"."Autonomy", "a"."CreatedUtc", "a"."GuardrailsJson", "a"."Name", "a"."ParamsJson", "a"."Provider", "a"."SystemPrompt", "a"."Temperature", "a"."TemplateRef", "a"."TokenBudget", "a"."ToolBudget", "a"."TopP", "a"."UpdatedUtc"
FROM "Agents" AS "a"
ORDER BY "a"."CreatedUtc"
2025-09-03 17:27:06.312 +02:00 [INF] Setting HTTP status code 200.
2025-09-03 17:27:06.337 +02:00 [INF] Writing value of type 'List`1' as Json.
2025-09-03 17:27:06.369 +02:00 [INF] Executed endpoint 'HTTP: GET /agents/'
2025-09-03 17:27:06.385 +02:00 [INF] Request finished HTTP/1.1 GET http://localhost:5088/agents - 200 null application/json; charset=utf-8 1406.9243ms
2025-09-03 17:27:06.524 +02:00 [INF] Request starting HTTP/1.1 OPTIONS http://localhost:5088/agents/1e5ffb9e-fb28-4405-b82b-b4647aa5a865 - null null
2025-09-03 17:27:06.527 +02:00 [INF] Request starting HTTP/1.1 OPTIONS http://localhost:5088/agents/1e5ffb9e-fb28-4405-b82b-b4647aa5a865/bindings - null null
2025-09-03 17:27:06.538 +02:00 [INF] CORS policy execution successful.
2025-09-03 17:27:06.548 +02:00 [INF] CORS policy execution successful.
2025-09-03 17:27:06.554 +02:00 [INF] Request finished HTTP/1.1 OPTIONS http://localhost:5088/agents/1e5ffb9e-fb28-4405-b82b-b4647aa5a865 - 204 null null 31.3481ms
2025-09-03 17:27:06.562 +02:00 [INF] Request finished HTTP/1.1 OPTIONS http://localhost:5088/agents/1e5ffb9e-fb28-4405-b82b-b4647aa5a865/bindings - 204 null null 35.2047ms
2025-09-03 17:27:06.571 +02:00 [INF] Request starting HTTP/1.1 GET http://localhost:5088/agents/1e5ffb9e-fb28-4405-b82b-b4647aa5a865 - application/json null
2025-09-03 17:27:06.579 +02:00 [INF] Request starting HTTP/1.1 GET http://localhost:5088/agents/1e5ffb9e-fb28-4405-b82b-b4647aa5a865/bindings - application/json null
2025-09-03 17:27:06.585 +02:00 [INF] CORS policy execution successful.
2025-09-03 17:27:06.590 +02:00 [INF] CORS policy execution successful.
2025-09-03 17:27:06.598 +02:00 [INF] Executing endpoint 'HTTP: GET /agents/{id:guid}'
2025-09-03 17:27:06.605 +02:00 [INF] Executing endpoint 'HTTP: GET /agents/{id:guid}/bindings'
2025-09-03 17:27:06.716 +02:00 [INF] Executed DbCommand (3ms) [Parameters=[@__agentId_0='?' (DbType = Guid)], CommandType='"Text"', CommandTimeout='30']
SELECT "a"."Id", "a"."AgentId", "a"."ConfigJson", "a"."Enabled", "a"."ToolId"
FROM "AgentToolBindings" AS "a"
WHERE "a"."AgentId" = @__agentId_0
2025-09-03 17:27:06.716 +02:00 [INF] Executed DbCommand (0ms) [Parameters=[@__p_0='?' (DbType = Guid)], CommandType='"Text"', CommandTimeout='30']
SELECT "a"."Id", "a"."Autonomy", "a"."CreatedUtc", "a"."GuardrailsJson", "a"."Name", "a"."ParamsJson", "a"."Provider", "a"."SystemPrompt", "a"."Temperature", "a"."TemplateRef", "a"."TokenBudget", "a"."ToolBudget", "a"."TopP", "a"."UpdatedUtc"
FROM "Agents" AS "a"
WHERE "a"."Id" = @__p_0
LIMIT 1
2025-09-03 17:27:06.730 +02:00 [INF] Setting HTTP status code 200.
2025-09-03 17:27:06.736 +02:00 [INF] Writing value of type 'AgentResponse' as Json.
2025-09-03 17:27:06.745 +02:00 [INF] Executed endpoint 'HTTP: GET /agents/{id:guid}'
2025-09-03 17:27:06.747 +02:00 [INF] Setting HTTP status code 200.
2025-09-03 17:27:06.752 +02:00 [INF] Request finished HTTP/1.1 GET http://localhost:5088/agents/1e5ffb9e-fb28-4405-b82b-b4647aa5a865 - 200 null application/json; charset=utf-8 181.0434ms
2025-09-03 17:27:06.760 +02:00 [INF] Writing value of type 'List`1' as Json.
2025-09-03 17:27:06.773 +02:00 [INF] Executed endpoint 'HTTP: GET /agents/{id:guid}/bindings'
2025-09-03 17:27:06.780 +02:00 [INF] Request finished HTTP/1.1 GET http://localhost:5088/agents/1e5ffb9e-fb28-4405-b82b-b4647aa5a865/bindings - 200 null application/json; charset=utf-8 201.0099ms
2025-09-03 17:27:08.514 +02:00 [INF] Request starting HTTP/1.1 OPTIONS http://localhost:5088/sessions - null null
2025-09-03 17:27:08.529 +02:00 [INF] CORS policy execution successful.
2025-09-03 17:27:08.537 +02:00 [INF] Request finished HTTP/1.1 OPTIONS http://localhost:5088/sessions - 204 null null 24.5103ms
2025-09-03 17:27:08.547 +02:00 [INF] Request starting HTTP/1.1 POST http://localhost:5088/sessions - application/json 50
2025-09-03 17:27:08.557 +02:00 [INF] CORS policy execution successful.
2025-09-03 17:27:08.568 +02:00 [INF] Executing endpoint 'HTTP: POST /sessions/'
2025-09-03 17:27:08.655 +02:00 [INF] Executed DbCommand (1ms) [Parameters=[@__p_0='?' (DbType = Guid)], CommandType='"Text"', CommandTimeout='30']
SELECT "a"."Id", "a"."Autonomy", "a"."CreatedUtc", "a"."GuardrailsJson", "a"."Name", "a"."ParamsJson", "a"."Provider", "a"."SystemPrompt", "a"."Temperature", "a"."TemplateRef", "a"."TokenBudget", "a"."ToolBudget", "a"."TopP", "a"."UpdatedUtc"
FROM "Agents" AS "a"
WHERE "a"."Id" = @__p_0
LIMIT 1
2025-09-03 17:27:08.903 +02:00 [INF] Executed DbCommand (19ms) [Parameters=[@p0='?' (DbType = Guid), @p1='?' (DbType = Guid), @p2='?' (DbType = DateTime), @p3='?' (DbType = Int32), @p4='?' (DbType = DateTime), @p5='?' (Size = 7), @p6='?'], CommandType='"Text"', CommandTimeout='30']
INSERT INTO "Sessions" ("Id", "AgentId", "EndedUtc", "LastEventIdx", "StartedUtc", "Status", "UserId")
VALUES (@p0, @p1, @p2, @p3, @p4, @p5, @p6);
2025-09-03 17:27:08.917 +02:00 [INF] Setting HTTP status code 201.
2025-09-03 17:27:08.931 +02:00 [INF] Writing value of type 'SessionCreatedResponse' as Json.
2025-09-03 17:27:08.937 +02:00 [INF] Executed endpoint 'HTTP: POST /sessions/'
2025-09-03 17:27:08.942 +02:00 [INF] Request finished HTTP/1.1 POST http://localhost:5088/sessions - 201 null application/json; charset=utf-8 394.7994ms
2025-09-03 17:27:08.964 +02:00 [INF] Request starting HTTP/1.1 OPTIONS http://localhost:5088/hubs/trace/negotiate?negotiateVersion=1 - null null
2025-09-03 17:27:08.970 +02:00 [INF] CORS policy execution successful.
2025-09-03 17:27:08.977 +02:00 [INF] Request finished HTTP/1.1 OPTIONS http://localhost:5088/hubs/trace/negotiate?negotiateVersion=1 - 204 null null 14.0542ms
2025-09-03 17:27:08.984 +02:00 [INF] Request starting HTTP/1.1 POST http://localhost:5088/hubs/trace/negotiate?negotiateVersion=1 - null 0
2025-09-03 17:27:09.018 +02:00 [INF] CORS policy execution successful.
2025-09-03 17:27:09.037 +02:00 [INF] ApiKey was not authenticated. Failure message: Missing API key
2025-09-03 17:27:09.044 +02:00 [INF] Executing endpoint '/hubs/trace/negotiate'
2025-09-03 17:27:09.064 +02:00 [INF] Executed endpoint '/hubs/trace/negotiate'
2025-09-03 17:27:09.070 +02:00 [INF] Request finished HTTP/1.1 POST http://localhost:5088/hubs/trace/negotiate?negotiateVersion=1 - 200 316 application/json 87.3237ms
2025-09-03 17:27:09.073 +02:00 [INF] Request starting HTTP/1.1 GET http://localhost:5088/hubs/trace?id=TEoLvJHA47bRPNBkd_-lBw - null null
2025-09-03 17:27:09.083 +02:00 [INF] CORS policy execution successful.
2025-09-03 17:27:09.089 +02:00 [INF] ApiKey was not authenticated. Failure message: Missing API key
2025-09-03 17:27:09.095 +02:00 [INF] Executing endpoint '/hubs/trace'
2025-09-03 17:27:10.838 +02:00 [INF] Request starting HTTP/1.1 OPTIONS http://localhost:5088/sessions/050f495f-7547-4485-9594-dc6b46fa602b/messages - null null
2025-09-03 17:27:10.850 +02:00 [INF] CORS policy execution successful.
2025-09-03 17:27:10.854 +02:00 [INF] Request finished HTTP/1.1 OPTIONS http://localhost:5088/sessions/050f495f-7547-4485-9594-dc6b46fa602b/messages - 204 null null 16.2384ms
2025-09-03 17:27:10.862 +02:00 [INF] Request starting HTTP/1.1 POST http://localhost:5088/sessions/050f495f-7547-4485-9594-dc6b46fa602b/messages - application/json 18
2025-09-03 17:27:10.868 +02:00 [INF] CORS policy execution successful.
2025-09-03 17:27:10.873 +02:00 [INF] Executing endpoint 'HTTP: POST /sessions/{id:guid}/messages'
2025-09-03 17:27:10.891 +02:00 [INF] Executed DbCommand (0ms) [Parameters=[@__p_0='?' (DbType = Guid)], CommandType='"Text"', CommandTimeout='30']
SELECT "s"."Id", "s"."AgentId", "s"."EndedUtc", "s"."LastEventIdx", "s"."StartedUtc", "s"."Status", "s"."UserId"
FROM "Sessions" AS "s"
WHERE "s"."Id" = @__p_0
LIMIT 1
2025-09-03 17:27:10.934 +02:00 [INF] Executed DbCommand (19ms) [Parameters=[@p0='?' (DbType = Guid), @p1='?' (Size = 4), @p2='?' (DbType = DateTime), @p3='?', @p4='?' (Size = 4), @p5='?' (DbType = Guid), @p6='?'], CommandType='"Text"', CommandTimeout='30']
INSERT INTO "Messages" ("Id", "Content", "CreatedUtc", "Kind", "Role", "SessionId", "TokenUsageJson")
VALUES (@p0, @p1, @p2, @p3, @p4, @p5, @p6);
2025-09-03 17:27:10.951 +02:00 [INF] Setting HTTP status code 202.
2025-09-03 17:27:10.954 +02:00 [INF] Executed DbCommand (0ms) [Parameters=[@__p_0='?' (DbType = Guid)], CommandType='"Text"', CommandTimeout='30']
SELECT "a"."Id", "a"."Autonomy", "a"."CreatedUtc", "a"."GuardrailsJson", "a"."Name", "a"."ParamsJson", "a"."Provider", "a"."SystemPrompt", "a"."Temperature", "a"."TemplateRef", "a"."TokenBudget", "a"."ToolBudget", "a"."TopP", "a"."UpdatedUtc"
FROM "Agents" AS "a"
WHERE "a"."Id" = @__p_0
LIMIT 1
2025-09-03 17:27:10.959 +02:00 [INF] Writing value of type 'AcceptedResponse' as Json.
2025-09-03 17:27:10.968 +02:00 [INF] Executed endpoint 'HTTP: POST /sessions/{id:guid}/messages'
2025-09-03 17:27:10.973 +02:00 [INF] Request finished HTTP/1.1 POST http://localhost:5088/sessions/050f495f-7547-4485-9594-dc6b46fa602b/messages - 202 null application/json; charset=utf-8 112.1244ms
2025-09-03 17:27:10.987 +02:00 [INF] Executed DbCommand (10ms) [Parameters=[@p0='?' (DbType = Guid), @p1='?' (Size = 4), @p2='?' (DbType = DateTime), @p3='?', @p4='?' (Size = 4), @p5='?' (DbType = Guid), @p6='?'], CommandType='"Text"', CommandTimeout='30']
INSERT INTO "Messages" ("Id", "Content", "CreatedUtc", "Kind", "Role", "SessionId", "TokenUsageJson")
VALUES (@p0, @p1, @p2, @p3, @p4, @p5, @p6);
2025-09-03 17:27:11.051 +02:00 [INF] Executed DbCommand (0ms) [Parameters=[@__agentId_0='?' (DbType = Guid)], CommandType='"Text"', CommandTimeout='30']
SELECT "a"."Id", "a"."AgentId", "a"."ConfigJson", "a"."Enabled", "a"."ToolId", "t"."Id", "t"."Description", "t"."Enabled", "t"."InputSchemaJson", "t"."McpServerId", "t"."Name", "t"."Scope", "m"."Id", "m"."AuthType", "m"."BaseUrl", "m"."LastSeenUtc", "m"."MetadataJson", "m"."Name", "m"."Status"
FROM "AgentToolBindings" AS "a"
INNER JOIN "Tools" AS "t" ON "a"."ToolId" = "t"."Id"
INNER JOIN "McpServers" AS "m" ON "t"."McpServerId" = "m"."Id"
WHERE "a"."AgentId" = @__agentId_0 AND "a"."Enabled"
2025-09-03 17:27:11.106 +02:00 [INF] Executed DbCommand (0ms) [Parameters=[@__agentId_0='?' (DbType = Guid)], CommandType='"Text"', CommandTimeout='30']
SELECT "a"."Id", "a"."AgentId", "a"."ConfigJson", "a"."Enabled", "a"."ToolId", "t"."Id", "t"."Description", "t"."Enabled", "t"."InputSchemaJson", "t"."McpServerId", "t"."Name", "t"."Scope", "m"."Id", "m"."AuthType", "m"."BaseUrl", "m"."LastSeenUtc", "m"."MetadataJson", "m"."Name", "m"."Status"
FROM "AgentToolBindings" AS "a"
INNER JOIN "Tools" AS "t" ON "a"."ToolId" = "t"."Id"
INNER JOIN "McpServers" AS "m" ON "t"."McpServerId" = "m"."Id"
WHERE "a"."AgentId" = @__agentId_0 AND "a"."Enabled"
2025-09-03 17:27:11.178 +02:00 [INF] Executed DbCommand (1ms) [Parameters=[@__sessionId_0='?' (DbType = Guid), @__kind_1='?' (Size = 11), @__p_2='?' (DbType = Int32)], CommandType='"Text"', CommandTimeout='30']
SELECT "m"."Id", "m"."Content", "m"."CreatedUtc", "m"."Kind", "m"."Role", "m"."SessionId", "m"."TokenUsageJson"
FROM "Messages" AS "m"
WHERE "m"."SessionId" = @__sessionId_0 AND "m"."Kind" = @__kind_1
ORDER BY "m"."CreatedUtc" DESC
LIMIT @__p_2
2025-09-03 17:27:11.197 +02:00 [INF] Executed DbCommand (0ms) [Parameters=[@__sessionId_0='?' (DbType = Guid), @__p_1='?' (DbType = Int32)], CommandType='"Text"', CommandTimeout='30']
SELECT "m"."Id", "m"."Content", "m"."CreatedUtc", "m"."Kind", "m"."Role", "m"."SessionId", "m"."TokenUsageJson"
FROM "Messages" AS "m"
WHERE "m"."SessionId" = @__sessionId_0
ORDER BY "m"."CreatedUtc" DESC
LIMIT @__p_1
2025-09-03 17:27:11.280 +02:00 [INF] Executed DbCommand (0ms) [Parameters=[@__agentId_0='?' (DbType = Guid)], CommandType='"Text"', CommandTimeout='30']
SELECT "a"."Id", "a"."AgentId", "a"."ConfigJson", "a"."Enabled", "a"."ToolId", "t"."Id", "t"."Description", "t"."Enabled", "t"."InputSchemaJson", "t"."McpServerId", "t"."Name", "t"."Scope", "m"."Id", "m"."AuthType", "m"."BaseUrl", "m"."LastSeenUtc", "m"."MetadataJson", "m"."Name", "m"."Status"
FROM "AgentToolBindings" AS "a"
INNER JOIN "Tools" AS "t" ON "a"."ToolId" = "t"."Id"
INNER JOIN "McpServers" AS "m" ON "t"."McpServerId" = "m"."Id"
WHERE "a"."AgentId" = @__agentId_0 AND "a"."Enabled"
2025-09-03 17:27:11.291 +02:00 [INF] Executed DbCommand (0ms) [Parameters=[@__agentId_0='?' (DbType = Guid)], CommandType='"Text"', CommandTimeout='30']
SELECT "a"."Id", "a"."AgentId", "a"."ConfigJson", "a"."Enabled", "a"."ToolId", "t"."Id", "t"."Description", "t"."Enabled", "t"."InputSchemaJson", "t"."McpServerId", "t"."Name", "t"."Scope", "m"."Id", "m"."AuthType", "m"."BaseUrl", "m"."LastSeenUtc", "m"."MetadataJson", "m"."Name", "m"."Status"
FROM "AgentToolBindings" AS "a"
INNER JOIN "Tools" AS "t" ON "a"."ToolId" = "t"."Id"
INNER JOIN "McpServers" AS "m" ON "t"."McpServerId" = "m"."Id"
WHERE "a"."AgentId" = @__agentId_0 AND "a"."Enabled"
2025-09-03 17:27:12.485 +02:00 [INF] Executed DbCommand (0ms) [Parameters=[@__sessionId_0='?' (DbType = Guid), @__p_1='?' (DbType = Int32)], CommandType='"Text"', CommandTimeout='30']
SELECT "m"."Id", "m"."Content", "m"."CreatedUtc", "m"."Kind", "m"."Role", "m"."SessionId", "m"."TokenUsageJson"
FROM "Messages" AS "m"
WHERE "m"."SessionId" = @__sessionId_0
ORDER BY "m"."CreatedUtc" DESC
LIMIT @__p_1
2025-09-03 17:27:12.800 +02:00 [INF] Executed DbCommand (9ms) [Parameters=[@p0='?' (DbType = Guid), @p1='?' (Size = 34), @p2='?' (DbType = DateTime), @p3='?', @p4='?' (Size = 9), @p5='?' (DbType = Guid), @p6='?'], CommandType='"Text"', CommandTimeout='30']
INSERT INTO "Messages" ("Id", "Content", "CreatedUtc", "Kind", "Role", "SessionId", "TokenUsageJson")
VALUES (@p0, @p1, @p2, @p3, @p4, @p5, @p6);
2025-09-03 17:27:12.820 +02:00 [INF] Executed DbCommand (10ms) [Parameters=[@p0='?' (DbType = Guid), @p1='?' (Size = 34), @p2='?' (DbType = DateTime), @p3='?', @p4='?' (Size = 9), @p5='?' (DbType = Guid), @p6='?'], CommandType='"Text"', CommandTimeout='30']
INSERT INTO "Messages" ("Id", "Content", "CreatedUtc", "Kind", "Role", "SessionId", "TokenUsageJson")
VALUES (@p0, @p1, @p2, @p3, @p4, @p5, @p6);
2025-09-03 17:27:38.199 +02:00 [INF] Request starting HTTP/1.1 OPTIONS http://localhost:5088/sessions/050f495f-7547-4485-9594-dc6b46fa602b/messages - null null
2025-09-03 17:27:38.208 +02:00 [INF] CORS policy execution successful.
2025-09-03 17:27:38.213 +02:00 [INF] Request finished HTTP/1.1 OPTIONS http://localhost:5088/sessions/050f495f-7547-4485-9594-dc6b46fa602b/messages - 204 null null 14.7173ms
2025-09-03 17:27:38.220 +02:00 [INF] Request starting HTTP/1.1 POST http://localhost:5088/sessions/050f495f-7547-4485-9594-dc6b46fa602b/messages - application/json 77
2025-09-03 17:27:38.225 +02:00 [INF] CORS policy execution successful.
2025-09-03 17:27:38.230 +02:00 [INF] Executing endpoint 'HTTP: POST /sessions/{id:guid}/messages'
2025-09-03 17:27:38.240 +02:00 [INF] Executed DbCommand (0ms) [Parameters=[@__p_0='?' (DbType = Guid)], CommandType='"Text"', CommandTimeout='30']
SELECT "s"."Id", "s"."AgentId", "s"."EndedUtc", "s"."LastEventIdx", "s"."StartedUtc", "s"."Status", "s"."UserId"
FROM "Sessions" AS "s"
WHERE "s"."Id" = @__p_0
LIMIT 1
2025-09-03 17:27:38.266 +02:00 [INF] Executed DbCommand (18ms) [Parameters=[@p0='?' (DbType = Guid), @p1='?' (Size = 61), @p2='?' (DbType = DateTime), @p3='?', @p4='?' (Size = 4), @p5='?' (DbType = Guid), @p6='?'], CommandType='"Text"', CommandTimeout='30']
INSERT INTO "Messages" ("Id", "Content", "CreatedUtc", "Kind", "Role", "SessionId", "TokenUsageJson")
VALUES (@p0, @p1, @p2, @p3, @p4, @p5, @p6);
2025-09-03 17:27:38.274 +02:00 [INF] Setting HTTP status code 202.
2025-09-03 17:27:38.276 +02:00 [INF] Executed DbCommand (0ms) [Parameters=[@__p_0='?' (DbType = Guid)], CommandType='"Text"', CommandTimeout='30']
SELECT "a"."Id", "a"."Autonomy", "a"."CreatedUtc", "a"."GuardrailsJson", "a"."Name", "a"."ParamsJson", "a"."Provider", "a"."SystemPrompt", "a"."Temperature", "a"."TemplateRef", "a"."TokenBudget", "a"."ToolBudget", "a"."TopP", "a"."UpdatedUtc"
FROM "Agents" AS "a"
WHERE "a"."Id" = @__p_0
LIMIT 1
2025-09-03 17:27:38.279 +02:00 [INF] Writing value of type 'AcceptedResponse' as Json.
2025-09-03 17:27:38.291 +02:00 [INF] Executed endpoint 'HTTP: POST /sessions/{id:guid}/messages'
2025-09-03 17:27:38.297 +02:00 [INF] Request finished HTTP/1.1 POST http://localhost:5088/sessions/050f495f-7547-4485-9594-dc6b46fa602b/messages - 202 null application/json; charset=utf-8 77.4503ms
2025-09-03 17:27:38.299 +02:00 [INF] Executed DbCommand (9ms) [Parameters=[@p0='?' (DbType = Guid), @p1='?' (Size = 61), @p2='?' (DbType = DateTime), @p3='?', @p4='?' (Size = 4), @p5='?' (DbType = Guid), @p6='?'], CommandType='"Text"', CommandTimeout='30']
INSERT INTO "Messages" ("Id", "Content", "CreatedUtc", "Kind", "Role", "SessionId", "TokenUsageJson")
VALUES (@p0, @p1, @p2, @p3, @p4, @p5, @p6);
2025-09-03 17:27:38.312 +02:00 [INF] Executed DbCommand (1ms) [Parameters=[@__agentId_0='?' (DbType = Guid)], CommandType='"Text"', CommandTimeout='30']
SELECT "a"."Id", "a"."AgentId", "a"."ConfigJson", "a"."Enabled", "a"."ToolId", "t"."Id", "t"."Description", "t"."Enabled", "t"."InputSchemaJson", "t"."McpServerId", "t"."Name", "t"."Scope", "m"."Id", "m"."AuthType", "m"."BaseUrl", "m"."LastSeenUtc", "m"."MetadataJson", "m"."Name", "m"."Status"
FROM "AgentToolBindings" AS "a"
INNER JOIN "Tools" AS "t" ON "a"."ToolId" = "t"."Id"
INNER JOIN "McpServers" AS "m" ON "t"."McpServerId" = "m"."Id"
WHERE "a"."AgentId" = @__agentId_0 AND "a"."Enabled"
2025-09-03 17:27:38.323 +02:00 [INF] Executed DbCommand (0ms) [Parameters=[@__agentId_0='?' (DbType = Guid)], CommandType='"Text"', CommandTimeout='30']
SELECT "a"."Id", "a"."AgentId", "a"."ConfigJson", "a"."Enabled", "a"."ToolId", "t"."Id", "t"."Description", "t"."Enabled", "t"."InputSchemaJson", "t"."McpServerId", "t"."Name", "t"."Scope", "m"."Id", "m"."AuthType", "m"."BaseUrl", "m"."LastSeenUtc", "m"."MetadataJson", "m"."Name", "m"."Status"
FROM "AgentToolBindings" AS "a"
INNER JOIN "Tools" AS "t" ON "a"."ToolId" = "t"."Id"
INNER JOIN "McpServers" AS "m" ON "t"."McpServerId" = "m"."Id"
WHERE "a"."AgentId" = @__agentId_0 AND "a"."Enabled"
2025-09-03 17:27:38.333 +02:00 [INF] Executed DbCommand (1ms) [Parameters=[@__sessionId_0='?' (DbType = Guid), @__kind_1='?' (Size = 11), @__p_2='?' (DbType = Int32)], CommandType='"Text"', CommandTimeout='30']
SELECT "m"."Id", "m"."Content", "m"."CreatedUtc", "m"."Kind", "m"."Role", "m"."SessionId", "m"."TokenUsageJson"
FROM "Messages" AS "m"
WHERE "m"."SessionId" = @__sessionId_0 AND "m"."Kind" = @__kind_1
ORDER BY "m"."CreatedUtc" DESC
LIMIT @__p_2
2025-09-03 17:27:38.344 +02:00 [INF] Executed DbCommand (0ms) [Parameters=[@__sessionId_0='?' (DbType = Guid), @__p_1='?' (DbType = Int32)], CommandType='"Text"', CommandTimeout='30']
SELECT "m"."Id", "m"."Content", "m"."CreatedUtc", "m"."Kind", "m"."Role", "m"."SessionId", "m"."TokenUsageJson"
FROM "Messages" AS "m"
WHERE "m"."SessionId" = @__sessionId_0
ORDER BY "m"."CreatedUtc" DESC
LIMIT @__p_1
2025-09-03 17:27:38.359 +02:00 [INF] Executed DbCommand (1ms) [Parameters=[@__agentId_0='?' (DbType = Guid)], CommandType='"Text"', CommandTimeout='30']
SELECT "a"."Id", "a"."AgentId", "a"."ConfigJson", "a"."Enabled", "a"."ToolId", "t"."Id", "t"."Description", "t"."Enabled", "t"."InputSchemaJson", "t"."McpServerId", "t"."Name", "t"."Scope", "m"."Id", "m"."AuthType", "m"."BaseUrl", "m"."LastSeenUtc", "m"."MetadataJson", "m"."Name", "m"."Status"
FROM "AgentToolBindings" AS "a"
INNER JOIN "Tools" AS "t" ON "a"."ToolId" = "t"."Id"
INNER JOIN "McpServers" AS "m" ON "t"."McpServerId" = "m"."Id"
WHERE "a"."AgentId" = @__agentId_0 AND "a"."Enabled"
2025-09-03 17:27:38.366 +02:00 [INF] Executed DbCommand (1ms) [Parameters=[@__agentId_0='?' (DbType = Guid)], CommandType='"Text"', CommandTimeout='30']
SELECT "a"."Id", "a"."AgentId", "a"."ConfigJson", "a"."Enabled", "a"."ToolId", "t"."Id", "t"."Description", "t"."Enabled", "t"."InputSchemaJson", "t"."McpServerId", "t"."Name", "t"."Scope", "m"."Id", "m"."AuthType", "m"."BaseUrl", "m"."LastSeenUtc", "m"."MetadataJson", "m"."Name", "m"."Status"
FROM "AgentToolBindings" AS "a"
INNER JOIN "Tools" AS "t" ON "a"."ToolId" = "t"."Id"
INNER JOIN "McpServers" AS "m" ON "t"."McpServerId" = "m"."Id"
WHERE "a"."AgentId" = @__agentId_0 AND "a"."Enabled"
2025-09-03 17:27:39.915 +02:00 [INF] Executed DbCommand (0ms) [Parameters=[], CommandType='"Text"', CommandTimeout='30']
SELECT "m"."Id", "m"."AuthType", "m"."BaseUrl", "m"."LastSeenUtc", "m"."MetadataJson", "m"."Name", "m"."Status"
FROM "McpServers" AS "m"
ORDER BY "m"."LastSeenUtc"
2025-09-03 17:27:39.928 +02:00 [INF] Conectando a MCP WebSocket: ws://localhost:8970/ws
2025-09-03 17:27:43.549 +02:00 [INF] Executed DbCommand (18ms) [Parameters=[@p0='?' (DbType = Guid), @p1='?' (Size = 81), @p2='?' (DbType = DateTime), @p3='?' (Size = 11), @p4='?' (Size = 9), @p5='?' (DbType = Guid), @p6='?'], CommandType='"Text"', CommandTimeout='30']
INSERT INTO "Messages" ("Id", "Content", "CreatedUtc", "Kind", "Role", "SessionId", "TokenUsageJson")
VALUES (@p0, @p1, @p2, @p3, @p4, @p5, @p6);
2025-09-03 17:27:43.566 +02:00 [INF] Executed DbCommand (1ms) [Parameters=[@__sessionId_0='?' (DbType = Guid), @__p_1='?' (DbType = Int32)], CommandType='"Text"', CommandTimeout='30']
SELECT "m"."Id", "m"."Content", "m"."CreatedUtc", "m"."Kind", "m"."Role", "m"."SessionId", "m"."TokenUsageJson"
FROM "Messages" AS "m"
WHERE "m"."SessionId" = @__sessionId_0
ORDER BY "m"."CreatedUtc" DESC
LIMIT @__p_1
2025-09-03 17:27:44.376 +02:00 [INF] Executed DbCommand (18ms) [Parameters=[@p0='?' (DbType = Guid), @p1='?' (Size = 245), @p2='?' (DbType = DateTime), @p3='?', @p4='?' (Size = 9), @p5='?' (DbType = Guid), @p6='?'], CommandType='"Text"', CommandTimeout='30']
INSERT INTO "Messages" ("Id", "Content", "CreatedUtc", "Kind", "Role", "SessionId", "TokenUsageJson")
VALUES (@p0, @p1, @p2, @p3, @p4, @p5, @p6);
2025-09-03 17:27:44.396 +02:00 [INF] Executed DbCommand (10ms) [Parameters=[@p0='?' (DbType = Guid), @p1='?' (Size = 245), @p2='?' (DbType = DateTime), @p3='?', @p4='?' (Size = 9), @p5='?' (DbType = Guid), @p6='?'], CommandType='"Text"', CommandTimeout='30']
INSERT INTO "Messages" ("Id", "Content", "CreatedUtc", "Kind", "Role", "SessionId", "TokenUsageJson")
VALUES (@p0, @p1, @p2, @p3, @p4, @p5, @p6);
2025-09-03 17:30:15.346 +02:00 [INF] Request starting HTTP/1.1 OPTIONS http://localhost:5088/hubs/trace/negotiate?negotiateVersion=1 - null null
2025-09-03 17:30:15.346 +02:00 [INF] Request starting HTTP/1.1 OPTIONS http://localhost:5088/agents/1e5ffb9e-fb28-4405-b82b-b4647aa5a865 - null null
2025-09-03 17:30:15.350 +02:00 [INF] Request starting HTTP/1.1 OPTIONS http://localhost:5088/agents/1e5ffb9e-fb28-4405-b82b-b4647aa5a865/bindings - null null
2025-09-03 17:30:15.354 +02:00 [INF] CORS policy execution successful.
2025-09-03 17:30:15.360 +02:00 [INF] CORS policy execution successful.
2025-09-03 17:30:15.370 +02:00 [INF] Request finished HTTP/1.1 OPTIONS http://localhost:5088/hubs/trace/negotiate?negotiateVersion=1 - 204 null null 24.7578ms
2025-09-03 17:30:15.366 +02:00 [INF] CORS policy execution successful.
2025-09-03 17:30:15.375 +02:00 [INF] Request starting HTTP/1.1 POST http://localhost:5088/hubs/trace/negotiate?negotiateVersion=1 - null 0
2025-09-03 17:30:15.375 +02:00 [INF] Request finished HTTP/1.1 OPTIONS http://localhost:5088/agents/1e5ffb9e-fb28-4405-b82b-b4647aa5a865 - 204 null null 29.3353ms
2025-09-03 17:30:15.384 +02:00 [INF] Executed endpoint '/hubs/trace'
2025-09-03 17:30:15.389 +02:00 [INF] Request finished HTTP/1.1 OPTIONS http://localhost:5088/agents/1e5ffb9e-fb28-4405-b82b-b4647aa5a865/bindings - 204 null null 39.4814ms
2025-09-03 17:30:15.395 +02:00 [INF] CORS policy execution successful.
2025-09-03 17:30:15.402 +02:00 [INF] Request starting HTTP/1.1 GET http://localhost:5088/agents/1e5ffb9e-fb28-4405-b82b-b4647aa5a865 - application/json null
2025-09-03 17:30:15.409 +02:00 [INF] Request finished HTTP/1.1 GET http://localhost:5088/hubs/trace?id=TEoLvJHA47bRPNBkd_-lBw - 101 null null 186336.1038ms
2025-09-03 17:30:15.415 +02:00 [INF] Request starting HTTP/1.1 GET http://localhost:5088/agents/1e5ffb9e-fb28-4405-b82b-b4647aa5a865/bindings - application/json null
2025-09-03 17:30:15.419 +02:00 [INF] ApiKey was not authenticated. Failure message: Missing API key
2025-09-03 17:30:15.424 +02:00 [INF] CORS policy execution successful.
2025-09-03 17:30:15.436 +02:00 [INF] CORS policy execution successful.
2025-09-03 17:30:15.440 +02:00 [INF] Executing endpoint '/hubs/trace/negotiate'
2025-09-03 17:30:15.446 +02:00 [INF] Executing endpoint 'HTTP: GET /agents/{id:guid}'
2025-09-03 17:30:15.450 +02:00 [INF] Executing endpoint 'HTTP: GET /agents/{id:guid}/bindings'
2025-09-03 17:30:15.455 +02:00 [INF] Executed endpoint '/hubs/trace/negotiate'
2025-09-03 17:30:15.464 +02:00 [INF] Executed DbCommand (1ms) [Parameters=[@__p_0='?' (DbType = Guid)], CommandType='"Text"', CommandTimeout='30']
SELECT "a"."Id", "a"."Autonomy", "a"."CreatedUtc", "a"."GuardrailsJson", "a"."Name", "a"."ParamsJson", "a"."Provider", "a"."SystemPrompt", "a"."Temperature", "a"."TemplateRef", "a"."TokenBudget", "a"."ToolBudget", "a"."TopP", "a"."UpdatedUtc"
FROM "Agents" AS "a"
WHERE "a"."Id" = @__p_0
LIMIT 1
2025-09-03 17:30:15.466 +02:00 [INF] Request starting HTTP/1.1 GET http://localhost:5088/hubs/trace?id=o8hr1a_3cxNqRUQdMAef4Q - null null
2025-09-03 17:30:15.468 +02:00 [INF] Executed DbCommand (0ms) [Parameters=[@__agentId_0='?' (DbType = Guid)], CommandType='"Text"', CommandTimeout='30']
SELECT "a"."Id", "a"."AgentId", "a"."ConfigJson", "a"."Enabled", "a"."ToolId"
FROM "AgentToolBindings" AS "a"
WHERE "a"."AgentId" = @__agentId_0
2025-09-03 17:30:15.470 +02:00 [INF] Request finished HTTP/1.1 POST http://localhost:5088/hubs/trace/negotiate?negotiateVersion=1 - 200 316 application/json 95.8083ms
2025-09-03 17:30:15.477 +02:00 [INF] Setting HTTP status code 200.
2025-09-03 17:30:15.482 +02:00 [INF] CORS policy execution successful.
2025-09-03 17:30:15.488 +02:00 [INF] Setting HTTP status code 200.
2025-09-03 17:30:15.496 +02:00 [INF] Writing value of type 'AgentResponse' as Json.
2025-09-03 17:30:15.501 +02:00 [INF] ApiKey was not authenticated. Failure message: Missing API key
2025-09-03 17:30:15.506 +02:00 [INF] Writing value of type 'List`1' as Json.
2025-09-03 17:30:15.510 +02:00 [INF] Executed endpoint 'HTTP: GET /agents/{id:guid}'
2025-09-03 17:30:15.515 +02:00 [INF] Executing endpoint '/hubs/trace'
2025-09-03 17:30:15.521 +02:00 [INF] Executed endpoint 'HTTP: GET /agents/{id:guid}/bindings'
2025-09-03 17:30:15.526 +02:00 [INF] Request finished HTTP/1.1 GET http://localhost:5088/agents/1e5ffb9e-fb28-4405-b82b-b4647aa5a865 - 200 null application/json; charset=utf-8 123.9162ms
2025-09-03 17:30:15.538 +02:00 [INF] Request finished HTTP/1.1 GET http://localhost:5088/agents/1e5ffb9e-fb28-4405-b82b-b4647aa5a865/bindings - 200 null application/json; charset=utf-8 123.3577ms
2025-09-03 17:30:24.350 +02:00 [INF] Request starting HTTP/1.1 OPTIONS http://localhost:5088/hubs/trace/negotiate?negotiateVersion=1 - null null
2025-09-03 17:30:24.355 +02:00 [INF] Executed endpoint '/hubs/trace'
2025-09-03 17:30:24.359 +02:00 [INF] CORS policy execution successful.
2025-09-03 17:30:24.367 +02:00 [INF] Request finished HTTP/1.1 GET http://localhost:5088/hubs/trace?id=o8hr1a_3cxNqRUQdMAef4Q - 101 null null 8901.0697ms
2025-09-03 17:30:24.373 +02:00 [INF] Request finished HTTP/1.1 OPTIONS http://localhost:5088/hubs/trace/negotiate?negotiateVersion=1 - 204 null null 23.1381ms
2025-09-03 17:30:24.376 +02:00 [INF] Request starting HTTP/1.1 POST http://localhost:5088/hubs/trace/negotiate?negotiateVersion=1 - null 0
2025-09-03 17:30:24.390 +02:00 [INF] CORS policy execution successful.
2025-09-03 17:30:24.396 +02:00 [INF] ApiKey was not authenticated. Failure message: Missing API key
2025-09-03 17:30:24.401 +02:00 [INF] Executing endpoint '/hubs/trace/negotiate'
2025-09-03 17:30:24.406 +02:00 [INF] Executed endpoint '/hubs/trace/negotiate'
2025-09-03 17:30:24.411 +02:00 [INF] Request finished HTTP/1.1 POST http://localhost:5088/hubs/trace/negotiate?negotiateVersion=1 - 200 316 application/json 35.3404ms
2025-09-03 17:30:24.416 +02:00 [INF] Request starting HTTP/1.1 GET http://localhost:5088/hubs/trace?id=gfI0ZPf2qf3nN3Ggph0KHQ - null null
2025-09-03 17:30:24.423 +02:00 [INF] CORS policy execution successful.
2025-09-03 17:30:24.428 +02:00 [INF] ApiKey was not authenticated. Failure message: Missing API key
2025-09-03 17:30:24.432 +02:00 [INF] Executing endpoint '/hubs/trace'
2025-09-03 17:30:55.395 +02:00 [INF] Request starting HTTP/1.1 OPTIONS http://localhost:5088/hubs/trace/negotiate?negotiateVersion=1 - null null
2025-09-03 17:30:55.400 +02:00 [INF] Executed endpoint '/hubs/trace'
2025-09-03 17:30:55.403 +02:00 [INF] CORS policy execution successful.
2025-09-03 17:30:55.409 +02:00 [INF] Request finished HTTP/1.1 GET http://localhost:5088/hubs/trace?id=gfI0ZPf2qf3nN3Ggph0KHQ - 101 null null 30992.6709ms
2025-09-03 17:30:55.413 +02:00 [INF] Request finished HTTP/1.1 OPTIONS http://localhost:5088/hubs/trace/negotiate?negotiateVersion=1 - 204 null null 18.1212ms
2025-09-03 17:30:56.482 +02:00 [INF] Request starting HTTP/1.1 OPTIONS http://localhost:5088/agents/1e5ffb9e-fb28-4405-b82b-b4647aa5a865 - null null
2025-09-03 17:30:56.486 +02:00 [INF] Request starting HTTP/1.1 OPTIONS http://localhost:5088/agents/1e5ffb9e-fb28-4405-b82b-b4647aa5a865/bindings - null null
2025-09-03 17:30:56.489 +02:00 [INF] CORS policy execution successful.
2025-09-03 17:30:56.495 +02:00 [INF] CORS policy execution successful.
2025-09-03 17:30:56.500 +02:00 [INF] Request finished HTTP/1.1 OPTIONS http://localhost:5088/agents/1e5ffb9e-fb28-4405-b82b-b4647aa5a865 - 204 null null 18.0904ms
2025-09-03 17:30:56.504 +02:00 [INF] Request finished HTTP/1.1 OPTIONS http://localhost:5088/agents/1e5ffb9e-fb28-4405-b82b-b4647aa5a865/bindings - 204 null null 18.32ms
2025-09-03 17:30:56.510 +02:00 [INF] Request starting HTTP/1.1 GET http://localhost:5088/agents/1e5ffb9e-fb28-4405-b82b-b4647aa5a865 - application/json null
2025-09-03 17:30:56.516 +02:00 [INF] Request starting HTTP/1.1 GET http://localhost:5088/agents/1e5ffb9e-fb28-4405-b82b-b4647aa5a865/bindings - application/json null
2025-09-03 17:30:56.520 +02:00 [INF] CORS policy execution successful.
2025-09-03 17:30:56.526 +02:00 [INF] CORS policy execution successful.
2025-09-03 17:30:56.530 +02:00 [INF] Executing endpoint 'HTTP: GET /agents/{id:guid}'
2025-09-03 17:30:56.535 +02:00 [INF] Executing endpoint 'HTTP: GET /agents/{id:guid}/bindings'
2025-09-03 17:30:56.540 +02:00 [INF] Executed DbCommand (0ms) [Parameters=[@__p_0='?' (DbType = Guid)], CommandType='"Text"', CommandTimeout='30']
SELECT "a"."Id", "a"."Autonomy", "a"."CreatedUtc", "a"."GuardrailsJson", "a"."Name", "a"."ParamsJson", "a"."Provider", "a"."SystemPrompt", "a"."Temperature", "a"."TemplateRef", "a"."TokenBudget", "a"."ToolBudget", "a"."TopP", "a"."UpdatedUtc"
FROM "Agents" AS "a"
WHERE "a"."Id" = @__p_0
LIMIT 1
2025-09-03 17:30:56.543 +02:00 [INF] Executed DbCommand (0ms) [Parameters=[@__agentId_0='?' (DbType = Guid)], CommandType='"Text"', CommandTimeout='30']
SELECT "a"."Id", "a"."AgentId", "a"."ConfigJson", "a"."Enabled", "a"."ToolId"
FROM "AgentToolBindings" AS "a"
WHERE "a"."AgentId" = @__agentId_0
2025-09-03 17:30:56.549 +02:00 [INF] Setting HTTP status code 200.
2025-09-03 17:30:56.554 +02:00 [INF] Setting HTTP status code 200.
2025-09-03 17:30:56.558 +02:00 [INF] Writing value of type 'AgentResponse' as Json.
2025-09-03 17:30:56.561 +02:00 [INF] Writing value of type 'List`1' as Json.
2025-09-03 17:30:56.567 +02:00 [INF] Executed endpoint 'HTTP: GET /agents/{id:guid}'
2025-09-03 17:30:56.571 +02:00 [INF] Executed endpoint 'HTTP: GET /agents/{id:guid}/bindings'
2025-09-03 17:30:56.578 +02:00 [INF] Request finished HTTP/1.1 GET http://localhost:5088/agents/1e5ffb9e-fb28-4405-b82b-b4647aa5a865 - 200 null application/json; charset=utf-8 67.897ms
2025-09-03 17:30:56.583 +02:00 [INF] Request finished HTTP/1.1 GET http://localhost:5088/agents/1e5ffb9e-fb28-4405-b82b-b4647aa5a865/bindings - 200 null application/json; charset=utf-8 67.6102ms
2025-09-03 17:33:34.118 +02:00 [INF] Request starting HTTP/1.1 OPTIONS http://localhost:5088/sessions - null null
2025-09-03 17:33:34.125 +02:00 [INF] CORS policy execution successful.
2025-09-03 17:33:34.130 +02:00 [INF] Request finished HTTP/1.1 OPTIONS http://localhost:5088/sessions - 204 null null 11.7236ms
2025-09-03 17:33:34.136 +02:00 [INF] Request starting HTTP/1.1 POST http://localhost:5088/sessions - application/json 50
2025-09-03 17:33:34.141 +02:00 [INF] CORS policy execution successful.
2025-09-03 17:33:34.146 +02:00 [INF] Executing endpoint 'HTTP: POST /sessions/'
2025-09-03 17:33:34.152 +02:00 [INF] Executed DbCommand (0ms) [Parameters=[@__p_0='?' (DbType = Guid)], CommandType='"Text"', CommandTimeout='30']
SELECT "a"."Id", "a"."Autonomy", "a"."CreatedUtc", "a"."GuardrailsJson", "a"."Name", "a"."ParamsJson", "a"."Provider", "a"."SystemPrompt", "a"."Temperature", "a"."TemplateRef", "a"."TokenBudget", "a"."ToolBudget", "a"."TopP", "a"."UpdatedUtc"
FROM "Agents" AS "a"
WHERE "a"."Id" = @__p_0
LIMIT 1
2025-09-03 17:33:34.169 +02:00 [INF] Executed DbCommand (9ms) [Parameters=[@p0='?' (DbType = Guid), @p1='?' (DbType = Guid), @p2='?' (DbType = DateTime), @p3='?' (DbType = Int32), @p4='?' (DbType = DateTime), @p5='?' (Size = 7), @p6='?'], CommandType='"Text"', CommandTimeout='30']
INSERT INTO "Sessions" ("Id", "AgentId", "EndedUtc", "LastEventIdx", "StartedUtc", "Status", "UserId")
VALUES (@p0, @p1, @p2, @p3, @p4, @p5, @p6);
2025-09-03 17:33:34.175 +02:00 [INF] Setting HTTP status code 201.
2025-09-03 17:33:34.179 +02:00 [INF] Writing value of type 'SessionCreatedResponse' as Json.
2025-09-03 17:33:34.184 +02:00 [INF] Executed endpoint 'HTTP: POST /sessions/'
2025-09-03 17:33:34.189 +02:00 [INF] Request finished HTTP/1.1 POST http://localhost:5088/sessions - 201 null application/json; charset=utf-8 52.8004ms
2025-09-03 17:33:34.204 +02:00 [INF] Request starting HTTP/1.1 OPTIONS http://localhost:5088/hubs/trace/negotiate?negotiateVersion=1 - null null
2025-09-03 17:33:34.209 +02:00 [INF] CORS policy execution successful.
2025-09-03 17:33:34.214 +02:00 [INF] Request finished HTTP/1.1 OPTIONS http://localhost:5088/hubs/trace/negotiate?negotiateVersion=1 - 204 null null 10.7693ms
2025-09-03 17:33:34.218 +02:00 [INF] Request starting HTTP/1.1 POST http://localhost:5088/hubs/trace/negotiate?negotiateVersion=1 - null 0
2025-09-03 17:33:34.227 +02:00 [INF] CORS policy execution successful.
2025-09-03 17:33:34.233 +02:00 [INF] ApiKey was not authenticated. Failure message: Missing API key
2025-09-03 17:33:34.237 +02:00 [INF] Executing endpoint '/hubs/trace/negotiate'
2025-09-03 17:33:34.241 +02:00 [INF] Executed endpoint '/hubs/trace/negotiate'
2025-09-03 17:33:34.247 +02:00 [INF] Request finished HTTP/1.1 POST http://localhost:5088/hubs/trace/negotiate?negotiateVersion=1 - 200 316 application/json 29.1641ms
2025-09-03 17:33:34.250 +02:00 [INF] Request starting HTTP/1.1 GET http://localhost:5088/hubs/trace?id=da4SswkfOk1yynSljvfxTw - null null
2025-09-03 17:33:34.259 +02:00 [INF] CORS policy execution successful.
2025-09-03 17:33:34.264 +02:00 [INF] ApiKey was not authenticated. Failure message: Missing API key
2025-09-03 17:33:34.270 +02:00 [INF] Executing endpoint '/hubs/trace'
2025-09-03 17:33:36.674 +02:00 [INF] Request starting HTTP/1.1 OPTIONS http://localhost:5088/sessions/b6db31b0-3b0b-47df-a3ca-1ca9424317e6/messages - null null
2025-09-03 17:33:36.682 +02:00 [INF] CORS policy execution successful.
2025-09-03 17:33:36.688 +02:00 [INF] Request finished HTTP/1.1 OPTIONS http://localhost:5088/sessions/b6db31b0-3b0b-47df-a3ca-1ca9424317e6/messages - 204 null null 14.6001ms
2025-09-03 17:33:36.694 +02:00 [INF] Request starting HTTP/1.1 POST http://localhost:5088/sessions/b6db31b0-3b0b-47df-a3ca-1ca9424317e6/messages - application/json 18
2025-09-03 17:33:36.700 +02:00 [INF] CORS policy execution successful.
2025-09-03 17:33:36.706 +02:00 [INF] Executing endpoint 'HTTP: POST /sessions/{id:guid}/messages'
2025-09-03 17:33:36.714 +02:00 [INF] Executed DbCommand (1ms) [Parameters=[@__p_0='?' (DbType = Guid)], CommandType='"Text"', CommandTimeout='30']
SELECT "s"."Id", "s"."AgentId", "s"."EndedUtc", "s"."LastEventIdx", "s"."StartedUtc", "s"."Status", "s"."UserId"
FROM "Sessions" AS "s"
WHERE "s"."Id" = @__p_0
LIMIT 1
2025-09-03 17:33:36.742 +02:00 [INF] Executed DbCommand (19ms) [Parameters=[@p0='?' (DbType = Guid), @p1='?' (Size = 4), @p2='?' (DbType = DateTime), @p3='?', @p4='?' (Size = 4), @p5='?' (DbType = Guid), @p6='?'], CommandType='"Text"', CommandTimeout='30']
INSERT INTO "Messages" ("Id", "Content", "CreatedUtc", "Kind", "Role", "SessionId", "TokenUsageJson")
VALUES (@p0, @p1, @p2, @p3, @p4, @p5, @p6);
2025-09-03 17:33:36.749 +02:00 [INF] Setting HTTP status code 202.
2025-09-03 17:33:36.752 +02:00 [INF] Executed DbCommand (1ms) [Parameters=[@__p_0='?' (DbType = Guid)], CommandType='"Text"', CommandTimeout='30']
SELECT "a"."Id", "a"."Autonomy", "a"."CreatedUtc", "a"."GuardrailsJson", "a"."Name", "a"."ParamsJson", "a"."Provider", "a"."SystemPrompt", "a"."Temperature", "a"."TemplateRef", "a"."TokenBudget", "a"."ToolBudget", "a"."TopP", "a"."UpdatedUtc"
FROM "Agents" AS "a"
WHERE "a"."Id" = @__p_0
LIMIT 1
2025-09-03 17:33:36.754 +02:00 [INF] Writing value of type 'AcceptedResponse' as Json.
2025-09-03 17:33:36.765 +02:00 [INF] Executed endpoint 'HTTP: POST /sessions/{id:guid}/messages'
2025-09-03 17:33:36.771 +02:00 [INF] Request finished HTTP/1.1 POST http://localhost:5088/sessions/b6db31b0-3b0b-47df-a3ca-1ca9424317e6/messages - 202 null application/json; charset=utf-8 77.0711ms
2025-09-03 17:33:36.779 +02:00 [INF] Executed DbCommand (11ms) [Parameters=[@p0='?' (DbType = Guid), @p1='?' (Size = 4), @p2='?' (DbType = DateTime), @p3='?', @p4='?' (Size = 4), @p5='?' (DbType = Guid), @p6='?'], CommandType='"Text"', CommandTimeout='30']
INSERT INTO "Messages" ("Id", "Content", "CreatedUtc", "Kind", "Role", "SessionId", "TokenUsageJson")
VALUES (@p0, @p1, @p2, @p3, @p4, @p5, @p6);
2025-09-03 17:33:36.792 +02:00 [INF] Executed DbCommand (1ms) [Parameters=[@__agentId_0='?' (DbType = Guid)], CommandType='"Text"', CommandTimeout='30']
SELECT "a"."Id", "a"."AgentId", "a"."ConfigJson", "a"."Enabled", "a"."ToolId", "t"."Id", "t"."Description", "t"."Enabled", "t"."InputSchemaJson", "t"."McpServerId", "t"."Name", "t"."Scope", "m"."Id", "m"."AuthType", "m"."BaseUrl", "m"."LastSeenUtc", "m"."MetadataJson", "m"."Name", "m"."Status"
FROM "AgentToolBindings" AS "a"
INNER JOIN "Tools" AS "t" ON "a"."ToolId" = "t"."Id"
INNER JOIN "McpServers" AS "m" ON "t"."McpServerId" = "m"."Id"
WHERE "a"."AgentId" = @__agentId_0 AND "a"."Enabled"
2025-09-03 17:33:36.807 +02:00 [INF] Executed DbCommand (1ms) [Parameters=[@__agentId_0='?' (DbType = Guid)], CommandType='"Text"', CommandTimeout='30']
SELECT "a"."Id", "a"."AgentId", "a"."ConfigJson", "a"."Enabled", "a"."ToolId", "t"."Id", "t"."Description", "t"."Enabled", "t"."InputSchemaJson", "t"."McpServerId", "t"."Name", "t"."Scope", "m"."Id", "m"."AuthType", "m"."BaseUrl", "m"."LastSeenUtc", "m"."MetadataJson", "m"."Name", "m"."Status"
FROM "AgentToolBindings" AS "a"
INNER JOIN "Tools" AS "t" ON "a"."ToolId" = "t"."Id"
INNER JOIN "McpServers" AS "m" ON "t"."McpServerId" = "m"."Id"
WHERE "a"."AgentId" = @__agentId_0 AND "a"."Enabled"
2025-09-03 17:33:36.821 +02:00 [INF] Executed DbCommand (1ms) [Parameters=[@__sessionId_0='?' (DbType = Guid), @__kind_1='?' (Size = 11), @__p_2='?' (DbType = Int32)], CommandType='"Text"', CommandTimeout='30']
SELECT "m"."Id", "m"."Content", "m"."CreatedUtc", "m"."Kind", "m"."Role", "m"."SessionId", "m"."TokenUsageJson"
FROM "Messages" AS "m"
WHERE "m"."SessionId" = @__sessionId_0 AND "m"."Kind" = @__kind_1
ORDER BY "m"."CreatedUtc" DESC
LIMIT @__p_2
2025-09-03 17:33:36.835 +02:00 [INF] Executed DbCommand (1ms) [Parameters=[@__sessionId_0='?' (DbType = Guid), @__p_1='?' (DbType = Int32)], CommandType='"Text"', CommandTimeout='30']
SELECT "m"."Id", "m"."Content", "m"."CreatedUtc", "m"."Kind", "m"."Role", "m"."SessionId", "m"."TokenUsageJson"
FROM "Messages" AS "m"
WHERE "m"."SessionId" = @__sessionId_0
ORDER BY "m"."CreatedUtc" DESC
LIMIT @__p_1
2025-09-03 17:33:36.846 +02:00 [INF] Executed DbCommand (1ms) [Parameters=[@__agentId_0='?' (DbType = Guid)], CommandType='"Text"', CommandTimeout='30']
SELECT "a"."Id", "a"."AgentId", "a"."ConfigJson", "a"."Enabled", "a"."ToolId", "t"."Id", "t"."Description", "t"."Enabled", "t"."InputSchemaJson", "t"."McpServerId", "t"."Name", "t"."Scope", "m"."Id", "m"."AuthType", "m"."BaseUrl", "m"."LastSeenUtc", "m"."MetadataJson", "m"."Name", "m"."Status"
FROM "AgentToolBindings" AS "a"
INNER JOIN "Tools" AS "t" ON "a"."ToolId" = "t"."Id"
INNER JOIN "McpServers" AS "m" ON "t"."McpServerId" = "m"."Id"
WHERE "a"."AgentId" = @__agentId_0 AND "a"."Enabled"
2025-09-03 17:33:36.856 +02:00 [INF] Executed DbCommand (1ms) [Parameters=[@__agentId_0='?' (DbType = Guid)], CommandType='"Text"', CommandTimeout='30']
SELECT "a"."Id", "a"."AgentId", "a"."ConfigJson", "a"."Enabled", "a"."ToolId", "t"."Id", "t"."Description", "t"."Enabled", "t"."InputSchemaJson", "t"."McpServerId", "t"."Name", "t"."Scope", "m"."Id", "m"."AuthType", "m"."BaseUrl", "m"."LastSeenUtc", "m"."MetadataJson", "m"."Name", "m"."Status"
FROM "AgentToolBindings" AS "a"
INNER JOIN "Tools" AS "t" ON "a"."ToolId" = "t"."Id"
INNER JOIN "McpServers" AS "m" ON "t"."McpServerId" = "m"."Id"
WHERE "a"."AgentId" = @__agentId_0 AND "a"."Enabled"
2025-09-03 17:33:37.861 +02:00 [INF] Executed DbCommand (1ms) [Parameters=[@__sessionId_0='?' (DbType = Guid), @__p_1='?' (DbType = Int32)], CommandType='"Text"', CommandTimeout='30']
SELECT "m"."Id", "m"."Content", "m"."CreatedUtc", "m"."Kind", "m"."Role", "m"."SessionId", "m"."TokenUsageJson"
FROM "Messages" AS "m"
WHERE "m"."SessionId" = @__sessionId_0
ORDER BY "m"."CreatedUtc" DESC
LIMIT @__p_1
2025-09-03 17:33:38.236 +02:00 [INF] Executed DbCommand (19ms) [Parameters=[@p0='?' (DbType = Guid), @p1='?' (Size = 34), @p2='?' (DbType = DateTime), @p3='?', @p4='?' (Size = 9), @p5='?' (DbType = Guid), @p6='?'], CommandType='"Text"', CommandTimeout='30']
INSERT INTO "Messages" ("Id", "Content", "CreatedUtc", "Kind", "Role", "SessionId", "TokenUsageJson")
VALUES (@p0, @p1, @p2, @p3, @p4, @p5, @p6);
2025-09-03 17:33:38.254 +02:00 [INF] Executed DbCommand (9ms) [Parameters=[@p0='?' (DbType = Guid), @p1='?' (Size = 34), @p2='?' (DbType = DateTime), @p3='?', @p4='?' (Size = 9), @p5='?' (DbType = Guid), @p6='?'], CommandType='"Text"', CommandTimeout='30']
INSERT INTO "Messages" ("Id", "Content", "CreatedUtc", "Kind", "Role", "SessionId", "TokenUsageJson")
VALUES (@p0, @p1, @p2, @p3, @p4, @p5, @p6);
2025-09-03 17:33:47.529 +02:00 [INF] Request starting HTTP/1.1 OPTIONS http://localhost:5088/sessions/b6db31b0-3b0b-47df-a3ca-1ca9424317e6/messages - null null
2025-09-03 17:33:47.536 +02:00 [INF] CORS policy execution successful.
2025-09-03 17:33:47.542 +02:00 [INF] Request finished HTTP/1.1 OPTIONS http://localhost:5088/sessions/b6db31b0-3b0b-47df-a3ca-1ca9424317e6/messages - 204 null null 12.8125ms
2025-09-03 17:33:47.547 +02:00 [INF] Request starting HTTP/1.1 POST http://localhost:5088/sessions/b6db31b0-3b0b-47df-a3ca-1ca9424317e6/messages - application/json 77
2025-09-03 17:33:47.552 +02:00 [INF] CORS policy execution successful.
2025-09-03 17:33:47.558 +02:00 [INF] Executing endpoint 'HTTP: POST /sessions/{id:guid}/messages'
2025-09-03 17:33:47.564 +02:00 [INF] Executed DbCommand (0ms) [Parameters=[@__p_0='?' (DbType = Guid)], CommandType='"Text"', CommandTimeout='30']
SELECT "s"."Id", "s"."AgentId", "s"."EndedUtc", "s"."LastEventIdx", "s"."StartedUtc", "s"."Status", "s"."UserId"
FROM "Sessions" AS "s"
WHERE "s"."Id" = @__p_0
LIMIT 1
2025-09-03 17:33:47.593 +02:00 [INF] Executed DbCommand (20ms) [Parameters=[@p0='?' (DbType = Guid), @p1='?' (Size = 61), @p2='?' (DbType = DateTime), @p3='?', @p4='?' (Size = 4), @p5='?' (DbType = Guid), @p6='?'], CommandType='"Text"', CommandTimeout='30']
INSERT INTO "Messages" ("Id", "Content", "CreatedUtc", "Kind", "Role", "SessionId", "TokenUsageJson")
VALUES (@p0, @p1, @p2, @p3, @p4, @p5, @p6);
2025-09-03 17:33:47.601 +02:00 [INF] Setting HTTP status code 202.
2025-09-03 17:33:47.602 +02:00 [INF] Executed DbCommand (0ms) [Parameters=[@__p_0='?' (DbType = Guid)], CommandType='"Text"', CommandTimeout='30']
SELECT "a"."Id", "a"."Autonomy", "a"."CreatedUtc", "a"."GuardrailsJson", "a"."Name", "a"."ParamsJson", "a"."Provider", "a"."SystemPrompt", "a"."Temperature", "a"."TemplateRef", "a"."TokenBudget", "a"."ToolBudget", "a"."TopP", "a"."UpdatedUtc"
FROM "Agents" AS "a"
WHERE "a"."Id" = @__p_0
LIMIT 1
2025-09-03 17:33:47.607 +02:00 [INF] Writing value of type 'AcceptedResponse' as Json.
2025-09-03 17:33:47.619 +02:00 [INF] Executed endpoint 'HTTP: POST /sessions/{id:guid}/messages'
2025-09-03 17:33:47.624 +02:00 [INF] Request finished HTTP/1.1 POST http://localhost:5088/sessions/b6db31b0-3b0b-47df-a3ca-1ca9424317e6/messages - 202 null application/json; charset=utf-8 76.9359ms
2025-09-03 17:33:47.625 +02:00 [INF] Executed DbCommand (10ms) [Parameters=[@p0='?' (DbType = Guid), @p1='?' (Size = 61), @p2='?' (DbType = DateTime), @p3='?', @p4='?' (Size = 4), @p5='?' (DbType = Guid), @p6='?'], CommandType='"Text"', CommandTimeout='30']
INSERT INTO "Messages" ("Id", "Content", "CreatedUtc", "Kind", "Role", "SessionId", "TokenUsageJson")
VALUES (@p0, @p1, @p2, @p3, @p4, @p5, @p6);
2025-09-03 17:33:47.638 +02:00 [INF] Executed DbCommand (0ms) [Parameters=[@__agentId_0='?' (DbType = Guid)], CommandType='"Text"', CommandTimeout='30']
SELECT "a"."Id", "a"."AgentId", "a"."ConfigJson", "a"."Enabled", "a"."ToolId", "t"."Id", "t"."Description", "t"."Enabled", "t"."InputSchemaJson", "t"."McpServerId", "t"."Name", "t"."Scope", "m"."Id", "m"."AuthType", "m"."BaseUrl", "m"."LastSeenUtc", "m"."MetadataJson", "m"."Name", "m"."Status"
FROM "AgentToolBindings" AS "a"
INNER JOIN "Tools" AS "t" ON "a"."ToolId" = "t"."Id"
INNER JOIN "McpServers" AS "m" ON "t"."McpServerId" = "m"."Id"
WHERE "a"."AgentId" = @__agentId_0 AND "a"."Enabled"
2025-09-03 17:33:47.648 +02:00 [INF] Executed DbCommand (1ms) [Parameters=[@__agentId_0='?' (DbType = Guid)], CommandType='"Text"', CommandTimeout='30']
SELECT "a"."Id", "a"."AgentId", "a"."ConfigJson", "a"."Enabled", "a"."ToolId", "t"."Id", "t"."Description", "t"."Enabled", "t"."InputSchemaJson", "t"."McpServerId", "t"."Name", "t"."Scope", "m"."Id", "m"."AuthType", "m"."BaseUrl", "m"."LastSeenUtc", "m"."MetadataJson", "m"."Name", "m"."Status"
FROM "AgentToolBindings" AS "a"
INNER JOIN "Tools" AS "t" ON "a"."ToolId" = "t"."Id"
INNER JOIN "McpServers" AS "m" ON "t"."McpServerId" = "m"."Id"
WHERE "a"."AgentId" = @__agentId_0 AND "a"."Enabled"
2025-09-03 17:33:47.659 +02:00 [INF] Executed DbCommand (1ms) [Parameters=[@__sessionId_0='?' (DbType = Guid), @__kind_1='?' (Size = 11), @__p_2='?' (DbType = Int32)], CommandType='"Text"', CommandTimeout='30']
SELECT "m"."Id", "m"."Content", "m"."CreatedUtc", "m"."Kind", "m"."Role", "m"."SessionId", "m"."TokenUsageJson"
FROM "Messages" AS "m"
WHERE "m"."SessionId" = @__sessionId_0 AND "m"."Kind" = @__kind_1
ORDER BY "m"."CreatedUtc" DESC
LIMIT @__p_2
2025-09-03 17:33:47.669 +02:00 [INF] Executed DbCommand (0ms) [Parameters=[@__sessionId_0='?' (DbType = Guid), @__p_1='?' (DbType = Int32)], CommandType='"Text"', CommandTimeout='30']
SELECT "m"."Id", "m"."Content", "m"."CreatedUtc", "m"."Kind", "m"."Role", "m"."SessionId", "m"."TokenUsageJson"
FROM "Messages" AS "m"
WHERE "m"."SessionId" = @__sessionId_0
ORDER BY "m"."CreatedUtc" DESC
LIMIT @__p_1
2025-09-03 17:33:47.679 +02:00 [INF] Executed DbCommand (1ms) [Parameters=[@__agentId_0='?' (DbType = Guid)], CommandType='"Text"', CommandTimeout='30']
SELECT "a"."Id", "a"."AgentId", "a"."ConfigJson", "a"."Enabled", "a"."ToolId", "t"."Id", "t"."Description", "t"."Enabled", "t"."InputSchemaJson", "t"."McpServerId", "t"."Name", "t"."Scope", "m"."Id", "m"."AuthType", "m"."BaseUrl", "m"."LastSeenUtc", "m"."MetadataJson", "m"."Name", "m"."Status"
FROM "AgentToolBindings" AS "a"
INNER JOIN "Tools" AS "t" ON "a"."ToolId" = "t"."Id"
INNER JOIN "McpServers" AS "m" ON "t"."McpServerId" = "m"."Id"
WHERE "a"."AgentId" = @__agentId_0 AND "a"."Enabled"
2025-09-03 17:33:47.686 +02:00 [INF] Executed DbCommand (0ms) [Parameters=[@__agentId_0='?' (DbType = Guid)], CommandType='"Text"', CommandTimeout='30']
SELECT "a"."Id", "a"."AgentId", "a"."ConfigJson", "a"."Enabled", "a"."ToolId", "t"."Id", "t"."Description", "t"."Enabled", "t"."InputSchemaJson", "t"."McpServerId", "t"."Name", "t"."Scope", "m"."Id", "m"."AuthType", "m"."BaseUrl", "m"."LastSeenUtc", "m"."MetadataJson", "m"."Name", "m"."Status"
FROM "AgentToolBindings" AS "a"
INNER JOIN "Tools" AS "t" ON "a"."ToolId" = "t"."Id"
INNER JOIN "McpServers" AS "m" ON "t"."McpServerId" = "m"."Id"
WHERE "a"."AgentId" = @__agentId_0 AND "a"."Enabled"
2025-09-03 17:33:49.353 +02:00 [INF] Executed DbCommand (1ms) [Parameters=[], CommandType='"Text"', CommandTimeout='30']
SELECT "m"."Id", "m"."AuthType", "m"."BaseUrl", "m"."LastSeenUtc", "m"."MetadataJson", "m"."Name", "m"."Status"
FROM "McpServers" AS "m"
ORDER BY "m"."LastSeenUtc"
2025-09-03 17:33:49.365 +02:00 [INF] Conectando a MCP WebSocket: ws://localhost:8970/ws
2025-09-03 17:33:52.172 +02:00 [INF] Executed DbCommand (19ms) [Parameters=[@p0='?' (DbType = Guid), @p1='?' (Size = 59), @p2='?' (DbType = DateTime), @p3='?' (Size = 11), @p4='?' (Size = 9), @p5='?' (DbType = Guid), @p6='?'], CommandType='"Text"', CommandTimeout='30']
INSERT INTO "Messages" ("Id", "Content", "CreatedUtc", "Kind", "Role", "SessionId", "TokenUsageJson")
VALUES (@p0, @p1, @p2, @p3, @p4, @p5, @p6);
2025-09-03 17:33:52.192 +02:00 [INF] Executed DbCommand (1ms) [Parameters=[@__sessionId_0='?' (DbType = Guid), @__p_1='?' (DbType = Int32)], CommandType='"Text"', CommandTimeout='30']
SELECT "m"."Id", "m"."Content", "m"."CreatedUtc", "m"."Kind", "m"."Role", "m"."SessionId", "m"."TokenUsageJson"
FROM "Messages" AS "m"
WHERE "m"."SessionId" = @__sessionId_0
ORDER BY "m"."CreatedUtc" DESC
LIMIT @__p_1
2025-09-03 17:33:52.607 +02:00 [INF] Executed DbCommand (18ms) [Parameters=[@p0='?' (DbType = Guid), @p1='?' (Size = 59), @p2='?' (DbType = DateTime), @p3='?', @p4='?' (Size = 9), @p5='?' (DbType = Guid), @p6='?'], CommandType='"Text"', CommandTimeout='30']
INSERT INTO "Messages" ("Id", "Content", "CreatedUtc", "Kind", "Role", "SessionId", "TokenUsageJson")
VALUES (@p0, @p1, @p2, @p3, @p4, @p5, @p6);
2025-09-03 17:33:52.624 +02:00 [INF] Executed DbCommand (9ms) [Parameters=[@p0='?' (DbType = Guid), @p1='?' (Size = 59), @p2='?' (DbType = DateTime), @p3='?', @p4='?' (Size = 9), @p5='?' (DbType = Guid), @p6='?'], CommandType='"Text"', CommandTimeout='30']
INSERT INTO "Messages" ("Id", "Content", "CreatedUtc", "Kind", "Role", "SessionId", "TokenUsageJson")
VALUES (@p0, @p1, @p2, @p3, @p4, @p5, @p6);
2025-09-03 17:34:12.610 +02:00 [INF] Request starting HTTP/1.1 OPTIONS http://localhost:5088/sessions/b6db31b0-3b0b-47df-a3ca-1ca9424317e6/messages - null null
2025-09-03 17:34:12.619 +02:00 [INF] CORS policy execution successful.
2025-09-03 17:34:12.626 +02:00 [INF] Request finished HTTP/1.1 OPTIONS http://localhost:5088/sessions/b6db31b0-3b0b-47df-a3ca-1ca9424317e6/messages - 204 null null 15.5869ms
2025-09-03 17:34:12.634 +02:00 [INF] Request starting HTTP/1.1 POST http://localhost:5088/sessions/b6db31b0-3b0b-47df-a3ca-1ca9424317e6/messages - application/json 57
2025-09-03 17:34:12.640 +02:00 [INF] CORS policy execution successful.
2025-09-03 17:34:12.646 +02:00 [INF] Executing endpoint 'HTTP: POST /sessions/{id:guid}/messages'
2025-09-03 17:34:12.653 +02:00 [INF] Executed DbCommand (0ms) [Parameters=[@__p_0='?' (DbType = Guid)], CommandType='"Text"', CommandTimeout='30']
SELECT "s"."Id", "s"."AgentId", "s"."EndedUtc", "s"."LastEventIdx", "s"."StartedUtc", "s"."Status", "s"."UserId"
FROM "Sessions" AS "s"
WHERE "s"."Id" = @__p_0
LIMIT 1
2025-09-03 17:34:12.681 +02:00 [INF] Executed DbCommand (20ms) [Parameters=[@p0='?' (DbType = Guid), @p1='?' (Size = 43), @p2='?' (DbType = DateTime), @p3='?', @p4='?' (Size = 4), @p5='?' (DbType = Guid), @p6='?'], CommandType='"Text"', CommandTimeout='30']
INSERT INTO "Messages" ("Id", "Content", "CreatedUtc", "Kind", "Role", "SessionId", "TokenUsageJson")
VALUES (@p0, @p1, @p2, @p3, @p4, @p5, @p6);
2025-09-03 17:34:12.688 +02:00 [INF] Setting HTTP status code 202.
2025-09-03 17:34:12.690 +02:00 [INF] Executed DbCommand (0ms) [Parameters=[@__p_0='?' (DbType = Guid)], CommandType='"Text"', CommandTimeout='30']
SELECT "a"."Id", "a"."Autonomy", "a"."CreatedUtc", "a"."GuardrailsJson", "a"."Name", "a"."ParamsJson", "a"."Provider", "a"."SystemPrompt", "a"."Temperature", "a"."TemplateRef", "a"."TokenBudget", "a"."ToolBudget", "a"."TopP", "a"."UpdatedUtc"
FROM "Agents" AS "a"
WHERE "a"."Id" = @__p_0
LIMIT 1
2025-09-03 17:34:12.694 +02:00 [INF] Writing value of type 'AcceptedResponse' as Json.
2025-09-03 17:34:12.707 +02:00 [INF] Executed endpoint 'HTTP: POST /sessions/{id:guid}/messages'
2025-09-03 17:34:12.715 +02:00 [INF] Executed DbCommand (12ms) [Parameters=[@p0='?' (DbType = Guid), @p1='?' (Size = 43), @p2='?' (DbType = DateTime), @p3='?', @p4='?' (Size = 4), @p5='?' (DbType = Guid), @p6='?'], CommandType='"Text"', CommandTimeout='30']
INSERT INTO "Messages" ("Id", "Content", "CreatedUtc", "Kind", "Role", "SessionId", "TokenUsageJson")
VALUES (@p0, @p1, @p2, @p3, @p4, @p5, @p6);
2025-09-03 17:34:12.716 +02:00 [INF] Request finished HTTP/1.1 POST http://localhost:5088/sessions/b6db31b0-3b0b-47df-a3ca-1ca9424317e6/messages - 202 null application/json; charset=utf-8 82.9241ms
2025-09-03 17:34:12.725 +02:00 [INF] Executed DbCommand (1ms) [Parameters=[@__agentId_0='?' (DbType = Guid)], CommandType='"Text"', CommandTimeout='30']
SELECT "a"."Id", "a"."AgentId", "a"."ConfigJson", "a"."Enabled", "a"."ToolId", "t"."Id", "t"."Description", "t"."Enabled", "t"."InputSchemaJson", "t"."McpServerId", "t"."Name", "t"."Scope", "m"."Id", "m"."AuthType", "m"."BaseUrl", "m"."LastSeenUtc", "m"."MetadataJson", "m"."Name", "m"."Status"
FROM "AgentToolBindings" AS "a"
INNER JOIN "Tools" AS "t" ON "a"."ToolId" = "t"."Id"
INNER JOIN "McpServers" AS "m" ON "t"."McpServerId" = "m"."Id"
WHERE "a"."AgentId" = @__agentId_0 AND "a"."Enabled"
2025-09-03 17:34:12.738 +02:00 [INF] Executed DbCommand (1ms) [Parameters=[@__agentId_0='?' (DbType = Guid)], CommandType='"Text"', CommandTimeout='30']
SELECT "a"."Id", "a"."AgentId", "a"."ConfigJson", "a"."Enabled", "a"."ToolId", "t"."Id", "t"."Description", "t"."Enabled", "t"."InputSchemaJson", "t"."McpServerId", "t"."Name", "t"."Scope", "m"."Id", "m"."AuthType", "m"."BaseUrl", "m"."LastSeenUtc", "m"."MetadataJson", "m"."Name", "m"."Status"
FROM "AgentToolBindings" AS "a"
INNER JOIN "Tools" AS "t" ON "a"."ToolId" = "t"."Id"
INNER JOIN "McpServers" AS "m" ON "t"."McpServerId" = "m"."Id"
WHERE "a"."AgentId" = @__agentId_0 AND "a"."Enabled"
2025-09-03 17:34:12.750 +02:00 [INF] Executed DbCommand (1ms) [Parameters=[@__sessionId_0='?' (DbType = Guid), @__kind_1='?' (Size = 11), @__p_2='?' (DbType = Int32)], CommandType='"Text"', CommandTimeout='30']
SELECT "m"."Id", "m"."Content", "m"."CreatedUtc", "m"."Kind", "m"."Role", "m"."SessionId", "m"."TokenUsageJson"
FROM "Messages" AS "m"
WHERE "m"."SessionId" = @__sessionId_0 AND "m"."Kind" = @__kind_1
ORDER BY "m"."CreatedUtc" DESC
LIMIT @__p_2
2025-09-03 17:34:12.773 +02:00 [INF] Executed DbCommand (1ms) [Parameters=[@__sessionId_0='?' (DbType = Guid), @__p_1='?' (DbType = Int32)], CommandType='"Text"', CommandTimeout='30']
SELECT "m"."Id", "m"."Content", "m"."CreatedUtc", "m"."Kind", "m"."Role", "m"."SessionId", "m"."TokenUsageJson"
FROM "Messages" AS "m"
WHERE "m"."SessionId" = @__sessionId_0
ORDER BY "m"."CreatedUtc" DESC
LIMIT @__p_1
2025-09-03 17:34:12.782 +02:00 [INF] Executed DbCommand (1ms) [Parameters=[@__agentId_0='?' (DbType = Guid)], CommandType='"Text"', CommandTimeout='30']
SELECT "a"."Id", "a"."AgentId", "a"."ConfigJson", "a"."Enabled", "a"."ToolId", "t"."Id", "t"."Description", "t"."Enabled", "t"."InputSchemaJson", "t"."McpServerId", "t"."Name", "t"."Scope", "m"."Id", "m"."AuthType", "m"."BaseUrl", "m"."LastSeenUtc", "m"."MetadataJson", "m"."Name", "m"."Status"
FROM "AgentToolBindings" AS "a"
INNER JOIN "Tools" AS "t" ON "a"."ToolId" = "t"."Id"
INNER JOIN "McpServers" AS "m" ON "t"."McpServerId" = "m"."Id"
WHERE "a"."AgentId" = @__agentId_0 AND "a"."Enabled"
2025-09-03 17:34:12.791 +02:00 [INF] Executed DbCommand (1ms) [Parameters=[@__agentId_0='?' (DbType = Guid)], CommandType='"Text"', CommandTimeout='30']
SELECT "a"."Id", "a"."AgentId", "a"."ConfigJson", "a"."Enabled", "a"."ToolId", "t"."Id", "t"."Description", "t"."Enabled", "t"."InputSchemaJson", "t"."McpServerId", "t"."Name", "t"."Scope", "m"."Id", "m"."AuthType", "m"."BaseUrl", "m"."LastSeenUtc", "m"."MetadataJson", "m"."Name", "m"."Status"
FROM "AgentToolBindings" AS "a"
INNER JOIN "Tools" AS "t" ON "a"."ToolId" = "t"."Id"
INNER JOIN "McpServers" AS "m" ON "t"."McpServerId" = "m"."Id"
WHERE "a"."AgentId" = @__agentId_0 AND "a"."Enabled"
2025-09-03 17:34:13.538 +02:00 [INF] Executed DbCommand (0ms) [Parameters=[@__sessionId_0='?' (DbType = Guid), @__p_1='?' (DbType = Int32)], CommandType='"Text"', CommandTimeout='30']
SELECT "m"."Id", "m"."Content", "m"."CreatedUtc", "m"."Kind", "m"."Role", "m"."SessionId", "m"."TokenUsageJson"
FROM "Messages" AS "m"
WHERE "m"."SessionId" = @__sessionId_0
ORDER BY "m"."CreatedUtc" DESC
LIMIT @__p_1
2025-09-03 17:34:15.694 +02:00 [INF] Executed DbCommand (18ms) [Parameters=[@p0='?' (DbType = Guid), @p1='?' (Size = 972), @p2='?' (DbType = DateTime), @p3='?', @p4='?' (Size = 9), @p5='?' (DbType = Guid), @p6='?'], CommandType='"Text"', CommandTimeout='30']
INSERT INTO "Messages" ("Id", "Content", "CreatedUtc", "Kind", "Role", "SessionId", "TokenUsageJson")
VALUES (@p0, @p1, @p2, @p3, @p4, @p5, @p6);
2025-09-03 17:34:15.714 +02:00 [INF] Executed DbCommand (10ms) [Parameters=[@p0='?' (DbType = Guid), @p1='?' (Size = 972), @p2='?' (DbType = DateTime), @p3='?', @p4='?' (Size = 9), @p5='?' (DbType = Guid), @p6='?'], CommandType='"Text"', CommandTimeout='30']
INSERT INTO "Messages" ("Id", "Content", "CreatedUtc", "Kind", "Role", "SessionId", "TokenUsageJson")
VALUES (@p0, @p1, @p2, @p3, @p4, @p5, @p6);
2025-09-03 17:35:24.357 +02:00 [INF] Request starting HTTP/1.1 OPTIONS http://localhost:5088/hubs/trace/negotiate?negotiateVersion=1 - null null
2025-09-03 17:35:24.361 +02:00 [INF] Executed endpoint '/hubs/trace'
2025-09-03 17:35:24.365 +02:00 [INF] CORS policy execution successful.
2025-09-03 17:35:24.372 +02:00 [INF] Request finished HTTP/1.1 GET http://localhost:5088/hubs/trace?id=da4SswkfOk1yynSljvfxTw - 101 null null 110122.1708ms
2025-09-03 17:35:24.378 +02:00 [INF] Request finished HTTP/1.1 OPTIONS http://localhost:5088/hubs/trace/negotiate?negotiateVersion=1 - 204 null null 21.0287ms
2025-09-03 17:35:24.380 +02:00 [INF] Request starting HTTP/1.1 POST http://localhost:5088/hubs/trace/negotiate?negotiateVersion=1 - null 0
2025-09-03 17:35:24.394 +02:00 [INF] CORS policy execution successful.
2025-09-03 17:35:24.399 +02:00 [INF] ApiKey was not authenticated. Failure message: Missing API key
2025-09-03 17:35:24.406 +02:00 [INF] Executing endpoint '/hubs/trace/negotiate'
2025-09-03 17:35:24.412 +02:00 [INF] Executed endpoint '/hubs/trace/negotiate'
2025-09-03 17:35:24.417 +02:00 [INF] Request finished HTTP/1.1 POST http://localhost:5088/hubs/trace/negotiate?negotiateVersion=1 - 200 316 application/json 36.9044ms
2025-09-03 17:35:24.425 +02:00 [INF] Request starting HTTP/1.1 GET http://localhost:5088/hubs/trace?id=PliZUkXuDFuIxJ9I4oljcA - null null
2025-09-03 17:35:24.432 +02:00 [INF] CORS policy execution successful.
2025-09-03 17:35:24.437 +02:00 [INF] ApiKey was not authenticated. Failure message: Missing API key
2025-09-03 17:35:24.444 +02:00 [INF] Executing endpoint '/hubs/trace'
2025-09-03 17:35:38.347 +02:00 [INF] Request starting HTTP/1.1 OPTIONS http://localhost:5088/hubs/trace/negotiate?negotiateVersion=1 - null null
2025-09-03 17:35:38.348 +02:00 [INF] Executed endpoint '/hubs/trace'
2025-09-03 17:35:38.357 +02:00 [INF] CORS policy execution successful.
2025-09-03 17:35:38.363 +02:00 [INF] Request finished HTTP/1.1 GET http://localhost:5088/hubs/trace?id=PliZUkXuDFuIxJ9I4oljcA - 101 null null 13938.4938ms
2025-09-03 17:35:38.368 +02:00 [INF] Request finished HTTP/1.1 OPTIONS http://localhost:5088/hubs/trace/negotiate?negotiateVersion=1 - 204 null null 21.7429ms
2025-09-03 17:35:38.370 +02:00 [INF] Request starting HTTP/1.1 POST http://localhost:5088/hubs/trace/negotiate?negotiateVersion=1 - null 0
2025-09-03 17:35:38.385 +02:00 [INF] CORS policy execution successful.
2025-09-03 17:35:38.390 +02:00 [INF] ApiKey was not authenticated. Failure message: Missing API key
2025-09-03 17:35:38.395 +02:00 [INF] Executing endpoint '/hubs/trace/negotiate'
2025-09-03 17:35:38.401 +02:00 [INF] Executed endpoint '/hubs/trace/negotiate'
2025-09-03 17:35:38.407 +02:00 [INF] Request finished HTTP/1.1 POST http://localhost:5088/hubs/trace/negotiate?negotiateVersion=1 - 200 316 application/json 37.0869ms
2025-09-03 17:35:38.411 +02:00 [INF] Request starting HTTP/1.1 GET http://localhost:5088/hubs/trace?id=NI4OwGeKV4MXE7ph8mXnNQ - null null
2025-09-03 17:35:38.420 +02:00 [INF] CORS policy execution successful.
2025-09-03 17:35:38.425 +02:00 [INF] ApiKey was not authenticated. Failure message: Missing API key
2025-09-03 17:35:38.430 +02:00 [INF] Executing endpoint '/hubs/trace'
2025-09-03 17:35:47.333 +02:00 [INF] Request starting HTTP/1.1 OPTIONS http://localhost:5088/hubs/trace/negotiate?negotiateVersion=1 - null null
2025-09-03 17:35:47.333 +02:00 [INF] Executed endpoint '/hubs/trace'
2025-09-03 17:35:47.341 +02:00 [INF] CORS policy execution successful.
2025-09-03 17:35:47.345 +02:00 [INF] Request finished HTTP/1.1 GET http://localhost:5088/hubs/trace?id=NI4OwGeKV4MXE7ph8mXnNQ - 101 null null 8933.2055ms
2025-09-03 17:35:47.350 +02:00 [INF] Request finished HTTP/1.1 OPTIONS http://localhost:5088/hubs/trace/negotiate?negotiateVersion=1 - 204 null null 17.6897ms
2025-09-03 17:35:47.352 +02:00 [INF] Request starting HTTP/1.1 POST http://localhost:5088/hubs/trace/negotiate?negotiateVersion=1 - null 0
2025-09-03 17:35:47.365 +02:00 [INF] CORS policy execution successful.
2025-09-03 17:35:47.369 +02:00 [INF] ApiKey was not authenticated. Failure message: Missing API key
2025-09-03 17:35:47.374 +02:00 [INF] Executing endpoint '/hubs/trace/negotiate'
2025-09-03 17:35:47.379 +02:00 [INF] Executed endpoint '/hubs/trace/negotiate'
2025-09-03 17:35:47.382 +02:00 [INF] Request starting HTTP/1.1 GET http://localhost:5088/hubs/trace?id=35iQKd5R7aoGnY57yCOaiA - null null
2025-09-03 17:35:47.383 +02:00 [INF] Request finished HTTP/1.1 POST http://localhost:5088/hubs/trace/negotiate?negotiateVersion=1 - 200 316 application/json 31.8055ms
2025-09-03 17:35:47.388 +02:00 [INF] CORS policy execution successful.
2025-09-03 17:35:47.397 +02:00 [INF] ApiKey was not authenticated. Failure message: Missing API key
2025-09-03 17:35:47.401 +02:00 [INF] Executing endpoint '/hubs/trace'
2025-09-03 17:36:00.354 +02:00 [INF] Request starting HTTP/1.1 OPTIONS http://localhost:5088/hubs/trace/negotiate?negotiateVersion=1 - null null
2025-09-03 17:36:00.357 +02:00 [INF] Executed endpoint '/hubs/trace'
2025-09-03 17:36:00.365 +02:00 [INF] CORS policy execution successful.
2025-09-03 17:36:00.370 +02:00 [INF] Request finished HTTP/1.1 GET http://localhost:5088/hubs/trace?id=35iQKd5R7aoGnY57yCOaiA - 101 null null 12987.7951ms
2025-09-03 17:36:00.374 +02:00 [INF] Request finished HTTP/1.1 OPTIONS http://localhost:5088/hubs/trace/negotiate?negotiateVersion=1 - 204 null null 20.649ms
2025-09-03 17:36:00.377 +02:00 [INF] Request starting HTTP/1.1 POST http://localhost:5088/hubs/trace/negotiate?negotiateVersion=1 - null 0
2025-09-03 17:36:00.395 +02:00 [INF] CORS policy execution successful.
2025-09-03 17:36:00.402 +02:00 [INF] ApiKey was not authenticated. Failure message: Missing API key
2025-09-03 17:36:00.409 +02:00 [INF] Executing endpoint '/hubs/trace/negotiate'
2025-09-03 17:36:00.416 +02:00 [INF] Executed endpoint '/hubs/trace/negotiate'
2025-09-03 17:36:00.423 +02:00 [INF] Request finished HTTP/1.1 POST http://localhost:5088/hubs/trace/negotiate?negotiateVersion=1 - 200 316 application/json 46.8705ms
2025-09-03 17:36:00.438 +02:00 [INF] Request starting HTTP/1.1 GET http://localhost:5088/hubs/trace?id=ZxqOLIwHYWIYySEuE01fTw - null null
2025-09-03 17:36:00.446 +02:00 [INF] CORS policy execution successful.
2025-09-03 17:36:00.452 +02:00 [INF] ApiKey was not authenticated. Failure message: Missing API key
2025-09-03 17:36:00.458 +02:00 [INF] Executing endpoint '/hubs/trace'
2025-09-03 17:37:08.364 +02:00 [INF] Request starting HTTP/1.1 OPTIONS http://localhost:5088/hubs/trace/negotiate?negotiateVersion=1 - null null
2025-09-03 17:37:08.366 +02:00 [INF] Executed endpoint '/hubs/trace'
2025-09-03 17:37:08.372 +02:00 [INF] CORS policy execution successful.
2025-09-03 17:37:08.377 +02:00 [INF] Request finished HTTP/1.1 GET http://localhost:5088/hubs/trace?id=ZxqOLIwHYWIYySEuE01fTw - 101 null null 67939.9212ms
2025-09-03 17:37:08.384 +02:00 [INF] Request finished HTTP/1.1 OPTIONS http://localhost:5088/hubs/trace/negotiate?negotiateVersion=1 - 204 null null 19.8078ms
2025-09-03 17:37:08.386 +02:00 [INF] Request starting HTTP/1.1 POST http://localhost:5088/hubs/trace/negotiate?negotiateVersion=1 - null 0
2025-09-03 17:37:08.403 +02:00 [INF] CORS policy execution successful.
2025-09-03 17:37:08.409 +02:00 [INF] ApiKey was not authenticated. Failure message: Missing API key
2025-09-03 17:37:08.414 +02:00 [INF] Executing endpoint '/hubs/trace/negotiate'
2025-09-03 17:37:08.420 +02:00 [INF] Executed endpoint '/hubs/trace/negotiate'
2025-09-03 17:37:08.427 +02:00 [INF] Request finished HTTP/1.1 POST http://localhost:5088/hubs/trace/negotiate?negotiateVersion=1 - 200 316 application/json 41.0847ms
2025-09-03 17:37:08.431 +02:00 [INF] Request starting HTTP/1.1 GET http://localhost:5088/hubs/trace?id=7FcvhS10lyKzIqitl3Jw1w - null null
2025-09-03 17:37:08.440 +02:00 [INF] CORS policy execution successful.
2025-09-03 17:37:08.446 +02:00 [INF] ApiKey was not authenticated. Failure message: Missing API key
2025-09-03 17:37:08.457 +02:00 [INF] Executing endpoint '/hubs/trace'
2025-09-03 17:37:18.458 +02:00 [INF] Request starting HTTP/1.1 OPTIONS http://localhost:5088/hubs/trace/negotiate?negotiateVersion=1 - null null
2025-09-03 17:37:18.460 +02:00 [INF] Executed endpoint '/hubs/trace'
2025-09-03 17:37:18.466 +02:00 [INF] CORS policy execution successful.
2025-09-03 17:37:18.471 +02:00 [INF] Request finished HTTP/1.1 GET http://localhost:5088/hubs/trace?id=7FcvhS10lyKzIqitl3Jw1w - 101 null null 10040.1965ms
2025-09-03 17:37:18.478 +02:00 [INF] Request finished HTTP/1.1 OPTIONS http://localhost:5088/hubs/trace/negotiate?negotiateVersion=1 - 204 null null 20.3217ms
2025-09-03 17:38:44.771 +02:00 [INF] Request starting HTTP/1.1 OPTIONS http://localhost:5088/agents/1e5ffb9e-fb28-4405-b82b-b4647aa5a865 - null null
2025-09-03 17:38:44.776 +02:00 [INF] Request starting HTTP/1.1 OPTIONS http://localhost:5088/agents/1e5ffb9e-fb28-4405-b82b-b4647aa5a865/bindings - null null
2025-09-03 17:38:44.780 +02:00 [INF] CORS policy execution successful.
2025-09-03 17:38:44.786 +02:00 [INF] CORS policy execution successful.
2025-09-03 17:38:44.791 +02:00 [INF] Request finished HTTP/1.1 OPTIONS http://localhost:5088/agents/1e5ffb9e-fb28-4405-b82b-b4647aa5a865 - 204 null null 20.136ms
2025-09-03 17:38:44.796 +02:00 [INF] Request finished HTTP/1.1 OPTIONS http://localhost:5088/agents/1e5ffb9e-fb28-4405-b82b-b4647aa5a865/bindings - 204 null null 20.127ms
2025-09-03 17:38:44.803 +02:00 [INF] Request starting HTTP/1.1 GET http://localhost:5088/agents/1e5ffb9e-fb28-4405-b82b-b4647aa5a865 - application/json null
2025-09-03 17:38:44.811 +02:00 [INF] Request starting HTTP/1.1 GET http://localhost:5088/agents/1e5ffb9e-fb28-4405-b82b-b4647aa5a865/bindings - application/json null
2025-09-03 17:38:44.817 +02:00 [INF] CORS policy execution successful.
2025-09-03 17:38:44.824 +02:00 [INF] CORS policy execution successful.
2025-09-03 17:38:44.830 +02:00 [INF] Executing endpoint 'HTTP: GET /agents/{id:guid}'
2025-09-03 17:38:44.835 +02:00 [INF] Executing endpoint 'HTTP: GET /agents/{id:guid}/bindings'
2025-09-03 17:38:44.843 +02:00 [INF] Executed DbCommand (1ms) [Parameters=[@__p_0='?' (DbType = Guid)], CommandType='"Text"', CommandTimeout='30']
SELECT "a"."Id", "a"."Autonomy", "a"."CreatedUtc", "a"."GuardrailsJson", "a"."Name", "a"."ParamsJson", "a"."Provider", "a"."SystemPrompt", "a"."Temperature", "a"."TemplateRef", "a"."TokenBudget", "a"."ToolBudget", "a"."TopP", "a"."UpdatedUtc"
FROM "Agents" AS "a"
WHERE "a"."Id" = @__p_0
LIMIT 1
2025-09-03 17:38:44.847 +02:00 [INF] Executed DbCommand (1ms) [Parameters=[@__agentId_0='?' (DbType = Guid)], CommandType='"Text"', CommandTimeout='30']
SELECT "a"."Id", "a"."AgentId", "a"."ConfigJson", "a"."Enabled", "a"."ToolId"
FROM "AgentToolBindings" AS "a"
WHERE "a"."AgentId" = @__agentId_0
2025-09-03 17:38:44.850 +02:00 [INF] Setting HTTP status code 200.
2025-09-03 17:38:44.856 +02:00 [INF] Setting HTTP status code 200.
2025-09-03 17:38:44.861 +02:00 [INF] Writing value of type 'AgentResponse' as Json.
2025-09-03 17:38:44.866 +02:00 [INF] Writing value of type 'List`1' as Json.
2025-09-03 17:38:44.871 +02:00 [INF] Executed endpoint 'HTTP: GET /agents/{id:guid}'
2025-09-03 17:38:44.879 +02:00 [INF] Executed endpoint 'HTTP: GET /agents/{id:guid}/bindings'
2025-09-03 17:38:44.884 +02:00 [INF] Request finished HTTP/1.1 GET http://localhost:5088/agents/1e5ffb9e-fb28-4405-b82b-b4647aa5a865 - 200 null application/json; charset=utf-8 81.4773ms
2025-09-03 17:38:44.890 +02:00 [INF] Request finished HTTP/1.1 GET http://localhost:5088/agents/1e5ffb9e-fb28-4405-b82b-b4647aa5a865/bindings - 200 null application/json; charset=utf-8 79.5862ms
2025-09-03 17:40:01.296 +02:00 [INF] Request starting HTTP/1.1 OPTIONS http://localhost:5088/sessions - null null
2025-09-03 17:40:01.304 +02:00 [INF] CORS policy execution successful.
2025-09-03 17:40:01.310 +02:00 [INF] Request finished HTTP/1.1 OPTIONS http://localhost:5088/sessions - 204 null null 13.3741ms
2025-09-03 17:40:01.317 +02:00 [INF] Request starting HTTP/1.1 POST http://localhost:5088/sessions - application/json 50
2025-09-03 17:40:01.324 +02:00 [INF] CORS policy execution successful.
2025-09-03 17:40:01.329 +02:00 [INF] Executing endpoint 'HTTP: POST /sessions/'
2025-09-03 17:40:01.339 +02:00 [INF] Executed DbCommand (1ms) [Parameters=[@__p_0='?' (DbType = Guid)], CommandType='"Text"', CommandTimeout='30']
SELECT "a"."Id", "a"."Autonomy", "a"."CreatedUtc", "a"."GuardrailsJson", "a"."Name", "a"."ParamsJson", "a"."Provider", "a"."SystemPrompt", "a"."Temperature", "a"."TemplateRef", "a"."TokenBudget", "a"."ToolBudget", "a"."TopP", "a"."UpdatedUtc"
FROM "Agents" AS "a"
WHERE "a"."Id" = @__p_0
LIMIT 1
2025-09-03 17:40:01.363 +02:00 [INF] Executed DbCommand (17ms) [Parameters=[@p0='?' (DbType = Guid), @p1='?' (DbType = Guid), @p2='?' (DbType = DateTime), @p3='?' (DbType = Int32), @p4='?' (DbType = DateTime), @p5='?' (Size = 7), @p6='?'], CommandType='"Text"', CommandTimeout='30']
INSERT INTO "Sessions" ("Id", "AgentId", "EndedUtc", "LastEventIdx", "StartedUtc", "Status", "UserId")
VALUES (@p0, @p1, @p2, @p3, @p4, @p5, @p6);
2025-09-03 17:40:01.370 +02:00 [INF] Setting HTTP status code 201.
2025-09-03 17:40:01.375 +02:00 [INF] Writing value of type 'SessionCreatedResponse' as Json.
2025-09-03 17:40:01.379 +02:00 [INF] Executed endpoint 'HTTP: POST /sessions/'
2025-09-03 17:40:01.384 +02:00 [INF] Request finished HTTP/1.1 POST http://localhost:5088/sessions - 201 null application/json; charset=utf-8 66.8155ms
2025-09-03 17:40:01.413 +02:00 [INF] Request starting HTTP/1.1 OPTIONS http://localhost:5088/hubs/trace/negotiate?negotiateVersion=1 - null null
2025-09-03 17:40:01.439 +02:00 [INF] CORS policy execution successful.
2025-09-03 17:40:01.444 +02:00 [INF] Request finished HTTP/1.1 OPTIONS http://localhost:5088/hubs/trace/negotiate?negotiateVersion=1 - 204 null null 31.1375ms
2025-09-03 17:40:01.495 +02:00 [INF] Request starting HTTP/1.1 POST http://localhost:5088/hubs/trace/negotiate?negotiateVersion=1 - null 0
2025-09-03 17:40:01.520 +02:00 [INF] CORS policy execution successful.
2025-09-03 17:40:01.529 +02:00 [INF] ApiKey was not authenticated. Failure message: Missing API key
2025-09-03 17:40:01.545 +02:00 [INF] Executing endpoint '/hubs/trace/negotiate'
2025-09-03 17:40:01.583 +02:00 [INF] Executed endpoint '/hubs/trace/negotiate'
2025-09-03 17:40:01.608 +02:00 [INF] Request starting HTTP/1.1 GET http://localhost:5088/hubs/trace?id=FEd5ut8T_u94crokzPUBqg - null null
2025-09-03 17:40:01.612 +02:00 [INF] Request finished HTTP/1.1 POST http://localhost:5088/hubs/trace/negotiate?negotiateVersion=1 - 200 316 application/json 116.3279ms
2025-09-03 17:40:01.618 +02:00 [INF] CORS policy execution successful.
2025-09-03 17:40:01.633 +02:00 [INF] ApiKey was not authenticated. Failure message: Missing API key
2025-09-03 17:40:01.643 +02:00 [INF] Executing endpoint '/hubs/trace'
2025-09-03 17:40:07.853 +02:00 [INF] Request starting HTTP/1.1 OPTIONS http://localhost:5088/sessions/1c54a8f6-e624-4285-889b-9f79cdc8a30a/messages - null null
2025-09-03 17:40:07.863 +02:00 [INF] CORS policy execution successful.
2025-09-03 17:40:07.869 +02:00 [INF] Request finished HTTP/1.1 OPTIONS http://localhost:5088/sessions/1c54a8f6-e624-4285-889b-9f79cdc8a30a/messages - 204 null null 16.4446ms
2025-09-03 17:40:07.876 +02:00 [INF] Request starting HTTP/1.1 POST http://localhost:5088/sessions/1c54a8f6-e624-4285-889b-9f79cdc8a30a/messages - application/json 44
2025-09-03 17:40:07.883 +02:00 [INF] CORS policy execution successful.
2025-09-03 17:40:07.887 +02:00 [INF] Executing endpoint 'HTTP: POST /sessions/{id:guid}/messages'
2025-09-03 17:40:07.896 +02:00 [INF] Executed DbCommand (1ms) [Parameters=[@__p_0='?' (DbType = Guid)], CommandType='"Text"', CommandTimeout='30']
SELECT "s"."Id", "s"."AgentId", "s"."EndedUtc", "s"."LastEventIdx", "s"."StartedUtc", "s"."Status", "s"."UserId"
FROM "Sessions" AS "s"
WHERE "s"."Id" = @__p_0
LIMIT 1
2025-09-03 17:40:07.916 +02:00 [INF] Executed DbCommand (13ms) [Parameters=[@p0='?' (DbType = Guid), @p1='?' (Size = 30), @p2='?' (DbType = DateTime), @p3='?', @p4='?' (Size = 4), @p5='?' (DbType = Guid), @p6='?'], CommandType='"Text"', CommandTimeout='30']
INSERT INTO "Messages" ("Id", "Content", "CreatedUtc", "Kind", "Role", "SessionId", "TokenUsageJson")
VALUES (@p0, @p1, @p2, @p3, @p4, @p5, @p6);
2025-09-03 17:40:07.922 +02:00 [INF] Setting HTTP status code 202.
2025-09-03 17:40:07.925 +02:00 [INF] Executed DbCommand (1ms) [Parameters=[@__p_0='?' (DbType = Guid)], CommandType='"Text"', CommandTimeout='30']
SELECT "a"."Id", "a"."Autonomy", "a"."CreatedUtc", "a"."GuardrailsJson", "a"."Name", "a"."ParamsJson", "a"."Provider", "a"."SystemPrompt", "a"."Temperature", "a"."TemplateRef", "a"."TokenBudget", "a"."ToolBudget", "a"."TopP", "a"."UpdatedUtc"
FROM "Agents" AS "a"
WHERE "a"."Id" = @__p_0
LIMIT 1
2025-09-03 17:40:07.929 +02:00 [INF] Writing value of type 'AcceptedResponse' as Json.
2025-09-03 17:40:07.943 +02:00 [INF] Executed endpoint 'HTTP: POST /sessions/{id:guid}/messages'
2025-09-03 17:40:07.950 +02:00 [INF] Executed DbCommand (11ms) [Parameters=[@p0='?' (DbType = Guid), @p1='?' (Size = 30), @p2='?' (DbType = DateTime), @p3='?', @p4='?' (Size = 4), @p5='?' (DbType = Guid), @p6='?'], CommandType='"Text"', CommandTimeout='30']
INSERT INTO "Messages" ("Id", "Content", "CreatedUtc", "Kind", "Role", "SessionId", "TokenUsageJson")
VALUES (@p0, @p1, @p2, @p3, @p4, @p5, @p6);
2025-09-03 17:40:07.953 +02:00 [INF] Request finished HTTP/1.1 POST http://localhost:5088/sessions/1c54a8f6-e624-4285-889b-9f79cdc8a30a/messages - 202 null application/json; charset=utf-8 76.0944ms
2025-09-03 17:40:07.962 +02:00 [INF] Executed DbCommand (1ms) [Parameters=[@__agentId_0='?' (DbType = Guid)], CommandType='"Text"', CommandTimeout='30']
SELECT "a"."Id", "a"."AgentId", "a"."ConfigJson", "a"."Enabled", "a"."ToolId", "t"."Id", "t"."Description", "t"."Enabled", "t"."InputSchemaJson", "t"."McpServerId", "t"."Name", "t"."Scope", "m"."Id", "m"."AuthType", "m"."BaseUrl", "m"."LastSeenUtc", "m"."MetadataJson", "m"."Name", "m"."Status"
FROM "AgentToolBindings" AS "a"
INNER JOIN "Tools" AS "t" ON "a"."ToolId" = "t"."Id"
INNER JOIN "McpServers" AS "m" ON "t"."McpServerId" = "m"."Id"
WHERE "a"."AgentId" = @__agentId_0 AND "a"."Enabled"
2025-09-03 17:40:07.978 +02:00 [INF] Executed DbCommand (1ms) [Parameters=[@__agentId_0='?' (DbType = Guid)], CommandType='"Text"', CommandTimeout='30']
SELECT "a"."Id", "a"."AgentId", "a"."ConfigJson", "a"."Enabled", "a"."ToolId", "t"."Id", "t"."Description", "t"."Enabled", "t"."InputSchemaJson", "t"."McpServerId", "t"."Name", "t"."Scope", "m"."Id", "m"."AuthType", "m"."BaseUrl", "m"."LastSeenUtc", "m"."MetadataJson", "m"."Name", "m"."Status"
FROM "AgentToolBindings" AS "a"
INNER JOIN "Tools" AS "t" ON "a"."ToolId" = "t"."Id"
INNER JOIN "McpServers" AS "m" ON "t"."McpServerId" = "m"."Id"
WHERE "a"."AgentId" = @__agentId_0 AND "a"."Enabled"
2025-09-03 17:40:07.992 +02:00 [INF] Executed DbCommand (1ms) [Parameters=[@__sessionId_0='?' (DbType = Guid), @__kind_1='?' (Size = 11), @__p_2='?' (DbType = Int32)], CommandType='"Text"', CommandTimeout='30']
SELECT "m"."Id", "m"."Content", "m"."CreatedUtc", "m"."Kind", "m"."Role", "m"."SessionId", "m"."TokenUsageJson"
FROM "Messages" AS "m"
WHERE "m"."SessionId" = @__sessionId_0 AND "m"."Kind" = @__kind_1
ORDER BY "m"."CreatedUtc" DESC
LIMIT @__p_2
2025-09-03 17:40:08.003 +02:00 [INF] Executed DbCommand (1ms) [Parameters=[@__sessionId_0='?' (DbType = Guid), @__p_1='?' (DbType = Int32)], CommandType='"Text"', CommandTimeout='30']
SELECT "m"."Id", "m"."Content", "m"."CreatedUtc", "m"."Kind", "m"."Role", "m"."SessionId", "m"."TokenUsageJson"
FROM "Messages" AS "m"
WHERE "m"."SessionId" = @__sessionId_0
ORDER BY "m"."CreatedUtc" DESC
LIMIT @__p_1
2025-09-03 17:40:08.014 +02:00 [INF] Executed DbCommand (1ms) [Parameters=[@__agentId_0='?' (DbType = Guid)], CommandType='"Text"', CommandTimeout='30']
SELECT "a"."Id", "a"."AgentId", "a"."ConfigJson", "a"."Enabled", "a"."ToolId", "t"."Id", "t"."Description", "t"."Enabled", "t"."InputSchemaJson", "t"."McpServerId", "t"."Name", "t"."Scope", "m"."Id", "m"."AuthType", "m"."BaseUrl", "m"."LastSeenUtc", "m"."MetadataJson", "m"."Name", "m"."Status"
FROM "AgentToolBindings" AS "a"
INNER JOIN "Tools" AS "t" ON "a"."ToolId" = "t"."Id"
INNER JOIN "McpServers" AS "m" ON "t"."McpServerId" = "m"."Id"
WHERE "a"."AgentId" = @__agentId_0 AND "a"."Enabled"
2025-09-03 17:40:08.025 +02:00 [INF] Executed DbCommand (1ms) [Parameters=[@__agentId_0='?' (DbType = Guid)], CommandType='"Text"', CommandTimeout='30']
SELECT "a"."Id", "a"."AgentId", "a"."ConfigJson", "a"."Enabled", "a"."ToolId", "t"."Id", "t"."Description", "t"."Enabled", "t"."InputSchemaJson", "t"."McpServerId", "t"."Name", "t"."Scope", "m"."Id", "m"."AuthType", "m"."BaseUrl", "m"."LastSeenUtc", "m"."MetadataJson", "m"."Name", "m"."Status"
FROM "AgentToolBindings" AS "a"
INNER JOIN "Tools" AS "t" ON "a"."ToolId" = "t"."Id"
INNER JOIN "McpServers" AS "m" ON "t"."McpServerId" = "m"."Id"
WHERE "a"."AgentId" = @__agentId_0 AND "a"."Enabled"
2025-09-03 17:40:09.131 +02:00 [INF] Executed DbCommand (1ms) [Parameters=[@__sessionId_0='?' (DbType = Guid), @__p_1='?' (DbType = Int32)], CommandType='"Text"', CommandTimeout='30']
SELECT "m"."Id", "m"."Content", "m"."CreatedUtc", "m"."Kind", "m"."Role", "m"."SessionId", "m"."TokenUsageJson"
FROM "Messages" AS "m"
WHERE "m"."SessionId" = @__sessionId_0
ORDER BY "m"."CreatedUtc" DESC
LIMIT @__p_1
2025-09-03 17:40:12.335 +02:00 [INF] Executed DbCommand (20ms) [Parameters=[@p0='?' (DbType = Guid), @p1='?' (Size = 1428), @p2='?' (DbType = DateTime), @p3='?', @p4='?' (Size = 9), @p5='?' (DbType = Guid), @p6='?'], CommandType='"Text"', CommandTimeout='30']
INSERT INTO "Messages" ("Id", "Content", "CreatedUtc", "Kind", "Role", "SessionId", "TokenUsageJson")
VALUES (@p0, @p1, @p2, @p3, @p4, @p5, @p6);
2025-09-03 17:40:12.354 +02:00 [INF] Executed DbCommand (9ms) [Parameters=[@p0='?' (DbType = Guid), @p1='?' (Size = 1428), @p2='?' (DbType = DateTime), @p3='?', @p4='?' (Size = 9), @p5='?' (DbType = Guid), @p6='?'], CommandType='"Text"', CommandTimeout='30']
INSERT INTO "Messages" ("Id", "Content", "CreatedUtc", "Kind", "Role", "SessionId", "TokenUsageJson")
VALUES (@p0, @p1, @p2, @p3, @p4, @p5, @p6);
2025-09-03 17:40:23.516 +02:00 [INF] Executed endpoint '/hubs/trace'
2025-09-03 17:40:23.523 +02:00 [INF] Request finished HTTP/1.1 GET http://localhost:5088/hubs/trace?id=FEd5ut8T_u94crokzPUBqg - 101 null null 21914.4521ms
2025-09-03 17:40:24.345 +02:00 [INF] Request starting HTTP/1.1 OPTIONS http://localhost:5088/agents/1e5ffb9e-fb28-4405-b82b-b4647aa5a865 - null null
2025-09-03 17:40:24.350 +02:00 [INF] Request starting HTTP/1.1 OPTIONS http://localhost:5088/agents/1e5ffb9e-fb28-4405-b82b-b4647aa5a865/bindings - null null
2025-09-03 17:40:24.401 +02:00 [INF] CORS policy execution successful.
2025-09-03 17:40:24.408 +02:00 [INF] CORS policy execution successful.
2025-09-03 17:40:24.416 +02:00 [INF] Request finished HTTP/1.1 OPTIONS http://localhost:5088/agents/1e5ffb9e-fb28-4405-b82b-b4647aa5a865 - 204 null null 71.1169ms
2025-09-03 17:40:24.422 +02:00 [INF] Request finished HTTP/1.1 OPTIONS http://localhost:5088/agents/1e5ffb9e-fb28-4405-b82b-b4647aa5a865/bindings - 204 null null 72.0299ms
2025-09-03 17:40:24.442 +02:00 [INF] Request starting HTTP/1.1 GET http://localhost:5088/agents/1e5ffb9e-fb28-4405-b82b-b4647aa5a865/bindings - application/json null
2025-09-03 17:40:24.447 +02:00 [INF] Request starting HTTP/1.1 GET http://localhost:5088/agents/1e5ffb9e-fb28-4405-b82b-b4647aa5a865 - application/json null
2025-09-03 17:40:24.455 +02:00 [INF] CORS policy execution successful.
2025-09-03 17:40:24.461 +02:00 [INF] CORS policy execution successful.
2025-09-03 17:40:24.466 +02:00 [INF] Executing endpoint 'HTTP: GET /agents/{id:guid}/bindings'
2025-09-03 17:40:24.472 +02:00 [INF] Executing endpoint 'HTTP: GET /agents/{id:guid}'
2025-09-03 17:40:24.481 +02:00 [INF] Executed DbCommand (1ms) [Parameters=[@__agentId_0='?' (DbType = Guid)], CommandType='"Text"', CommandTimeout='30']
SELECT "a"."Id", "a"."AgentId", "a"."ConfigJson", "a"."Enabled", "a"."ToolId"
FROM "AgentToolBindings" AS "a"
WHERE "a"."AgentId" = @__agentId_0
2025-09-03 17:40:24.485 +02:00 [INF] Executed DbCommand (1ms) [Parameters=[@__p_0='?' (DbType = Guid)], CommandType='"Text"', CommandTimeout='30']
SELECT "a"."Id", "a"."Autonomy", "a"."CreatedUtc", "a"."GuardrailsJson", "a"."Name", "a"."ParamsJson", "a"."Provider", "a"."SystemPrompt", "a"."Temperature", "a"."TemplateRef", "a"."TokenBudget", "a"."ToolBudget", "a"."TopP", "a"."UpdatedUtc"
FROM "Agents" AS "a"
WHERE "a"."Id" = @__p_0
LIMIT 1
2025-09-03 17:40:24.489 +02:00 [INF] Setting HTTP status code 200.
2025-09-03 17:40:24.495 +02:00 [INF] Setting HTTP status code 200.
2025-09-03 17:40:24.500 +02:00 [INF] Writing value of type 'List`1' as Json.
2025-09-03 17:40:24.506 +02:00 [INF] Writing value of type 'AgentResponse' as Json.
2025-09-03 17:40:24.511 +02:00 [INF] Executed endpoint 'HTTP: GET /agents/{id:guid}/bindings'
2025-09-03 17:40:24.516 +02:00 [INF] Executed endpoint 'HTTP: GET /agents/{id:guid}'
2025-09-03 17:40:24.523 +02:00 [INF] Request finished HTTP/1.1 GET http://localhost:5088/agents/1e5ffb9e-fb28-4405-b82b-b4647aa5a865/bindings - 200 null application/json; charset=utf-8 80.4027ms
2025-09-03 17:40:24.528 +02:00 [INF] Request finished HTTP/1.1 GET http://localhost:5088/agents/1e5ffb9e-fb28-4405-b82b-b4647aa5a865 - 200 null application/json; charset=utf-8 81.3932ms
2025-09-03 17:40:27.110 +02:00 [INF] Request starting HTTP/1.1 OPTIONS http://localhost:5088/sessions - null null
2025-09-03 17:40:27.119 +02:00 [INF] CORS policy execution successful.
2025-09-03 17:40:27.126 +02:00 [INF] Request finished HTTP/1.1 OPTIONS http://localhost:5088/sessions - 204 null null 15.7987ms
2025-09-03 17:40:27.133 +02:00 [INF] Request starting HTTP/1.1 POST http://localhost:5088/sessions - application/json 50
2025-09-03 17:40:27.138 +02:00 [INF] CORS policy execution successful.
2025-09-03 17:40:27.145 +02:00 [INF] Executing endpoint 'HTTP: POST /sessions/'
2025-09-03 17:40:27.151 +02:00 [INF] Executed DbCommand (0ms) [Parameters=[@__p_0='?' (DbType = Guid)], CommandType='"Text"', CommandTimeout='30']
SELECT "a"."Id", "a"."Autonomy", "a"."CreatedUtc", "a"."GuardrailsJson", "a"."Name", "a"."ParamsJson", "a"."Provider", "a"."SystemPrompt", "a"."Temperature", "a"."TemplateRef", "a"."TokenBudget", "a"."ToolBudget", "a"."TopP", "a"."UpdatedUtc"
FROM "Agents" AS "a"
WHERE "a"."Id" = @__p_0
LIMIT 1
2025-09-03 17:40:27.179 +02:00 [INF] Executed DbCommand (20ms) [Parameters=[@p0='?' (DbType = Guid), @p1='?' (DbType = Guid), @p2='?' (DbType = DateTime), @p3='?' (DbType = Int32), @p4='?' (DbType = DateTime), @p5='?' (Size = 7), @p6='?'], CommandType='"Text"', CommandTimeout='30']
INSERT INTO "Sessions" ("Id", "AgentId", "EndedUtc", "LastEventIdx", "StartedUtc", "Status", "UserId")
VALUES (@p0, @p1, @p2, @p3, @p4, @p5, @p6);
2025-09-03 17:40:27.186 +02:00 [INF] Setting HTTP status code 201.
2025-09-03 17:40:27.191 +02:00 [INF] Writing value of type 'SessionCreatedResponse' as Json.
2025-09-03 17:40:27.196 +02:00 [INF] Executed endpoint 'HTTP: POST /sessions/'
2025-09-03 17:40:27.201 +02:00 [INF] Request finished HTTP/1.1 POST http://localhost:5088/sessions - 201 null application/json; charset=utf-8 68.1998ms
2025-09-03 17:40:27.218 +02:00 [INF] Request starting HTTP/1.1 OPTIONS http://localhost:5088/hubs/trace/negotiate?negotiateVersion=1 - null null
2025-09-03 17:40:27.225 +02:00 [INF] CORS policy execution successful.
2025-09-03 17:40:27.233 +02:00 [INF] Request finished HTTP/1.1 OPTIONS http://localhost:5088/hubs/trace/negotiate?negotiateVersion=1 - 204 null null 14.5ms
2025-09-03 17:40:27.236 +02:00 [INF] Request starting HTTP/1.1 POST http://localhost:5088/hubs/trace/negotiate?negotiateVersion=1 - null 0
2025-09-03 17:40:27.251 +02:00 [INF] CORS policy execution successful.
2025-09-03 17:40:27.261 +02:00 [INF] ApiKey was not authenticated. Failure message: Missing API key
2025-09-03 17:40:27.267 +02:00 [INF] Executing endpoint '/hubs/trace/negotiate'
2025-09-03 17:40:27.274 +02:00 [INF] Executed endpoint '/hubs/trace/negotiate'
2025-09-03 17:40:27.284 +02:00 [INF] Request finished HTTP/1.1 POST http://localhost:5088/hubs/trace/negotiate?negotiateVersion=1 - 200 316 application/json 48.1414ms
2025-09-03 17:40:27.288 +02:00 [INF] Request starting HTTP/1.1 GET http://localhost:5088/hubs/trace?id=iD5bdPMnBkiMl-Uhn2TyIQ - null null
2025-09-03 17:40:27.301 +02:00 [INF] CORS policy execution successful.
2025-09-03 17:40:27.314 +02:00 [INF] ApiKey was not authenticated. Failure message: Missing API key
2025-09-03 17:40:27.319 +02:00 [INF] Executing endpoint '/hubs/trace'
2025-09-03 17:40:30.131 +02:00 [INF] Request starting HTTP/1.1 OPTIONS http://localhost:5088/hubs/trace/negotiate?negotiateVersion=1 - null null
2025-09-03 17:40:30.135 +02:00 [INF] Executed endpoint '/hubs/trace'
2025-09-03 17:40:30.136 +02:00 [INF] CORS policy execution successful.
2025-09-03 17:40:30.141 +02:00 [INF] Request finished HTTP/1.1 GET http://localhost:5088/hubs/trace?id=iD5bdPMnBkiMl-Uhn2TyIQ - 101 null null 2852.9198ms
2025-09-03 17:40:30.146 +02:00 [INF] Request finished HTTP/1.1 OPTIONS http://localhost:5088/hubs/trace/negotiate?negotiateVersion=1 - 204 null null 15.8286ms
2025-09-03 17:40:30.149 +02:00 [INF] Request starting HTTP/1.1 POST http://localhost:5088/hubs/trace/negotiate?negotiateVersion=1 - null 0
2025-09-03 17:40:30.165 +02:00 [INF] CORS policy execution successful.
2025-09-03 17:40:30.172 +02:00 [INF] ApiKey was not authenticated. Failure message: Missing API key
2025-09-03 17:40:30.178 +02:00 [INF] Executing endpoint '/hubs/trace/negotiate'
2025-09-03 17:40:30.185 +02:00 [INF] Executed endpoint '/hubs/trace/negotiate'
2025-09-03 17:40:30.191 +02:00 [INF] Request finished HTTP/1.1 POST http://localhost:5088/hubs/trace/negotiate?negotiateVersion=1 - 200 316 application/json 41.3266ms
2025-09-03 17:40:30.194 +02:00 [INF] Request starting HTTP/1.1 GET http://localhost:5088/hubs/trace?id=yVHhU2sqhKVoMKAXDayu3A - null null
2025-09-03 17:40:30.203 +02:00 [INF] CORS policy execution successful.
2025-09-03 17:40:30.209 +02:00 [INF] ApiKey was not authenticated. Failure message: Missing API key
2025-09-03 17:40:30.214 +02:00 [INF] Executing endpoint '/hubs/trace'
2025-09-03 17:40:36.048 +02:00 [INF] Request starting HTTP/1.1 OPTIONS http://localhost:5088/sessions/6aeed835-6ba3-4514-892e-c6e9967f5491/messages - null null
2025-09-03 17:40:36.059 +02:00 [INF] CORS policy execution successful.
2025-09-03 17:40:36.064 +02:00 [INF] Request finished HTTP/1.1 OPTIONS http://localhost:5088/sessions/6aeed835-6ba3-4514-892e-c6e9967f5491/messages - 204 null null 15.8465ms
2025-09-03 17:40:36.071 +02:00 [INF] Request starting HTTP/1.1 POST http://localhost:5088/sessions/6aeed835-6ba3-4514-892e-c6e9967f5491/messages - application/json 44
2025-09-03 17:40:36.076 +02:00 [INF] CORS policy execution successful.
2025-09-03 17:40:36.082 +02:00 [INF] Executing endpoint 'HTTP: POST /sessions/{id:guid}/messages'
2025-09-03 17:40:36.089 +02:00 [INF] Executed DbCommand (0ms) [Parameters=[@__p_0='?' (DbType = Guid)], CommandType='"Text"', CommandTimeout='30']
SELECT "s"."Id", "s"."AgentId", "s"."EndedUtc", "s"."LastEventIdx", "s"."StartedUtc", "s"."Status", "s"."UserId"
FROM "Sessions" AS "s"
WHERE "s"."Id" = @__p_0
LIMIT 1
2025-09-03 17:40:36.120 +02:00 [INF] Executed DbCommand (22ms) [Parameters=[@p0='?' (DbType = Guid), @p1='?' (Size = 30), @p2='?' (DbType = DateTime), @p3='?', @p4='?' (Size = 4), @p5='?' (DbType = Guid), @p6='?'], CommandType='"Text"', CommandTimeout='30']
INSERT INTO "Messages" ("Id", "Content", "CreatedUtc", "Kind", "Role", "SessionId", "TokenUsageJson")
VALUES (@p0, @p1, @p2, @p3, @p4, @p5, @p6);
2025-09-03 17:40:36.128 +02:00 [INF] Setting HTTP status code 202.
2025-09-03 17:40:36.131 +02:00 [INF] Executed DbCommand (1ms) [Parameters=[@__p_0='?' (DbType = Guid)], CommandType='"Text"', CommandTimeout='30']
SELECT "a"."Id", "a"."Autonomy", "a"."CreatedUtc", "a"."GuardrailsJson", "a"."Name", "a"."ParamsJson", "a"."Provider", "a"."SystemPrompt", "a"."Temperature", "a"."TemplateRef", "a"."TokenBudget", "a"."ToolBudget", "a"."TopP", "a"."UpdatedUtc"
FROM "Agents" AS "a"
WHERE "a"."Id" = @__p_0
LIMIT 1
2025-09-03 17:40:36.136 +02:00 [INF] Writing value of type 'AcceptedResponse' as Json.
2025-09-03 17:40:36.148 +02:00 [INF] Executed endpoint 'HTTP: POST /sessions/{id:guid}/messages'
2025-09-03 17:40:36.154 +02:00 [INF] Executed DbCommand (11ms) [Parameters=[@p0='?' (DbType = Guid), @p1='?' (Size = 30), @p2='?' (DbType = DateTime), @p3='?', @p4='?' (Size = 4), @p5='?' (DbType = Guid), @p6='?'], CommandType='"Text"', CommandTimeout='30']
INSERT INTO "Messages" ("Id", "Content", "CreatedUtc", "Kind", "Role", "SessionId", "TokenUsageJson")
VALUES (@p0, @p1, @p2, @p3, @p4, @p5, @p6);
2025-09-03 17:40:36.154 +02:00 [INF] Request finished HTTP/1.1 POST http://localhost:5088/sessions/6aeed835-6ba3-4514-892e-c6e9967f5491/messages - 202 null application/json; charset=utf-8 83.1337ms
2025-09-03 17:40:36.165 +02:00 [INF] Executed DbCommand (1ms) [Parameters=[@__agentId_0='?' (DbType = Guid)], CommandType='"Text"', CommandTimeout='30']
SELECT "a"."Id", "a"."AgentId", "a"."ConfigJson", "a"."Enabled", "a"."ToolId", "t"."Id", "t"."Description", "t"."Enabled", "t"."InputSchemaJson", "t"."McpServerId", "t"."Name", "t"."Scope", "m"."Id", "m"."AuthType", "m"."BaseUrl", "m"."LastSeenUtc", "m"."MetadataJson", "m"."Name", "m"."Status"
FROM "AgentToolBindings" AS "a"
INNER JOIN "Tools" AS "t" ON "a"."ToolId" = "t"."Id"
INNER JOIN "McpServers" AS "m" ON "t"."McpServerId" = "m"."Id"
WHERE "a"."AgentId" = @__agentId_0 AND "a"."Enabled"
2025-09-03 17:40:36.176 +02:00 [INF] Executed DbCommand (0ms) [Parameters=[@__agentId_0='?' (DbType = Guid)], CommandType='"Text"', CommandTimeout='30']
SELECT "a"."Id", "a"."AgentId", "a"."ConfigJson", "a"."Enabled", "a"."ToolId", "t"."Id", "t"."Description", "t"."Enabled", "t"."InputSchemaJson", "t"."McpServerId", "t"."Name", "t"."Scope", "m"."Id", "m"."AuthType", "m"."BaseUrl", "m"."LastSeenUtc", "m"."MetadataJson", "m"."Name", "m"."Status"
FROM "AgentToolBindings" AS "a"
INNER JOIN "Tools" AS "t" ON "a"."ToolId" = "t"."Id"
INNER JOIN "McpServers" AS "m" ON "t"."McpServerId" = "m"."Id"
WHERE "a"."AgentId" = @__agentId_0 AND "a"."Enabled"
2025-09-03 17:40:36.186 +02:00 [INF] Executed DbCommand (0ms) [Parameters=[@__sessionId_0='?' (DbType = Guid), @__kind_1='?' (Size = 11), @__p_2='?' (DbType = Int32)], CommandType='"Text"', CommandTimeout='30']
SELECT "m"."Id", "m"."Content", "m"."CreatedUtc", "m"."Kind", "m"."Role", "m"."SessionId", "m"."TokenUsageJson"
FROM "Messages" AS "m"
WHERE "m"."SessionId" = @__sessionId_0 AND "m"."Kind" = @__kind_1
ORDER BY "m"."CreatedUtc" DESC
LIMIT @__p_2
2025-09-03 17:40:36.193 +02:00 [INF] Executed DbCommand (0ms) [Parameters=[@__sessionId_0='?' (DbType = Guid), @__p_1='?' (DbType = Int32)], CommandType='"Text"', CommandTimeout='30']
SELECT "m"."Id", "m"."Content", "m"."CreatedUtc", "m"."Kind", "m"."Role", "m"."SessionId", "m"."TokenUsageJson"
FROM "Messages" AS "m"
WHERE "m"."SessionId" = @__sessionId_0
ORDER BY "m"."CreatedUtc" DESC
LIMIT @__p_1
2025-09-03 17:40:36.203 +02:00 [INF] Executed DbCommand (0ms) [Parameters=[@__agentId_0='?' (DbType = Guid)], CommandType='"Text"', CommandTimeout='30']
SELECT "a"."Id", "a"."AgentId", "a"."ConfigJson", "a"."Enabled", "a"."ToolId", "t"."Id", "t"."Description", "t"."Enabled", "t"."InputSchemaJson", "t"."McpServerId", "t"."Name", "t"."Scope", "m"."Id", "m"."AuthType", "m"."BaseUrl", "m"."LastSeenUtc", "m"."MetadataJson", "m"."Name", "m"."Status"
FROM "AgentToolBindings" AS "a"
INNER JOIN "Tools" AS "t" ON "a"."ToolId" = "t"."Id"
INNER JOIN "McpServers" AS "m" ON "t"."McpServerId" = "m"."Id"
WHERE "a"."AgentId" = @__agentId_0 AND "a"."Enabled"
2025-09-03 17:40:36.211 +02:00 [INF] Executed DbCommand (1ms) [Parameters=[@__agentId_0='?' (DbType = Guid)], CommandType='"Text"', CommandTimeout='30']
SELECT "a"."Id", "a"."AgentId", "a"."ConfigJson", "a"."Enabled", "a"."ToolId", "t"."Id", "t"."Description", "t"."Enabled", "t"."InputSchemaJson", "t"."McpServerId", "t"."Name", "t"."Scope", "m"."Id", "m"."AuthType", "m"."BaseUrl", "m"."LastSeenUtc", "m"."MetadataJson", "m"."Name", "m"."Status"
FROM "AgentToolBindings" AS "a"
INNER JOIN "Tools" AS "t" ON "a"."ToolId" = "t"."Id"
INNER JOIN "McpServers" AS "m" ON "t"."McpServerId" = "m"."Id"
WHERE "a"."AgentId" = @__agentId_0 AND "a"."Enabled"
2025-09-03 17:40:36.983 +02:00 [INF] Executed DbCommand (1ms) [Parameters=[@__sessionId_0='?' (DbType = Guid), @__p_1='?' (DbType = Int32)], CommandType='"Text"', CommandTimeout='30']
SELECT "m"."Id", "m"."Content", "m"."CreatedUtc", "m"."Kind", "m"."Role", "m"."SessionId", "m"."TokenUsageJson"
FROM "Messages" AS "m"
WHERE "m"."SessionId" = @__sessionId_0
ORDER BY "m"."CreatedUtc" DESC
LIMIT @__p_1
2025-09-03 17:40:39.086 +02:00 [INF] Executed DbCommand (19ms) [Parameters=[@p0='?' (DbType = Guid), @p1='?' (Size = 908), @p2='?' (DbType = DateTime), @p3='?', @p4='?' (Size = 9), @p5='?' (DbType = Guid), @p6='?'], CommandType='"Text"', CommandTimeout='30']
INSERT INTO "Messages" ("Id", "Content", "CreatedUtc", "Kind", "Role", "SessionId", "TokenUsageJson")
VALUES (@p0, @p1, @p2, @p3, @p4, @p5, @p6);
2025-09-03 17:40:39.103 +02:00 [INF] Executed DbCommand (9ms) [Parameters=[@p0='?' (DbType = Guid), @p1='?' (Size = 908), @p2='?' (DbType = DateTime), @p3='?', @p4='?' (Size = 9), @p5='?' (DbType = Guid), @p6='?'], CommandType='"Text"', CommandTimeout='30']
INSERT INTO "Messages" ("Id", "Content", "CreatedUtc", "Kind", "Role", "SessionId", "TokenUsageJson")
VALUES (@p0, @p1, @p2, @p3, @p4, @p5, @p6);
2025-09-03 17:41:56.373 +02:00 [INF] Request starting HTTP/1.1 OPTIONS http://localhost:5088/hubs/trace/negotiate?negotiateVersion=1 - null null
2025-09-03 17:41:56.373 +02:00 [INF] Executed endpoint '/hubs/trace'
2025-09-03 17:41:56.382 +02:00 [INF] CORS policy execution successful.
2025-09-03 17:41:56.386 +02:00 [INF] Request finished HTTP/1.1 GET http://localhost:5088/hubs/trace?id=yVHhU2sqhKVoMKAXDayu3A - 101 null null 86192.2585ms
2025-09-03 17:41:56.391 +02:00 [INF] Request finished HTTP/1.1 OPTIONS http://localhost:5088/hubs/trace/negotiate?negotiateVersion=1 - 204 null null 17.9102ms
2025-09-03 17:41:56.393 +02:00 [INF] Request starting HTTP/1.1 POST http://localhost:5088/hubs/trace/negotiate?negotiateVersion=1 - null 0
2025-09-03 17:41:56.406 +02:00 [INF] CORS policy execution successful.
2025-09-03 17:41:56.410 +02:00 [INF] ApiKey was not authenticated. Failure message: Missing API key
2025-09-03 17:41:56.414 +02:00 [INF] Executing endpoint '/hubs/trace/negotiate'
2025-09-03 17:41:56.419 +02:00 [INF] Executed endpoint '/hubs/trace/negotiate'
2025-09-03 17:41:56.423 +02:00 [INF] Request finished HTTP/1.1 POST http://localhost:5088/hubs/trace/negotiate?negotiateVersion=1 - 200 316 application/json 29.7714ms
2025-09-03 17:41:56.424 +02:00 [INF] Request starting HTTP/1.1 GET http://localhost:5088/hubs/trace?id=K5Cn_p7ePS9gp0WAujWtfQ - null null
2025-09-03 17:41:56.432 +02:00 [INF] CORS policy execution successful.
2025-09-03 17:41:56.436 +02:00 [INF] ApiKey was not authenticated. Failure message: Missing API key
2025-09-03 17:41:56.443 +02:00 [INF] Executing endpoint '/hubs/trace'
2025-09-03 17:42:06.340 +02:00 [INF] Request starting HTTP/1.1 OPTIONS http://localhost:5088/hubs/trace/negotiate?negotiateVersion=1 - null null
2025-09-03 17:42:06.340 +02:00 [INF] Executed endpoint '/hubs/trace'
2025-09-03 17:42:06.348 +02:00 [INF] CORS policy execution successful.
2025-09-03 17:42:06.352 +02:00 [INF] Request finished HTTP/1.1 GET http://localhost:5088/hubs/trace?id=K5Cn_p7ePS9gp0WAujWtfQ - 101 null null 9928.3313ms
2025-09-03 17:42:06.356 +02:00 [INF] Request finished HTTP/1.1 OPTIONS http://localhost:5088/hubs/trace/negotiate?negotiateVersion=1 - 204 null null 16.3252ms
2025-09-03 17:42:06.359 +02:00 [INF] Request starting HTTP/1.1 POST http://localhost:5088/hubs/trace/negotiate?negotiateVersion=1 - null 0
2025-09-03 17:42:06.375 +02:00 [INF] CORS policy execution successful.
2025-09-03 17:42:06.379 +02:00 [INF] ApiKey was not authenticated. Failure message: Missing API key
2025-09-03 17:42:06.383 +02:00 [INF] Executing endpoint '/hubs/trace/negotiate'
2025-09-03 17:42:06.389 +02:00 [INF] Executed endpoint '/hubs/trace/negotiate'
2025-09-03 17:42:06.395 +02:00 [INF] Request starting HTTP/1.1 GET http://localhost:5088/hubs/trace?id=yKWOB5Ju6CXZInzk5xTKRQ - null null
2025-09-03 17:42:06.395 +02:00 [INF] Request finished HTTP/1.1 POST http://localhost:5088/hubs/trace/negotiate?negotiateVersion=1 - 200 316 application/json 36.0014ms
2025-09-03 17:42:06.399 +02:00 [INF] CORS policy execution successful.
2025-09-03 17:42:06.410 +02:00 [INF] ApiKey was not authenticated. Failure message: Missing API key
2025-09-03 17:42:06.414 +02:00 [INF] Executing endpoint '/hubs/trace'
2025-09-03 17:42:14.357 +02:00 [INF] Request starting HTTP/1.1 OPTIONS http://localhost:5088/hubs/trace/negotiate?negotiateVersion=1 - null null
2025-09-03 17:42:14.357 +02:00 [INF] Executed endpoint '/hubs/trace'
2025-09-03 17:42:14.365 +02:00 [INF] CORS policy execution successful.
2025-09-03 17:42:14.369 +02:00 [INF] Request finished HTTP/1.1 GET http://localhost:5088/hubs/trace?id=yKWOB5Ju6CXZInzk5xTKRQ - 101 null null 7974.7933ms
2025-09-03 17:42:14.374 +02:00 [INF] Request finished HTTP/1.1 OPTIONS http://localhost:5088/hubs/trace/negotiate?negotiateVersion=1 - 204 null null 17.8103ms
2025-09-03 17:42:14.378 +02:00 [INF] Request starting HTTP/1.1 POST http://localhost:5088/hubs/trace/negotiate?negotiateVersion=1 - null 0
2025-09-03 17:42:14.394 +02:00 [INF] CORS policy execution successful.
2025-09-03 17:42:14.401 +02:00 [INF] ApiKey was not authenticated. Failure message: Missing API key
2025-09-03 17:42:14.407 +02:00 [INF] Executing endpoint '/hubs/trace/negotiate'
2025-09-03 17:42:14.414 +02:00 [INF] Executed endpoint '/hubs/trace/negotiate'
2025-09-03 17:42:14.420 +02:00 [INF] Request finished HTTP/1.1 POST http://localhost:5088/hubs/trace/negotiate?negotiateVersion=1 - 200 316 application/json 43.1335ms
2025-09-03 17:42:14.423 +02:00 [INF] Request starting HTTP/1.1 GET http://localhost:5088/hubs/trace?id=eOeWghRrTcLYcMaCCb0CWw - null null
2025-09-03 17:42:14.432 +02:00 [INF] CORS policy execution successful.
2025-09-03 17:42:14.438 +02:00 [INF] ApiKey was not authenticated. Failure message: Missing API key
2025-09-03 17:42:14.443 +02:00 [INF] Executing endpoint '/hubs/trace'
2025-09-03 17:43:02.374 +02:00 [INF] Request starting HTTP/1.1 OPTIONS http://localhost:5088/hubs/trace/negotiate?negotiateVersion=1 - null null
2025-09-03 17:43:02.376 +02:00 [INF] Executed endpoint '/hubs/trace'
2025-09-03 17:43:02.381 +02:00 [INF] CORS policy execution successful.
2025-09-03 17:43:02.387 +02:00 [INF] Request finished HTTP/1.1 GET http://localhost:5088/hubs/trace?id=eOeWghRrTcLYcMaCCb0CWw - 101 null null 47964.4397ms
2025-09-03 17:43:02.392 +02:00 [INF] Request finished HTTP/1.1 OPTIONS http://localhost:5088/hubs/trace/negotiate?negotiateVersion=1 - 204 null null 17.4385ms
2025-09-03 17:43:02.395 +02:00 [INF] Request starting HTTP/1.1 POST http://localhost:5088/hubs/trace/negotiate?negotiateVersion=1 - null 0
2025-09-03 17:43:02.410 +02:00 [INF] CORS policy execution successful.
2025-09-03 17:43:02.415 +02:00 [INF] ApiKey was not authenticated. Failure message: Missing API key
2025-09-03 17:43:02.421 +02:00 [INF] Executing endpoint '/hubs/trace/negotiate'
2025-09-03 17:43:02.426 +02:00 [INF] Executed endpoint '/hubs/trace/negotiate'
2025-09-03 17:43:02.431 +02:00 [INF] Request finished HTTP/1.1 POST http://localhost:5088/hubs/trace/negotiate?negotiateVersion=1 - 200 316 application/json 36.5749ms
2025-09-03 17:43:02.446 +02:00 [INF] Request starting HTTP/1.1 GET http://localhost:5088/hubs/trace?id=Thnvi-RmQspnTIqK8EFZUA - null null
2025-09-03 17:43:02.454 +02:00 [INF] CORS policy execution successful.
2025-09-03 17:43:02.459 +02:00 [INF] ApiKey was not authenticated. Failure message: Missing API key
2025-09-03 17:43:02.464 +02:00 [INF] Executing endpoint '/hubs/trace'
2025-09-03 17:43:20.369 +02:00 [INF] Request starting HTTP/1.1 OPTIONS http://localhost:5088/hubs/trace/negotiate?negotiateVersion=1 - null null
2025-09-03 17:43:20.371 +02:00 [INF] Executed endpoint '/hubs/trace'
2025-09-03 17:43:20.379 +02:00 [INF] CORS policy execution successful.
2025-09-03 17:43:20.386 +02:00 [INF] Request finished HTTP/1.1 GET http://localhost:5088/hubs/trace?id=Thnvi-RmQspnTIqK8EFZUA - 101 null null 17939.1459ms
2025-09-03 17:43:20.392 +02:00 [INF] Request finished HTTP/1.1 OPTIONS http://localhost:5088/hubs/trace/negotiate?negotiateVersion=1 - 204 null null 23.3608ms
2025-09-03 17:43:20.395 +02:00 [INF] Request starting HTTP/1.1 POST http://localhost:5088/hubs/trace/negotiate?negotiateVersion=1 - null 0
2025-09-03 17:43:20.412 +02:00 [INF] CORS policy execution successful.
2025-09-03 17:43:20.418 +02:00 [INF] ApiKey was not authenticated. Failure message: Missing API key
2025-09-03 17:43:20.423 +02:00 [INF] Executing endpoint '/hubs/trace/negotiate'
2025-09-03 17:43:20.427 +02:00 [INF] Executed endpoint '/hubs/trace/negotiate'
2025-09-03 17:43:20.433 +02:00 [INF] Request finished HTTP/1.1 POST http://localhost:5088/hubs/trace/negotiate?negotiateVersion=1 - 200 316 application/json 38.2134ms
2025-09-03 17:43:20.436 +02:00 [INF] Request starting HTTP/1.1 GET http://localhost:5088/hubs/trace?id=YwHneVTCaXl7qsv8hd6GtA - null null
2025-09-03 17:43:20.445 +02:00 [INF] CORS policy execution successful.
2025-09-03 17:43:20.451 +02:00 [INF] ApiKey was not authenticated. Failure message: Missing API key
2025-09-03 17:43:20.457 +02:00 [INF] Executing endpoint '/hubs/trace'
2025-09-03 17:44:20.428 +02:00 [INF] Request starting HTTP/1.1 OPTIONS http://localhost:5088/hubs/trace/negotiate?negotiateVersion=1 - null null
2025-09-03 17:44:20.430 +02:00 [INF] Executed endpoint '/hubs/trace'
2025-09-03 17:44:20.435 +02:00 [INF] CORS policy execution successful.
2025-09-03 17:44:20.441 +02:00 [INF] Request finished HTTP/1.1 GET http://localhost:5088/hubs/trace?id=YwHneVTCaXl7qsv8hd6GtA - 101 null null 60005.5443ms
2025-09-03 17:44:20.447 +02:00 [INF] Request finished HTTP/1.1 OPTIONS http://localhost:5088/hubs/trace/negotiate?negotiateVersion=1 - 204 null null 18.6458ms
2025-09-03 17:44:20.450 +02:00 [INF] Request starting HTTP/1.1 POST http://localhost:5088/hubs/trace/negotiate?negotiateVersion=1 - null 0
2025-09-03 17:44:20.467 +02:00 [INF] CORS policy execution successful.
2025-09-03 17:44:20.472 +02:00 [INF] ApiKey was not authenticated. Failure message: Missing API key
2025-09-03 17:44:20.478 +02:00 [INF] Executing endpoint '/hubs/trace/negotiate'
2025-09-03 17:44:20.485 +02:00 [INF] Executed endpoint '/hubs/trace/negotiate'
2025-09-03 17:44:20.492 +02:00 [INF] Request finished HTTP/1.1 POST http://localhost:5088/hubs/trace/negotiate?negotiateVersion=1 - 200 316 application/json 41.9367ms
2025-09-03 17:44:20.513 +02:00 [INF] Request starting HTTP/1.1 GET http://localhost:5088/hubs/trace?id=84LyllpZwNr55wf-XDPtUA - null null
2025-09-03 17:44:20.521 +02:00 [INF] CORS policy execution successful.
2025-09-03 17:44:20.527 +02:00 [INF] ApiKey was not authenticated. Failure message: Missing API key
2025-09-03 17:44:20.533 +02:00 [INF] Executing endpoint '/hubs/trace'
2025-09-03 19:34:08.766 +02:00 [INF] Executed endpoint '/hubs/trace'
2025-09-03 19:34:08.774 +02:00 [INF] Request finished HTTP/1.1 GET http://localhost:5088/hubs/trace?id=84LyllpZwNr55wf-XDPtUA - 101 null null 6588261.6542ms
2025-09-03 19:34:09.337 +02:00 [INF] Request starting HTTP/1.1 OPTIONS http://localhost:5088/agents/1e5ffb9e-fb28-4405-b82b-b4647aa5a865 - null null
2025-09-03 19:34:09.342 +02:00 [INF] Request starting HTTP/1.1 OPTIONS http://localhost:5088/agents/1e5ffb9e-fb28-4405-b82b-b4647aa5a865/bindings - null null
2025-09-03 19:34:09.347 +02:00 [INF] CORS policy execution successful.
2025-09-03 19:34:09.353 +02:00 [INF] CORS policy execution successful.
2025-09-03 19:34:09.359 +02:00 [INF] Request finished HTTP/1.1 OPTIONS http://localhost:5088/agents/1e5ffb9e-fb28-4405-b82b-b4647aa5a865 - 204 null null 22.2656ms
2025-09-03 19:34:09.364 +02:00 [INF] Request finished HTTP/1.1 OPTIONS http://localhost:5088/agents/1e5ffb9e-fb28-4405-b82b-b4647aa5a865/bindings - 204 null null 22.2603ms
2025-09-03 19:34:09.372 +02:00 [INF] Request starting HTTP/1.1 GET http://localhost:5088/agents/1e5ffb9e-fb28-4405-b82b-b4647aa5a865 - application/json null
2025-09-03 19:34:09.380 +02:00 [INF] Request starting HTTP/1.1 GET http://localhost:5088/agents/1e5ffb9e-fb28-4405-b82b-b4647aa5a865/bindings - application/json null
2025-09-03 19:34:09.388 +02:00 [INF] CORS policy execution successful.
2025-09-03 19:34:09.395 +02:00 [INF] CORS policy execution successful.
2025-09-03 19:34:09.399 +02:00 [INF] Executing endpoint 'HTTP: GET /agents/{id:guid}'
2025-09-03 19:34:09.405 +02:00 [INF] Executing endpoint 'HTTP: GET /agents/{id:guid}/bindings'
2025-09-03 19:34:09.416 +02:00 [INF] Executed DbCommand (1ms) [Parameters=[@__p_0='?' (DbType = Guid)], CommandType='"Text"', CommandTimeout='30']
SELECT "a"."Id", "a"."Autonomy", "a"."CreatedUtc", "a"."GuardrailsJson", "a"."Name", "a"."ParamsJson", "a"."Provider", "a"."SystemPrompt", "a"."Temperature", "a"."TemplateRef", "a"."TokenBudget", "a"."ToolBudget", "a"."TopP", "a"."UpdatedUtc"
FROM "Agents" AS "a"
WHERE "a"."Id" = @__p_0
LIMIT 1
2025-09-03 19:34:09.416 +02:00 [INF] Executed DbCommand (0ms) [Parameters=[@__agentId_0='?' (DbType = Guid)], CommandType='"Text"', CommandTimeout='30']
SELECT "a"."Id", "a"."AgentId", "a"."ConfigJson", "a"."Enabled", "a"."ToolId"
FROM "AgentToolBindings" AS "a"
WHERE "a"."AgentId" = @__agentId_0
2025-09-03 19:34:09.424 +02:00 [INF] Setting HTTP status code 200.
2025-09-03 19:34:09.429 +02:00 [INF] Setting HTTP status code 200.
2025-09-03 19:34:09.433 +02:00 [INF] Writing value of type 'AgentResponse' as Json.
2025-09-03 19:34:09.438 +02:00 [INF] Writing value of type 'List`1' as Json.
2025-09-03 19:34:09.444 +02:00 [INF] Executed endpoint 'HTTP: GET /agents/{id:guid}'
2025-09-03 19:34:09.449 +02:00 [INF] Executed endpoint 'HTTP: GET /agents/{id:guid}/bindings'
2025-09-03 19:34:09.456 +02:00 [INF] Request finished HTTP/1.1 GET http://localhost:5088/agents/1e5ffb9e-fb28-4405-b82b-b4647aa5a865 - 200 null application/json; charset=utf-8 83.6418ms
2025-09-03 19:34:09.461 +02:00 [INF] Request finished HTTP/1.1 GET http://localhost:5088/agents/1e5ffb9e-fb28-4405-b82b-b4647aa5a865/bindings - 200 null application/json; charset=utf-8 81.0978ms
2025-09-03 19:34:11.888 +02:00 [INF] Request starting HTTP/1.1 OPTIONS http://localhost:5088/sessions - null null
2025-09-03 19:34:11.895 +02:00 [INF] CORS policy execution successful.
2025-09-03 19:34:11.900 +02:00 [INF] Request finished HTTP/1.1 OPTIONS http://localhost:5088/sessions - 204 null null 11.9759ms
2025-09-03 19:34:11.906 +02:00 [INF] Request starting HTTP/1.1 POST http://localhost:5088/sessions - application/json 50
2025-09-03 19:34:11.911 +02:00 [INF] CORS policy execution successful.
2025-09-03 19:34:11.915 +02:00 [INF] Executing endpoint 'HTTP: POST /sessions/'
2025-09-03 19:34:11.921 +02:00 [INF] Executed DbCommand (0ms) [Parameters=[@__p_0='?' (DbType = Guid)], CommandType='"Text"', CommandTimeout='30']
SELECT "a"."Id", "a"."Autonomy", "a"."CreatedUtc", "a"."GuardrailsJson", "a"."Name", "a"."ParamsJson", "a"."Provider", "a"."SystemPrompt", "a"."Temperature", "a"."TemplateRef", "a"."TokenBudget", "a"."ToolBudget", "a"."TopP", "a"."UpdatedUtc"
FROM "Agents" AS "a"
WHERE "a"."Id" = @__p_0
LIMIT 1
2025-09-03 19:34:11.947 +02:00 [INF] Executed DbCommand (19ms) [Parameters=[@p0='?' (DbType = Guid), @p1='?' (DbType = Guid), @p2='?' (DbType = DateTime), @p3='?' (DbType = Int32), @p4='?' (DbType = DateTime), @p5='?' (Size = 7), @p6='?'], CommandType='"Text"', CommandTimeout='30']
INSERT INTO "Sessions" ("Id", "AgentId", "EndedUtc", "LastEventIdx", "StartedUtc", "Status", "UserId")
VALUES (@p0, @p1, @p2, @p3, @p4, @p5, @p6);
2025-09-03 19:34:11.952 +02:00 [INF] Setting HTTP status code 201.
2025-09-03 19:34:11.958 +02:00 [INF] Writing value of type 'SessionCreatedResponse' as Json.
2025-09-03 19:34:11.962 +02:00 [INF] Executed endpoint 'HTTP: POST /sessions/'
2025-09-03 19:34:11.967 +02:00 [INF] Request finished HTTP/1.1 POST http://localhost:5088/sessions - 201 null application/json; charset=utf-8 60.8264ms
2025-09-03 19:34:11.981 +02:00 [INF] Request starting HTTP/1.1 OPTIONS http://localhost:5088/hubs/trace/negotiate?negotiateVersion=1 - null null
2025-09-03 19:34:11.987 +02:00 [INF] CORS policy execution successful.
2025-09-03 19:34:11.993 +02:00 [INF] Request finished HTTP/1.1 OPTIONS http://localhost:5088/hubs/trace/negotiate?negotiateVersion=1 - 204 null null 11.9365ms
2025-09-03 19:34:11.997 +02:00 [INF] Request starting HTTP/1.1 POST http://localhost:5088/hubs/trace/negotiate?negotiateVersion=1 - null 0
2025-09-03 19:34:12.008 +02:00 [INF] CORS policy execution successful.
2025-09-03 19:34:12.014 +02:00 [INF] ApiKey was not authenticated. Failure message: Missing API key
2025-09-03 19:34:12.020 +02:00 [INF] Executing endpoint '/hubs/trace/negotiate'
2025-09-03 19:34:12.025 +02:00 [INF] Executed endpoint '/hubs/trace/negotiate'
2025-09-03 19:34:12.031 +02:00 [INF] Request finished HTTP/1.1 POST http://localhost:5088/hubs/trace/negotiate?negotiateVersion=1 - 200 316 application/json 33.7336ms
2025-09-03 19:34:12.034 +02:00 [INF] Request starting HTTP/1.1 GET http://localhost:5088/hubs/trace?id=X-PMGjD_vSBem6aT-bR7OA - null null
2025-09-03 19:34:12.042 +02:00 [INF] CORS policy execution successful.
2025-09-03 19:34:12.047 +02:00 [INF] ApiKey was not authenticated. Failure message: Missing API key
2025-09-03 19:34:12.051 +02:00 [INF] Executing endpoint '/hubs/trace'
2025-09-03 19:34:17.727 +02:00 [INF] Request starting HTTP/1.1 OPTIONS http://localhost:5088/sessions/c5cace08-b028-4105-a3f5-330f99421a39/messages - null null
2025-09-03 19:34:17.734 +02:00 [INF] CORS policy execution successful.
2025-09-03 19:34:17.738 +02:00 [INF] Request finished HTTP/1.1 OPTIONS http://localhost:5088/sessions/c5cace08-b028-4105-a3f5-330f99421a39/messages - 204 null null 11.5134ms
2025-09-03 19:34:17.745 +02:00 [INF] Request starting HTTP/1.1 POST http://localhost:5088/sessions/c5cace08-b028-4105-a3f5-330f99421a39/messages - application/json 44
2025-09-03 19:34:17.750 +02:00 [INF] CORS policy execution successful.
2025-09-03 19:34:17.754 +02:00 [INF] Executing endpoint 'HTTP: POST /sessions/{id:guid}/messages'
2025-09-03 19:34:17.760 +02:00 [INF] Executed DbCommand (0ms) [Parameters=[@__p_0='?' (DbType = Guid)], CommandType='"Text"', CommandTimeout='30']
SELECT "s"."Id", "s"."AgentId", "s"."EndedUtc", "s"."LastEventIdx", "s"."StartedUtc", "s"."Status", "s"."UserId"
FROM "Sessions" AS "s"
WHERE "s"."Id" = @__p_0
LIMIT 1
2025-09-03 19:34:17.786 +02:00 [INF] Executed DbCommand (18ms) [Parameters=[@p0='?' (DbType = Guid), @p1='?' (Size = 30), @p2='?' (DbType = DateTime), @p3='?', @p4='?' (Size = 4), @p5='?' (DbType = Guid), @p6='?'], CommandType='"Text"', CommandTimeout='30']
INSERT INTO "Messages" ("Id", "Content", "CreatedUtc", "Kind", "Role", "SessionId", "TokenUsageJson")
VALUES (@p0, @p1, @p2, @p3, @p4, @p5, @p6);
2025-09-03 19:34:17.794 +02:00 [INF] Setting HTTP status code 202.
2025-09-03 19:34:17.796 +02:00 [INF] Executed DbCommand (1ms) [Parameters=[@__p_0='?' (DbType = Guid)], CommandType='"Text"', CommandTimeout='30']
SELECT "a"."Id", "a"."Autonomy", "a"."CreatedUtc", "a"."GuardrailsJson", "a"."Name", "a"."ParamsJson", "a"."Provider", "a"."SystemPrompt", "a"."Temperature", "a"."TemplateRef", "a"."TokenBudget", "a"."ToolBudget", "a"."TopP", "a"."UpdatedUtc"
FROM "Agents" AS "a"
WHERE "a"."Id" = @__p_0
LIMIT 1
2025-09-03 19:34:17.799 +02:00 [INF] Writing value of type 'AcceptedResponse' as Json.
2025-09-03 19:34:17.808 +02:00 [INF] Executed endpoint 'HTTP: POST /sessions/{id:guid}/messages'
2025-09-03 19:34:17.814 +02:00 [INF] Request finished HTTP/1.1 POST http://localhost:5088/sessions/c5cace08-b028-4105-a3f5-330f99421a39/messages - 202 null application/json; charset=utf-8 69.0515ms
2025-09-03 19:34:17.814 +02:00 [INF] Executed DbCommand (9ms) [Parameters=[@p0='?' (DbType = Guid), @p1='?' (Size = 30), @p2='?' (DbType = DateTime), @p3='?', @p4='?' (Size = 4), @p5='?' (DbType = Guid), @p6='?'], CommandType='"Text"', CommandTimeout='30']
INSERT INTO "Messages" ("Id", "Content", "CreatedUtc", "Kind", "Role", "SessionId", "TokenUsageJson")
VALUES (@p0, @p1, @p2, @p3, @p4, @p5, @p6);
2025-09-03 19:34:17.827 +02:00 [INF] Executed DbCommand (1ms) [Parameters=[@__agentId_0='?' (DbType = Guid)], CommandType='"Text"', CommandTimeout='30']
SELECT "a"."Id", "a"."AgentId", "a"."ConfigJson", "a"."Enabled", "a"."ToolId", "t"."Id", "t"."Description", "t"."Enabled", "t"."InputSchemaJson", "t"."McpServerId", "t"."Name", "t"."Scope", "m"."Id", "m"."AuthType", "m"."BaseUrl", "m"."LastSeenUtc", "m"."MetadataJson", "m"."Name", "m"."Status"
FROM "AgentToolBindings" AS "a"
INNER JOIN "Tools" AS "t" ON "a"."ToolId" = "t"."Id"
INNER JOIN "McpServers" AS "m" ON "t"."McpServerId" = "m"."Id"
WHERE "a"."AgentId" = @__agentId_0 AND "a"."Enabled"
2025-09-03 19:34:17.835 +02:00 [INF] Executed DbCommand (0ms) [Parameters=[@__agentId_0='?' (DbType = Guid)], CommandType='"Text"', CommandTimeout='30']
SELECT "a"."Id", "a"."AgentId", "a"."ConfigJson", "a"."Enabled", "a"."ToolId", "t"."Id", "t"."Description", "t"."Enabled", "t"."InputSchemaJson", "t"."McpServerId", "t"."Name", "t"."Scope", "m"."Id", "m"."AuthType", "m"."BaseUrl", "m"."LastSeenUtc", "m"."MetadataJson", "m"."Name", "m"."Status"
FROM "AgentToolBindings" AS "a"
INNER JOIN "Tools" AS "t" ON "a"."ToolId" = "t"."Id"
INNER JOIN "McpServers" AS "m" ON "t"."McpServerId" = "m"."Id"
WHERE "a"."AgentId" = @__agentId_0 AND "a"."Enabled"
2025-09-03 19:34:17.844 +02:00 [INF] Executed DbCommand (1ms) [Parameters=[@__sessionId_0='?' (DbType = Guid), @__kind_1='?' (Size = 11), @__p_2='?' (DbType = Int32)], CommandType='"Text"', CommandTimeout='30']
SELECT "m"."Id", "m"."Content", "m"."CreatedUtc", "m"."Kind", "m"."Role", "m"."SessionId", "m"."TokenUsageJson"
FROM "Messages" AS "m"
WHERE "m"."SessionId" = @__sessionId_0 AND "m"."Kind" = @__kind_1
ORDER BY "m"."CreatedUtc" DESC
LIMIT @__p_2
2025-09-03 19:34:17.852 +02:00 [INF] Executed DbCommand (0ms) [Parameters=[@__sessionId_0='?' (DbType = Guid), @__p_1='?' (DbType = Int32)], CommandType='"Text"', CommandTimeout='30']
SELECT "m"."Id", "m"."Content", "m"."CreatedUtc", "m"."Kind", "m"."Role", "m"."SessionId", "m"."TokenUsageJson"
FROM "Messages" AS "m"
WHERE "m"."SessionId" = @__sessionId_0
ORDER BY "m"."CreatedUtc" DESC
LIMIT @__p_1
2025-09-03 19:34:17.861 +02:00 [INF] Executed DbCommand (1ms) [Parameters=[@__agentId_0='?' (DbType = Guid)], CommandType='"Text"', CommandTimeout='30']
SELECT "a"."Id", "a"."AgentId", "a"."ConfigJson", "a"."Enabled", "a"."ToolId", "t"."Id", "t"."Description", "t"."Enabled", "t"."InputSchemaJson", "t"."McpServerId", "t"."Name", "t"."Scope", "m"."Id", "m"."AuthType", "m"."BaseUrl", "m"."LastSeenUtc", "m"."MetadataJson", "m"."Name", "m"."Status"
FROM "AgentToolBindings" AS "a"
INNER JOIN "Tools" AS "t" ON "a"."ToolId" = "t"."Id"
INNER JOIN "McpServers" AS "m" ON "t"."McpServerId" = "m"."Id"
WHERE "a"."AgentId" = @__agentId_0 AND "a"."Enabled"
2025-09-03 19:34:17.869 +02:00 [INF] Executed DbCommand (0ms) [Parameters=[@__agentId_0='?' (DbType = Guid)], CommandType='"Text"', CommandTimeout='30']
SELECT "a"."Id", "a"."AgentId", "a"."ConfigJson", "a"."Enabled", "a"."ToolId", "t"."Id", "t"."Description", "t"."Enabled", "t"."InputSchemaJson", "t"."McpServerId", "t"."Name", "t"."Scope", "m"."Id", "m"."AuthType", "m"."BaseUrl", "m"."LastSeenUtc", "m"."MetadataJson", "m"."Name", "m"."Status"
FROM "AgentToolBindings" AS "a"
INNER JOIN "Tools" AS "t" ON "a"."ToolId" = "t"."Id"
INNER JOIN "McpServers" AS "m" ON "t"."McpServerId" = "m"."Id"
WHERE "a"."AgentId" = @__agentId_0 AND "a"."Enabled"
2025-09-03 19:34:19.155 +02:00 [INF] Executed DbCommand (0ms) [Parameters=[@__sessionId_0='?' (DbType = Guid), @__p_1='?' (DbType = Int32)], CommandType='"Text"', CommandTimeout='30']
SELECT "m"."Id", "m"."Content", "m"."CreatedUtc", "m"."Kind", "m"."Role", "m"."SessionId", "m"."TokenUsageJson"
FROM "Messages" AS "m"
WHERE "m"."SessionId" = @__sessionId_0
ORDER BY "m"."CreatedUtc" DESC
LIMIT @__p_1
2025-09-03 19:34:21.548 +02:00 [INF] Executed DbCommand (17ms) [Parameters=[@p0='?' (DbType = Guid), @p1='?' (Size = 664), @p2='?' (DbType = DateTime), @p3='?', @p4='?' (Size = 9), @p5='?' (DbType = Guid), @p6='?'], CommandType='"Text"', CommandTimeout='30']
INSERT INTO "Messages" ("Id", "Content", "CreatedUtc", "Kind", "Role", "SessionId", "TokenUsageJson")
VALUES (@p0, @p1, @p2, @p3, @p4, @p5, @p6);
2025-09-03 19:34:21.563 +02:00 [INF] Executed DbCommand (9ms) [Parameters=[@p0='?' (DbType = Guid), @p1='?' (Size = 664), @p2='?' (DbType = DateTime), @p3='?', @p4='?' (Size = 9), @p5='?' (DbType = Guid), @p6='?'], CommandType='"Text"', CommandTimeout='30']
INSERT INTO "Messages" ("Id", "Content", "CreatedUtc", "Kind", "Role", "SessionId", "TokenUsageJson")
VALUES (@p0, @p1, @p2, @p3, @p4, @p5, @p6);
2025-09-03 19:34:31.627 +02:00 [INF] Executed endpoint '/hubs/trace'
2025-09-03 19:34:31.635 +02:00 [INF] Request finished HTTP/1.1 GET http://localhost:5088/hubs/trace?id=X-PMGjD_vSBem6aT-bR7OA - 101 null null 19601.387ms
2025-09-03 19:34:32.093 +02:00 [INF] Request starting HTTP/1.1 OPTIONS http://localhost:5088/agents/1e5ffb9e-fb28-4405-b82b-b4647aa5a865 - null null
2025-09-03 19:34:32.093 +02:00 [INF] Request starting HTTP/1.1 OPTIONS http://localhost:5088/agents/1e5ffb9e-fb28-4405-b82b-b4647aa5a865/bindings - null null
2025-09-03 19:34:32.100 +02:00 [INF] CORS policy execution successful.
2025-09-03 19:34:32.105 +02:00 [INF] CORS policy execution successful.
2025-09-03 19:34:32.112 +02:00 [INF] Request finished HTTP/1.1 OPTIONS http://localhost:5088/agents/1e5ffb9e-fb28-4405-b82b-b4647aa5a865 - 204 null null 19.2137ms
2025-09-03 19:34:32.117 +02:00 [INF] Request finished HTTP/1.1 OPTIONS http://localhost:5088/agents/1e5ffb9e-fb28-4405-b82b-b4647aa5a865/bindings - 204 null null 23.5664ms
2025-09-03 19:34:32.124 +02:00 [INF] Request starting HTTP/1.1 GET http://localhost:5088/agents/1e5ffb9e-fb28-4405-b82b-b4647aa5a865 - application/json null
2025-09-03 19:34:32.130 +02:00 [INF] Request starting HTTP/1.1 GET http://localhost:5088/agents/1e5ffb9e-fb28-4405-b82b-b4647aa5a865/bindings - application/json null
2025-09-03 19:34:32.135 +02:00 [INF] CORS policy execution successful.
2025-09-03 19:34:32.141 +02:00 [INF] CORS policy execution successful.
2025-09-03 19:34:32.145 +02:00 [INF] Executing endpoint 'HTTP: GET /agents/{id:guid}'
2025-09-03 19:34:32.150 +02:00 [INF] Executing endpoint 'HTTP: GET /agents/{id:guid}/bindings'
2025-09-03 19:34:32.157 +02:00 [INF] Executed DbCommand (0ms) [Parameters=[@__p_0='?' (DbType = Guid)], CommandType='"Text"', CommandTimeout='30']
SELECT "a"."Id", "a"."Autonomy", "a"."CreatedUtc", "a"."GuardrailsJson", "a"."Name", "a"."ParamsJson", "a"."Provider", "a"."SystemPrompt", "a"."Temperature", "a"."TemplateRef", "a"."TokenBudget", "a"."ToolBudget", "a"."TopP", "a"."UpdatedUtc"
FROM "Agents" AS "a"
WHERE "a"."Id" = @__p_0
LIMIT 1
2025-09-03 19:34:32.159 +02:00 [INF] Executed DbCommand (0ms) [Parameters=[@__agentId_0='?' (DbType = Guid)], CommandType='"Text"', CommandTimeout='30']
SELECT "a"."Id", "a"."AgentId", "a"."ConfigJson", "a"."Enabled", "a"."ToolId"
FROM "AgentToolBindings" AS "a"
WHERE "a"."AgentId" = @__agentId_0
2025-09-03 19:34:32.163 +02:00 [INF] Setting HTTP status code 200.
2025-09-03 19:34:32.169 +02:00 [INF] Setting HTTP status code 200.
2025-09-03 19:34:32.173 +02:00 [INF] Writing value of type 'AgentResponse' as Json.
2025-09-03 19:34:32.178 +02:00 [INF] Writing value of type 'List`1' as Json.
2025-09-03 19:34:32.182 +02:00 [INF] Executed endpoint 'HTTP: GET /agents/{id:guid}'
2025-09-03 19:34:32.187 +02:00 [INF] Executed endpoint 'HTTP: GET /agents/{id:guid}/bindings'
2025-09-03 19:34:32.193 +02:00 [INF] Request finished HTTP/1.1 GET http://localhost:5088/agents/1e5ffb9e-fb28-4405-b82b-b4647aa5a865 - 200 null application/json; charset=utf-8 69.1032ms
2025-09-03 19:34:32.197 +02:00 [INF] Request finished HTTP/1.1 GET http://localhost:5088/agents/1e5ffb9e-fb28-4405-b82b-b4647aa5a865/bindings - 200 null application/json; charset=utf-8 66.9532ms
2025-09-03 19:34:52.727 +02:00 [INF] Request starting HTTP/1.1 OPTIONS http://localhost:5088/agents/1e5ffb9e-fb28-4405-b82b-b4647aa5a865 - null null
2025-09-03 19:34:52.729 +02:00 [INF] Request starting HTTP/1.1 OPTIONS http://localhost:5088/agents/1e5ffb9e-fb28-4405-b82b-b4647aa5a865/bindings - null null
2025-09-03 19:34:52.733 +02:00 [INF] CORS policy execution successful.
2025-09-03 19:34:52.740 +02:00 [INF] CORS policy execution successful.
2025-09-03 19:34:52.744 +02:00 [INF] Request finished HTTP/1.1 OPTIONS http://localhost:5088/agents/1e5ffb9e-fb28-4405-b82b-b4647aa5a865 - 204 null null 17.086ms
2025-09-03 19:34:52.749 +02:00 [INF] Request finished HTTP/1.1 OPTIONS http://localhost:5088/agents/1e5ffb9e-fb28-4405-b82b-b4647aa5a865/bindings - 204 null null 20.4872ms
2025-09-03 19:34:52.756 +02:00 [INF] Request starting HTTP/1.1 GET http://localhost:5088/agents/1e5ffb9e-fb28-4405-b82b-b4647aa5a865 - application/json null
2025-09-03 19:34:52.761 +02:00 [INF] Request starting HTTP/1.1 GET http://localhost:5088/agents/1e5ffb9e-fb28-4405-b82b-b4647aa5a865/bindings - application/json null
2025-09-03 19:34:52.766 +02:00 [INF] CORS policy execution successful.
2025-09-03 19:34:52.770 +02:00 [INF] CORS policy execution successful.
2025-09-03 19:34:52.775 +02:00 [INF] Executing endpoint 'HTTP: GET /agents/{id:guid}'
2025-09-03 19:34:52.779 +02:00 [INF] Executing endpoint 'HTTP: GET /agents/{id:guid}/bindings'
2025-09-03 19:34:52.785 +02:00 [INF] Executed DbCommand (0ms) [Parameters=[@__p_0='?' (DbType = Guid)], CommandType='"Text"', CommandTimeout='30']
SELECT "a"."Id", "a"."Autonomy", "a"."CreatedUtc", "a"."GuardrailsJson", "a"."Name", "a"."ParamsJson", "a"."Provider", "a"."SystemPrompt", "a"."Temperature", "a"."TemplateRef", "a"."TokenBudget", "a"."ToolBudget", "a"."TopP", "a"."UpdatedUtc"
FROM "Agents" AS "a"
WHERE "a"."Id" = @__p_0
LIMIT 1
2025-09-03 19:34:52.791 +02:00 [INF] Executed DbCommand (1ms) [Parameters=[@__agentId_0='?' (DbType = Guid)], CommandType='"Text"', CommandTimeout='30']
SELECT "a"."Id", "a"."AgentId", "a"."ConfigJson", "a"."Enabled", "a"."ToolId"
FROM "AgentToolBindings" AS "a"
WHERE "a"."AgentId" = @__agentId_0
2025-09-03 19:34:52.794 +02:00 [INF] Setting HTTP status code 200.
2025-09-03 19:34:52.799 +02:00 [INF] Setting HTTP status code 200.
2025-09-03 19:34:52.803 +02:00 [INF] Writing value of type 'AgentResponse' as Json.
2025-09-03 19:34:52.807 +02:00 [INF] Writing value of type 'List`1' as Json.
2025-09-03 19:34:52.811 +02:00 [INF] Executed endpoint 'HTTP: GET /agents/{id:guid}'
2025-09-03 19:34:52.816 +02:00 [INF] Executed endpoint 'HTTP: GET /agents/{id:guid}/bindings'
2025-09-03 19:34:52.821 +02:00 [INF] Request finished HTTP/1.1 GET http://localhost:5088/agents/1e5ffb9e-fb28-4405-b82b-b4647aa5a865 - 200 null application/json; charset=utf-8 64.9639ms
2025-09-03 19:34:52.826 +02:00 [INF] Request finished HTTP/1.1 GET http://localhost:5088/agents/1e5ffb9e-fb28-4405-b82b-b4647aa5a865/bindings - 200 null application/json; charset=utf-8 64.7629ms
2025-09-03 19:34:54.153 +02:00 [INF] Request starting HTTP/1.1 OPTIONS http://localhost:5088/sessions - null null
2025-09-03 19:34:54.162 +02:00 [INF] CORS policy execution successful.
2025-09-03 19:34:54.166 +02:00 [INF] Request finished HTTP/1.1 OPTIONS http://localhost:5088/sessions - 204 null null 13.235ms
2025-09-03 19:34:54.172 +02:00 [INF] Request starting HTTP/1.1 POST http://localhost:5088/sessions - application/json 50
2025-09-03 19:34:54.179 +02:00 [INF] CORS policy execution successful.
2025-09-03 19:34:54.183 +02:00 [INF] Executing endpoint 'HTTP: POST /sessions/'
2025-09-03 19:34:54.188 +02:00 [INF] Executed DbCommand (0ms) [Parameters=[@__p_0='?' (DbType = Guid)], CommandType='"Text"', CommandTimeout='30']
SELECT "a"."Id", "a"."Autonomy", "a"."CreatedUtc", "a"."GuardrailsJson", "a"."Name", "a"."ParamsJson", "a"."Provider", "a"."SystemPrompt", "a"."Temperature", "a"."TemplateRef", "a"."TokenBudget", "a"."ToolBudget", "a"."TopP", "a"."UpdatedUtc"
FROM "Agents" AS "a"
WHERE "a"."Id" = @__p_0
LIMIT 1
2025-09-03 19:34:54.216 +02:00 [INF] Executed DbCommand (19ms) [Parameters=[@p0='?' (DbType = Guid), @p1='?' (DbType = Guid), @p2='?' (DbType = DateTime), @p3='?' (DbType = Int32), @p4='?' (DbType = DateTime), @p5='?' (Size = 7), @p6='?'], CommandType='"Text"', CommandTimeout='30']
INSERT INTO "Sessions" ("Id", "AgentId", "EndedUtc", "LastEventIdx", "StartedUtc", "Status", "UserId")
VALUES (@p0, @p1, @p2, @p3, @p4, @p5, @p6);
2025-09-03 19:34:54.221 +02:00 [INF] Setting HTTP status code 201.
2025-09-03 19:34:54.226 +02:00 [INF] Writing value of type 'SessionCreatedResponse' as Json.
2025-09-03 19:34:54.231 +02:00 [INF] Executed endpoint 'HTTP: POST /sessions/'
2025-09-03 19:34:54.235 +02:00 [INF] Request finished HTTP/1.1 POST http://localhost:5088/sessions - 201 null application/json; charset=utf-8 63.1905ms
2025-09-03 19:34:54.252 +02:00 [INF] Request starting HTTP/1.1 OPTIONS http://localhost:5088/hubs/trace/negotiate?negotiateVersion=1 - null null
2025-09-03 19:34:54.258 +02:00 [INF] CORS policy execution successful.
2025-09-03 19:34:54.263 +02:00 [INF] Request finished HTTP/1.1 OPTIONS http://localhost:5088/hubs/trace/negotiate?negotiateVersion=1 - 204 null null 10.6794ms
2025-09-03 19:34:54.265 +02:00 [INF] Request starting HTTP/1.1 POST http://localhost:5088/hubs/trace/negotiate?negotiateVersion=1 - null 0
2025-09-03 19:34:54.277 +02:00 [INF] CORS policy execution successful.
2025-09-03 19:34:54.284 +02:00 [INF] ApiKey was not authenticated. Failure message: Missing API key
2025-09-03 19:34:54.288 +02:00 [INF] Executing endpoint '/hubs/trace/negotiate'
2025-09-03 19:34:54.294 +02:00 [INF] Executed endpoint '/hubs/trace/negotiate'
2025-09-03 19:34:54.300 +02:00 [INF] Request finished HTTP/1.1 POST http://localhost:5088/hubs/trace/negotiate?negotiateVersion=1 - 200 316 application/json 34.6919ms
2025-09-03 19:34:54.302 +02:00 [INF] Request starting HTTP/1.1 GET http://localhost:5088/hubs/trace?id=mPIuazO7u9t1KfNEqj_sAQ - null null
2025-09-03 19:34:54.313 +02:00 [INF] CORS policy execution successful.
2025-09-03 19:34:54.318 +02:00 [INF] ApiKey was not authenticated. Failure message: Missing API key
2025-09-03 19:34:54.325 +02:00 [INF] Executing endpoint '/hubs/trace'
2025-09-03 19:35:02.012 +02:00 [INF] Request starting HTTP/1.1 OPTIONS http://localhost:5088/sessions/1b766956-8183-4226-bdde-e09cd0110725/messages - null null
2025-09-03 19:35:02.020 +02:00 [INF] CORS policy execution successful.
2025-09-03 19:35:02.024 +02:00 [INF] Request finished HTTP/1.1 OPTIONS http://localhost:5088/sessions/1b766956-8183-4226-bdde-e09cd0110725/messages - 204 null null 12.4686ms
2025-09-03 19:35:02.030 +02:00 [INF] Request starting HTTP/1.1 POST http://localhost:5088/sessions/1b766956-8183-4226-bdde-e09cd0110725/messages - application/json 44
2025-09-03 19:35:02.035 +02:00 [INF] CORS policy execution successful.
2025-09-03 19:35:02.040 +02:00 [INF] Executing endpoint 'HTTP: POST /sessions/{id:guid}/messages'
2025-09-03 19:35:02.046 +02:00 [INF] Executed DbCommand (0ms) [Parameters=[@__p_0='?' (DbType = Guid)], CommandType='"Text"', CommandTimeout='30']
SELECT "s"."Id", "s"."AgentId", "s"."EndedUtc", "s"."LastEventIdx", "s"."StartedUtc", "s"."Status", "s"."UserId"
FROM "Sessions" AS "s"
WHERE "s"."Id" = @__p_0
LIMIT 1
2025-09-03 19:35:02.074 +02:00 [INF] Executed DbCommand (19ms) [Parameters=[@p0='?' (DbType = Guid), @p1='?' (Size = 30), @p2='?' (DbType = DateTime), @p3='?', @p4='?' (Size = 4), @p5='?' (DbType = Guid), @p6='?'], CommandType='"Text"', CommandTimeout='30']
INSERT INTO "Messages" ("Id", "Content", "CreatedUtc", "Kind", "Role", "SessionId", "TokenUsageJson")
VALUES (@p0, @p1, @p2, @p3, @p4, @p5, @p6);
2025-09-03 19:35:02.080 +02:00 [INF] Setting HTTP status code 202.
2025-09-03 19:35:02.082 +02:00 [INF] Executed DbCommand (1ms) [Parameters=[@__p_0='?' (DbType = Guid)], CommandType='"Text"', CommandTimeout='30']
SELECT "a"."Id", "a"."Autonomy", "a"."CreatedUtc", "a"."GuardrailsJson", "a"."Name", "a"."ParamsJson", "a"."Provider", "a"."SystemPrompt", "a"."Temperature", "a"."TemplateRef", "a"."TokenBudget", "a"."ToolBudget", "a"."TopP", "a"."UpdatedUtc"
FROM "Agents" AS "a"
WHERE "a"."Id" = @__p_0
LIMIT 1
2025-09-03 19:35:02.086 +02:00 [INF] Writing value of type 'AcceptedResponse' as Json.
2025-09-03 19:35:02.097 +02:00 [INF] Executed endpoint 'HTTP: POST /sessions/{id:guid}/messages'
2025-09-03 19:35:02.103 +02:00 [INF] Request finished HTTP/1.1 POST http://localhost:5088/sessions/1b766956-8183-4226-bdde-e09cd0110725/messages - 202 null application/json; charset=utf-8 73.4055ms
2025-09-03 19:35:02.105 +02:00 [INF] Executed DbCommand (10ms) [Parameters=[@p0='?' (DbType = Guid), @p1='?' (Size = 30), @p2='?' (DbType = DateTime), @p3='?', @p4='?' (Size = 4), @p5='?' (DbType = Guid), @p6='?'], CommandType='"Text"', CommandTimeout='30']
INSERT INTO "Messages" ("Id", "Content", "CreatedUtc", "Kind", "Role", "SessionId", "TokenUsageJson")
VALUES (@p0, @p1, @p2, @p3, @p4, @p5, @p6);
2025-09-03 19:35:02.118 +02:00 [INF] Executed DbCommand (1ms) [Parameters=[@__agentId_0='?' (DbType = Guid)], CommandType='"Text"', CommandTimeout='30']
SELECT "a"."Id", "a"."AgentId", "a"."ConfigJson", "a"."Enabled", "a"."ToolId", "t"."Id", "t"."Description", "t"."Enabled", "t"."InputSchemaJson", "t"."McpServerId", "t"."Name", "t"."Scope", "m"."Id", "m"."AuthType", "m"."BaseUrl", "m"."LastSeenUtc", "m"."MetadataJson", "m"."Name", "m"."Status"
FROM "AgentToolBindings" AS "a"
INNER JOIN "Tools" AS "t" ON "a"."ToolId" = "t"."Id"
INNER JOIN "McpServers" AS "m" ON "t"."McpServerId" = "m"."Id"
WHERE "a"."AgentId" = @__agentId_0 AND "a"."Enabled"
2025-09-03 19:35:02.128 +02:00 [INF] Executed DbCommand (0ms) [Parameters=[@__agentId_0='?' (DbType = Guid)], CommandType='"Text"', CommandTimeout='30']
SELECT "a"."Id", "a"."AgentId", "a"."ConfigJson", "a"."Enabled", "a"."ToolId", "t"."Id", "t"."Description", "t"."Enabled", "t"."InputSchemaJson", "t"."McpServerId", "t"."Name", "t"."Scope", "m"."Id", "m"."AuthType", "m"."BaseUrl", "m"."LastSeenUtc", "m"."MetadataJson", "m"."Name", "m"."Status"
FROM "AgentToolBindings" AS "a"
INNER JOIN "Tools" AS "t" ON "a"."ToolId" = "t"."Id"
INNER JOIN "McpServers" AS "m" ON "t"."McpServerId" = "m"."Id"
WHERE "a"."AgentId" = @__agentId_0 AND "a"."Enabled"
2025-09-03 19:35:02.139 +02:00 [INF] Executed DbCommand (1ms) [Parameters=[@__sessionId_0='?' (DbType = Guid), @__kind_1='?' (Size = 11), @__p_2='?' (DbType = Int32)], CommandType='"Text"', CommandTimeout='30']
SELECT "m"."Id", "m"."Content", "m"."CreatedUtc", "m"."Kind", "m"."Role", "m"."SessionId", "m"."TokenUsageJson"
FROM "Messages" AS "m"
WHERE "m"."SessionId" = @__sessionId_0 AND "m"."Kind" = @__kind_1
ORDER BY "m"."CreatedUtc" DESC
LIMIT @__p_2
2025-09-03 19:35:02.152 +02:00 [INF] Executed DbCommand (1ms) [Parameters=[@__sessionId_0='?' (DbType = Guid), @__p_1='?' (DbType = Int32)], CommandType='"Text"', CommandTimeout='30']
SELECT "m"."Id", "m"."Content", "m"."CreatedUtc", "m"."Kind", "m"."Role", "m"."SessionId", "m"."TokenUsageJson"
FROM "Messages" AS "m"
WHERE "m"."SessionId" = @__sessionId_0
ORDER BY "m"."CreatedUtc" DESC
LIMIT @__p_1
2025-09-03 19:35:02.161 +02:00 [INF] Executed DbCommand (0ms) [Parameters=[@__agentId_0='?' (DbType = Guid)], CommandType='"Text"', CommandTimeout='30']
SELECT "a"."Id", "a"."AgentId", "a"."ConfigJson", "a"."Enabled", "a"."ToolId", "t"."Id", "t"."Description", "t"."Enabled", "t"."InputSchemaJson", "t"."McpServerId", "t"."Name", "t"."Scope", "m"."Id", "m"."AuthType", "m"."BaseUrl", "m"."LastSeenUtc", "m"."MetadataJson", "m"."Name", "m"."Status"
FROM "AgentToolBindings" AS "a"
INNER JOIN "Tools" AS "t" ON "a"."ToolId" = "t"."Id"
INNER JOIN "McpServers" AS "m" ON "t"."McpServerId" = "m"."Id"
WHERE "a"."AgentId" = @__agentId_0 AND "a"."Enabled"
2025-09-03 19:35:02.170 +02:00 [INF] Executed DbCommand (1ms) [Parameters=[@__agentId_0='?' (DbType = Guid)], CommandType='"Text"', CommandTimeout='30']
SELECT "a"."Id", "a"."AgentId", "a"."ConfigJson", "a"."Enabled", "a"."ToolId", "t"."Id", "t"."Description", "t"."Enabled", "t"."InputSchemaJson", "t"."McpServerId", "t"."Name", "t"."Scope", "m"."Id", "m"."AuthType", "m"."BaseUrl", "m"."LastSeenUtc", "m"."MetadataJson", "m"."Name", "m"."Status"
FROM "AgentToolBindings" AS "a"
INNER JOIN "Tools" AS "t" ON "a"."ToolId" = "t"."Id"
INNER JOIN "McpServers" AS "m" ON "t"."McpServerId" = "m"."Id"
WHERE "a"."AgentId" = @__agentId_0 AND "a"."Enabled"
2025-09-03 19:35:03.044 +02:00 [INF] Executed DbCommand (0ms) [Parameters=[@__sessionId_0='?' (DbType = Guid), @__p_1='?' (DbType = Int32)], CommandType='"Text"', CommandTimeout='30']
SELECT "m"."Id", "m"."Content", "m"."CreatedUtc", "m"."Kind", "m"."Role", "m"."SessionId", "m"."TokenUsageJson"
FROM "Messages" AS "m"
WHERE "m"."SessionId" = @__sessionId_0
ORDER BY "m"."CreatedUtc" DESC
LIMIT @__p_1
2025-09-03 19:35:05.607 +02:00 [INF] Executed DbCommand (10ms) [Parameters=[@p0='?' (DbType = Guid), @p1='?' (Size = 920), @p2='?' (DbType = DateTime), @p3='?', @p4='?' (Size = 9), @p5='?' (DbType = Guid), @p6='?'], CommandType='"Text"', CommandTimeout='30']
INSERT INTO "Messages" ("Id", "Content", "CreatedUtc", "Kind", "Role", "SessionId", "TokenUsageJson")
VALUES (@p0, @p1, @p2, @p3, @p4, @p5, @p6);
2025-09-03 19:35:05.625 +02:00 [INF] Executed DbCommand (9ms) [Parameters=[@p0='?' (DbType = Guid), @p1='?' (Size = 920), @p2='?' (DbType = DateTime), @p3='?', @p4='?' (Size = 9), @p5='?' (DbType = Guid), @p6='?'], CommandType='"Text"', CommandTimeout='30']
INSERT INTO "Messages" ("Id", "Content", "CreatedUtc", "Kind", "Role", "SessionId", "TokenUsageJson")
VALUES (@p0, @p1, @p2, @p3, @p4, @p5, @p6);
2025-09-03 19:35:24.535 +02:00 [INF] Request starting HTTP/1.1 OPTIONS http://localhost:5088/sessions/1b766956-8183-4226-bdde-e09cd0110725/messages - null null
2025-09-03 19:35:24.542 +02:00 [INF] CORS policy execution successful.
2025-09-03 19:35:24.546 +02:00 [INF] Request finished HTTP/1.1 OPTIONS http://localhost:5088/sessions/1b766956-8183-4226-bdde-e09cd0110725/messages - 204 null null 10.7412ms
2025-09-03 19:35:24.553 +02:00 [INF] Request starting HTTP/1.1 POST http://localhost:5088/sessions/1b766956-8183-4226-bdde-e09cd0110725/messages - application/json 402
2025-09-03 19:35:24.558 +02:00 [INF] CORS policy execution successful.
2025-09-03 19:35:24.562 +02:00 [INF] Executing endpoint 'HTTP: POST /sessions/{id:guid}/messages'
2025-09-03 19:35:24.570 +02:00 [INF] Executed DbCommand (1ms) [Parameters=[@__p_0='?' (DbType = Guid)], CommandType='"Text"', CommandTimeout='30']
SELECT "s"."Id", "s"."AgentId", "s"."EndedUtc", "s"."LastEventIdx", "s"."StartedUtc", "s"."Status", "s"."UserId"
FROM "Sessions" AS "s"
WHERE "s"."Id" = @__p_0
LIMIT 1
2025-09-03 19:35:24.592 +02:00 [INF] Executed DbCommand (16ms) [Parameters=[@p0='?' (DbType = Guid), @p1='?' (Size = 366), @p2='?' (DbType = DateTime), @p3='?', @p4='?' (Size = 4), @p5='?' (DbType = Guid), @p6='?'], CommandType='"Text"', CommandTimeout='30']
INSERT INTO "Messages" ("Id", "Content", "CreatedUtc", "Kind", "Role", "SessionId", "TokenUsageJson")
VALUES (@p0, @p1, @p2, @p3, @p4, @p5, @p6);
2025-09-03 19:35:24.600 +02:00 [INF] Setting HTTP status code 202.
2025-09-03 19:35:24.601 +02:00 [INF] Executed DbCommand (0ms) [Parameters=[@__p_0='?' (DbType = Guid)], CommandType='"Text"', CommandTimeout='30']
SELECT "a"."Id", "a"."Autonomy", "a"."CreatedUtc", "a"."GuardrailsJson", "a"."Name", "a"."ParamsJson", "a"."Provider", "a"."SystemPrompt", "a"."Temperature", "a"."TemplateRef", "a"."TokenBudget", "a"."ToolBudget", "a"."TopP", "a"."UpdatedUtc"
FROM "Agents" AS "a"
WHERE "a"."Id" = @__p_0
LIMIT 1
2025-09-03 19:35:24.605 +02:00 [INF] Writing value of type 'AcceptedResponse' as Json.
2025-09-03 19:35:24.618 +02:00 [INF] Executed endpoint 'HTTP: POST /sessions/{id:guid}/messages'
2025-09-03 19:35:24.622 +02:00 [INF] Executed DbCommand (10ms) [Parameters=[@p0='?' (DbType = Guid), @p1='?' (Size = 366), @p2='?' (DbType = DateTime), @p3='?', @p4='?' (Size = 4), @p5='?' (DbType = Guid), @p6='?'], CommandType='"Text"', CommandTimeout='30']
INSERT INTO "Messages" ("Id", "Content", "CreatedUtc", "Kind", "Role", "SessionId", "TokenUsageJson")
VALUES (@p0, @p1, @p2, @p3, @p4, @p5, @p6);
2025-09-03 19:35:24.624 +02:00 [INF] Request finished HTTP/1.1 POST http://localhost:5088/sessions/1b766956-8183-4226-bdde-e09cd0110725/messages - 202 null application/json; charset=utf-8 70.725ms
2025-09-03 19:35:24.630 +02:00 [INF] Executed DbCommand (0ms) [Parameters=[@__agentId_0='?' (DbType = Guid)], CommandType='"Text"', CommandTimeout='30']
SELECT "a"."Id", "a"."AgentId", "a"."ConfigJson", "a"."Enabled", "a"."ToolId", "t"."Id", "t"."Description", "t"."Enabled", "t"."InputSchemaJson", "t"."McpServerId", "t"."Name", "t"."Scope", "m"."Id", "m"."AuthType", "m"."BaseUrl", "m"."LastSeenUtc", "m"."MetadataJson", "m"."Name", "m"."Status"
FROM "AgentToolBindings" AS "a"
INNER JOIN "Tools" AS "t" ON "a"."ToolId" = "t"."Id"
INNER JOIN "McpServers" AS "m" ON "t"."McpServerId" = "m"."Id"
WHERE "a"."AgentId" = @__agentId_0 AND "a"."Enabled"
2025-09-03 19:35:24.643 +02:00 [INF] Executed DbCommand (0ms) [Parameters=[@__agentId_0='?' (DbType = Guid)], CommandType='"Text"', CommandTimeout='30']
SELECT "a"."Id", "a"."AgentId", "a"."ConfigJson", "a"."Enabled", "a"."ToolId", "t"."Id", "t"."Description", "t"."Enabled", "t"."InputSchemaJson", "t"."McpServerId", "t"."Name", "t"."Scope", "m"."Id", "m"."AuthType", "m"."BaseUrl", "m"."LastSeenUtc", "m"."MetadataJson", "m"."Name", "m"."Status"
FROM "AgentToolBindings" AS "a"
INNER JOIN "Tools" AS "t" ON "a"."ToolId" = "t"."Id"
INNER JOIN "McpServers" AS "m" ON "t"."McpServerId" = "m"."Id"
WHERE "a"."AgentId" = @__agentId_0 AND "a"."Enabled"
2025-09-03 19:35:24.652 +02:00 [INF] Executed DbCommand (1ms) [Parameters=[@__sessionId_0='?' (DbType = Guid), @__kind_1='?' (Size = 11), @__p_2='?' (DbType = Int32)], CommandType='"Text"', CommandTimeout='30']
SELECT "m"."Id", "m"."Content", "m"."CreatedUtc", "m"."Kind", "m"."Role", "m"."SessionId", "m"."TokenUsageJson"
FROM "Messages" AS "m"
WHERE "m"."SessionId" = @__sessionId_0 AND "m"."Kind" = @__kind_1
ORDER BY "m"."CreatedUtc" DESC
LIMIT @__p_2
2025-09-03 19:35:24.661 +02:00 [INF] Executed DbCommand (0ms) [Parameters=[@__sessionId_0='?' (DbType = Guid), @__p_1='?' (DbType = Int32)], CommandType='"Text"', CommandTimeout='30']
SELECT "m"."Id", "m"."Content", "m"."CreatedUtc", "m"."Kind", "m"."Role", "m"."SessionId", "m"."TokenUsageJson"
FROM "Messages" AS "m"
WHERE "m"."SessionId" = @__sessionId_0
ORDER BY "m"."CreatedUtc" DESC
LIMIT @__p_1
2025-09-03 19:35:24.670 +02:00 [INF] Executed DbCommand (0ms) [Parameters=[@__agentId_0='?' (DbType = Guid)], CommandType='"Text"', CommandTimeout='30']
SELECT "a"."Id", "a"."AgentId", "a"."ConfigJson", "a"."Enabled", "a"."ToolId", "t"."Id", "t"."Description", "t"."Enabled", "t"."InputSchemaJson", "t"."McpServerId", "t"."Name", "t"."Scope", "m"."Id", "m"."AuthType", "m"."BaseUrl", "m"."LastSeenUtc", "m"."MetadataJson", "m"."Name", "m"."Status"
FROM "AgentToolBindings" AS "a"
INNER JOIN "Tools" AS "t" ON "a"."ToolId" = "t"."Id"
INNER JOIN "McpServers" AS "m" ON "t"."McpServerId" = "m"."Id"
WHERE "a"."AgentId" = @__agentId_0 AND "a"."Enabled"
2025-09-03 19:35:24.677 +02:00 [INF] Executed DbCommand (0ms) [Parameters=[@__agentId_0='?' (DbType = Guid)], CommandType='"Text"', CommandTimeout='30']
SELECT "a"."Id", "a"."AgentId", "a"."ConfigJson", "a"."Enabled", "a"."ToolId", "t"."Id", "t"."Description", "t"."Enabled", "t"."InputSchemaJson", "t"."McpServerId", "t"."Name", "t"."Scope", "m"."Id", "m"."AuthType", "m"."BaseUrl", "m"."LastSeenUtc", "m"."MetadataJson", "m"."Name", "m"."Status"
FROM "AgentToolBindings" AS "a"
INNER JOIN "Tools" AS "t" ON "a"."ToolId" = "t"."Id"
INNER JOIN "McpServers" AS "m" ON "t"."McpServerId" = "m"."Id"
WHERE "a"."AgentId" = @__agentId_0 AND "a"."Enabled"
2025-09-03 19:35:25.580 +02:00 [INF] Executed DbCommand (0ms) [Parameters=[@__sessionId_0='?' (DbType = Guid), @__p_1='?' (DbType = Int32)], CommandType='"Text"', CommandTimeout='30']
SELECT "m"."Id", "m"."Content", "m"."CreatedUtc", "m"."Kind", "m"."Role", "m"."SessionId", "m"."TokenUsageJson"
FROM "Messages" AS "m"
WHERE "m"."SessionId" = @__sessionId_0
ORDER BY "m"."CreatedUtc" DESC
LIMIT @__p_1
2025-09-03 19:35:28.380 +02:00 [INF] Executed DbCommand (18ms) [Parameters=[@p0='?' (DbType = Guid), @p1='?' (Size = 663), @p2='?' (DbType = DateTime), @p3='?', @p4='?' (Size = 9), @p5='?' (DbType = Guid), @p6='?'], CommandType='"Text"', CommandTimeout='30']
INSERT INTO "Messages" ("Id", "Content", "CreatedUtc", "Kind", "Role", "SessionId", "TokenUsageJson")
VALUES (@p0, @p1, @p2, @p3, @p4, @p5, @p6);
2025-09-03 19:35:28.399 +02:00 [INF] Executed DbCommand (9ms) [Parameters=[@p0='?' (DbType = Guid), @p1='?' (Size = 663), @p2='?' (DbType = DateTime), @p3='?', @p4='?' (Size = 9), @p5='?' (DbType = Guid), @p6='?'], CommandType='"Text"', CommandTimeout='30']
INSERT INTO "Messages" ("Id", "Content", "CreatedUtc", "Kind", "Role", "SessionId", "TokenUsageJson")
VALUES (@p0, @p1, @p2, @p3, @p4, @p5, @p6);
2025-09-03 19:35:44.119 +02:00 [INF] Request starting HTTP/1.1 OPTIONS http://localhost:5088/sessions/1b766956-8183-4226-bdde-e09cd0110725/messages - null null
2025-09-03 19:35:44.125 +02:00 [INF] CORS policy execution successful.
2025-09-03 19:35:44.129 +02:00 [INF] Request finished HTTP/1.1 OPTIONS http://localhost:5088/sessions/1b766956-8183-4226-bdde-e09cd0110725/messages - 204 null null 10.4631ms
2025-09-03 19:35:44.138 +02:00 [INF] Request starting HTTP/1.1 POST http://localhost:5088/sessions/1b766956-8183-4226-bdde-e09cd0110725/messages - application/json 59
2025-09-03 19:35:44.143 +02:00 [INF] CORS policy execution successful.
2025-09-03 19:35:44.148 +02:00 [INF] Executing endpoint 'HTTP: POST /sessions/{id:guid}/messages'
2025-09-03 19:35:44.155 +02:00 [INF] Executed DbCommand (0ms) [Parameters=[@__p_0='?' (DbType = Guid)], CommandType='"Text"', CommandTimeout='30']
SELECT "s"."Id", "s"."AgentId", "s"."EndedUtc", "s"."LastEventIdx", "s"."StartedUtc", "s"."Status", "s"."UserId"
FROM "Sessions" AS "s"
WHERE "s"."Id" = @__p_0
LIMIT 1
2025-09-03 19:35:44.178 +02:00 [INF] Executed DbCommand (17ms) [Parameters=[@p0='?' (DbType = Guid), @p1='?' (Size = 45), @p2='?' (DbType = DateTime), @p3='?', @p4='?' (Size = 4), @p5='?' (DbType = Guid), @p6='?'], CommandType='"Text"', CommandTimeout='30']
INSERT INTO "Messages" ("Id", "Content", "CreatedUtc", "Kind", "Role", "SessionId", "TokenUsageJson")
VALUES (@p0, @p1, @p2, @p3, @p4, @p5, @p6);
2025-09-03 19:35:44.187 +02:00 [INF] Setting HTTP status code 202.
2025-09-03 19:35:44.187 +02:00 [INF] Executed DbCommand (0ms) [Parameters=[@__p_0='?' (DbType = Guid)], CommandType='"Text"', CommandTimeout='30']
SELECT "a"."Id", "a"."Autonomy", "a"."CreatedUtc", "a"."GuardrailsJson", "a"."Name", "a"."ParamsJson", "a"."Provider", "a"."SystemPrompt", "a"."Temperature", "a"."TemplateRef", "a"."TokenBudget", "a"."ToolBudget", "a"."TopP", "a"."UpdatedUtc"
FROM "Agents" AS "a"
WHERE "a"."Id" = @__p_0
LIMIT 1
2025-09-03 19:35:44.191 +02:00 [INF] Writing value of type 'AcceptedResponse' as Json.
2025-09-03 19:35:44.201 +02:00 [INF] Executed endpoint 'HTTP: POST /sessions/{id:guid}/messages'
2025-09-03 19:35:44.207 +02:00 [INF] Request finished HTTP/1.1 POST http://localhost:5088/sessions/1b766956-8183-4226-bdde-e09cd0110725/messages - 202 null application/json; charset=utf-8 69.58ms
2025-09-03 19:35:44.210 +02:00 [INF] Executed DbCommand (11ms) [Parameters=[@p0='?' (DbType = Guid), @p1='?' (Size = 45), @p2='?' (DbType = DateTime), @p3='?', @p4='?' (Size = 4), @p5='?' (DbType = Guid), @p6='?'], CommandType='"Text"', CommandTimeout='30']
INSERT INTO "Messages" ("Id", "Content", "CreatedUtc", "Kind", "Role", "SessionId", "TokenUsageJson")
VALUES (@p0, @p1, @p2, @p3, @p4, @p5, @p6);
2025-09-03 19:35:44.223 +02:00 [INF] Executed DbCommand (1ms) [Parameters=[@__agentId_0='?' (DbType = Guid)], CommandType='"Text"', CommandTimeout='30']
SELECT "a"."Id", "a"."AgentId", "a"."ConfigJson", "a"."Enabled", "a"."ToolId", "t"."Id", "t"."Description", "t"."Enabled", "t"."InputSchemaJson", "t"."McpServerId", "t"."Name", "t"."Scope", "m"."Id", "m"."AuthType", "m"."BaseUrl", "m"."LastSeenUtc", "m"."MetadataJson", "m"."Name", "m"."Status"
FROM "AgentToolBindings" AS "a"
INNER JOIN "Tools" AS "t" ON "a"."ToolId" = "t"."Id"
INNER JOIN "McpServers" AS "m" ON "t"."McpServerId" = "m"."Id"
WHERE "a"."AgentId" = @__agentId_0 AND "a"."Enabled"
2025-09-03 19:35:44.231 +02:00 [INF] Executed DbCommand (1ms) [Parameters=[@__agentId_0='?' (DbType = Guid)], CommandType='"Text"', CommandTimeout='30']
SELECT "a"."Id", "a"."AgentId", "a"."ConfigJson", "a"."Enabled", "a"."ToolId", "t"."Id", "t"."Description", "t"."Enabled", "t"."InputSchemaJson", "t"."McpServerId", "t"."Name", "t"."Scope", "m"."Id", "m"."AuthType", "m"."BaseUrl", "m"."LastSeenUtc", "m"."MetadataJson", "m"."Name", "m"."Status"
FROM "AgentToolBindings" AS "a"
INNER JOIN "Tools" AS "t" ON "a"."ToolId" = "t"."Id"
INNER JOIN "McpServers" AS "m" ON "t"."McpServerId" = "m"."Id"
WHERE "a"."AgentId" = @__agentId_0 AND "a"."Enabled"
2025-09-03 19:35:44.241 +02:00 [INF] Executed DbCommand (1ms) [Parameters=[@__sessionId_0='?' (DbType = Guid), @__kind_1='?' (Size = 11), @__p_2='?' (DbType = Int32)], CommandType='"Text"', CommandTimeout='30']
SELECT "m"."Id", "m"."Content", "m"."CreatedUtc", "m"."Kind", "m"."Role", "m"."SessionId", "m"."TokenUsageJson"
FROM "Messages" AS "m"
WHERE "m"."SessionId" = @__sessionId_0 AND "m"."Kind" = @__kind_1
ORDER BY "m"."CreatedUtc" DESC
LIMIT @__p_2
2025-09-03 19:35:44.251 +02:00 [INF] Executed DbCommand (1ms) [Parameters=[@__sessionId_0='?' (DbType = Guid), @__p_1='?' (DbType = Int32)], CommandType='"Text"', CommandTimeout='30']
SELECT "m"."Id", "m"."Content", "m"."CreatedUtc", "m"."Kind", "m"."Role", "m"."SessionId", "m"."TokenUsageJson"
FROM "Messages" AS "m"
WHERE "m"."SessionId" = @__sessionId_0
ORDER BY "m"."CreatedUtc" DESC
LIMIT @__p_1
2025-09-03 19:35:44.262 +02:00 [INF] Executed DbCommand (0ms) [Parameters=[@__agentId_0='?' (DbType = Guid)], CommandType='"Text"', CommandTimeout='30']
SELECT "a"."Id", "a"."AgentId", "a"."ConfigJson", "a"."Enabled", "a"."ToolId", "t"."Id", "t"."Description", "t"."Enabled", "t"."InputSchemaJson", "t"."McpServerId", "t"."Name", "t"."Scope", "m"."Id", "m"."AuthType", "m"."BaseUrl", "m"."LastSeenUtc", "m"."MetadataJson", "m"."Name", "m"."Status"
FROM "AgentToolBindings" AS "a"
INNER JOIN "Tools" AS "t" ON "a"."ToolId" = "t"."Id"
INNER JOIN "McpServers" AS "m" ON "t"."McpServerId" = "m"."Id"
WHERE "a"."AgentId" = @__agentId_0 AND "a"."Enabled"
2025-09-03 19:35:44.269 +02:00 [INF] Executed DbCommand (1ms) [Parameters=[@__agentId_0='?' (DbType = Guid)], CommandType='"Text"', CommandTimeout='30']
SELECT "a"."Id", "a"."AgentId", "a"."ConfigJson", "a"."Enabled", "a"."ToolId", "t"."Id", "t"."Description", "t"."Enabled", "t"."InputSchemaJson", "t"."McpServerId", "t"."Name", "t"."Scope", "m"."Id", "m"."AuthType", "m"."BaseUrl", "m"."LastSeenUtc", "m"."MetadataJson", "m"."Name", "m"."Status"
FROM "AgentToolBindings" AS "a"
INNER JOIN "Tools" AS "t" ON "a"."ToolId" = "t"."Id"
INNER JOIN "McpServers" AS "m" ON "t"."McpServerId" = "m"."Id"
WHERE "a"."AgentId" = @__agentId_0 AND "a"."Enabled"
2025-09-03 19:35:46.616 +02:00 [INF] Executed DbCommand (0ms) [Parameters=[@__sessionId_0='?' (DbType = Guid), @__p_1='?' (DbType = Int32)], CommandType='"Text"', CommandTimeout='30']
SELECT "m"."Id", "m"."Content", "m"."CreatedUtc", "m"."Kind", "m"."Role", "m"."SessionId", "m"."TokenUsageJson"
FROM "Messages" AS "m"
WHERE "m"."SessionId" = @__sessionId_0
ORDER BY "m"."CreatedUtc" DESC
LIMIT @__p_1
2025-09-03 19:35:47.269 +02:00 [INF] Executed DbCommand (17ms) [Parameters=[@p0='?' (DbType = Guid), @p1='?' (Size = 160), @p2='?' (DbType = DateTime), @p3='?', @p4='?' (Size = 9), @p5='?' (DbType = Guid), @p6='?'], CommandType='"Text"', CommandTimeout='30']
INSERT INTO "Messages" ("Id", "Content", "CreatedUtc", "Kind", "Role", "SessionId", "TokenUsageJson")
VALUES (@p0, @p1, @p2, @p3, @p4, @p5, @p6);
2025-09-03 19:35:47.285 +02:00 [INF] Executed DbCommand (9ms) [Parameters=[@p0='?' (DbType = Guid), @p1='?' (Size = 160), @p2='?' (DbType = DateTime), @p3='?', @p4='?' (Size = 9), @p5='?' (DbType = Guid), @p6='?'], CommandType='"Text"', CommandTimeout='30']
INSERT INTO "Messages" ("Id", "Content", "CreatedUtc", "Kind", "Role", "SessionId", "TokenUsageJson")
VALUES (@p0, @p1, @p2, @p3, @p4, @p5, @p6);
2025-09-03 19:36:13.946 +02:00 [INF] Request starting HTTP/1.1 OPTIONS http://localhost:5088/sessions/1b766956-8183-4226-bdde-e09cd0110725/messages - null null
2025-09-03 19:36:13.952 +02:00 [INF] CORS policy execution successful.
2025-09-03 19:36:13.956 +02:00 [INF] Request finished HTTP/1.1 OPTIONS http://localhost:5088/sessions/1b766956-8183-4226-bdde-e09cd0110725/messages - 204 null null 10.5285ms
2025-09-03 19:36:13.962 +02:00 [INF] Request starting HTTP/1.1 POST http://localhost:5088/sessions/1b766956-8183-4226-bdde-e09cd0110725/messages - application/json 59
2025-09-03 19:36:13.967 +02:00 [INF] CORS policy execution successful.
2025-09-03 19:36:13.971 +02:00 [INF] Executing endpoint 'HTTP: POST /sessions/{id:guid}/messages'
2025-09-03 19:36:13.976 +02:00 [INF] Executed DbCommand (0ms) [Parameters=[@__p_0='?' (DbType = Guid)], CommandType='"Text"', CommandTimeout='30']
SELECT "s"."Id", "s"."AgentId", "s"."EndedUtc", "s"."LastEventIdx", "s"."StartedUtc", "s"."Status", "s"."UserId"
FROM "Sessions" AS "s"
WHERE "s"."Id" = @__p_0
LIMIT 1
2025-09-03 19:36:14.000 +02:00 [INF] Executed DbCommand (18ms) [Parameters=[@p0='?' (DbType = Guid), @p1='?' (Size = 45), @p2='?' (DbType = DateTime), @p3='?', @p4='?' (Size = 4), @p5='?' (DbType = Guid), @p6='?'], CommandType='"Text"', CommandTimeout='30']
INSERT INTO "Messages" ("Id", "Content", "CreatedUtc", "Kind", "Role", "SessionId", "TokenUsageJson")
VALUES (@p0, @p1, @p2, @p3, @p4, @p5, @p6);
2025-09-03 19:36:14.006 +02:00 [INF] Setting HTTP status code 202.
2025-09-03 19:36:14.008 +02:00 [INF] Executed DbCommand (0ms) [Parameters=[@__p_0='?' (DbType = Guid)], CommandType='"Text"', CommandTimeout='30']
SELECT "a"."Id", "a"."Autonomy", "a"."CreatedUtc", "a"."GuardrailsJson", "a"."Name", "a"."ParamsJson", "a"."Provider", "a"."SystemPrompt", "a"."Temperature", "a"."TemplateRef", "a"."TokenBudget", "a"."ToolBudget", "a"."TopP", "a"."UpdatedUtc"
FROM "Agents" AS "a"
WHERE "a"."Id" = @__p_0
LIMIT 1
2025-09-03 19:36:14.012 +02:00 [INF] Writing value of type 'AcceptedResponse' as Json.
2025-09-03 19:36:14.021 +02:00 [INF] Executed endpoint 'HTTP: POST /sessions/{id:guid}/messages'
2025-09-03 19:36:14.026 +02:00 [INF] Request finished HTTP/1.1 POST http://localhost:5088/sessions/1b766956-8183-4226-bdde-e09cd0110725/messages - 202 null application/json; charset=utf-8 63.8317ms
2025-09-03 19:36:14.028 +02:00 [INF] Executed DbCommand (10ms) [Parameters=[@p0='?' (DbType = Guid), @p1='?' (Size = 45), @p2='?' (DbType = DateTime), @p3='?', @p4='?' (Size = 4), @p5='?' (DbType = Guid), @p6='?'], CommandType='"Text"', CommandTimeout='30']
INSERT INTO "Messages" ("Id", "Content", "CreatedUtc", "Kind", "Role", "SessionId", "TokenUsageJson")
VALUES (@p0, @p1, @p2, @p3, @p4, @p5, @p6);
2025-09-03 19:36:14.041 +02:00 [INF] Executed DbCommand (1ms) [Parameters=[@__agentId_0='?' (DbType = Guid)], CommandType='"Text"', CommandTimeout='30']
SELECT "a"."Id", "a"."AgentId", "a"."ConfigJson", "a"."Enabled", "a"."ToolId", "t"."Id", "t"."Description", "t"."Enabled", "t"."InputSchemaJson", "t"."McpServerId", "t"."Name", "t"."Scope", "m"."Id", "m"."AuthType", "m"."BaseUrl", "m"."LastSeenUtc", "m"."MetadataJson", "m"."Name", "m"."Status"
FROM "AgentToolBindings" AS "a"
INNER JOIN "Tools" AS "t" ON "a"."ToolId" = "t"."Id"
INNER JOIN "McpServers" AS "m" ON "t"."McpServerId" = "m"."Id"
WHERE "a"."AgentId" = @__agentId_0 AND "a"."Enabled"
2025-09-03 19:36:14.048 +02:00 [INF] Executed DbCommand (0ms) [Parameters=[@__agentId_0='?' (DbType = Guid)], CommandType='"Text"', CommandTimeout='30']
SELECT "a"."Id", "a"."AgentId", "a"."ConfigJson", "a"."Enabled", "a"."ToolId", "t"."Id", "t"."Description", "t"."Enabled", "t"."InputSchemaJson", "t"."McpServerId", "t"."Name", "t"."Scope", "m"."Id", "m"."AuthType", "m"."BaseUrl", "m"."LastSeenUtc", "m"."MetadataJson", "m"."Name", "m"."Status"
FROM "AgentToolBindings" AS "a"
INNER JOIN "Tools" AS "t" ON "a"."ToolId" = "t"."Id"
INNER JOIN "McpServers" AS "m" ON "t"."McpServerId" = "m"."Id"
WHERE "a"."AgentId" = @__agentId_0 AND "a"."Enabled"
2025-09-03 19:36:14.057 +02:00 [INF] Executed DbCommand (1ms) [Parameters=[@__sessionId_0='?' (DbType = Guid), @__kind_1='?' (Size = 11), @__p_2='?' (DbType = Int32)], CommandType='"Text"', CommandTimeout='30']
SELECT "m"."Id", "m"."Content", "m"."CreatedUtc", "m"."Kind", "m"."Role", "m"."SessionId", "m"."TokenUsageJson"
FROM "Messages" AS "m"
WHERE "m"."SessionId" = @__sessionId_0 AND "m"."Kind" = @__kind_1
ORDER BY "m"."CreatedUtc" DESC
LIMIT @__p_2
2025-09-03 19:36:14.064 +02:00 [INF] Executed DbCommand (0ms) [Parameters=[@__sessionId_0='?' (DbType = Guid), @__p_1='?' (DbType = Int32)], CommandType='"Text"', CommandTimeout='30']
SELECT "m"."Id", "m"."Content", "m"."CreatedUtc", "m"."Kind", "m"."Role", "m"."SessionId", "m"."TokenUsageJson"
FROM "Messages" AS "m"
WHERE "m"."SessionId" = @__sessionId_0
ORDER BY "m"."CreatedUtc" DESC
LIMIT @__p_1
2025-09-03 19:36:14.073 +02:00 [INF] Executed DbCommand (1ms) [Parameters=[@__agentId_0='?' (DbType = Guid)], CommandType='"Text"', CommandTimeout='30']
SELECT "a"."Id", "a"."AgentId", "a"."ConfigJson", "a"."Enabled", "a"."ToolId", "t"."Id", "t"."Description", "t"."Enabled", "t"."InputSchemaJson", "t"."McpServerId", "t"."Name", "t"."Scope", "m"."Id", "m"."AuthType", "m"."BaseUrl", "m"."LastSeenUtc", "m"."MetadataJson", "m"."Name", "m"."Status"
FROM "AgentToolBindings" AS "a"
INNER JOIN "Tools" AS "t" ON "a"."ToolId" = "t"."Id"
INNER JOIN "McpServers" AS "m" ON "t"."McpServerId" = "m"."Id"
WHERE "a"."AgentId" = @__agentId_0 AND "a"."Enabled"
2025-09-03 19:36:14.082 +02:00 [INF] Executed DbCommand (1ms) [Parameters=[@__agentId_0='?' (DbType = Guid)], CommandType='"Text"', CommandTimeout='30']
SELECT "a"."Id", "a"."AgentId", "a"."ConfigJson", "a"."Enabled", "a"."ToolId", "t"."Id", "t"."Description", "t"."Enabled", "t"."InputSchemaJson", "t"."McpServerId", "t"."Name", "t"."Scope", "m"."Id", "m"."AuthType", "m"."BaseUrl", "m"."LastSeenUtc", "m"."MetadataJson", "m"."Name", "m"."Status"
FROM "AgentToolBindings" AS "a"
INNER JOIN "Tools" AS "t" ON "a"."ToolId" = "t"."Id"
INNER JOIN "McpServers" AS "m" ON "t"."McpServerId" = "m"."Id"
WHERE "a"."AgentId" = @__agentId_0 AND "a"."Enabled"
2025-09-03 19:36:15.462 +02:00 [INF] Executed DbCommand (0ms) [Parameters=[], CommandType='"Text"', CommandTimeout='30']
SELECT "m"."Id", "m"."AuthType", "m"."BaseUrl", "m"."LastSeenUtc", "m"."MetadataJson", "m"."Name", "m"."Status"
FROM "McpServers" AS "m"
ORDER BY "m"."LastSeenUtc"
2025-09-03 19:36:15.468 +02:00 [INF] Conectando a MCP WebSocket: ws://localhost:8970/ws
2025-09-03 19:36:16.418 +02:00 [INF] Executed DbCommand (8ms) [Parameters=[@p0='?' (DbType = Guid), @p1='?' (Size = 55), @p2='?' (DbType = DateTime), @p3='?' (Size = 11), @p4='?' (Size = 9), @p5='?' (DbType = Guid), @p6='?'], CommandType='"Text"', CommandTimeout='30']
INSERT INTO "Messages" ("Id", "Content", "CreatedUtc", "Kind", "Role", "SessionId", "TokenUsageJson")
VALUES (@p0, @p1, @p2, @p3, @p4, @p5, @p6);
2025-09-03 19:36:16.425 +02:00 [INF] Executed DbCommand (1ms) [Parameters=[@__sessionId_0='?' (DbType = Guid), @__p_1='?' (DbType = Int32)], CommandType='"Text"', CommandTimeout='30']
SELECT "m"."Id", "m"."Content", "m"."CreatedUtc", "m"."Kind", "m"."Role", "m"."SessionId", "m"."TokenUsageJson"
FROM "Messages" AS "m"
WHERE "m"."SessionId" = @__sessionId_0
ORDER BY "m"."CreatedUtc" DESC
LIMIT @__p_1
2025-09-03 19:36:18.985 +02:00 [INF] Executed DbCommand (20ms) [Parameters=[@p0='?' (DbType = Guid), @p1='?' (Size = 527), @p2='?' (DbType = DateTime), @p3='?', @p4='?' (Size = 9), @p5='?' (DbType = Guid), @p6='?'], CommandType='"Text"', CommandTimeout='30']
INSERT INTO "Messages" ("Id", "Content", "CreatedUtc", "Kind", "Role", "SessionId", "TokenUsageJson")
VALUES (@p0, @p1, @p2, @p3, @p4, @p5, @p6);
2025-09-03 19:36:19.004 +02:00 [INF] Executed DbCommand (9ms) [Parameters=[@p0='?' (DbType = Guid), @p1='?' (Size = 527), @p2='?' (DbType = DateTime), @p3='?', @p4='?' (Size = 9), @p5='?' (DbType = Guid), @p6='?'], CommandType='"Text"', CommandTimeout='30']
INSERT INTO "Messages" ("Id", "Content", "CreatedUtc", "Kind", "Role", "SessionId", "TokenUsageJson")
VALUES (@p0, @p1, @p2, @p3, @p4, @p5, @p6);
2025-09-03 19:57:58.380 +02:00 [INF] Request starting HTTP/1.1 OPTIONS http://localhost:5088/hubs/trace/negotiate?negotiateVersion=1 - null null
2025-09-03 19:57:58.381 +02:00 [INF] Executed endpoint '/hubs/trace'
2025-09-03 19:57:58.387 +02:00 [INF] CORS policy execution successful.
2025-09-03 19:57:58.392 +02:00 [INF] Request finished HTTP/1.1 GET http://localhost:5088/hubs/trace?id=mPIuazO7u9t1KfNEqj_sAQ - 101 null null 1384090.4395ms
2025-09-03 19:57:58.398 +02:00 [INF] Request finished HTTP/1.1 OPTIONS http://localhost:5088/hubs/trace/negotiate?negotiateVersion=1 - 204 null null 18.0772ms
2025-09-03 19:57:58.403 +02:00 [INF] Request starting HTTP/1.1 POST http://localhost:5088/hubs/trace/negotiate?negotiateVersion=1 - null 0
2025-09-03 19:57:58.417 +02:00 [INF] CORS policy execution successful.
2025-09-03 19:57:58.422 +02:00 [INF] ApiKey was not authenticated. Failure message: Missing API key
2025-09-03 19:57:58.428 +02:00 [INF] Executing endpoint '/hubs/trace/negotiate'
2025-09-03 19:57:58.434 +02:00 [INF] Executed endpoint '/hubs/trace/negotiate'
2025-09-03 19:57:58.440 +02:00 [INF] Request finished HTTP/1.1 POST http://localhost:5088/hubs/trace/negotiate?negotiateVersion=1 - 200 316 application/json 37.549ms
2025-09-03 19:57:58.445 +02:00 [INF] Request starting HTTP/1.1 GET http://localhost:5088/hubs/trace?id=n3bJkAncsOirxYmk_0MTTw - null null
2025-09-03 19:57:58.455 +02:00 [INF] CORS policy execution successful.
2025-09-03 19:57:58.460 +02:00 [INF] ApiKey was not authenticated. Failure message: Missing API key
2025-09-03 19:57:58.465 +02:00 [INF] Executing endpoint '/hubs/trace'
2025-09-03 19:58:15.371 +02:00 [INF] Request starting HTTP/1.1 OPTIONS http://localhost:5088/hubs/trace/negotiate?negotiateVersion=1 - null null
2025-09-03 19:58:15.373 +02:00 [INF] Executed endpoint '/hubs/trace'
2025-09-03 19:58:15.378 +02:00 [INF] CORS policy execution successful.
2025-09-03 19:58:15.385 +02:00 [INF] Request finished HTTP/1.1 GET http://localhost:5088/hubs/trace?id=n3bJkAncsOirxYmk_0MTTw - 101 null null 16939.6785ms
2025-09-03 19:58:15.390 +02:00 [INF] Request finished HTTP/1.1 OPTIONS http://localhost:5088/hubs/trace/negotiate?negotiateVersion=1 - 204 null null 19.1547ms
2025-09-03 19:58:15.392 +02:00 [INF] Request starting HTTP/1.1 POST http://localhost:5088/hubs/trace/negotiate?negotiateVersion=1 - null 0
2025-09-03 19:58:15.406 +02:00 [INF] CORS policy execution successful.
2025-09-03 19:58:15.412 +02:00 [INF] ApiKey was not authenticated. Failure message: Missing API key
2025-09-03 19:58:15.416 +02:00 [INF] Executing endpoint '/hubs/trace/negotiate'
2025-09-03 19:58:15.422 +02:00 [INF] Executed endpoint '/hubs/trace/negotiate'
2025-09-03 19:58:15.427 +02:00 [INF] Request finished HTTP/1.1 POST http://localhost:5088/hubs/trace/negotiate?negotiateVersion=1 - 200 316 application/json 35.684ms
2025-09-03 19:58:15.430 +02:00 [INF] Request starting HTTP/1.1 GET http://localhost:5088/hubs/trace?id=D-QCC0NXJAoKWeBxfPgRTA - null null
2025-09-03 19:58:15.439 +02:00 [INF] CORS policy execution successful.
2025-09-03 19:58:15.443 +02:00 [INF] ApiKey was not authenticated. Failure message: Missing API key
2025-09-03 19:58:15.448 +02:00 [INF] Executing endpoint '/hubs/trace'
2025-09-03 19:58:27.376 +02:00 [INF] Request starting HTTP/1.1 OPTIONS http://localhost:5088/hubs/trace/negotiate?negotiateVersion=1 - null null
2025-09-03 19:58:27.377 +02:00 [INF] Executed endpoint '/hubs/trace'
2025-09-03 19:58:27.382 +02:00 [INF] CORS policy execution successful.
2025-09-03 19:58:27.386 +02:00 [INF] Request finished HTTP/1.1 GET http://localhost:5088/hubs/trace?id=D-QCC0NXJAoKWeBxfPgRTA - 101 null null 11956.5996ms
2025-09-03 19:58:27.391 +02:00 [INF] Request finished HTTP/1.1 OPTIONS http://localhost:5088/hubs/trace/negotiate?negotiateVersion=1 - 204 null null 14.5454ms
2025-09-03 19:58:27.393 +02:00 [INF] Request starting HTTP/1.1 POST http://localhost:5088/hubs/trace/negotiate?negotiateVersion=1 - null 0
2025-09-03 19:58:27.411 +02:00 [INF] CORS policy execution successful.
2025-09-03 19:58:27.418 +02:00 [INF] ApiKey was not authenticated. Failure message: Missing API key
2025-09-03 19:58:27.423 +02:00 [INF] Executing endpoint '/hubs/trace/negotiate'
2025-09-03 19:58:27.429 +02:00 [INF] Executed endpoint '/hubs/trace/negotiate'
2025-09-03 19:58:27.435 +02:00 [INF] Request finished HTTP/1.1 POST http://localhost:5088/hubs/trace/negotiate?negotiateVersion=1 - 200 316 application/json 42.1255ms
2025-09-03 19:58:27.437 +02:00 [INF] Request starting HTTP/1.1 GET http://localhost:5088/hubs/trace?id=oeZ7mYpXWZZRsP5Z-Z-SMw - null null
2025-09-03 19:58:27.447 +02:00 [INF] CORS policy execution successful.
2025-09-03 19:58:27.452 +02:00 [INF] ApiKey was not authenticated. Failure message: Missing API key
2025-09-03 19:58:27.457 +02:00 [INF] Executing endpoint '/hubs/trace'
2025-09-03 19:59:38.350 +02:00 [INF] Request starting HTTP/1.1 OPTIONS http://localhost:5088/hubs/trace/negotiate?negotiateVersion=1 - null null
2025-09-03 19:59:38.351 +02:00 [INF] Executed endpoint '/hubs/trace'
2025-09-03 19:59:38.356 +02:00 [INF] CORS policy execution successful.
2025-09-03 19:59:38.360 +02:00 [INF] Request finished HTTP/1.1 GET http://localhost:5088/hubs/trace?id=oeZ7mYpXWZZRsP5Z-Z-SMw - 101 null null 70923.0419ms
2025-09-03 19:59:38.365 +02:00 [INF] Request finished HTTP/1.1 OPTIONS http://localhost:5088/hubs/trace/negotiate?negotiateVersion=1 - 204 null null 14.808ms
2025-09-03 19:59:38.367 +02:00 [INF] Request starting HTTP/1.1 POST http://localhost:5088/hubs/trace/negotiate?negotiateVersion=1 - null 0
2025-09-03 19:59:38.381 +02:00 [INF] CORS policy execution successful.
2025-09-03 19:59:38.386 +02:00 [INF] ApiKey was not authenticated. Failure message: Missing API key
2025-09-03 19:59:38.391 +02:00 [INF] Executing endpoint '/hubs/trace/negotiate'
2025-09-03 19:59:38.395 +02:00 [INF] Executed endpoint '/hubs/trace/negotiate'
2025-09-03 19:59:38.399 +02:00 [INF] Request finished HTTP/1.1 POST http://localhost:5088/hubs/trace/negotiate?negotiateVersion=1 - 200 316 application/json 32.4058ms
2025-09-03 19:59:38.400 +02:00 [INF] Request starting HTTP/1.1 GET http://localhost:5088/hubs/trace?id=JSoiiA2ZtXXtVcjjPxH8dg - null null
2025-09-03 19:59:38.410 +02:00 [INF] CORS policy execution successful.
2025-09-03 19:59:38.414 +02:00 [INF] ApiKey was not authenticated. Failure message: Missing API key
2025-09-03 19:59:38.418 +02:00 [INF] Executing endpoint '/hubs/trace'
2025-09-03 20:00:23.416 +02:00 [INF] Request starting HTTP/1.1 OPTIONS http://localhost:5088/hubs/trace/negotiate?negotiateVersion=1 - null null
2025-09-03 20:00:23.417 +02:00 [INF] Executed endpoint '/hubs/trace'
2025-09-03 20:00:23.423 +02:00 [INF] CORS policy execution successful.
2025-09-03 20:00:23.428 +02:00 [INF] Request finished HTTP/1.1 GET http://localhost:5088/hubs/trace?id=JSoiiA2ZtXXtVcjjPxH8dg - 101 null null 45028.7088ms
2025-09-03 20:00:23.434 +02:00 [INF] Request finished HTTP/1.1 OPTIONS http://localhost:5088/hubs/trace/negotiate?negotiateVersion=1 - 204 null null 17.8799ms
2025-09-03 20:00:23.437 +02:00 [INF] Request starting HTTP/1.1 POST http://localhost:5088/hubs/trace/negotiate?negotiateVersion=1 - null 0
2025-09-03 20:00:23.455 +02:00 [INF] CORS policy execution successful.
2025-09-03 20:00:23.461 +02:00 [INF] ApiKey was not authenticated. Failure message: Missing API key
2025-09-03 20:00:23.465 +02:00 [INF] Executing endpoint '/hubs/trace/negotiate'
2025-09-03 20:00:23.470 +02:00 [INF] Executed endpoint '/hubs/trace/negotiate'
2025-09-03 20:00:23.476 +02:00 [INF] Request finished HTTP/1.1 POST http://localhost:5088/hubs/trace/negotiate?negotiateVersion=1 - 200 316 application/json 39.6207ms
2025-09-03 20:00:23.480 +02:00 [INF] Request starting HTTP/1.1 GET http://localhost:5088/hubs/trace?id=8BeJ1WfzpDULOuaXBUJAqA - null null
2025-09-03 20:00:23.489 +02:00 [INF] CORS policy execution successful.
2025-09-03 20:00:23.494 +02:00 [INF] ApiKey was not authenticated. Failure message: Missing API key
2025-09-03 20:00:23.498 +02:00 [INF] Executing endpoint '/hubs/trace'
2025-09-03 20:40:52.603 +02:00 [INF] Executed endpoint '/hubs/trace'
2025-09-03 20:40:52.608 +02:00 [INF] Request finished HTTP/1.1 GET http://localhost:5088/hubs/trace?id=8BeJ1WfzpDULOuaXBUJAqA - 101 null null 2429127.6999ms
2025-09-03 20:40:53.097 +02:00 [INF] Request starting HTTP/1.1 OPTIONS http://localhost:5088/agents/1e5ffb9e-fb28-4405-b82b-b4647aa5a865 - null null
2025-09-03 20:40:53.099 +02:00 [INF] Request starting HTTP/1.1 OPTIONS http://localhost:5088/agents/1e5ffb9e-fb28-4405-b82b-b4647aa5a865/bindings - null null
2025-09-03 20:40:53.103 +02:00 [INF] CORS policy execution successful.
2025-09-03 20:40:53.107 +02:00 [INF] CORS policy execution successful.
2025-09-03 20:40:53.113 +02:00 [INF] Request finished HTTP/1.1 OPTIONS http://localhost:5088/agents/1e5ffb9e-fb28-4405-b82b-b4647aa5a865 - 204 null null 15.9785ms
2025-09-03 20:40:53.117 +02:00 [INF] Request finished HTTP/1.1 OPTIONS http://localhost:5088/agents/1e5ffb9e-fb28-4405-b82b-b4647aa5a865/bindings - 204 null null 18.1434ms
2025-09-03 20:40:53.123 +02:00 [INF] Request starting HTTP/1.1 GET http://localhost:5088/agents/1e5ffb9e-fb28-4405-b82b-b4647aa5a865 - application/json null
2025-09-03 20:40:53.127 +02:00 [INF] Request starting HTTP/1.1 GET http://localhost:5088/agents/1e5ffb9e-fb28-4405-b82b-b4647aa5a865/bindings - application/json null
2025-09-03 20:40:53.133 +02:00 [INF] CORS policy execution successful.
2025-09-03 20:40:53.137 +02:00 [INF] CORS policy execution successful.
2025-09-03 20:40:53.141 +02:00 [INF] Executing endpoint 'HTTP: GET /agents/{id:guid}'
2025-09-03 20:40:53.146 +02:00 [INF] Executing endpoint 'HTTP: GET /agents/{id:guid}/bindings'
2025-09-03 20:40:53.152 +02:00 [INF] Executed DbCommand (1ms) [Parameters=[@__p_0='?' (DbType = Guid)], CommandType='"Text"', CommandTimeout='30']
SELECT "a"."Id", "a"."Autonomy", "a"."CreatedUtc", "a"."GuardrailsJson", "a"."Name", "a"."ParamsJson", "a"."Provider", "a"."SystemPrompt", "a"."Temperature", "a"."TemplateRef", "a"."TokenBudget", "a"."ToolBudget", "a"."TopP", "a"."UpdatedUtc"
FROM "Agents" AS "a"
WHERE "a"."Id" = @__p_0
LIMIT 1
2025-09-03 20:40:53.155 +02:00 [INF] Executed DbCommand (0ms) [Parameters=[@__agentId_0='?' (DbType = Guid)], CommandType='"Text"', CommandTimeout='30']
SELECT "a"."Id", "a"."AgentId", "a"."ConfigJson", "a"."Enabled", "a"."ToolId"
FROM "AgentToolBindings" AS "a"
WHERE "a"."AgentId" = @__agentId_0
2025-09-03 20:40:53.158 +02:00 [INF] Setting HTTP status code 200.
2025-09-03 20:40:53.164 +02:00 [INF] Setting HTTP status code 200.
2025-09-03 20:40:53.168 +02:00 [INF] Writing value of type 'AgentResponse' as Json.
2025-09-03 20:40:53.171 +02:00 [INF] Writing value of type 'List`1' as Json.
2025-09-03 20:40:53.175 +02:00 [INF] Executed endpoint 'HTTP: GET /agents/{id:guid}'
2025-09-03 20:40:53.180 +02:00 [INF] Executed endpoint 'HTTP: GET /agents/{id:guid}/bindings'
2025-09-03 20:40:53.185 +02:00 [INF] Request finished HTTP/1.1 GET http://localhost:5088/agents/1e5ffb9e-fb28-4405-b82b-b4647aa5a865 - 200 null application/json; charset=utf-8 62.1015ms
2025-09-03 20:40:53.189 +02:00 [INF] Request finished HTTP/1.1 GET http://localhost:5088/agents/1e5ffb9e-fb28-4405-b82b-b4647aa5a865/bindings - 200 null application/json; charset=utf-8 61.8901ms
2025-09-03 20:40:59.031 +02:00 [INF] Request starting HTTP/1.1 OPTIONS http://localhost:5088/sessions - null null
2025-09-03 20:40:59.039 +02:00 [INF] CORS policy execution successful.
2025-09-03 20:40:59.043 +02:00 [INF] Request finished HTTP/1.1 OPTIONS http://localhost:5088/sessions - 204 null null 11.6643ms
2025-09-03 20:40:59.050 +02:00 [INF] Request starting HTTP/1.1 POST http://localhost:5088/sessions - application/json 50
2025-09-03 20:40:59.055 +02:00 [INF] CORS policy execution successful.
2025-09-03 20:40:59.059 +02:00 [INF] Executing endpoint 'HTTP: POST /sessions/'
2025-09-03 20:40:59.065 +02:00 [INF] Executed DbCommand (1ms) [Parameters=[@__p_0='?' (DbType = Guid)], CommandType='"Text"', CommandTimeout='30']
SELECT "a"."Id", "a"."Autonomy", "a"."CreatedUtc", "a"."GuardrailsJson", "a"."Name", "a"."ParamsJson", "a"."Provider", "a"."SystemPrompt", "a"."Temperature", "a"."TemplateRef", "a"."TokenBudget", "a"."ToolBudget", "a"."TopP", "a"."UpdatedUtc"
FROM "Agents" AS "a"
WHERE "a"."Id" = @__p_0
LIMIT 1
2025-09-03 20:40:59.090 +02:00 [INF] Executed DbCommand (18ms) [Parameters=[@p0='?' (DbType = Guid), @p1='?' (DbType = Guid), @p2='?' (DbType = DateTime), @p3='?' (DbType = Int32), @p4='?' (DbType = DateTime), @p5='?' (Size = 7), @p6='?'], CommandType='"Text"', CommandTimeout='30']
INSERT INTO "Sessions" ("Id", "AgentId", "EndedUtc", "LastEventIdx", "StartedUtc", "Status", "UserId")
VALUES (@p0, @p1, @p2, @p3, @p4, @p5, @p6);
2025-09-03 20:40:59.096 +02:00 [INF] Setting HTTP status code 201.
2025-09-03 20:40:59.102 +02:00 [INF] Writing value of type 'SessionCreatedResponse' as Json.
2025-09-03 20:40:59.107 +02:00 [INF] Executed endpoint 'HTTP: POST /sessions/'
2025-09-03 20:40:59.111 +02:00 [INF] Request finished HTTP/1.1 POST http://localhost:5088/sessions - 201 null application/json; charset=utf-8 61.3934ms
2025-09-03 20:40:59.126 +02:00 [INF] Request starting HTTP/1.1 OPTIONS http://localhost:5088/hubs/trace/negotiate?negotiateVersion=1 - null null
2025-09-03 20:40:59.132 +02:00 [INF] CORS policy execution successful.
2025-09-03 20:40:59.138 +02:00 [INF] Request finished HTTP/1.1 OPTIONS http://localhost:5088/hubs/trace/negotiate?negotiateVersion=1 - 204 null null 11.6394ms
2025-09-03 20:40:59.142 +02:00 [INF] Request starting HTTP/1.1 POST http://localhost:5088/hubs/trace/negotiate?negotiateVersion=1 - null 0
2025-09-03 20:40:59.151 +02:00 [INF] CORS policy execution successful.
2025-09-03 20:40:59.156 +02:00 [INF] ApiKey was not authenticated. Failure message: Missing API key
2025-09-03 20:40:59.160 +02:00 [INF] Executing endpoint '/hubs/trace/negotiate'
2025-09-03 20:40:59.165 +02:00 [INF] Executed endpoint '/hubs/trace/negotiate'
2025-09-03 20:40:59.171 +02:00 [INF] Request finished HTTP/1.1 POST http://localhost:5088/hubs/trace/negotiate?negotiateVersion=1 - 200 316 application/json 29.3726ms
2025-09-03 20:40:59.175 +02:00 [INF] Request starting HTTP/1.1 GET http://localhost:5088/hubs/trace?id=uNuCVg31-WRbHtiw7UW06g - null null
2025-09-03 20:40:59.182 +02:00 [INF] CORS policy execution successful.
2025-09-03 20:40:59.187 +02:00 [INF] ApiKey was not authenticated. Failure message: Missing API key
2025-09-03 20:40:59.191 +02:00 [INF] Executing endpoint '/hubs/trace'
2025-09-03 20:41:05.204 +02:00 [INF] Request starting HTTP/1.1 OPTIONS http://localhost:5088/sessions/326fef6b-d158-482d-80c2-3da91d396dc7/messages - null null
2025-09-03 20:41:05.210 +02:00 [INF] CORS policy execution successful.
2025-09-03 20:41:05.214 +02:00 [INF] Request finished HTTP/1.1 OPTIONS http://localhost:5088/sessions/326fef6b-d158-482d-80c2-3da91d396dc7/messages - 204 null null 10.865ms
2025-09-03 20:41:05.221 +02:00 [INF] Request starting HTTP/1.1 POST http://localhost:5088/sessions/326fef6b-d158-482d-80c2-3da91d396dc7/messages - application/json 43
2025-09-03 20:41:05.226 +02:00 [INF] CORS policy execution successful.
2025-09-03 20:41:05.231 +02:00 [INF] Executing endpoint 'HTTP: POST /sessions/{id:guid}/messages'
2025-09-03 20:41:05.239 +02:00 [INF] Executed DbCommand (1ms) [Parameters=[@__p_0='?' (DbType = Guid)], CommandType='"Text"', CommandTimeout='30']
SELECT "s"."Id", "s"."AgentId", "s"."EndedUtc", "s"."LastEventIdx", "s"."StartedUtc", "s"."Status", "s"."UserId"
FROM "Sessions" AS "s"
WHERE "s"."Id" = @__p_0
LIMIT 1
2025-09-03 20:41:05.268 +02:00 [INF] Executed DbCommand (20ms) [Parameters=[@p0='?' (DbType = Guid), @p1='?' (Size = 29), @p2='?' (DbType = DateTime), @p3='?', @p4='?' (Size = 4), @p5='?' (DbType = Guid), @p6='?'], CommandType='"Text"', CommandTimeout='30']
INSERT INTO "Messages" ("Id", "Content", "CreatedUtc", "Kind", "Role", "SessionId", "TokenUsageJson")
VALUES (@p0, @p1, @p2, @p3, @p4, @p5, @p6);
2025-09-03 20:41:05.288 +02:00 [INF] Setting HTTP status code 202.
2025-09-03 20:41:05.290 +02:00 [INF] Executed DbCommand (0ms) [Parameters=[@__p_0='?' (DbType = Guid)], CommandType='"Text"', CommandTimeout='30']
SELECT "a"."Id", "a"."Autonomy", "a"."CreatedUtc", "a"."GuardrailsJson", "a"."Name", "a"."ParamsJson", "a"."Provider", "a"."SystemPrompt", "a"."Temperature", "a"."TemplateRef", "a"."TokenBudget", "a"."ToolBudget", "a"."TopP", "a"."UpdatedUtc"
FROM "Agents" AS "a"
WHERE "a"."Id" = @__p_0
LIMIT 1
2025-09-03 20:41:05.294 +02:00 [INF] Writing value of type 'AcceptedResponse' as Json.
2025-09-03 20:41:05.306 +02:00 [INF] Executed endpoint 'HTTP: POST /sessions/{id:guid}/messages'
2025-09-03 20:41:05.311 +02:00 [INF] Request finished HTTP/1.1 POST http://localhost:5088/sessions/326fef6b-d158-482d-80c2-3da91d396dc7/messages - 202 null application/json; charset=utf-8 90.6793ms
2025-09-03 20:41:05.312 +02:00 [INF] Executed DbCommand (11ms) [Parameters=[@p0='?' (DbType = Guid), @p1='?' (Size = 29), @p2='?' (DbType = DateTime), @p3='?', @p4='?' (Size = 4), @p5='?' (DbType = Guid), @p6='?'], CommandType='"Text"', CommandTimeout='30']
INSERT INTO "Messages" ("Id", "Content", "CreatedUtc", "Kind", "Role", "SessionId", "TokenUsageJson")
VALUES (@p0, @p1, @p2, @p3, @p4, @p5, @p6);
2025-09-03 20:41:05.326 +02:00 [INF] Executed DbCommand (1ms) [Parameters=[@__agentId_0='?' (DbType = Guid)], CommandType='"Text"', CommandTimeout='30']
SELECT "a"."Id", "a"."AgentId", "a"."ConfigJson", "a"."Enabled", "a"."ToolId", "t"."Id", "t"."Description", "t"."Enabled", "t"."InputSchemaJson", "t"."McpServerId", "t"."Name", "t"."Scope", "m"."Id", "m"."AuthType", "m"."BaseUrl", "m"."LastSeenUtc", "m"."MetadataJson", "m"."Name", "m"."Status"
FROM "AgentToolBindings" AS "a"
INNER JOIN "Tools" AS "t" ON "a"."ToolId" = "t"."Id"
INNER JOIN "McpServers" AS "m" ON "t"."McpServerId" = "m"."Id"
WHERE "a"."AgentId" = @__agentId_0 AND "a"."Enabled"
2025-09-03 20:41:05.335 +02:00 [INF] Executed DbCommand (0ms) [Parameters=[@__agentId_0='?' (DbType = Guid)], CommandType='"Text"', CommandTimeout='30']
SELECT "a"."Id", "a"."AgentId", "a"."ConfigJson", "a"."Enabled", "a"."ToolId", "t"."Id", "t"."Description", "t"."Enabled", "t"."InputSchemaJson", "t"."McpServerId", "t"."Name", "t"."Scope", "m"."Id", "m"."AuthType", "m"."BaseUrl", "m"."LastSeenUtc", "m"."MetadataJson", "m"."Name", "m"."Status"
FROM "AgentToolBindings" AS "a"
INNER JOIN "Tools" AS "t" ON "a"."ToolId" = "t"."Id"
INNER JOIN "McpServers" AS "m" ON "t"."McpServerId" = "m"."Id"
WHERE "a"."AgentId" = @__agentId_0 AND "a"."Enabled"
2025-09-03 20:41:05.347 +02:00 [INF] Executed DbCommand (0ms) [Parameters=[@__sessionId_0='?' (DbType = Guid), @__kind_1='?' (Size = 11), @__p_2='?' (DbType = Int32)], CommandType='"Text"', CommandTimeout='30']
SELECT "m"."Id", "m"."Content", "m"."CreatedUtc", "m"."Kind", "m"."Role", "m"."SessionId", "m"."TokenUsageJson"
FROM "Messages" AS "m"
WHERE "m"."SessionId" = @__sessionId_0 AND "m"."Kind" = @__kind_1
ORDER BY "m"."CreatedUtc" DESC
LIMIT @__p_2
2025-09-03 20:41:05.356 +02:00 [INF] Executed DbCommand (1ms) [Parameters=[@__sessionId_0='?' (DbType = Guid), @__p_1='?' (DbType = Int32)], CommandType='"Text"', CommandTimeout='30']
SELECT "m"."Id", "m"."Content", "m"."CreatedUtc", "m"."Kind", "m"."Role", "m"."SessionId", "m"."TokenUsageJson"
FROM "Messages" AS "m"
WHERE "m"."SessionId" = @__sessionId_0
ORDER BY "m"."CreatedUtc" DESC
LIMIT @__p_1
2025-09-03 20:41:05.363 +02:00 [INF] Executed DbCommand (0ms) [Parameters=[@__agentId_0='?' (DbType = Guid)], CommandType='"Text"', CommandTimeout='30']
SELECT "a"."Id", "a"."AgentId", "a"."ConfigJson", "a"."Enabled", "a"."ToolId", "t"."Id", "t"."Description", "t"."Enabled", "t"."InputSchemaJson", "t"."McpServerId", "t"."Name", "t"."Scope", "m"."Id", "m"."AuthType", "m"."BaseUrl", "m"."LastSeenUtc", "m"."MetadataJson", "m"."Name", "m"."Status"
FROM "AgentToolBindings" AS "a"
INNER JOIN "Tools" AS "t" ON "a"."ToolId" = "t"."Id"
INNER JOIN "McpServers" AS "m" ON "t"."McpServerId" = "m"."Id"
WHERE "a"."AgentId" = @__agentId_0 AND "a"."Enabled"
2025-09-03 20:41:05.369 +02:00 [INF] Executed DbCommand (1ms) [Parameters=[@__agentId_0='?' (DbType = Guid)], CommandType='"Text"', CommandTimeout='30']
SELECT "a"."Id", "a"."AgentId", "a"."ConfigJson", "a"."Enabled", "a"."ToolId", "t"."Id", "t"."Description", "t"."Enabled", "t"."InputSchemaJson", "t"."McpServerId", "t"."Name", "t"."Scope", "m"."Id", "m"."AuthType", "m"."BaseUrl", "m"."LastSeenUtc", "m"."MetadataJson", "m"."Name", "m"."Status"
FROM "AgentToolBindings" AS "a"
INNER JOIN "Tools" AS "t" ON "a"."ToolId" = "t"."Id"
INNER JOIN "McpServers" AS "m" ON "t"."McpServerId" = "m"."Id"
WHERE "a"."AgentId" = @__agentId_0 AND "a"."Enabled"
2025-09-03 20:41:06.474 +02:00 [INF] Executed DbCommand (1ms) [Parameters=[@__sessionId_0='?' (DbType = Guid), @__p_1='?' (DbType = Int32)], CommandType='"Text"', CommandTimeout='30']
SELECT "m"."Id", "m"."Content", "m"."CreatedUtc", "m"."Kind", "m"."Role", "m"."SessionId", "m"."TokenUsageJson"
FROM "Messages" AS "m"
WHERE "m"."SessionId" = @__sessionId_0
ORDER BY "m"."CreatedUtc" DESC
LIMIT @__p_1
2025-09-03 20:41:07.878 +02:00 [INF] Executed DbCommand (17ms) [Parameters=[@p0='?' (DbType = Guid), @p1='?' (Size = 687), @p2='?' (DbType = DateTime), @p3='?', @p4='?' (Size = 9), @p5='?' (DbType = Guid), @p6='?'], CommandType='"Text"', CommandTimeout='30']
INSERT INTO "Messages" ("Id", "Content", "CreatedUtc", "Kind", "Role", "SessionId", "TokenUsageJson")
VALUES (@p0, @p1, @p2, @p3, @p4, @p5, @p6);
2025-09-03 20:41:07.896 +02:00 [INF] Executed DbCommand (9ms) [Parameters=[@p0='?' (DbType = Guid), @p1='?' (Size = 687), @p2='?' (DbType = DateTime), @p3='?', @p4='?' (Size = 9), @p5='?' (DbType = Guid), @p6='?'], CommandType='"Text"', CommandTimeout='30']
INSERT INTO "Messages" ("Id", "Content", "CreatedUtc", "Kind", "Role", "SessionId", "TokenUsageJson")
VALUES (@p0, @p1, @p2, @p3, @p4, @p5, @p6);
2025-09-03 20:41:24.011 +02:00 [INF] Executed endpoint '/hubs/trace'
2025-09-03 20:41:24.016 +02:00 [INF] Request finished HTTP/1.1 GET http://localhost:5088/hubs/trace?id=uNuCVg31-WRbHtiw7UW06g - 101 null null 24841.4601ms
2025-09-03 20:41:24.562 +02:00 [INF] Request starting HTTP/1.1 OPTIONS http://localhost:5088/agents/1e5ffb9e-fb28-4405-b82b-b4647aa5a865 - null null
2025-09-03 20:41:24.565 +02:00 [INF] Request starting HTTP/1.1 OPTIONS http://localhost:5088/agents/1e5ffb9e-fb28-4405-b82b-b4647aa5a865/bindings - null null
2025-09-03 20:41:24.569 +02:00 [INF] CORS policy execution successful.
2025-09-03 20:41:24.575 +02:00 [INF] CORS policy execution successful.
2025-09-03 20:41:24.580 +02:00 [INF] Request finished HTTP/1.1 OPTIONS http://localhost:5088/agents/1e5ffb9e-fb28-4405-b82b-b4647aa5a865 - 204 null null 17.8967ms
2025-09-03 20:41:24.587 +02:00 [INF] Request finished HTTP/1.1 OPTIONS http://localhost:5088/agents/1e5ffb9e-fb28-4405-b82b-b4647aa5a865/bindings - 204 null null 21.9392ms
2025-09-03 20:41:24.593 +02:00 [INF] Request starting HTTP/1.1 GET http://localhost:5088/agents/1e5ffb9e-fb28-4405-b82b-b4647aa5a865 - application/json null
2025-09-03 20:41:24.600 +02:00 [INF] Request starting HTTP/1.1 GET http://localhost:5088/agents/1e5ffb9e-fb28-4405-b82b-b4647aa5a865/bindings - application/json null
2025-09-03 20:41:24.605 +02:00 [INF] CORS policy execution successful.
2025-09-03 20:41:24.611 +02:00 [INF] CORS policy execution successful.
2025-09-03 20:41:24.616 +02:00 [INF] Executing endpoint 'HTTP: GET /agents/{id:guid}'
2025-09-03 20:41:24.621 +02:00 [INF] Executing endpoint 'HTTP: GET /agents/{id:guid}/bindings'
2025-09-03 20:41:24.627 +02:00 [INF] Executed DbCommand (0ms) [Parameters=[@__p_0='?' (DbType = Guid)], CommandType='"Text"', CommandTimeout='30']
SELECT "a"."Id", "a"."Autonomy", "a"."CreatedUtc", "a"."GuardrailsJson", "a"."Name", "a"."ParamsJson", "a"."Provider", "a"."SystemPrompt", "a"."Temperature", "a"."TemplateRef", "a"."TokenBudget", "a"."ToolBudget", "a"."TopP", "a"."UpdatedUtc"
FROM "Agents" AS "a"
WHERE "a"."Id" = @__p_0
LIMIT 1
2025-09-03 20:41:24.631 +02:00 [INF] Executed DbCommand (0ms) [Parameters=[@__agentId_0='?' (DbType = Guid)], CommandType='"Text"', CommandTimeout='30']
SELECT "a"."Id", "a"."AgentId", "a"."ConfigJson", "a"."Enabled", "a"."ToolId"
FROM "AgentToolBindings" AS "a"
WHERE "a"."AgentId" = @__agentId_0
2025-09-03 20:41:24.636 +02:00 [INF] Setting HTTP status code 200.
2025-09-03 20:41:24.643 +02:00 [INF] Setting HTTP status code 200.
2025-09-03 20:41:24.647 +02:00 [INF] Writing value of type 'AgentResponse' as Json.
2025-09-03 20:41:24.651 +02:00 [INF] Writing value of type 'List`1' as Json.
2025-09-03 20:41:24.656 +02:00 [INF] Executed endpoint 'HTTP: GET /agents/{id:guid}'
2025-09-03 20:41:24.661 +02:00 [INF] Executed endpoint 'HTTP: GET /agents/{id:guid}/bindings'
2025-09-03 20:41:24.666 +02:00 [INF] Request finished HTTP/1.1 GET http://localhost:5088/agents/1e5ffb9e-fb28-4405-b82b-b4647aa5a865 - 200 null application/json; charset=utf-8 72.8404ms
2025-09-03 20:41:24.671 +02:00 [INF] Request finished HTTP/1.1 GET http://localhost:5088/agents/1e5ffb9e-fb28-4405-b82b-b4647aa5a865/bindings - 200 null application/json; charset=utf-8 71.2272ms
2025-09-03 20:41:40.828 +02:00 [INF] Application is shutting down...
2025-09-03 20:41:54.209 +02:00 [INF] User profile is available. Using 'C:\Users\Usuario\AppData\Local\ASP.NET\DataProtection-Keys' as key repository and Windows DPAPI to encrypt keys at rest.
2025-09-03 20:41:54.942 +02:00 [INF] Now listening on: http://localhost:5088
2025-09-03 20:41:54.948 +02:00 [INF] Application started. Press Ctrl+C to shut down.
2025-09-03 20:41:54.950 +02:00 [INF] Hosting environment: Development
2025-09-03 20:41:54.951 +02:00 [INF] Content root path: D:\BearDevelopment\AutoAgent\autoagent_back\src\AutoAgentes.Api
2025-09-03 20:46:28.196 +02:00 [INF] Request starting HTTP/1.1 OPTIONS http://localhost:5088/agents/1e5ffb9e-fb28-4405-b82b-b4647aa5a865 - null null
2025-09-03 20:46:28.196 +02:00 [INF] Request starting HTTP/1.1 OPTIONS http://localhost:5088/agents/1e5ffb9e-fb28-4405-b82b-b4647aa5a865/bindings - null null
2025-09-03 20:46:28.317 +02:00 [INF] CORS policy execution successful.
2025-09-03 20:46:28.317 +02:00 [INF] CORS policy execution successful.
2025-09-03 20:46:28.332 +02:00 [INF] Request finished HTTP/1.1 OPTIONS http://localhost:5088/agents/1e5ffb9e-fb28-4405-b82b-b4647aa5a865 - 204 null null 150.1828ms
2025-09-03 20:46:28.332 +02:00 [INF] Request finished HTTP/1.1 OPTIONS http://localhost:5088/agents/1e5ffb9e-fb28-4405-b82b-b4647aa5a865/bindings - 204 null null 150.1828ms
2025-09-03 20:46:28.348 +02:00 [INF] Request starting HTTP/1.1 GET http://localhost:5088/agents/1e5ffb9e-fb28-4405-b82b-b4647aa5a865/bindings - application/json null
2025-09-03 20:46:28.348 +02:00 [INF] Request starting HTTP/1.1 GET http://localhost:5088/agents/1e5ffb9e-fb28-4405-b82b-b4647aa5a865 - application/json null
2025-09-03 20:46:28.365 +02:00 [INF] CORS policy execution successful.
2025-09-03 20:46:28.365 +02:00 [INF] CORS policy execution successful.
2025-09-03 20:46:28.403 +02:00 [INF] Executing endpoint 'HTTP: GET /agents/{id:guid}/bindings'
2025-09-03 20:46:28.403 +02:00 [INF] Executing endpoint 'HTTP: GET /agents/{id:guid}'
2025-09-03 20:46:30.337 +02:00 [INF] Executed DbCommand (11ms) [Parameters=[@__agentId_0='?' (DbType = Guid)], CommandType='"Text"', CommandTimeout='30']
SELECT "a"."Id", "a"."AgentId", "a"."ConfigJson", "a"."Enabled", "a"."ToolId"
FROM "AgentToolBindings" AS "a"
WHERE "a"."AgentId" = @__agentId_0
2025-09-03 20:46:30.345 +02:00 [INF] Executed DbCommand (24ms) [Parameters=[@__p_0='?' (DbType = Guid)], CommandType='"Text"', CommandTimeout='30']
SELECT "a"."Id", "a"."Autonomy", "a"."CreatedUtc", "a"."GuardrailsJson", "a"."Name", "a"."ParamsJson", "a"."Provider", "a"."SystemPrompt", "a"."Temperature", "a"."TemplateRef", "a"."TokenBudget", "a"."ToolBudget", "a"."TopP", "a"."UpdatedUtc"
FROM "Agents" AS "a"
WHERE "a"."Id" = @__p_0
LIMIT 1
2025-09-03 20:46:30.412 +02:00 [INF] Setting HTTP status code 200.
2025-09-03 20:46:30.412 +02:00 [INF] Setting HTTP status code 200.
2025-09-03 20:46:30.429 +02:00 [INF] Writing value of type 'AgentResponse' as Json.
2025-09-03 20:46:30.431 +02:00 [INF] Writing value of type 'List`1' as Json.
2025-09-03 20:46:30.447 +02:00 [INF] Executed endpoint 'HTTP: GET /agents/{id:guid}'
2025-09-03 20:46:30.453 +02:00 [INF] Executed endpoint 'HTTP: GET /agents/{id:guid}/bindings'
2025-09-03 20:46:30.462 +02:00 [INF] Request finished HTTP/1.1 GET http://localhost:5088/agents/1e5ffb9e-fb28-4405-b82b-b4647aa5a865/bindings - 200 null application/json; charset=utf-8 2114.7552ms
2025-09-03 20:46:30.462 +02:00 [INF] Request finished HTTP/1.1 GET http://localhost:5088/agents/1e5ffb9e-fb28-4405-b82b-b4647aa5a865 - 200 null application/json; charset=utf-8 2113.9042ms
2025-09-03 20:46:36.612 +02:00 [INF] Request starting HTTP/1.1 OPTIONS http://localhost:5088/sessions - null null
2025-09-03 20:46:36.621 +02:00 [INF] CORS policy execution successful.
2025-09-03 20:46:36.627 +02:00 [INF] Request finished HTTP/1.1 OPTIONS http://localhost:5088/sessions - 204 null null 15.5356ms
2025-09-03 20:46:36.639 +02:00 [INF] Request starting HTTP/1.1 POST http://localhost:5088/sessions - application/json 50
2025-09-03 20:46:36.648 +02:00 [INF] CORS policy execution successful.
2025-09-03 20:46:36.658 +02:00 [INF] Executing endpoint 'HTTP: POST /sessions/'
2025-09-03 20:46:36.747 +02:00 [INF] Executed DbCommand (1ms) [Parameters=[@__p_0='?' (DbType = Guid)], CommandType='"Text"', CommandTimeout='30']
SELECT "a"."Id", "a"."Autonomy", "a"."CreatedUtc", "a"."GuardrailsJson", "a"."Name", "a"."ParamsJson", "a"."Provider", "a"."SystemPrompt", "a"."Temperature", "a"."TemplateRef", "a"."TokenBudget", "a"."ToolBudget", "a"."TopP", "a"."UpdatedUtc"
FROM "Agents" AS "a"
WHERE "a"."Id" = @__p_0
LIMIT 1
2025-09-03 20:46:36.888 +02:00 [INF] Executed DbCommand (18ms) [Parameters=[@p0='?' (DbType = Guid), @p1='?' (DbType = Guid), @p2='?' (DbType = DateTime), @p3='?' (DbType = Int32), @p4='?' (DbType = DateTime), @p5='?' (Size = 7), @p6='?'], CommandType='"Text"', CommandTimeout='30']
INSERT INTO "Sessions" ("Id", "AgentId", "EndedUtc", "LastEventIdx", "StartedUtc", "Status", "UserId")
VALUES (@p0, @p1, @p2, @p3, @p4, @p5, @p6);
2025-09-03 20:46:36.904 +02:00 [INF] Setting HTTP status code 201.
2025-09-03 20:46:36.912 +02:00 [INF] Writing value of type 'SessionCreatedResponse' as Json.
2025-09-03 20:46:36.919 +02:00 [INF] Executed endpoint 'HTTP: POST /sessions/'
2025-09-03 20:46:36.924 +02:00 [INF] Request finished HTTP/1.1 POST http://localhost:5088/sessions - 201 null application/json; charset=utf-8 286.1356ms
2025-09-03 20:46:36.951 +02:00 [INF] Request starting HTTP/1.1 OPTIONS http://localhost:5088/hubs/trace/negotiate?negotiateVersion=1 - null null
2025-09-03 20:46:36.959 +02:00 [INF] CORS policy execution successful.
2025-09-03 20:46:36.967 +02:00 [INF] Request finished HTTP/1.1 OPTIONS http://localhost:5088/hubs/trace/negotiate?negotiateVersion=1 - 204 null null 16.0905ms
2025-09-03 20:46:36.973 +02:00 [INF] Request starting HTTP/1.1 POST http://localhost:5088/hubs/trace/negotiate?negotiateVersion=1 - null 0
2025-09-03 20:46:36.984 +02:00 [INF] CORS policy execution successful.
2025-09-03 20:46:36.993 +02:00 [INF] ApiKey was not authenticated. Failure message: Missing API key
2025-09-03 20:46:37.000 +02:00 [INF] Executing endpoint '/hubs/trace/negotiate'
2025-09-03 20:46:37.012 +02:00 [INF] Executed endpoint '/hubs/trace/negotiate'
2025-09-03 20:46:37.019 +02:00 [INF] Request finished HTTP/1.1 POST http://localhost:5088/hubs/trace/negotiate?negotiateVersion=1 - 200 316 application/json 45.979ms
2025-09-03 20:46:37.022 +02:00 [INF] Request starting HTTP/1.1 GET http://localhost:5088/hubs/trace?id=MHKMNzpeLwCDfh_j3mNcSA - null null
2025-09-03 20:46:37.031 +02:00 [INF] CORS policy execution successful.
2025-09-03 20:46:37.037 +02:00 [INF] ApiKey was not authenticated. Failure message: Missing API key
2025-09-03 20:46:37.042 +02:00 [INF] Executing endpoint '/hubs/trace'
2025-09-03 20:46:43.072 +02:00 [INF] Request starting HTTP/1.1 OPTIONS http://localhost:5088/sessions/bd87d809-6d4f-4d1a-bcf1-5f8b98a206e8/messages - null null
2025-09-03 20:46:43.082 +02:00 [INF] CORS policy execution successful.
2025-09-03 20:46:43.090 +02:00 [INF] Request finished HTTP/1.1 OPTIONS http://localhost:5088/sessions/bd87d809-6d4f-4d1a-bcf1-5f8b98a206e8/messages - 204 null null 17.9148ms
2025-09-03 20:46:43.097 +02:00 [INF] Request starting HTTP/1.1 POST http://localhost:5088/sessions/bd87d809-6d4f-4d1a-bcf1-5f8b98a206e8/messages - application/json 43
2025-09-03 20:46:43.106 +02:00 [INF] CORS policy execution successful.
2025-09-03 20:46:43.112 +02:00 [INF] Executing endpoint 'HTTP: POST /sessions/{id:guid}/messages'
2025-09-03 20:46:43.151 +02:00 [INF] Executed DbCommand (1ms) [Parameters=[@__p_0='?' (DbType = Guid)], CommandType='"Text"', CommandTimeout='30']
SELECT "s"."Id", "s"."AgentId", "s"."EndedUtc", "s"."LastEventIdx", "s"."StartedUtc", "s"."Status", "s"."UserId"
FROM "Sessions" AS "s"
WHERE "s"."Id" = @__p_0
LIMIT 1
2025-09-03 20:46:43.218 +02:00 [INF] Executed DbCommand (20ms) [Parameters=[@p0='?' (DbType = Guid), @p1='?' (Size = 29), @p2='?' (DbType = DateTime), @p3='?', @p4='?' (Size = 4), @p5='?' (DbType = Guid), @p6='?'], CommandType='"Text"', CommandTimeout='30']
INSERT INTO "Messages" ("Id", "Content", "CreatedUtc", "Kind", "Role", "SessionId", "TokenUsageJson")
VALUES (@p0, @p1, @p2, @p3, @p4, @p5, @p6);
2025-09-03 20:46:43.244 +02:00 [INF] Setting HTTP status code 202.
2025-09-03 20:46:43.251 +02:00 [INF] Executed DbCommand (1ms) [Parameters=[@__p_0='?' (DbType = Guid)], CommandType='"Text"', CommandTimeout='30']
SELECT "a"."Id", "a"."Autonomy", "a"."CreatedUtc", "a"."GuardrailsJson", "a"."Name", "a"."ParamsJson", "a"."Provider", "a"."SystemPrompt", "a"."Temperature", "a"."TemplateRef", "a"."TokenBudget", "a"."ToolBudget", "a"."TopP", "a"."UpdatedUtc"
FROM "Agents" AS "a"
WHERE "a"."Id" = @__p_0
LIMIT 1
2025-09-03 20:46:43.254 +02:00 [INF] Writing value of type 'AcceptedResponse' as Json.
2025-09-03 20:46:43.266 +02:00 [INF] Executed endpoint 'HTTP: POST /sessions/{id:guid}/messages'
2025-09-03 20:46:43.274 +02:00 [INF] Request finished HTTP/1.1 POST http://localhost:5088/sessions/bd87d809-6d4f-4d1a-bcf1-5f8b98a206e8/messages - 202 null application/json; charset=utf-8 177.2927ms
2025-09-03 20:46:43.473 +02:00 [INF] Executed DbCommand (18ms) [Parameters=[@p0='?' (DbType = Guid), @p1='?' (Size = 29), @p2='?' (DbType = DateTime), @p3='?', @p4='?' (Size = 4), @p5='?' (DbType = Guid), @p6='?'], CommandType='"Text"', CommandTimeout='30']
INSERT INTO "Messages" ("Id", "Content", "CreatedUtc", "Kind", "Role", "SessionId", "TokenUsageJson")
VALUES (@p0, @p1, @p2, @p3, @p4, @p5, @p6);
2025-09-03 20:46:43.540 +02:00 [INF] Executed DbCommand (1ms) [Parameters=[@__agentId_0='?' (DbType = Guid)], CommandType='"Text"', CommandTimeout='30']
SELECT "a"."Id", "a"."AgentId", "a"."ConfigJson", "a"."Enabled", "a"."ToolId", "t"."Id", "t"."Description", "t"."Enabled", "t"."InputSchemaJson", "t"."McpServerId", "t"."Name", "t"."Scope", "m"."Id", "m"."AuthType", "m"."BaseUrl", "m"."LastSeenUtc", "m"."MetadataJson", "m"."Name", "m"."Status"
FROM "AgentToolBindings" AS "a"
INNER JOIN "Tools" AS "t" ON "a"."ToolId" = "t"."Id"
INNER JOIN "McpServers" AS "m" ON "t"."McpServerId" = "m"."Id"
WHERE "a"."AgentId" = @__agentId_0 AND "a"."Enabled"
2025-09-03 20:46:44.108 +02:00 [INF] Executed DbCommand (0ms) [Parameters=[@__agentId_0='?' (DbType = Guid)], CommandType='"Text"', CommandTimeout='30']
SELECT "a"."Id", "a"."AgentId", "a"."ConfigJson", "a"."Enabled", "a"."ToolId", "t"."Id", "t"."Description", "t"."Enabled", "t"."InputSchemaJson", "t"."McpServerId", "t"."Name", "t"."Scope", "m"."Id", "m"."AuthType", "m"."BaseUrl", "m"."LastSeenUtc", "m"."MetadataJson", "m"."Name", "m"."Status"
FROM "AgentToolBindings" AS "a"
INNER JOIN "Tools" AS "t" ON "a"."ToolId" = "t"."Id"
INNER JOIN "McpServers" AS "m" ON "t"."McpServerId" = "m"."Id"
WHERE "a"."AgentId" = @__agentId_0 AND "a"."Enabled"
2025-09-03 20:46:44.181 +02:00 [INF] Executed DbCommand (1ms) [Parameters=[@__sessionId_0='?' (DbType = Guid), @__kind_1='?' (Size = 11), @__p_2='?' (DbType = Int32)], CommandType='"Text"', CommandTimeout='30']
SELECT "m"."Id", "m"."Content", "m"."CreatedUtc", "m"."Kind", "m"."Role", "m"."SessionId", "m"."TokenUsageJson"
FROM "Messages" AS "m"
WHERE "m"."SessionId" = @__sessionId_0 AND "m"."Kind" = @__kind_1
ORDER BY "m"."CreatedUtc" DESC
LIMIT @__p_2
2025-09-03 20:46:44.207 +02:00 [INF] Executed DbCommand (0ms) [Parameters=[@__sessionId_0='?' (DbType = Guid), @__p_1='?' (DbType = Int32)], CommandType='"Text"', CommandTimeout='30']
SELECT "m"."Id", "m"."Content", "m"."CreatedUtc", "m"."Kind", "m"."Role", "m"."SessionId", "m"."TokenUsageJson"
FROM "Messages" AS "m"
WHERE "m"."SessionId" = @__sessionId_0
ORDER BY "m"."CreatedUtc" DESC
LIMIT @__p_1
2025-09-03 20:46:44.830 +02:00 [INF] Executed DbCommand (0ms) [Parameters=[@__agentId_0='?' (DbType = Guid)], CommandType='"Text"', CommandTimeout='30']
SELECT "a"."Id", "a"."AgentId", "a"."ConfigJson", "a"."Enabled", "a"."ToolId", "t"."Id", "t"."Description", "t"."Enabled", "t"."InputSchemaJson", "t"."McpServerId", "t"."Name", "t"."Scope", "m"."Id", "m"."AuthType", "m"."BaseUrl", "m"."LastSeenUtc", "m"."MetadataJson", "m"."Name", "m"."Status"
FROM "AgentToolBindings" AS "a"
INNER JOIN "Tools" AS "t" ON "a"."ToolId" = "t"."Id"
INNER JOIN "McpServers" AS "m" ON "t"."McpServerId" = "m"."Id"
WHERE "a"."AgentId" = @__agentId_0 AND "a"."Enabled"
2025-09-03 20:46:44.841 +02:00 [INF] Executed DbCommand (0ms) [Parameters=[@__agentId_0='?' (DbType = Guid)], CommandType='"Text"', CommandTimeout='30']
SELECT "a"."Id", "a"."AgentId", "a"."ConfigJson", "a"."Enabled", "a"."ToolId", "t"."Id", "t"."Description", "t"."Enabled", "t"."InputSchemaJson", "t"."McpServerId", "t"."Name", "t"."Scope", "m"."Id", "m"."AuthType", "m"."BaseUrl", "m"."LastSeenUtc", "m"."MetadataJson", "m"."Name", "m"."Status"
FROM "AgentToolBindings" AS "a"
INNER JOIN "Tools" AS "t" ON "a"."ToolId" = "t"."Id"
INNER JOIN "McpServers" AS "m" ON "t"."McpServerId" = "m"."Id"
WHERE "a"."AgentId" = @__agentId_0 AND "a"."Enabled"
2025-09-03 20:46:46.073 +02:00 [INF] Executed DbCommand (1ms) [Parameters=[@__sessionId_0='?' (DbType = Guid), @__p_1='?' (DbType = Int32)], CommandType='"Text"', CommandTimeout='30']
SELECT "m"."Id", "m"."Content", "m"."CreatedUtc", "m"."Kind", "m"."Role", "m"."SessionId", "m"."TokenUsageJson"
FROM "Messages" AS "m"
WHERE "m"."SessionId" = @__sessionId_0
ORDER BY "m"."CreatedUtc" DESC
LIMIT @__p_1
2025-09-03 20:46:47.305 +02:00 [INF] Executed DbCommand (19ms) [Parameters=[@p0='?' (DbType = Guid), @p1='?' (Size = 397), @p2='?' (DbType = DateTime), @p3='?', @p4='?' (Size = 9), @p5='?' (DbType = Guid), @p6='?'], CommandType='"Text"', CommandTimeout='30']
INSERT INTO "Messages" ("Id", "Content", "CreatedUtc", "Kind", "Role", "SessionId", "TokenUsageJson")
VALUES (@p0, @p1, @p2, @p3, @p4, @p5, @p6);
2025-09-03 20:46:47.328 +02:00 [INF] Executed DbCommand (11ms) [Parameters=[@p0='?' (DbType = Guid), @p1='?' (Size = 397), @p2='?' (DbType = DateTime), @p3='?', @p4='?' (Size = 9), @p5='?' (DbType = Guid), @p6='?'], CommandType='"Text"', CommandTimeout='30']
INSERT INTO "Messages" ("Id", "Content", "CreatedUtc", "Kind", "Role", "SessionId", "TokenUsageJson")
VALUES (@p0, @p1, @p2, @p3, @p4, @p5, @p6);
2025-09-03 20:46:55.372 +02:00 [INF] Executed endpoint '/hubs/trace'
2025-09-03 20:46:55.382 +02:00 [INF] Request finished HTTP/1.1 GET http://localhost:5088/hubs/trace?id=MHKMNzpeLwCDfh_j3mNcSA - 101 null null 18359.6837ms
2025-09-03 20:46:55.950 +02:00 [INF] Request starting HTTP/1.1 OPTIONS http://localhost:5088/agents/1e5ffb9e-fb28-4405-b82b-b4647aa5a865 - null null
2025-09-03 20:46:55.953 +02:00 [INF] Request starting HTTP/1.1 OPTIONS http://localhost:5088/agents/1e5ffb9e-fb28-4405-b82b-b4647aa5a865/bindings - null null
2025-09-03 20:46:55.958 +02:00 [INF] CORS policy execution successful.
2025-09-03 20:46:55.964 +02:00 [INF] CORS policy execution successful.
2025-09-03 20:46:55.970 +02:00 [INF] Request finished HTTP/1.1 OPTIONS http://localhost:5088/agents/1e5ffb9e-fb28-4405-b82b-b4647aa5a865 - 204 null null 20.4595ms
2025-09-03 20:46:55.977 +02:00 [INF] Request finished HTTP/1.1 OPTIONS http://localhost:5088/agents/1e5ffb9e-fb28-4405-b82b-b4647aa5a865/bindings - 204 null null 23.984ms
2025-09-03 20:46:55.985 +02:00 [INF] Request starting HTTP/1.1 GET http://localhost:5088/agents/1e5ffb9e-fb28-4405-b82b-b4647aa5a865 - application/json null
2025-09-03 20:46:55.992 +02:00 [INF] Request starting HTTP/1.1 GET http://localhost:5088/agents/1e5ffb9e-fb28-4405-b82b-b4647aa5a865/bindings - application/json null
2025-09-03 20:46:55.998 +02:00 [INF] CORS policy execution successful.
2025-09-03 20:46:56.012 +02:00 [INF] CORS policy execution successful.
2025-09-03 20:46:56.013 +02:00 [INF] Executing endpoint 'HTTP: GET /agents/{id:guid}'
2025-09-03 20:46:56.019 +02:00 [INF] Executing endpoint 'HTTP: GET /agents/{id:guid}/bindings'
2025-09-03 20:46:56.026 +02:00 [INF] Executed DbCommand (0ms) [Parameters=[@__p_0='?' (DbType = Guid)], CommandType='"Text"', CommandTimeout='30']
SELECT "a"."Id", "a"."Autonomy", "a"."CreatedUtc", "a"."GuardrailsJson", "a"."Name", "a"."ParamsJson", "a"."Provider", "a"."SystemPrompt", "a"."Temperature", "a"."TemplateRef", "a"."TokenBudget", "a"."ToolBudget", "a"."TopP", "a"."UpdatedUtc"
FROM "Agents" AS "a"
WHERE "a"."Id" = @__p_0
LIMIT 1
2025-09-03 20:46:56.031 +02:00 [INF] Executed DbCommand (1ms) [Parameters=[@__agentId_0='?' (DbType = Guid)], CommandType='"Text"', CommandTimeout='30']
SELECT "a"."Id", "a"."AgentId", "a"."ConfigJson", "a"."Enabled", "a"."ToolId"
FROM "AgentToolBindings" AS "a"
WHERE "a"."AgentId" = @__agentId_0
2025-09-03 20:46:56.036 +02:00 [INF] Setting HTTP status code 200.
2025-09-03 20:46:56.041 +02:00 [INF] Setting HTTP status code 200.
2025-09-03 20:46:56.045 +02:00 [INF] Writing value of type 'AgentResponse' as Json.
2025-09-03 20:46:56.051 +02:00 [INF] Writing value of type 'List`1' as Json.
2025-09-03 20:46:56.057 +02:00 [INF] Executed endpoint 'HTTP: GET /agents/{id:guid}'
2025-09-03 20:46:56.062 +02:00 [INF] Executed endpoint 'HTTP: GET /agents/{id:guid}/bindings'
2025-09-03 20:46:56.067 +02:00 [INF] Request finished HTTP/1.1 GET http://localhost:5088/agents/1e5ffb9e-fb28-4405-b82b-b4647aa5a865 - 200 null application/json; charset=utf-8 81.777ms
2025-09-03 20:46:56.071 +02:00 [INF] Request finished HTTP/1.1 GET http://localhost:5088/agents/1e5ffb9e-fb28-4405-b82b-b4647aa5a865/bindings - 200 null application/json; charset=utf-8 79.4355ms
2025-09-03 20:47:05.426 +02:00 [INF] Request starting HTTP/1.1 OPTIONS http://localhost:5088/agents/1e5ffb9e-fb28-4405-b82b-b4647aa5a865 - null null
2025-09-03 20:47:05.427 +02:00 [INF] Request starting HTTP/1.1 OPTIONS http://localhost:5088/agents/1e5ffb9e-fb28-4405-b82b-b4647aa5a865/bindings - null null
2025-09-03 20:47:05.433 +02:00 [INF] CORS policy execution successful.
2025-09-03 20:47:05.441 +02:00 [INF] CORS policy execution successful.
2025-09-03 20:47:05.448 +02:00 [INF] Request finished HTTP/1.1 OPTIONS http://localhost:5088/agents/1e5ffb9e-fb28-4405-b82b-b4647aa5a865 - 204 null null 22.9655ms
2025-09-03 20:47:05.456 +02:00 [INF] Request finished HTTP/1.1 OPTIONS http://localhost:5088/agents/1e5ffb9e-fb28-4405-b82b-b4647aa5a865/bindings - 204 null null 28.9562ms
2025-09-03 20:47:05.463 +02:00 [INF] Request starting HTTP/1.1 GET http://localhost:5088/agents/1e5ffb9e-fb28-4405-b82b-b4647aa5a865 - application/json null
2025-09-03 20:47:05.469 +02:00 [INF] Request starting HTTP/1.1 GET http://localhost:5088/agents/1e5ffb9e-fb28-4405-b82b-b4647aa5a865/bindings - application/json null
2025-09-03 20:47:05.474 +02:00 [INF] CORS policy execution successful.
2025-09-03 20:47:05.481 +02:00 [INF] CORS policy execution successful.
2025-09-03 20:47:05.486 +02:00 [INF] Executing endpoint 'HTTP: GET /agents/{id:guid}'
2025-09-03 20:47:05.493 +02:00 [INF] Executing endpoint 'HTTP: GET /agents/{id:guid}/bindings'
2025-09-03 20:47:05.502 +02:00 [INF] Executed DbCommand (1ms) [Parameters=[@__p_0='?' (DbType = Guid)], CommandType='"Text"', CommandTimeout='30']
SELECT "a"."Id", "a"."Autonomy", "a"."CreatedUtc", "a"."GuardrailsJson", "a"."Name", "a"."ParamsJson", "a"."Provider", "a"."SystemPrompt", "a"."Temperature", "a"."TemplateRef", "a"."TokenBudget", "a"."ToolBudget", "a"."TopP", "a"."UpdatedUtc"
FROM "Agents" AS "a"
WHERE "a"."Id" = @__p_0
LIMIT 1
2025-09-03 20:47:05.505 +02:00 [INF] Executed DbCommand (1ms) [Parameters=[@__agentId_0='?' (DbType = Guid)], CommandType='"Text"', CommandTimeout='30']
SELECT "a"."Id", "a"."AgentId", "a"."ConfigJson", "a"."Enabled", "a"."ToolId"
FROM "AgentToolBindings" AS "a"
WHERE "a"."AgentId" = @__agentId_0
2025-09-03 20:47:05.510 +02:00 [INF] Setting HTTP status code 200.
2025-09-03 20:47:05.515 +02:00 [INF] Setting HTTP status code 200.
2025-09-03 20:47:05.518 +02:00 [INF] Writing value of type 'AgentResponse' as Json.
2025-09-03 20:47:05.524 +02:00 [INF] Writing value of type 'List`1' as Json.
2025-09-03 20:47:05.528 +02:00 [INF] Executed endpoint 'HTTP: GET /agents/{id:guid}'
2025-09-03 20:47:05.533 +02:00 [INF] Executed endpoint 'HTTP: GET /agents/{id:guid}/bindings'
2025-09-03 20:47:05.539 +02:00 [INF] Request finished HTTP/1.1 GET http://localhost:5088/agents/1e5ffb9e-fb28-4405-b82b-b4647aa5a865 - 200 null application/json; charset=utf-8 76.1827ms
2025-09-03 20:47:05.545 +02:00 [INF] Request finished HTTP/1.1 GET http://localhost:5088/agents/1e5ffb9e-fb28-4405-b82b-b4647aa5a865/bindings - 200 null application/json; charset=utf-8 75.4908ms
2025-09-03 20:48:40.209 +02:00 [INF] Request starting HTTP/1.1 OPTIONS http://localhost:5088/agents/1e5ffb9e-fb28-4405-b82b-b4647aa5a865 - null null
2025-09-03 20:48:40.224 +02:00 [INF] Request starting HTTP/1.1 OPTIONS http://localhost:5088/agents/1e5ffb9e-fb28-4405-b82b-b4647aa5a865/bindings - null null
2025-09-03 20:48:40.384 +02:00 [INF] CORS policy execution successful.
2025-09-03 20:48:40.388 +02:00 [INF] CORS policy execution successful.
2025-09-03 20:48:40.400 +02:00 [INF] Request finished HTTP/1.1 OPTIONS http://localhost:5088/agents/1e5ffb9e-fb28-4405-b82b-b4647aa5a865/bindings - 204 null null 177.512ms
2025-09-03 20:48:40.395 +02:00 [INF] Request finished HTTP/1.1 OPTIONS http://localhost:5088/agents/1e5ffb9e-fb28-4405-b82b-b4647aa5a865 - 204 null null 186.7895ms
2025-09-03 20:48:40.409 +02:00 [INF] Request starting HTTP/1.1 GET http://localhost:5088/agents/1e5ffb9e-fb28-4405-b82b-b4647aa5a865 - application/json null
2025-09-03 20:48:40.421 +02:00 [INF] Request starting HTTP/1.1 GET http://localhost:5088/agents/1e5ffb9e-fb28-4405-b82b-b4647aa5a865/bindings - application/json null
2025-09-03 20:48:40.427 +02:00 [INF] CORS policy execution successful.
2025-09-03 20:48:40.440 +02:00 [INF] CORS policy execution successful.
2025-09-03 20:48:40.448 +02:00 [INF] Executing endpoint 'HTTP: GET /agents/{id:guid}'
2025-09-03 20:48:40.457 +02:00 [INF] Executing endpoint 'HTTP: GET /agents/{id:guid}/bindings'
2025-09-03 20:48:40.469 +02:00 [INF] Executed DbCommand (1ms) [Parameters=[@__p_0='?' (DbType = Guid)], CommandType='"Text"', CommandTimeout='30']
SELECT "a"."Id", "a"."Autonomy", "a"."CreatedUtc", "a"."GuardrailsJson", "a"."Name", "a"."ParamsJson", "a"."Provider", "a"."SystemPrompt", "a"."Temperature", "a"."TemplateRef", "a"."TokenBudget", "a"."ToolBudget", "a"."TopP", "a"."UpdatedUtc"
FROM "Agents" AS "a"
WHERE "a"."Id" = @__p_0
LIMIT 1
2025-09-03 20:48:40.477 +02:00 [INF] Executed DbCommand (1ms) [Parameters=[@__agentId_0='?' (DbType = Guid)], CommandType='"Text"', CommandTimeout='30']
SELECT "a"."Id", "a"."AgentId", "a"."ConfigJson", "a"."Enabled", "a"."ToolId"
FROM "AgentToolBindings" AS "a"
WHERE "a"."AgentId" = @__agentId_0
2025-09-03 20:48:40.485 +02:00 [INF] Setting HTTP status code 200.
2025-09-03 20:48:40.493 +02:00 [INF] Setting HTTP status code 200.
2025-09-03 20:48:40.498 +02:00 [INF] Writing value of type 'AgentResponse' as Json.
2025-09-03 20:48:40.505 +02:00 [INF] Writing value of type 'List`1' as Json.
2025-09-03 20:48:40.510 +02:00 [INF] Executed endpoint 'HTTP: GET /agents/{id:guid}'
2025-09-03 20:48:40.530 +02:00 [INF] Executed endpoint 'HTTP: GET /agents/{id:guid}/bindings'
2025-09-03 20:48:40.553 +02:00 [INF] Request finished HTTP/1.1 GET http://localhost:5088/agents/1e5ffb9e-fb28-4405-b82b-b4647aa5a865 - 200 null application/json; charset=utf-8 144.571ms
2025-09-03 20:48:40.558 +02:00 [INF] Request finished HTTP/1.1 GET http://localhost:5088/agents/1e5ffb9e-fb28-4405-b82b-b4647aa5a865/bindings - 200 null application/json; charset=utf-8 136.8631ms
2025-09-03 20:48:45.191 +02:00 [INF] Request starting HTTP/1.1 OPTIONS http://localhost:5088/sessions - null null
2025-09-03 20:48:45.199 +02:00 [INF] CORS policy execution successful.
2025-09-03 20:48:45.207 +02:00 [INF] Request finished HTTP/1.1 OPTIONS http://localhost:5088/sessions - 204 null null 16.7059ms
2025-09-03 20:48:45.217 +02:00 [INF] Request starting HTTP/1.1 POST http://localhost:5088/sessions - application/json 50
2025-09-03 20:48:45.225 +02:00 [INF] CORS policy execution successful.
2025-09-03 20:48:45.233 +02:00 [INF] Executing endpoint 'HTTP: POST /sessions/'
2025-09-03 20:48:45.246 +02:00 [INF] Executed DbCommand (0ms) [Parameters=[@__p_0='?' (DbType = Guid)], CommandType='"Text"', CommandTimeout='30']
SELECT "a"."Id", "a"."Autonomy", "a"."CreatedUtc", "a"."GuardrailsJson", "a"."Name", "a"."ParamsJson", "a"."Provider", "a"."SystemPrompt", "a"."Temperature", "a"."TemplateRef", "a"."TokenBudget", "a"."ToolBudget", "a"."TopP", "a"."UpdatedUtc"
FROM "Agents" AS "a"
WHERE "a"."Id" = @__p_0
LIMIT 1
2025-09-03 20:48:45.280 +02:00 [INF] Executed DbCommand (21ms) [Parameters=[@p0='?' (DbType = Guid), @p1='?' (DbType = Guid), @p2='?' (DbType = DateTime), @p3='?' (DbType = Int32), @p4='?' (DbType = DateTime), @p5='?' (Size = 7), @p6='?'], CommandType='"Text"', CommandTimeout='30']
INSERT INTO "Sessions" ("Id", "AgentId", "EndedUtc", "LastEventIdx", "StartedUtc", "Status", "UserId")
VALUES (@p0, @p1, @p2, @p3, @p4, @p5, @p6);
2025-09-03 20:48:45.289 +02:00 [INF] Setting HTTP status code 201.
2025-09-03 20:48:45.295 +02:00 [INF] Writing value of type 'SessionCreatedResponse' as Json.
2025-09-03 20:48:45.300 +02:00 [INF] Executed endpoint 'HTTP: POST /sessions/'
2025-09-03 20:48:45.309 +02:00 [INF] Request finished HTTP/1.1 POST http://localhost:5088/sessions - 201 null application/json; charset=utf-8 91.9034ms
2025-09-03 20:48:45.337 +02:00 [INF] Request starting HTTP/1.1 OPTIONS http://localhost:5088/hubs/trace/negotiate?negotiateVersion=1 - null null
2025-09-03 20:48:45.345 +02:00 [INF] CORS policy execution successful.
2025-09-03 20:48:45.351 +02:00 [INF] Request finished HTTP/1.1 OPTIONS http://localhost:5088/hubs/trace/negotiate?negotiateVersion=1 - 204 null null 14.2958ms
2025-09-03 20:48:45.355 +02:00 [INF] Request starting HTTP/1.1 POST http://localhost:5088/hubs/trace/negotiate?negotiateVersion=1 - null 0
2025-09-03 20:48:45.371 +02:00 [INF] CORS policy execution successful.
2025-09-03 20:48:45.377 +02:00 [INF] ApiKey was not authenticated. Failure message: Missing API key
2025-09-03 20:48:45.383 +02:00 [INF] Executing endpoint '/hubs/trace/negotiate'
2025-09-03 20:48:45.391 +02:00 [INF] Executed endpoint '/hubs/trace/negotiate'
2025-09-03 20:48:45.399 +02:00 [INF] Request finished HTTP/1.1 POST http://localhost:5088/hubs/trace/negotiate?negotiateVersion=1 - 200 316 application/json 44.0761ms
2025-09-03 20:48:45.406 +02:00 [INF] Request starting HTTP/1.1 GET http://localhost:5088/hubs/trace?id=-OfgnIHrbCH5G_H6fd623w - null null
2025-09-03 20:48:45.414 +02:00 [INF] CORS policy execution successful.
2025-09-03 20:48:45.420 +02:00 [INF] ApiKey was not authenticated. Failure message: Missing API key
2025-09-03 20:48:45.427 +02:00 [INF] Executing endpoint '/hubs/trace'
2025-09-03 20:48:51.106 +02:00 [INF] Request starting HTTP/1.1 OPTIONS http://localhost:5088/sessions/49472c8d-7157-4996-9481-0979f2b59410/messages - null null
2025-09-03 20:48:51.115 +02:00 [INF] CORS policy execution successful.
2025-09-03 20:48:51.119 +02:00 [INF] Request finished HTTP/1.1 OPTIONS http://localhost:5088/sessions/49472c8d-7157-4996-9481-0979f2b59410/messages - 204 null null 13.8959ms
2025-09-03 20:48:51.126 +02:00 [INF] Request starting HTTP/1.1 POST http://localhost:5088/sessions/49472c8d-7157-4996-9481-0979f2b59410/messages - application/json 43
2025-09-03 20:48:51.132 +02:00 [INF] CORS policy execution successful.
2025-09-03 20:48:51.139 +02:00 [INF] Executing endpoint 'HTTP: POST /sessions/{id:guid}/messages'
2025-09-03 20:48:51.151 +02:00 [INF] Executed DbCommand (1ms) [Parameters=[@__p_0='?' (DbType = Guid)], CommandType='"Text"', CommandTimeout='30']
SELECT "s"."Id", "s"."AgentId", "s"."EndedUtc", "s"."LastEventIdx", "s"."StartedUtc", "s"."Status", "s"."UserId"
FROM "Sessions" AS "s"
WHERE "s"."Id" = @__p_0
LIMIT 1
2025-09-03 20:48:51.175 +02:00 [INF] Executed DbCommand (12ms) [Parameters=[@p0='?' (DbType = Guid), @p1='?' (Size = 29), @p2='?' (DbType = DateTime), @p3='?', @p4='?' (Size = 4), @p5='?' (DbType = Guid), @p6='?'], CommandType='"Text"', CommandTimeout='30']
INSERT INTO "Messages" ("Id", "Content", "CreatedUtc", "Kind", "Role", "SessionId", "TokenUsageJson")
VALUES (@p0, @p1, @p2, @p3, @p4, @p5, @p6);
2025-09-03 20:48:51.186 +02:00 [INF] Setting HTTP status code 202.
2025-09-03 20:48:51.189 +02:00 [INF] Executed DbCommand (1ms) [Parameters=[@__p_0='?' (DbType = Guid)], CommandType='"Text"', CommandTimeout='30']
SELECT "a"."Id", "a"."Autonomy", "a"."CreatedUtc", "a"."GuardrailsJson", "a"."Name", "a"."ParamsJson", "a"."Provider", "a"."SystemPrompt", "a"."Temperature", "a"."TemplateRef", "a"."TokenBudget", "a"."ToolBudget", "a"."TopP", "a"."UpdatedUtc"
FROM "Agents" AS "a"
WHERE "a"."Id" = @__p_0
LIMIT 1
2025-09-03 20:48:51.192 +02:00 [INF] Writing value of type 'AcceptedResponse' as Json.
2025-09-03 20:48:51.207 +02:00 [INF] Executed endpoint 'HTTP: POST /sessions/{id:guid}/messages'
2025-09-03 20:48:51.214 +02:00 [INF] Request finished HTTP/1.1 POST http://localhost:5088/sessions/49472c8d-7157-4996-9481-0979f2b59410/messages - 202 null application/json; charset=utf-8 88.0326ms
2025-09-03 20:48:51.233 +02:00 [INF] Executed DbCommand (14ms) [Parameters=[@p0='?' (DbType = Guid), @p1='?' (Size = 29), @p2='?' (DbType = DateTime), @p3='?', @p4='?' (Size = 4), @p5='?' (DbType = Guid), @p6='?'], CommandType='"Text"', CommandTimeout='30']
INSERT INTO "Messages" ("Id", "Content", "CreatedUtc", "Kind", "Role", "SessionId", "TokenUsageJson")
VALUES (@p0, @p1, @p2, @p3, @p4, @p5, @p6);
2025-09-03 20:48:51.258 +02:00 [INF] Executed DbCommand (1ms) [Parameters=[@__agentId_0='?' (DbType = Guid)], CommandType='"Text"', CommandTimeout='30']
SELECT "a"."Id", "a"."AgentId", "a"."ConfigJson", "a"."Enabled", "a"."ToolId", "t"."Id", "t"."Description", "t"."Enabled", "t"."InputSchemaJson", "t"."McpServerId", "t"."Name", "t"."Scope", "m"."Id", "m"."AuthType", "m"."BaseUrl", "m"."LastSeenUtc", "m"."MetadataJson", "m"."Name", "m"."Status"
FROM "AgentToolBindings" AS "a"
INNER JOIN "Tools" AS "t" ON "a"."ToolId" = "t"."Id"
INNER JOIN "McpServers" AS "m" ON "t"."McpServerId" = "m"."Id"
WHERE "a"."AgentId" = @__agentId_0 AND "a"."Enabled"
2025-09-03 20:48:51.275 +02:00 [INF] Executed DbCommand (1ms) [Parameters=[@__agentId_0='?' (DbType = Guid)], CommandType='"Text"', CommandTimeout='30']
SELECT "a"."Id", "a"."AgentId", "a"."ConfigJson", "a"."Enabled", "a"."ToolId", "t"."Id", "t"."Description", "t"."Enabled", "t"."InputSchemaJson", "t"."McpServerId", "t"."Name", "t"."Scope", "m"."Id", "m"."AuthType", "m"."BaseUrl", "m"."LastSeenUtc", "m"."MetadataJson", "m"."Name", "m"."Status"
FROM "AgentToolBindings" AS "a"
INNER JOIN "Tools" AS "t" ON "a"."ToolId" = "t"."Id"
INNER JOIN "McpServers" AS "m" ON "t"."McpServerId" = "m"."Id"
WHERE "a"."AgentId" = @__agentId_0 AND "a"."Enabled"
2025-09-03 20:48:51.292 +02:00 [INF] Executed DbCommand (1ms) [Parameters=[@__sessionId_0='?' (DbType = Guid), @__kind_1='?' (Size = 11), @__p_2='?' (DbType = Int32)], CommandType='"Text"', CommandTimeout='30']
SELECT "m"."Id", "m"."Content", "m"."CreatedUtc", "m"."Kind", "m"."Role", "m"."SessionId", "m"."TokenUsageJson"
FROM "Messages" AS "m"
WHERE "m"."SessionId" = @__sessionId_0 AND "m"."Kind" = @__kind_1
ORDER BY "m"."CreatedUtc" DESC
LIMIT @__p_2
2025-09-03 20:48:51.304 +02:00 [INF] Executed DbCommand (1ms) [Parameters=[@__sessionId_0='?' (DbType = Guid), @__p_1='?' (DbType = Int32)], CommandType='"Text"', CommandTimeout='30']
SELECT "m"."Id", "m"."Content", "m"."CreatedUtc", "m"."Kind", "m"."Role", "m"."SessionId", "m"."TokenUsageJson"
FROM "Messages" AS "m"
WHERE "m"."SessionId" = @__sessionId_0
ORDER BY "m"."CreatedUtc" DESC
LIMIT @__p_1
2025-09-03 20:48:51.319 +02:00 [INF] Executed DbCommand (1ms) [Parameters=[@__agentId_0='?' (DbType = Guid)], CommandType='"Text"', CommandTimeout='30']
SELECT "a"."Id", "a"."AgentId", "a"."ConfigJson", "a"."Enabled", "a"."ToolId", "t"."Id", "t"."Description", "t"."Enabled", "t"."InputSchemaJson", "t"."McpServerId", "t"."Name", "t"."Scope", "m"."Id", "m"."AuthType", "m"."BaseUrl", "m"."LastSeenUtc", "m"."MetadataJson", "m"."Name", "m"."Status"
FROM "AgentToolBindings" AS "a"
INNER JOIN "Tools" AS "t" ON "a"."ToolId" = "t"."Id"
INNER JOIN "McpServers" AS "m" ON "t"."McpServerId" = "m"."Id"
WHERE "a"."AgentId" = @__agentId_0 AND "a"."Enabled"
2025-09-03 20:48:51.331 +02:00 [INF] Executed DbCommand (1ms) [Parameters=[@__agentId_0='?' (DbType = Guid)], CommandType='"Text"', CommandTimeout='30']
SELECT "a"."Id", "a"."AgentId", "a"."ConfigJson", "a"."Enabled", "a"."ToolId", "t"."Id", "t"."Description", "t"."Enabled", "t"."InputSchemaJson", "t"."McpServerId", "t"."Name", "t"."Scope", "m"."Id", "m"."AuthType", "m"."BaseUrl", "m"."LastSeenUtc", "m"."MetadataJson", "m"."Name", "m"."Status"
FROM "AgentToolBindings" AS "a"
INNER JOIN "Tools" AS "t" ON "a"."ToolId" = "t"."Id"
INNER JOIN "McpServers" AS "m" ON "t"."McpServerId" = "m"."Id"
WHERE "a"."AgentId" = @__agentId_0 AND "a"."Enabled"
2025-09-03 20:48:52.339 +02:00 [INF] Executed DbCommand (0ms) [Parameters=[@__sessionId_0='?' (DbType = Guid), @__p_1='?' (DbType = Int32)], CommandType='"Text"', CommandTimeout='30']
SELECT "m"."Id", "m"."Content", "m"."CreatedUtc", "m"."Kind", "m"."Role", "m"."SessionId", "m"."TokenUsageJson"
FROM "Messages" AS "m"
WHERE "m"."SessionId" = @__sessionId_0
ORDER BY "m"."CreatedUtc" DESC
LIMIT @__p_1
2025-09-03 20:48:53.903 +02:00 [INF] Executed DbCommand (18ms) [Parameters=[@p0='?' (DbType = Guid), @p1='?' (Size = 603), @p2='?' (DbType = DateTime), @p3='?', @p4='?' (Size = 9), @p5='?' (DbType = Guid), @p6='?'], CommandType='"Text"', CommandTimeout='30']
INSERT INTO "Messages" ("Id", "Content", "CreatedUtc", "Kind", "Role", "SessionId", "TokenUsageJson")
VALUES (@p0, @p1, @p2, @p3, @p4, @p5, @p6);
2025-09-03 20:48:53.925 +02:00 [INF] Executed DbCommand (9ms) [Parameters=[@p0='?' (DbType = Guid), @p1='?' (Size = 603), @p2='?' (DbType = DateTime), @p3='?', @p4='?' (Size = 9), @p5='?' (DbType = Guid), @p6='?'], CommandType='"Text"', CommandTimeout='30']
INSERT INTO "Messages" ("Id", "Content", "CreatedUtc", "Kind", "Role", "SessionId", "TokenUsageJson")
VALUES (@p0, @p1, @p2, @p3, @p4, @p5, @p6);
2025-09-03 20:48:58.877 +02:00 [INF] Request starting HTTP/1.1 OPTIONS http://localhost:5088/hubs/trace/negotiate?negotiateVersion=1 - null null
2025-09-03 20:48:58.877 +02:00 [INF] Executed endpoint '/hubs/trace'
2025-09-03 20:48:58.883 +02:00 [INF] CORS policy execution successful.
2025-09-03 20:48:58.888 +02:00 [INF] Request finished HTTP/1.1 GET http://localhost:5088/hubs/trace?id=-OfgnIHrbCH5G_H6fd623w - 101 null null 13482.9174ms
2025-09-03 20:48:58.893 +02:00 [INF] Request finished HTTP/1.1 OPTIONS http://localhost:5088/hubs/trace/negotiate?negotiateVersion=1 - 204 null null 16.1169ms
2025-09-03 20:48:58.895 +02:00 [INF] Request starting HTTP/1.1 POST http://localhost:5088/hubs/trace/negotiate?negotiateVersion=1 - null 0
2025-09-03 20:48:58.911 +02:00 [INF] CORS policy execution successful.
2025-09-03 20:48:58.917 +02:00 [INF] ApiKey was not authenticated. Failure message: Missing API key
2025-09-03 20:48:58.922 +02:00 [INF] Executing endpoint '/hubs/trace/negotiate'
2025-09-03 20:48:58.927 +02:00 [INF] Executed endpoint '/hubs/trace/negotiate'
2025-09-03 20:48:58.933 +02:00 [INF] Request finished HTTP/1.1 POST http://localhost:5088/hubs/trace/negotiate?negotiateVersion=1 - 200 316 application/json 37.9763ms
2025-09-03 20:48:58.941 +02:00 [INF] Request starting HTTP/1.1 GET http://localhost:5088/hubs/trace?id=zM_Y5N2r9gcWJ3xBiNw4lA - null null
2025-09-03 20:48:58.947 +02:00 [INF] CORS policy execution successful.
2025-09-03 20:48:58.953 +02:00 [INF] ApiKey was not authenticated. Failure message: Missing API key
2025-09-03 20:48:58.958 +02:00 [INF] Executing endpoint '/hubs/trace'
2025-09-03 20:49:00.701 +02:00 [INF] Executed endpoint '/hubs/trace'
2025-09-03 20:49:00.708 +02:00 [INF] Request finished HTTP/1.1 GET http://localhost:5088/hubs/trace?id=zM_Y5N2r9gcWJ3xBiNw4lA - 101 null null 1767.5685ms
2025-09-03 20:49:01.187 +02:00 [INF] Request starting HTTP/1.1 OPTIONS http://localhost:5088/agents/1e5ffb9e-fb28-4405-b82b-b4647aa5a865 - null null
2025-09-03 20:49:01.190 +02:00 [INF] Request starting HTTP/1.1 OPTIONS http://localhost:5088/agents/1e5ffb9e-fb28-4405-b82b-b4647aa5a865/bindings - null null
2025-09-03 20:49:01.195 +02:00 [INF] CORS policy execution successful.
2025-09-03 20:49:01.200 +02:00 [INF] CORS policy execution successful.
2025-09-03 20:49:01.205 +02:00 [INF] Request finished HTTP/1.1 OPTIONS http://localhost:5088/agents/1e5ffb9e-fb28-4405-b82b-b4647aa5a865 - 204 null null 17.9821ms
2025-09-03 20:49:01.209 +02:00 [INF] Request finished HTTP/1.1 OPTIONS http://localhost:5088/agents/1e5ffb9e-fb28-4405-b82b-b4647aa5a865/bindings - 204 null null 18.8094ms
2025-09-03 20:49:01.215 +02:00 [INF] Request starting HTTP/1.1 GET http://localhost:5088/agents/1e5ffb9e-fb28-4405-b82b-b4647aa5a865 - application/json null
2025-09-03 20:49:01.221 +02:00 [INF] Request starting HTTP/1.1 GET http://localhost:5088/agents/1e5ffb9e-fb28-4405-b82b-b4647aa5a865/bindings - application/json null
2025-09-03 20:49:01.225 +02:00 [INF] CORS policy execution successful.
2025-09-03 20:49:01.230 +02:00 [INF] CORS policy execution successful.
2025-09-03 20:49:01.236 +02:00 [INF] Executing endpoint 'HTTP: GET /agents/{id:guid}'
2025-09-03 20:49:01.240 +02:00 [INF] Executing endpoint 'HTTP: GET /agents/{id:guid}/bindings'
2025-09-03 20:49:01.246 +02:00 [INF] Executed DbCommand (1ms) [Parameters=[@__p_0='?' (DbType = Guid)], CommandType='"Text"', CommandTimeout='30']
SELECT "a"."Id", "a"."Autonomy", "a"."CreatedUtc", "a"."GuardrailsJson", "a"."Name", "a"."ParamsJson", "a"."Provider", "a"."SystemPrompt", "a"."Temperature", "a"."TemplateRef", "a"."TokenBudget", "a"."ToolBudget", "a"."TopP", "a"."UpdatedUtc"
FROM "Agents" AS "a"
WHERE "a"."Id" = @__p_0
LIMIT 1
2025-09-03 20:49:01.251 +02:00 [INF] Executed DbCommand (1ms) [Parameters=[@__agentId_0='?' (DbType = Guid)], CommandType='"Text"', CommandTimeout='30']
SELECT "a"."Id", "a"."AgentId", "a"."ConfigJson", "a"."Enabled", "a"."ToolId"
FROM "AgentToolBindings" AS "a"
WHERE "a"."AgentId" = @__agentId_0
2025-09-03 20:49:01.254 +02:00 [INF] Setting HTTP status code 200.
2025-09-03 20:49:01.259 +02:00 [INF] Setting HTTP status code 200.
2025-09-03 20:49:01.263 +02:00 [INF] Writing value of type 'AgentResponse' as Json.
2025-09-03 20:49:01.269 +02:00 [INF] Writing value of type 'List`1' as Json.
2025-09-03 20:49:01.273 +02:00 [INF] Executed endpoint 'HTTP: GET /agents/{id:guid}'
2025-09-03 20:49:01.278 +02:00 [INF] Executed endpoint 'HTTP: GET /agents/{id:guid}/bindings'
2025-09-03 20:49:01.283 +02:00 [INF] Request finished HTTP/1.1 GET http://localhost:5088/agents/1e5ffb9e-fb28-4405-b82b-b4647aa5a865 - 200 null application/json; charset=utf-8 67.5356ms
2025-09-03 20:49:01.288 +02:00 [INF] Request finished HTTP/1.1 GET http://localhost:5088/agents/1e5ffb9e-fb28-4405-b82b-b4647aa5a865/bindings - 200 null application/json; charset=utf-8 66.22ms
2025-09-03 20:49:14.122 +02:00 [INF] Request starting HTTP/1.1 OPTIONS http://localhost:5088/sessions - null null
2025-09-03 20:49:14.130 +02:00 [INF] CORS policy execution successful.
2025-09-03 20:49:14.136 +02:00 [INF] Request finished HTTP/1.1 OPTIONS http://localhost:5088/sessions - 204 null null 14.1545ms
2025-09-03 20:49:14.143 +02:00 [INF] Request starting HTTP/1.1 POST http://localhost:5088/sessions - application/json 50
2025-09-03 20:49:14.148 +02:00 [INF] CORS policy execution successful.
2025-09-03 20:49:14.153 +02:00 [INF] Executing endpoint 'HTTP: POST /sessions/'
2025-09-03 20:49:14.163 +02:00 [INF] Executed DbCommand (1ms) [Parameters=[@__p_0='?' (DbType = Guid)], CommandType='"Text"', CommandTimeout='30']
SELECT "a"."Id", "a"."Autonomy", "a"."CreatedUtc", "a"."GuardrailsJson", "a"."Name", "a"."ParamsJson", "a"."Provider", "a"."SystemPrompt", "a"."Temperature", "a"."TemplateRef", "a"."TokenBudget", "a"."ToolBudget", "a"."TopP", "a"."UpdatedUtc"
FROM "Agents" AS "a"
WHERE "a"."Id" = @__p_0
LIMIT 1
2025-09-03 20:49:14.189 +02:00 [INF] Executed DbCommand (18ms) [Parameters=[@p0='?' (DbType = Guid), @p1='?' (DbType = Guid), @p2='?' (DbType = DateTime), @p3='?' (DbType = Int32), @p4='?' (DbType = DateTime), @p5='?' (Size = 7), @p6='?'], CommandType='"Text"', CommandTimeout='30']
INSERT INTO "Sessions" ("Id", "AgentId", "EndedUtc", "LastEventIdx", "StartedUtc", "Status", "UserId")
VALUES (@p0, @p1, @p2, @p3, @p4, @p5, @p6);
2025-09-03 20:49:14.195 +02:00 [INF] Setting HTTP status code 201.
2025-09-03 20:49:14.201 +02:00 [INF] Writing value of type 'SessionCreatedResponse' as Json.
2025-09-03 20:49:14.205 +02:00 [INF] Executed endpoint 'HTTP: POST /sessions/'
2025-09-03 20:49:14.210 +02:00 [INF] Request finished HTTP/1.1 POST http://localhost:5088/sessions - 201 null application/json; charset=utf-8 67.4885ms
2025-09-03 20:49:14.228 +02:00 [INF] Request starting HTTP/1.1 OPTIONS http://localhost:5088/hubs/trace/negotiate?negotiateVersion=1 - null null
2025-09-03 20:49:14.235 +02:00 [INF] CORS policy execution successful.
2025-09-03 20:49:14.240 +02:00 [INF] Request finished HTTP/1.1 OPTIONS http://localhost:5088/hubs/trace/negotiate?negotiateVersion=1 - 204 null null 12.0462ms
2025-09-03 20:49:14.243 +02:00 [INF] Request starting HTTP/1.1 POST http://localhost:5088/hubs/trace/negotiate?negotiateVersion=1 - null 0
2025-09-03 20:49:14.254 +02:00 [INF] CORS policy execution successful.
2025-09-03 20:49:14.261 +02:00 [INF] ApiKey was not authenticated. Failure message: Missing API key
2025-09-03 20:49:14.266 +02:00 [INF] Executing endpoint '/hubs/trace/negotiate'
2025-09-03 20:49:14.270 +02:00 [INF] Executed endpoint '/hubs/trace/negotiate'
2025-09-03 20:49:14.275 +02:00 [INF] Request finished HTTP/1.1 POST http://localhost:5088/hubs/trace/negotiate?negotiateVersion=1 - 200 316 application/json 31.9895ms
2025-09-03 20:49:14.278 +02:00 [INF] Request starting HTTP/1.1 GET http://localhost:5088/hubs/trace?id=IUHaKxf9H4NfoVkJWtqR0A - null null
2025-09-03 20:49:14.289 +02:00 [INF] CORS policy execution successful.
2025-09-03 20:49:14.295 +02:00 [INF] ApiKey was not authenticated. Failure message: Missing API key
2025-09-03 20:49:14.300 +02:00 [INF] Executing endpoint '/hubs/trace'
2025-09-03 20:49:22.378 +02:00 [INF] Request starting HTTP/1.1 OPTIONS http://localhost:5088/sessions/d7ff0b88-f09e-4319-b283-0528cfa4f8c3/messages - null null
2025-09-03 20:49:22.385 +02:00 [INF] CORS policy execution successful.
2025-09-03 20:49:22.392 +02:00 [INF] Request finished HTTP/1.1 OPTIONS http://localhost:5088/sessions/d7ff0b88-f09e-4319-b283-0528cfa4f8c3/messages - 204 null null 14.2159ms
2025-09-03 20:49:22.398 +02:00 [INF] Request starting HTTP/1.1 POST http://localhost:5088/sessions/d7ff0b88-f09e-4319-b283-0528cfa4f8c3/messages - application/json 43
2025-09-03 20:49:22.404 +02:00 [INF] CORS policy execution successful.
2025-09-03 20:49:22.409 +02:00 [INF] Executing endpoint 'HTTP: POST /sessions/{id:guid}/messages'
2025-09-03 20:49:22.417 +02:00 [INF] Executed DbCommand (1ms) [Parameters=[@__p_0='?' (DbType = Guid)], CommandType='"Text"', CommandTimeout='30']
SELECT "s"."Id", "s"."AgentId", "s"."EndedUtc", "s"."LastEventIdx", "s"."StartedUtc", "s"."Status", "s"."UserId"
FROM "Sessions" AS "s"
WHERE "s"."Id" = @__p_0
LIMIT 1
2025-09-03 20:49:22.446 +02:00 [INF] Executed DbCommand (20ms) [Parameters=[@p0='?' (DbType = Guid), @p1='?' (Size = 29), @p2='?' (DbType = DateTime), @p3='?', @p4='?' (Size = 4), @p5='?' (DbType = Guid), @p6='?'], CommandType='"Text"', CommandTimeout='30']
INSERT INTO "Messages" ("Id", "Content", "CreatedUtc", "Kind", "Role", "SessionId", "TokenUsageJson")
VALUES (@p0, @p1, @p2, @p3, @p4, @p5, @p6);
2025-09-03 20:49:22.455 +02:00 [INF] Setting HTTP status code 202.
2025-09-03 20:49:22.457 +02:00 [INF] Executed DbCommand (1ms) [Parameters=[@__p_0='?' (DbType = Guid)], CommandType='"Text"', CommandTimeout='30']
SELECT "a"."Id", "a"."Autonomy", "a"."CreatedUtc", "a"."GuardrailsJson", "a"."Name", "a"."ParamsJson", "a"."Provider", "a"."SystemPrompt", "a"."Temperature", "a"."TemplateRef", "a"."TokenBudget", "a"."ToolBudget", "a"."TopP", "a"."UpdatedUtc"
FROM "Agents" AS "a"
WHERE "a"."Id" = @__p_0
LIMIT 1
2025-09-03 20:49:22.460 +02:00 [INF] Writing value of type 'AcceptedResponse' as Json.
2025-09-03 20:49:22.471 +02:00 [INF] Executed endpoint 'HTTP: POST /sessions/{id:guid}/messages'
2025-09-03 20:49:22.478 +02:00 [INF] Request finished HTTP/1.1 POST http://localhost:5088/sessions/d7ff0b88-f09e-4319-b283-0528cfa4f8c3/messages - 202 null application/json; charset=utf-8 80.1486ms
2025-09-03 20:49:22.485 +02:00 [INF] Executed DbCommand (11ms) [Parameters=[@p0='?' (DbType = Guid), @p1='?' (Size = 29), @p2='?' (DbType = DateTime), @p3='?', @p4='?' (Size = 4), @p5='?' (DbType = Guid), @p6='?'], CommandType='"Text"', CommandTimeout='30']
INSERT INTO "Messages" ("Id", "Content", "CreatedUtc", "Kind", "Role", "SessionId", "TokenUsageJson")
VALUES (@p0, @p1, @p2, @p3, @p4, @p5, @p6);
2025-09-03 20:49:22.503 +02:00 [INF] Executed DbCommand (1ms) [Parameters=[@__agentId_0='?' (DbType = Guid)], CommandType='"Text"', CommandTimeout='30']
SELECT "a"."Id", "a"."AgentId", "a"."ConfigJson", "a"."Enabled", "a"."ToolId", "t"."Id", "t"."Description", "t"."Enabled", "t"."InputSchemaJson", "t"."McpServerId", "t"."Name", "t"."Scope", "m"."Id", "m"."AuthType", "m"."BaseUrl", "m"."LastSeenUtc", "m"."MetadataJson", "m"."Name", "m"."Status"
FROM "AgentToolBindings" AS "a"
INNER JOIN "Tools" AS "t" ON "a"."ToolId" = "t"."Id"
INNER JOIN "McpServers" AS "m" ON "t"."McpServerId" = "m"."Id"
WHERE "a"."AgentId" = @__agentId_0 AND "a"."Enabled"
2025-09-03 20:49:22.516 +02:00 [INF] Executed DbCommand (1ms) [Parameters=[@__agentId_0='?' (DbType = Guid)], CommandType='"Text"', CommandTimeout='30']
SELECT "a"."Id", "a"."AgentId", "a"."ConfigJson", "a"."Enabled", "a"."ToolId", "t"."Id", "t"."Description", "t"."Enabled", "t"."InputSchemaJson", "t"."McpServerId", "t"."Name", "t"."Scope", "m"."Id", "m"."AuthType", "m"."BaseUrl", "m"."LastSeenUtc", "m"."MetadataJson", "m"."Name", "m"."Status"
FROM "AgentToolBindings" AS "a"
INNER JOIN "Tools" AS "t" ON "a"."ToolId" = "t"."Id"
INNER JOIN "McpServers" AS "m" ON "t"."McpServerId" = "m"."Id"
WHERE "a"."AgentId" = @__agentId_0 AND "a"."Enabled"
2025-09-03 20:49:22.531 +02:00 [INF] Executed DbCommand (1ms) [Parameters=[@__sessionId_0='?' (DbType = Guid), @__kind_1='?' (Size = 11), @__p_2='?' (DbType = Int32)], CommandType='"Text"', CommandTimeout='30']
SELECT "m"."Id", "m"."Content", "m"."CreatedUtc", "m"."Kind", "m"."Role", "m"."SessionId", "m"."TokenUsageJson"
FROM "Messages" AS "m"
WHERE "m"."SessionId" = @__sessionId_0 AND "m"."Kind" = @__kind_1
ORDER BY "m"."CreatedUtc" DESC
LIMIT @__p_2
2025-09-03 20:49:22.543 +02:00 [INF] Executed DbCommand (1ms) [Parameters=[@__sessionId_0='?' (DbType = Guid), @__p_1='?' (DbType = Int32)], CommandType='"Text"', CommandTimeout='30']
SELECT "m"."Id", "m"."Content", "m"."CreatedUtc", "m"."Kind", "m"."Role", "m"."SessionId", "m"."TokenUsageJson"
FROM "Messages" AS "m"
WHERE "m"."SessionId" = @__sessionId_0
ORDER BY "m"."CreatedUtc" DESC
LIMIT @__p_1
2025-09-03 20:49:22.555 +02:00 [INF] Executed DbCommand (1ms) [Parameters=[@__agentId_0='?' (DbType = Guid)], CommandType='"Text"', CommandTimeout='30']
SELECT "a"."Id", "a"."AgentId", "a"."ConfigJson", "a"."Enabled", "a"."ToolId", "t"."Id", "t"."Description", "t"."Enabled", "t"."InputSchemaJson", "t"."McpServerId", "t"."Name", "t"."Scope", "m"."Id", "m"."AuthType", "m"."BaseUrl", "m"."LastSeenUtc", "m"."MetadataJson", "m"."Name", "m"."Status"
FROM "AgentToolBindings" AS "a"
INNER JOIN "Tools" AS "t" ON "a"."ToolId" = "t"."Id"
INNER JOIN "McpServers" AS "m" ON "t"."McpServerId" = "m"."Id"
WHERE "a"."AgentId" = @__agentId_0 AND "a"."Enabled"
2025-09-03 20:49:22.565 +02:00 [INF] Executed DbCommand (1ms) [Parameters=[@__agentId_0='?' (DbType = Guid)], CommandType='"Text"', CommandTimeout='30']
SELECT "a"."Id", "a"."AgentId", "a"."ConfigJson", "a"."Enabled", "a"."ToolId", "t"."Id", "t"."Description", "t"."Enabled", "t"."InputSchemaJson", "t"."McpServerId", "t"."Name", "t"."Scope", "m"."Id", "m"."AuthType", "m"."BaseUrl", "m"."LastSeenUtc", "m"."MetadataJson", "m"."Name", "m"."Status"
FROM "AgentToolBindings" AS "a"
INNER JOIN "Tools" AS "t" ON "a"."ToolId" = "t"."Id"
INNER JOIN "McpServers" AS "m" ON "t"."McpServerId" = "m"."Id"
WHERE "a"."AgentId" = @__agentId_0 AND "a"."Enabled"
2025-09-03 20:49:23.381 +02:00 [INF] Executed DbCommand (1ms) [Parameters=[@__sessionId_0='?' (DbType = Guid), @__p_1='?' (DbType = Int32)], CommandType='"Text"', CommandTimeout='30']
SELECT "m"."Id", "m"."Content", "m"."CreatedUtc", "m"."Kind", "m"."Role", "m"."SessionId", "m"."TokenUsageJson"
FROM "Messages" AS "m"
WHERE "m"."SessionId" = @__sessionId_0
ORDER BY "m"."CreatedUtc" DESC
LIMIT @__p_1
2025-09-03 20:49:24.641 +02:00 [INF] Executed DbCommand (10ms) [Parameters=[@p0='?' (DbType = Guid), @p1='?' (Size = 529), @p2='?' (DbType = DateTime), @p3='?', @p4='?' (Size = 9), @p5='?' (DbType = Guid), @p6='?'], CommandType='"Text"', CommandTimeout='30']
INSERT INTO "Messages" ("Id", "Content", "CreatedUtc", "Kind", "Role", "SessionId", "TokenUsageJson")
VALUES (@p0, @p1, @p2, @p3, @p4, @p5, @p6);
2025-09-03 20:49:24.657 +02:00 [INF] Executed DbCommand (9ms) [Parameters=[@p0='?' (DbType = Guid), @p1='?' (Size = 529), @p2='?' (DbType = DateTime), @p3='?', @p4='?' (Size = 9), @p5='?' (DbType = Guid), @p6='?'], CommandType='"Text"', CommandTimeout='30']
INSERT INTO "Messages" ("Id", "Content", "CreatedUtc", "Kind", "Role", "SessionId", "TokenUsageJson")
VALUES (@p0, @p1, @p2, @p3, @p4, @p5, @p6);
2025-09-03 20:50:18.377 +02:00 [INF] Executed endpoint '/hubs/trace'
2025-09-03 20:50:18.385 +02:00 [INF] Request finished HTTP/1.1 GET http://localhost:5088/hubs/trace?id=IUHaKxf9H4NfoVkJWtqR0A - 101 null null 64107.2051ms
2025-09-03 20:50:41.374 +02:00 [INF] Request starting HTTP/1.1 OPTIONS http://localhost:5088/agents/1e5ffb9e-fb28-4405-b82b-b4647aa5a865 - null null
2025-09-03 20:50:41.374 +02:00 [INF] Request starting HTTP/1.1 OPTIONS http://localhost:5088/agents/1e5ffb9e-fb28-4405-b82b-b4647aa5a865/bindings - null null
2025-09-03 20:50:41.383 +02:00 [INF] CORS policy execution successful.
2025-09-03 20:50:41.392 +02:00 [INF] CORS policy execution successful.
2025-09-03 20:50:41.397 +02:00 [INF] Request finished HTTP/1.1 OPTIONS http://localhost:5088/agents/1e5ffb9e-fb28-4405-b82b-b4647aa5a865 - 204 null null 23.7453ms
2025-09-03 20:50:41.407 +02:00 [INF] Request finished HTTP/1.1 OPTIONS http://localhost:5088/agents/1e5ffb9e-fb28-4405-b82b-b4647aa5a865/bindings - 204 null null 33.1184ms
2025-09-03 20:50:41.414 +02:00 [INF] Request starting HTTP/1.1 GET http://localhost:5088/agents/1e5ffb9e-fb28-4405-b82b-b4647aa5a865 - application/json null
2025-09-03 20:50:41.424 +02:00 [INF] Request starting HTTP/1.1 GET http://localhost:5088/agents/1e5ffb9e-fb28-4405-b82b-b4647aa5a865/bindings - application/json null
2025-09-03 20:50:41.430 +02:00 [INF] CORS policy execution successful.
2025-09-03 20:50:41.438 +02:00 [INF] CORS policy execution successful.
2025-09-03 20:50:41.446 +02:00 [INF] Executing endpoint 'HTTP: GET /agents/{id:guid}'
2025-09-03 20:50:41.454 +02:00 [INF] Executing endpoint 'HTTP: GET /agents/{id:guid}/bindings'
2025-09-03 20:50:41.461 +02:00 [INF] Executed DbCommand (0ms) [Parameters=[@__p_0='?' (DbType = Guid)], CommandType='"Text"', CommandTimeout='30']
SELECT "a"."Id", "a"."Autonomy", "a"."CreatedUtc", "a"."GuardrailsJson", "a"."Name", "a"."ParamsJson", "a"."Provider", "a"."SystemPrompt", "a"."Temperature", "a"."TemplateRef", "a"."TokenBudget", "a"."ToolBudget", "a"."TopP", "a"."UpdatedUtc"
FROM "Agents" AS "a"
WHERE "a"."Id" = @__p_0
LIMIT 1
2025-09-03 20:50:41.466 +02:00 [INF] Executed DbCommand (1ms) [Parameters=[@__agentId_0='?' (DbType = Guid)], CommandType='"Text"', CommandTimeout='30']
SELECT "a"."Id", "a"."AgentId", "a"."ConfigJson", "a"."Enabled", "a"."ToolId"
FROM "AgentToolBindings" AS "a"
WHERE "a"."AgentId" = @__agentId_0
2025-09-03 20:50:41.471 +02:00 [INF] Setting HTTP status code 200.
2025-09-03 20:50:41.477 +02:00 [INF] Setting HTTP status code 200.
2025-09-03 20:50:41.482 +02:00 [INF] Writing value of type 'AgentResponse' as Json.
2025-09-03 20:50:41.490 +02:00 [INF] Writing value of type 'List`1' as Json.
2025-09-03 20:50:41.495 +02:00 [INF] Executed endpoint 'HTTP: GET /agents/{id:guid}'
2025-09-03 20:50:41.504 +02:00 [INF] Executed endpoint 'HTTP: GET /agents/{id:guid}/bindings'
2025-09-03 20:50:41.510 +02:00 [INF] Request finished HTTP/1.1 GET http://localhost:5088/agents/1e5ffb9e-fb28-4405-b82b-b4647aa5a865 - 200 null application/json; charset=utf-8 96.3508ms
2025-09-03 20:50:41.520 +02:00 [INF] Request finished HTTP/1.1 GET http://localhost:5088/agents/1e5ffb9e-fb28-4405-b82b-b4647aa5a865/bindings - 200 null application/json; charset=utf-8 96.3931ms
2025-09-03 20:51:13.102 +02:00 [INF] Request starting HTTP/1.1 OPTIONS http://localhost:5088/agents/1e5ffb9e-fb28-4405-b82b-b4647aa5a865 - null null
2025-09-03 20:51:13.105 +02:00 [INF] Request starting HTTP/1.1 OPTIONS http://localhost:5088/agents/1e5ffb9e-fb28-4405-b82b-b4647aa5a865/bindings - null null
2025-09-03 20:51:14.006 +02:00 [INF] CORS policy execution successful.
2025-09-03 20:51:14.000 +02:00 [INF] CORS policy execution successful.
2025-09-03 20:51:14.013 +02:00 [INF] Request finished HTTP/1.1 OPTIONS http://localhost:5088/agents/1e5ffb9e-fb28-4405-b82b-b4647aa5a865/bindings - 204 null null 908.5046ms
2025-09-03 20:51:14.034 +02:00 [INF] Request finished HTTP/1.1 OPTIONS http://localhost:5088/agents/1e5ffb9e-fb28-4405-b82b-b4647aa5a865 - 204 null null 932.0101ms
2025-09-03 20:51:14.149 +02:00 [INF] Request starting HTTP/1.1 GET http://localhost:5088/agents/1e5ffb9e-fb28-4405-b82b-b4647aa5a865 - application/json null
2025-09-03 20:51:14.605 +02:00 [INF] Request starting HTTP/1.1 GET http://localhost:5088/agents/1e5ffb9e-fb28-4405-b82b-b4647aa5a865/bindings - application/json null
2025-09-03 20:51:14.618 +02:00 [INF] CORS policy execution successful.
2025-09-03 20:51:14.632 +02:00 [INF] CORS policy execution successful.
2025-09-03 20:51:14.642 +02:00 [INF] Executing endpoint 'HTTP: GET /agents/{id:guid}'
2025-09-03 20:51:14.654 +02:00 [INF] Executing endpoint 'HTTP: GET /agents/{id:guid}/bindings'
2025-09-03 20:51:14.663 +02:00 [INF] Executed DbCommand (1ms) [Parameters=[@__p_0='?' (DbType = Guid)], CommandType='"Text"', CommandTimeout='30']
SELECT "a"."Id", "a"."Autonomy", "a"."CreatedUtc", "a"."GuardrailsJson", "a"."Name", "a"."ParamsJson", "a"."Provider", "a"."SystemPrompt", "a"."Temperature", "a"."TemplateRef", "a"."TokenBudget", "a"."ToolBudget", "a"."TopP", "a"."UpdatedUtc"
FROM "Agents" AS "a"
WHERE "a"."Id" = @__p_0
LIMIT 1
2025-09-03 20:51:14.676 +02:00 [INF] Executed DbCommand (4ms) [Parameters=[@__agentId_0='?' (DbType = Guid)], CommandType='"Text"', CommandTimeout='30']
SELECT "a"."Id", "a"."AgentId", "a"."ConfigJson", "a"."Enabled", "a"."ToolId"
FROM "AgentToolBindings" AS "a"
WHERE "a"."AgentId" = @__agentId_0
2025-09-03 20:51:14.727 +02:00 [INF] Setting HTTP status code 200.
2025-09-03 20:51:14.714 +02:00 [INF] Setting HTTP status code 200.
2025-09-03 20:51:14.861 +02:00 [INF] Writing value of type 'List`1' as Json.
2025-09-03 20:51:14.935 +02:00 [INF] Writing value of type 'AgentResponse' as Json.
2025-09-03 20:51:14.941 +02:00 [INF] Executed endpoint 'HTTP: GET /agents/{id:guid}/bindings'
2025-09-03 20:51:14.953 +02:00 [INF] Executed endpoint 'HTTP: GET /agents/{id:guid}'
2025-09-03 20:51:14.985 +02:00 [INF] Request finished HTTP/1.1 GET http://localhost:5088/agents/1e5ffb9e-fb28-4405-b82b-b4647aa5a865/bindings - 200 null application/json; charset=utf-8 380.6271ms
2025-09-03 20:51:14.993 +02:00 [INF] Request finished HTTP/1.1 GET http://localhost:5088/agents/1e5ffb9e-fb28-4405-b82b-b4647aa5a865 - 200 null application/json; charset=utf-8 843.8171ms
2025-09-03 20:51:20.576 +02:00 [INF] Request starting HTTP/1.1 OPTIONS http://localhost:5088/sessions - null null
2025-09-03 20:51:20.582 +02:00 [INF] CORS policy execution successful.
2025-09-03 20:51:20.588 +02:00 [INF] Request finished HTTP/1.1 OPTIONS http://localhost:5088/sessions - 204 null null 12.7086ms
2025-09-03 20:51:20.596 +02:00 [INF] Request starting HTTP/1.1 POST http://localhost:5088/sessions - application/json 50
2025-09-03 20:51:20.612 +02:00 [INF] CORS policy execution successful.
2025-09-03 20:51:20.622 +02:00 [INF] Executing endpoint 'HTTP: POST /sessions/'
2025-09-03 20:51:20.640 +02:00 [INF] Executed DbCommand (1ms) [Parameters=[@__p_0='?' (DbType = Guid)], CommandType='"Text"', CommandTimeout='30']
SELECT "a"."Id", "a"."Autonomy", "a"."CreatedUtc", "a"."GuardrailsJson", "a"."Name", "a"."ParamsJson", "a"."Provider", "a"."SystemPrompt", "a"."Temperature", "a"."TemplateRef", "a"."TokenBudget", "a"."ToolBudget", "a"."TopP", "a"."UpdatedUtc"
FROM "Agents" AS "a"
WHERE "a"."Id" = @__p_0
LIMIT 1
2025-09-03 20:51:20.679 +02:00 [INF] Executed DbCommand (21ms) [Parameters=[@p0='?' (DbType = Guid), @p1='?' (DbType = Guid), @p2='?' (DbType = DateTime), @p3='?' (DbType = Int32), @p4='?' (DbType = DateTime), @p5='?' (Size = 7), @p6='?'], CommandType='"Text"', CommandTimeout='30']
INSERT INTO "Sessions" ("Id", "AgentId", "EndedUtc", "LastEventIdx", "StartedUtc", "Status", "UserId")
VALUES (@p0, @p1, @p2, @p3, @p4, @p5, @p6);
2025-09-03 20:51:20.694 +02:00 [INF] Setting HTTP status code 201.
2025-09-03 20:51:20.707 +02:00 [INF] Writing value of type 'SessionCreatedResponse' as Json.
2025-09-03 20:51:20.716 +02:00 [INF] Executed endpoint 'HTTP: POST /sessions/'
2025-09-03 20:51:20.727 +02:00 [INF] Request finished HTTP/1.1 POST http://localhost:5088/sessions - 201 null application/json; charset=utf-8 131.1583ms
2025-09-03 20:51:20.780 +02:00 [INF] Request starting HTTP/1.1 OPTIONS http://localhost:5088/hubs/trace/negotiate?negotiateVersion=1 - null null
2025-09-03 20:51:20.793 +02:00 [INF] CORS policy execution successful.
2025-09-03 20:51:20.809 +02:00 [INF] Request finished HTTP/1.1 OPTIONS http://localhost:5088/hubs/trace/negotiate?negotiateVersion=1 - 204 null null 29.7545ms
2025-09-03 20:51:20.814 +02:00 [INF] Request starting HTTP/1.1 POST http://localhost:5088/hubs/trace/negotiate?negotiateVersion=1 - null 0
2025-09-03 20:51:20.861 +02:00 [INF] CORS policy execution successful.
2025-09-03 20:51:20.875 +02:00 [INF] ApiKey was not authenticated. Failure message: Missing API key
2025-09-03 20:51:20.884 +02:00 [INF] Executing endpoint '/hubs/trace/negotiate'
2025-09-03 20:51:20.976 +02:00 [INF] Executed endpoint '/hubs/trace/negotiate'
2025-09-03 20:51:20.990 +02:00 [INF] Request finished HTTP/1.1 POST http://localhost:5088/hubs/trace/negotiate?negotiateVersion=1 - 200 316 application/json 176.7817ms
2025-09-03 20:51:20.994 +02:00 [INF] Request starting HTTP/1.1 GET http://localhost:5088/hubs/trace?id=r-PuHzqlWR6gwpjA8shmQQ - null null
2025-09-03 20:51:21.027 +02:00 [INF] CORS policy execution successful.
2025-09-03 20:51:21.043 +02:00 [INF] ApiKey was not authenticated. Failure message: Missing API key
2025-09-03 20:51:21.063 +02:00 [INF] Executing endpoint '/hubs/trace'
2025-09-03 20:51:26.878 +02:00 [INF] Request starting HTTP/1.1 OPTIONS http://localhost:5088/sessions/3bc95239-4f24-47a1-adc6-a25cddbeb6ae/messages - null null
2025-09-03 20:51:26.890 +02:00 [INF] CORS policy execution successful.
2025-09-03 20:51:26.898 +02:00 [INF] Request finished HTTP/1.1 OPTIONS http://localhost:5088/sessions/3bc95239-4f24-47a1-adc6-a25cddbeb6ae/messages - 204 null null 20.3461ms
2025-09-03 20:51:26.908 +02:00 [INF] Request starting HTTP/1.1 POST http://localhost:5088/sessions/3bc95239-4f24-47a1-adc6-a25cddbeb6ae/messages - application/json 43
2025-09-03 20:51:26.915 +02:00 [INF] CORS policy execution successful.
2025-09-03 20:51:26.925 +02:00 [INF] Executing endpoint 'HTTP: POST /sessions/{id:guid}/messages'
2025-09-03 20:51:26.934 +02:00 [INF] Executed DbCommand (0ms) [Parameters=[@__p_0='?' (DbType = Guid)], CommandType='"Text"', CommandTimeout='30']
SELECT "s"."Id", "s"."AgentId", "s"."EndedUtc", "s"."LastEventIdx", "s"."StartedUtc", "s"."Status", "s"."UserId"
FROM "Sessions" AS "s"
WHERE "s"."Id" = @__p_0
LIMIT 1
2025-09-03 20:51:26.966 +02:00 [INF] Executed DbCommand (21ms) [Parameters=[@p0='?' (DbType = Guid), @p1='?' (Size = 29), @p2='?' (DbType = DateTime), @p3='?', @p4='?' (Size = 4), @p5='?' (DbType = Guid), @p6='?'], CommandType='"Text"', CommandTimeout='30']
INSERT INTO "Messages" ("Id", "Content", "CreatedUtc", "Kind", "Role", "SessionId", "TokenUsageJson")
VALUES (@p0, @p1, @p2, @p3, @p4, @p5, @p6);
2025-09-03 20:51:26.974 +02:00 [INF] Setting HTTP status code 202.
2025-09-03 20:51:26.977 +02:00 [INF] Executed DbCommand (1ms) [Parameters=[@__p_0='?' (DbType = Guid)], CommandType='"Text"', CommandTimeout='30']
SELECT "a"."Id", "a"."Autonomy", "a"."CreatedUtc", "a"."GuardrailsJson", "a"."Name", "a"."ParamsJson", "a"."Provider", "a"."SystemPrompt", "a"."Temperature", "a"."TemplateRef", "a"."TokenBudget", "a"."ToolBudget", "a"."TopP", "a"."UpdatedUtc"
FROM "Agents" AS "a"
WHERE "a"."Id" = @__p_0
LIMIT 1
2025-09-03 20:51:26.980 +02:00 [INF] Writing value of type 'AcceptedResponse' as Json.
2025-09-03 20:51:26.991 +02:00 [INF] Executed endpoint 'HTTP: POST /sessions/{id:guid}/messages'
2025-09-03 20:51:26.998 +02:00 [INF] Request finished HTTP/1.1 POST http://localhost:5088/sessions/3bc95239-4f24-47a1-adc6-a25cddbeb6ae/messages - 202 null application/json; charset=utf-8 89.8591ms
2025-09-03 20:51:27.004 +02:00 [INF] Executed DbCommand (13ms) [Parameters=[@p0='?' (DbType = Guid), @p1='?' (Size = 29), @p2='?' (DbType = DateTime), @p3='?', @p4='?' (Size = 4), @p5='?' (DbType = Guid), @p6='?'], CommandType='"Text"', CommandTimeout='30']
INSERT INTO "Messages" ("Id", "Content", "CreatedUtc", "Kind", "Role", "SessionId", "TokenUsageJson")
VALUES (@p0, @p1, @p2, @p3, @p4, @p5, @p6);
2025-09-03 20:51:27.023 +02:00 [INF] Executed DbCommand (1ms) [Parameters=[@__agentId_0='?' (DbType = Guid)], CommandType='"Text"', CommandTimeout='30']
SELECT "a"."Id", "a"."AgentId", "a"."ConfigJson", "a"."Enabled", "a"."ToolId", "t"."Id", "t"."Description", "t"."Enabled", "t"."InputSchemaJson", "t"."McpServerId", "t"."Name", "t"."Scope", "m"."Id", "m"."AuthType", "m"."BaseUrl", "m"."LastSeenUtc", "m"."MetadataJson", "m"."Name", "m"."Status"
FROM "AgentToolBindings" AS "a"
INNER JOIN "Tools" AS "t" ON "a"."ToolId" = "t"."Id"
INNER JOIN "McpServers" AS "m" ON "t"."McpServerId" = "m"."Id"
WHERE "a"."AgentId" = @__agentId_0 AND "a"."Enabled"
2025-09-03 20:51:27.042 +02:00 [INF] Executed DbCommand (1ms) [Parameters=[@__agentId_0='?' (DbType = Guid)], CommandType='"Text"', CommandTimeout='30']
SELECT "a"."Id", "a"."AgentId", "a"."ConfigJson", "a"."Enabled", "a"."ToolId", "t"."Id", "t"."Description", "t"."Enabled", "t"."InputSchemaJson", "t"."McpServerId", "t"."Name", "t"."Scope", "m"."Id", "m"."AuthType", "m"."BaseUrl", "m"."LastSeenUtc", "m"."MetadataJson", "m"."Name", "m"."Status"
FROM "AgentToolBindings" AS "a"
INNER JOIN "Tools" AS "t" ON "a"."ToolId" = "t"."Id"
INNER JOIN "McpServers" AS "m" ON "t"."McpServerId" = "m"."Id"
WHERE "a"."AgentId" = @__agentId_0 AND "a"."Enabled"
2025-09-03 20:51:27.065 +02:00 [INF] Executed DbCommand (1ms) [Parameters=[@__sessionId_0='?' (DbType = Guid), @__kind_1='?' (Size = 11), @__p_2='?' (DbType = Int32)], CommandType='"Text"', CommandTimeout='30']
SELECT "m"."Id", "m"."Content", "m"."CreatedUtc", "m"."Kind", "m"."Role", "m"."SessionId", "m"."TokenUsageJson"
FROM "Messages" AS "m"
WHERE "m"."SessionId" = @__sessionId_0 AND "m"."Kind" = @__kind_1
ORDER BY "m"."CreatedUtc" DESC
LIMIT @__p_2
2025-09-03 20:51:27.078 +02:00 [INF] Executed DbCommand (1ms) [Parameters=[@__sessionId_0='?' (DbType = Guid), @__p_1='?' (DbType = Int32)], CommandType='"Text"', CommandTimeout='30']
SELECT "m"."Id", "m"."Content", "m"."CreatedUtc", "m"."Kind", "m"."Role", "m"."SessionId", "m"."TokenUsageJson"
FROM "Messages" AS "m"
WHERE "m"."SessionId" = @__sessionId_0
ORDER BY "m"."CreatedUtc" DESC
LIMIT @__p_1
2025-09-03 20:51:27.094 +02:00 [INF] Executed DbCommand (1ms) [Parameters=[@__agentId_0='?' (DbType = Guid)], CommandType='"Text"', CommandTimeout='30']
SELECT "a"."Id", "a"."AgentId", "a"."ConfigJson", "a"."Enabled", "a"."ToolId", "t"."Id", "t"."Description", "t"."Enabled", "t"."InputSchemaJson", "t"."McpServerId", "t"."Name", "t"."Scope", "m"."Id", "m"."AuthType", "m"."BaseUrl", "m"."LastSeenUtc", "m"."MetadataJson", "m"."Name", "m"."Status"
FROM "AgentToolBindings" AS "a"
INNER JOIN "Tools" AS "t" ON "a"."ToolId" = "t"."Id"
INNER JOIN "McpServers" AS "m" ON "t"."McpServerId" = "m"."Id"
WHERE "a"."AgentId" = @__agentId_0 AND "a"."Enabled"
2025-09-03 20:51:27.108 +02:00 [INF] Executed DbCommand (1ms) [Parameters=[@__agentId_0='?' (DbType = Guid)], CommandType='"Text"', CommandTimeout='30']
SELECT "a"."Id", "a"."AgentId", "a"."ConfigJson", "a"."Enabled", "a"."ToolId", "t"."Id", "t"."Description", "t"."Enabled", "t"."InputSchemaJson", "t"."McpServerId", "t"."Name", "t"."Scope", "m"."Id", "m"."AuthType", "m"."BaseUrl", "m"."LastSeenUtc", "m"."MetadataJson", "m"."Name", "m"."Status"
FROM "AgentToolBindings" AS "a"
INNER JOIN "Tools" AS "t" ON "a"."ToolId" = "t"."Id"
INNER JOIN "McpServers" AS "m" ON "t"."McpServerId" = "m"."Id"
WHERE "a"."AgentId" = @__agentId_0 AND "a"."Enabled"
2025-09-03 20:51:28.133 +02:00 [INF] Executed DbCommand (0ms) [Parameters=[@__sessionId_0='?' (DbType = Guid), @__p_1='?' (DbType = Int32)], CommandType='"Text"', CommandTimeout='30']
SELECT "m"."Id", "m"."Content", "m"."CreatedUtc", "m"."Kind", "m"."Role", "m"."SessionId", "m"."TokenUsageJson"
FROM "Messages" AS "m"
WHERE "m"."SessionId" = @__sessionId_0
ORDER BY "m"."CreatedUtc" DESC
LIMIT @__p_1
2025-09-03 20:51:29.451 +02:00 [INF] Executed DbCommand (20ms) [Parameters=[@p0='?' (DbType = Guid), @p1='?' (Size = 486), @p2='?' (DbType = DateTime), @p3='?', @p4='?' (Size = 9), @p5='?' (DbType = Guid), @p6='?'], CommandType='"Text"', CommandTimeout='30']
INSERT INTO "Messages" ("Id", "Content", "CreatedUtc", "Kind", "Role", "SessionId", "TokenUsageJson")
VALUES (@p0, @p1, @p2, @p3, @p4, @p5, @p6);
2025-09-03 20:51:29.472 +02:00 [INF] Executed DbCommand (11ms) [Parameters=[@p0='?' (DbType = Guid), @p1='?' (Size = 486), @p2='?' (DbType = DateTime), @p3='?', @p4='?' (Size = 9), @p5='?' (DbType = Guid), @p6='?'], CommandType='"Text"', CommandTimeout='30']
INSERT INTO "Messages" ("Id", "Content", "CreatedUtc", "Kind", "Role", "SessionId", "TokenUsageJson")
VALUES (@p0, @p1, @p2, @p3, @p4, @p5, @p6);
2025-09-03 20:51:36.510 +02:00 [INF] Request starting HTTP/1.1 OPTIONS http://localhost:5088/hubs/trace/negotiate?negotiateVersion=1 - null null
2025-09-03 20:51:36.513 +02:00 [INF] Executed endpoint '/hubs/trace'
2025-09-03 20:51:36.527 +02:00 [INF] CORS policy execution successful.
2025-09-03 20:51:36.544 +02:00 [INF] Request finished HTTP/1.1 GET http://localhost:5088/hubs/trace?id=r-PuHzqlWR6gwpjA8shmQQ - 101 null null 15549.8168ms
2025-09-03 20:51:36.547 +02:00 [INF] Request finished HTTP/1.1 OPTIONS http://localhost:5088/hubs/trace/negotiate?negotiateVersion=1 - 204 null null 37.235ms
2025-09-03 20:51:36.560 +02:00 [INF] Request starting HTTP/1.1 POST http://localhost:5088/hubs/trace/negotiate?negotiateVersion=1 - null 0
2025-09-03 20:51:36.590 +02:00 [INF] CORS policy execution successful.
2025-09-03 20:51:36.623 +02:00 [INF] ApiKey was not authenticated. Failure message: Missing API key
2025-09-03 20:51:36.649 +02:00 [INF] Executing endpoint '/hubs/trace/negotiate'
2025-09-03 20:51:36.834 +02:00 [INF] Executed endpoint '/hubs/trace/negotiate'
2025-09-03 20:51:36.890 +02:00 [INF] Request starting HTTP/1.1 GET http://localhost:5088/hubs/trace?id=3RC5aAatSjLzLIg778TZ3Q - null null
2025-09-03 20:51:37.203 +02:00 [INF] Request finished HTTP/1.1 POST http://localhost:5088/hubs/trace/negotiate?negotiateVersion=1 - 200 316 application/json 644.0531ms
2025-09-03 20:51:37.219 +02:00 [INF] CORS policy execution successful.
2025-09-03 20:51:37.267 +02:00 [INF] ApiKey was not authenticated. Failure message: Missing API key
2025-09-03 20:51:37.274 +02:00 [INF] Executing endpoint '/hubs/trace'
2025-09-03 20:51:37.855 +02:00 [INF] Executed endpoint '/hubs/trace'
2025-09-03 20:51:37.864 +02:00 [INF] Request finished HTTP/1.1 GET http://localhost:5088/hubs/trace?id=3RC5aAatSjLzLIg778TZ3Q - 101 null null 974.2707ms
2025-09-03 20:51:38.674 +02:00 [INF] Request starting HTTP/1.1 OPTIONS http://localhost:5088/agents/1e5ffb9e-fb28-4405-b82b-b4647aa5a865 - null null
2025-09-03 20:51:38.681 +02:00 [INF] Request starting HTTP/1.1 OPTIONS http://localhost:5088/agents/1e5ffb9e-fb28-4405-b82b-b4647aa5a865/bindings - null null
2025-09-03 20:51:38.684 +02:00 [INF] CORS policy execution successful.
2025-09-03 20:51:38.691 +02:00 [INF] CORS policy execution successful.
2025-09-03 20:51:38.697 +02:00 [INF] Request finished HTTP/1.1 OPTIONS http://localhost:5088/agents/1e5ffb9e-fb28-4405-b82b-b4647aa5a865 - 204 null null 23.0005ms
2025-09-03 20:51:38.706 +02:00 [INF] Request finished HTTP/1.1 OPTIONS http://localhost:5088/agents/1e5ffb9e-fb28-4405-b82b-b4647aa5a865/bindings - 204 null null 25.5207ms
2025-09-03 20:51:38.713 +02:00 [INF] Request starting HTTP/1.1 GET http://localhost:5088/agents/1e5ffb9e-fb28-4405-b82b-b4647aa5a865 - application/json null
2025-09-03 20:51:38.725 +02:00 [INF] Request starting HTTP/1.1 GET http://localhost:5088/agents/1e5ffb9e-fb28-4405-b82b-b4647aa5a865/bindings - application/json null
2025-09-03 20:51:38.731 +02:00 [INF] CORS policy execution successful.
2025-09-03 20:51:38.753 +02:00 [INF] CORS policy execution successful.
2025-09-03 20:51:38.758 +02:00 [INF] Executing endpoint 'HTTP: GET /agents/{id:guid}'
2025-09-03 20:51:38.773 +02:00 [INF] Executing endpoint 'HTTP: GET /agents/{id:guid}/bindings'
2025-09-03 20:51:38.784 +02:00 [INF] Executed DbCommand (1ms) [Parameters=[@__p_0='?' (DbType = Guid)], CommandType='"Text"', CommandTimeout='30']
SELECT "a"."Id", "a"."Autonomy", "a"."CreatedUtc", "a"."GuardrailsJson", "a"."Name", "a"."ParamsJson", "a"."Provider", "a"."SystemPrompt", "a"."Temperature", "a"."TemplateRef", "a"."TokenBudget", "a"."ToolBudget", "a"."TopP", "a"."UpdatedUtc"
FROM "Agents" AS "a"
WHERE "a"."Id" = @__p_0
LIMIT 1
2025-09-03 20:51:38.798 +02:00 [INF] Executed DbCommand (1ms) [Parameters=[@__agentId_0='?' (DbType = Guid)], CommandType='"Text"', CommandTimeout='30']
SELECT "a"."Id", "a"."AgentId", "a"."ConfigJson", "a"."Enabled", "a"."ToolId"
FROM "AgentToolBindings" AS "a"
WHERE "a"."AgentId" = @__agentId_0
2025-09-03 20:51:38.807 +02:00 [INF] Setting HTTP status code 200.
2025-09-03 20:51:38.818 +02:00 [INF] Setting HTTP status code 200.
2025-09-03 20:51:38.823 +02:00 [INF] Writing value of type 'AgentResponse' as Json.
2025-09-03 20:51:38.849 +02:00 [INF] Executed endpoint 'HTTP: GET /agents/{id:guid}'
2025-09-03 20:51:38.843 +02:00 [INF] Writing value of type 'List`1' as Json.
2025-09-03 20:51:38.854 +02:00 [INF] Request finished HTTP/1.1 GET http://localhost:5088/agents/1e5ffb9e-fb28-4405-b82b-b4647aa5a865 - 200 null application/json; charset=utf-8 141.2025ms
2025-09-03 20:51:38.918 +02:00 [INF] Executed endpoint 'HTTP: GET /agents/{id:guid}/bindings'
2025-09-03 20:51:38.945 +02:00 [INF] Request finished HTTP/1.1 GET http://localhost:5088/agents/1e5ffb9e-fb28-4405-b82b-b4647aa5a865/bindings - 200 null application/json; charset=utf-8 220.1406ms
2025-09-03 20:51:40.293 +02:00 [INF] Request starting HTTP/1.1 OPTIONS http://localhost:5088/sessions - null null
2025-09-03 20:51:40.302 +02:00 [INF] CORS policy execution successful.
2025-09-03 20:51:40.311 +02:00 [INF] Request finished HTTP/1.1 OPTIONS http://localhost:5088/sessions - 204 null null 18.1413ms
2025-09-03 20:51:40.318 +02:00 [INF] Request starting HTTP/1.1 POST http://localhost:5088/sessions - application/json 50
2025-09-03 20:51:40.325 +02:00 [INF] CORS policy execution successful.
2025-09-03 20:51:40.329 +02:00 [INF] Executing endpoint 'HTTP: POST /sessions/'
2025-09-03 20:51:40.337 +02:00 [INF] Executed DbCommand (1ms) [Parameters=[@__p_0='?' (DbType = Guid)], CommandType='"Text"', CommandTimeout='30']
SELECT "a"."Id", "a"."Autonomy", "a"."CreatedUtc", "a"."GuardrailsJson", "a"."Name", "a"."ParamsJson", "a"."Provider", "a"."SystemPrompt", "a"."Temperature", "a"."TemplateRef", "a"."TokenBudget", "a"."ToolBudget", "a"."TopP", "a"."UpdatedUtc"
FROM "Agents" AS "a"
WHERE "a"."Id" = @__p_0
LIMIT 1
2025-09-03 20:51:40.372 +02:00 [INF] Executed DbCommand (21ms) [Parameters=[@p0='?' (DbType = Guid), @p1='?' (DbType = Guid), @p2='?' (DbType = DateTime), @p3='?' (DbType = Int32), @p4='?' (DbType = DateTime), @p5='?' (Size = 7), @p6='?'], CommandType='"Text"', CommandTimeout='30']
INSERT INTO "Sessions" ("Id", "AgentId", "EndedUtc", "LastEventIdx", "StartedUtc", "Status", "UserId")
VALUES (@p0, @p1, @p2, @p3, @p4, @p5, @p6);
2025-09-03 20:51:40.378 +02:00 [INF] Setting HTTP status code 201.
2025-09-03 20:51:40.384 +02:00 [INF] Writing value of type 'SessionCreatedResponse' as Json.
2025-09-03 20:51:40.390 +02:00 [INF] Executed endpoint 'HTTP: POST /sessions/'
2025-09-03 20:51:40.396 +02:00 [INF] Request finished HTTP/1.1 POST http://localhost:5088/sessions - 201 null application/json; charset=utf-8 77.9167ms
2025-09-03 20:51:40.423 +02:00 [INF] Request starting HTTP/1.1 OPTIONS http://localhost:5088/hubs/trace/negotiate?negotiateVersion=1 - null null
2025-09-03 20:51:40.430 +02:00 [INF] CORS policy execution successful.
2025-09-03 20:51:40.436 +02:00 [INF] Request finished HTTP/1.1 OPTIONS http://localhost:5088/hubs/trace/negotiate?negotiateVersion=1 - 204 null null 13.3951ms
2025-09-03 20:51:40.439 +02:00 [INF] Request starting HTTP/1.1 POST http://localhost:5088/hubs/trace/negotiate?negotiateVersion=1 - null 0
2025-09-03 20:51:40.452 +02:00 [INF] CORS policy execution successful.
2025-09-03 20:51:40.458 +02:00 [INF] ApiKey was not authenticated. Failure message: Missing API key
2025-09-03 20:51:40.463 +02:00 [INF] Executing endpoint '/hubs/trace/negotiate'
2025-09-03 20:51:40.470 +02:00 [INF] Executed endpoint '/hubs/trace/negotiate'
2025-09-03 20:51:40.475 +02:00 [INF] Request finished HTTP/1.1 POST http://localhost:5088/hubs/trace/negotiate?negotiateVersion=1 - 200 316 application/json 36.0382ms
2025-09-03 20:51:40.478 +02:00 [INF] Request starting HTTP/1.1 GET http://localhost:5088/hubs/trace?id=fp3b8rNXrd_IzcskPOCxBg - null null
2025-09-03 20:51:40.487 +02:00 [INF] CORS policy execution successful.
2025-09-03 20:51:40.493 +02:00 [INF] ApiKey was not authenticated. Failure message: Missing API key
2025-09-03 20:51:40.498 +02:00 [INF] Executing endpoint '/hubs/trace'
2025-09-03 20:51:45.734 +02:00 [INF] Request starting HTTP/1.1 OPTIONS http://localhost:5088/sessions/a97321fd-400f-415e-bdf7-9f8d799079e7/messages - null null
2025-09-03 20:51:45.741 +02:00 [INF] CORS policy execution successful.
2025-09-03 20:51:45.747 +02:00 [INF] Request finished HTTP/1.1 OPTIONS http://localhost:5088/sessions/a97321fd-400f-415e-bdf7-9f8d799079e7/messages - 204 null null 12.6394ms
2025-09-03 20:51:45.754 +02:00 [INF] Request starting HTTP/1.1 POST http://localhost:5088/sessions/a97321fd-400f-415e-bdf7-9f8d799079e7/messages - application/json 39
2025-09-03 20:51:45.760 +02:00 [INF] CORS policy execution successful.
2025-09-03 20:51:45.766 +02:00 [INF] Executing endpoint 'HTTP: POST /sessions/{id:guid}/messages'
2025-09-03 20:51:45.776 +02:00 [INF] Executed DbCommand (0ms) [Parameters=[@__p_0='?' (DbType = Guid)], CommandType='"Text"', CommandTimeout='30']
SELECT "s"."Id", "s"."AgentId", "s"."EndedUtc", "s"."LastEventIdx", "s"."StartedUtc", "s"."Status", "s"."UserId"
FROM "Sessions" AS "s"
WHERE "s"."Id" = @__p_0
LIMIT 1
2025-09-03 20:51:45.808 +02:00 [INF] Executed DbCommand (20ms) [Parameters=[@p0='?' (DbType = Guid), @p1='?' (Size = 25), @p2='?' (DbType = DateTime), @p3='?', @p4='?' (Size = 4), @p5='?' (DbType = Guid), @p6='?'], CommandType='"Text"', CommandTimeout='30']
INSERT INTO "Messages" ("Id", "Content", "CreatedUtc", "Kind", "Role", "SessionId", "TokenUsageJson")
VALUES (@p0, @p1, @p2, @p3, @p4, @p5, @p6);
2025-09-03 20:51:45.814 +02:00 [INF] Setting HTTP status code 202.
2025-09-03 20:51:45.815 +02:00 [INF] Executed DbCommand (0ms) [Parameters=[@__p_0='?' (DbType = Guid)], CommandType='"Text"', CommandTimeout='30']
SELECT "a"."Id", "a"."Autonomy", "a"."CreatedUtc", "a"."GuardrailsJson", "a"."Name", "a"."ParamsJson", "a"."Provider", "a"."SystemPrompt", "a"."Temperature", "a"."TemplateRef", "a"."TokenBudget", "a"."ToolBudget", "a"."TopP", "a"."UpdatedUtc"
FROM "Agents" AS "a"
WHERE "a"."Id" = @__p_0
LIMIT 1
2025-09-03 20:51:45.819 +02:00 [INF] Writing value of type 'AcceptedResponse' as Json.
2025-09-03 20:51:45.831 +02:00 [INF] Executed endpoint 'HTTP: POST /sessions/{id:guid}/messages'
2025-09-03 20:51:45.839 +02:00 [INF] Request finished HTTP/1.1 POST http://localhost:5088/sessions/a97321fd-400f-415e-bdf7-9f8d799079e7/messages - 202 null application/json; charset=utf-8 84.8916ms
2025-09-03 20:51:45.842 +02:00 [INF] Executed DbCommand (12ms) [Parameters=[@p0='?' (DbType = Guid), @p1='?' (Size = 25), @p2='?' (DbType = DateTime), @p3='?', @p4='?' (Size = 4), @p5='?' (DbType = Guid), @p6='?'], CommandType='"Text"', CommandTimeout='30']
INSERT INTO "Messages" ("Id", "Content", "CreatedUtc", "Kind", "Role", "SessionId", "TokenUsageJson")
VALUES (@p0, @p1, @p2, @p3, @p4, @p5, @p6);
2025-09-03 20:51:45.856 +02:00 [INF] Executed DbCommand (1ms) [Parameters=[@__agentId_0='?' (DbType = Guid)], CommandType='"Text"', CommandTimeout='30']
SELECT "a"."Id", "a"."AgentId", "a"."ConfigJson", "a"."Enabled", "a"."ToolId", "t"."Id", "t"."Description", "t"."Enabled", "t"."InputSchemaJson", "t"."McpServerId", "t"."Name", "t"."Scope", "m"."Id", "m"."AuthType", "m"."BaseUrl", "m"."LastSeenUtc", "m"."MetadataJson", "m"."Name", "m"."Status"
FROM "AgentToolBindings" AS "a"
INNER JOIN "Tools" AS "t" ON "a"."ToolId" = "t"."Id"
INNER JOIN "McpServers" AS "m" ON "t"."McpServerId" = "m"."Id"
WHERE "a"."AgentId" = @__agentId_0 AND "a"."Enabled"
2025-09-03 20:51:45.868 +02:00 [INF] Executed DbCommand (1ms) [Parameters=[@__agentId_0='?' (DbType = Guid)], CommandType='"Text"', CommandTimeout='30']
SELECT "a"."Id", "a"."AgentId", "a"."ConfigJson", "a"."Enabled", "a"."ToolId", "t"."Id", "t"."Description", "t"."Enabled", "t"."InputSchemaJson", "t"."McpServerId", "t"."Name", "t"."Scope", "m"."Id", "m"."AuthType", "m"."BaseUrl", "m"."LastSeenUtc", "m"."MetadataJson", "m"."Name", "m"."Status"
FROM "AgentToolBindings" AS "a"
INNER JOIN "Tools" AS "t" ON "a"."ToolId" = "t"."Id"
INNER JOIN "McpServers" AS "m" ON "t"."McpServerId" = "m"."Id"
WHERE "a"."AgentId" = @__agentId_0 AND "a"."Enabled"
2025-09-03 20:51:45.880 +02:00 [INF] Executed DbCommand (0ms) [Parameters=[@__sessionId_0='?' (DbType = Guid), @__kind_1='?' (Size = 11), @__p_2='?' (DbType = Int32)], CommandType='"Text"', CommandTimeout='30']
SELECT "m"."Id", "m"."Content", "m"."CreatedUtc", "m"."Kind", "m"."Role", "m"."SessionId", "m"."TokenUsageJson"
FROM "Messages" AS "m"
WHERE "m"."SessionId" = @__sessionId_0 AND "m"."Kind" = @__kind_1
ORDER BY "m"."CreatedUtc" DESC
LIMIT @__p_2
2025-09-03 20:51:45.890 +02:00 [INF] Executed DbCommand (1ms) [Parameters=[@__sessionId_0='?' (DbType = Guid), @__p_1='?' (DbType = Int32)], CommandType='"Text"', CommandTimeout='30']
SELECT "m"."Id", "m"."Content", "m"."CreatedUtc", "m"."Kind", "m"."Role", "m"."SessionId", "m"."TokenUsageJson"
FROM "Messages" AS "m"
WHERE "m"."SessionId" = @__sessionId_0
ORDER BY "m"."CreatedUtc" DESC
LIMIT @__p_1
2025-09-03 20:51:45.901 +02:00 [INF] Executed DbCommand (1ms) [Parameters=[@__agentId_0='?' (DbType = Guid)], CommandType='"Text"', CommandTimeout='30']
SELECT "a"."Id", "a"."AgentId", "a"."ConfigJson", "a"."Enabled", "a"."ToolId", "t"."Id", "t"."Description", "t"."Enabled", "t"."InputSchemaJson", "t"."McpServerId", "t"."Name", "t"."Scope", "m"."Id", "m"."AuthType", "m"."BaseUrl", "m"."LastSeenUtc", "m"."MetadataJson", "m"."Name", "m"."Status"
FROM "AgentToolBindings" AS "a"
INNER JOIN "Tools" AS "t" ON "a"."ToolId" = "t"."Id"
INNER JOIN "McpServers" AS "m" ON "t"."McpServerId" = "m"."Id"
WHERE "a"."AgentId" = @__agentId_0 AND "a"."Enabled"
2025-09-03 20:51:45.911 +02:00 [INF] Executed DbCommand (1ms) [Parameters=[@__agentId_0='?' (DbType = Guid)], CommandType='"Text"', CommandTimeout='30']
SELECT "a"."Id", "a"."AgentId", "a"."ConfigJson", "a"."Enabled", "a"."ToolId", "t"."Id", "t"."Description", "t"."Enabled", "t"."InputSchemaJson", "t"."McpServerId", "t"."Name", "t"."Scope", "m"."Id", "m"."AuthType", "m"."BaseUrl", "m"."LastSeenUtc", "m"."MetadataJson", "m"."Name", "m"."Status"
FROM "AgentToolBindings" AS "a"
INNER JOIN "Tools" AS "t" ON "a"."ToolId" = "t"."Id"
INNER JOIN "McpServers" AS "m" ON "t"."McpServerId" = "m"."Id"
WHERE "a"."AgentId" = @__agentId_0 AND "a"."Enabled"
2025-09-03 20:51:46.719 +02:00 [INF] Executed DbCommand (0ms) [Parameters=[@__sessionId_0='?' (DbType = Guid), @__p_1='?' (DbType = Int32)], CommandType='"Text"', CommandTimeout='30']
SELECT "m"."Id", "m"."Content", "m"."CreatedUtc", "m"."Kind", "m"."Role", "m"."SessionId", "m"."TokenUsageJson"
FROM "Messages" AS "m"
WHERE "m"."SessionId" = @__sessionId_0
ORDER BY "m"."CreatedUtc" DESC
LIMIT @__p_1
2025-09-03 20:51:49.254 +02:00 [INF] Executed DbCommand (9ms) [Parameters=[@p0='?' (DbType = Guid), @p1='?' (Size = 1181), @p2='?' (DbType = DateTime), @p3='?', @p4='?' (Size = 9), @p5='?' (DbType = Guid), @p6='?'], CommandType='"Text"', CommandTimeout='30']
INSERT INTO "Messages" ("Id", "Content", "CreatedUtc", "Kind", "Role", "SessionId", "TokenUsageJson")
VALUES (@p0, @p1, @p2, @p3, @p4, @p5, @p6);
2025-09-03 20:51:49.274 +02:00 [INF] Executed DbCommand (9ms) [Parameters=[@p0='?' (DbType = Guid), @p1='?' (Size = 1181), @p2='?' (DbType = DateTime), @p3='?', @p4='?' (Size = 9), @p5='?' (DbType = Guid), @p6='?'], CommandType='"Text"', CommandTimeout='30']
INSERT INTO "Messages" ("Id", "Content", "CreatedUtc", "Kind", "Role", "SessionId", "TokenUsageJson")
VALUES (@p0, @p1, @p2, @p3, @p4, @p5, @p6);
2025-09-03 20:53:23.411 +02:00 [INF] Executed endpoint '/hubs/trace'
2025-09-03 20:53:23.411 +02:00 [INF] Request starting HTTP/1.1 OPTIONS http://localhost:5088/hubs/trace/negotiate?negotiateVersion=1 - null null
2025-09-03 20:53:23.416 +02:00 [INF] Request finished HTTP/1.1 GET http://localhost:5088/hubs/trace?id=fp3b8rNXrd_IzcskPOCxBg - 101 null null 102938.4398ms
2025-09-03 20:53:23.421 +02:00 [INF] CORS policy execution successful.
2025-09-03 20:53:23.429 +02:00 [INF] Request finished HTTP/1.1 OPTIONS http://localhost:5088/hubs/trace/negotiate?negotiateVersion=1 - 204 null null 18.0439ms
2025-09-03 20:53:23.431 +02:00 [INF] Request starting HTTP/1.1 POST http://localhost:5088/hubs/trace/negotiate?negotiateVersion=1 - null 0
2025-09-03 20:53:23.440 +02:00 [INF] CORS policy execution successful.
2025-09-03 20:53:23.444 +02:00 [INF] ApiKey was not authenticated. Failure message: Missing API key
2025-09-03 20:53:23.448 +02:00 [INF] Executing endpoint '/hubs/trace/negotiate'
2025-09-03 20:53:23.453 +02:00 [INF] Executed endpoint '/hubs/trace/negotiate'
2025-09-03 20:53:23.458 +02:00 [INF] Request finished HTTP/1.1 POST http://localhost:5088/hubs/trace/negotiate?negotiateVersion=1 - 200 316 application/json 26.4058ms
2025-09-03 20:53:23.460 +02:00 [INF] Request starting HTTP/1.1 GET http://localhost:5088/hubs/trace?id=mzDlPlpAttJWcyyaIlp8HQ - null null
2025-09-03 20:53:23.468 +02:00 [INF] CORS policy execution successful.
2025-09-03 20:53:23.473 +02:00 [INF] ApiKey was not authenticated. Failure message: Missing API key
2025-09-03 20:53:23.477 +02:00 [INF] Executing endpoint '/hubs/trace'
2025-09-03 20:53:31.392 +02:00 [INF] Request starting HTTP/1.1 OPTIONS http://localhost:5088/hubs/trace/negotiate?negotiateVersion=1 - null null
2025-09-03 20:53:31.393 +02:00 [INF] Executed endpoint '/hubs/trace'
2025-09-03 20:53:31.399 +02:00 [INF] CORS policy execution successful.
2025-09-03 20:53:31.403 +02:00 [INF] Request finished HTTP/1.1 GET http://localhost:5088/hubs/trace?id=mzDlPlpAttJWcyyaIlp8HQ - 101 null null 7943.3914ms
2025-09-03 20:53:31.408 +02:00 [INF] Request finished HTTP/1.1 OPTIONS http://localhost:5088/hubs/trace/negotiate?negotiateVersion=1 - 204 null null 16.3305ms
2025-09-03 20:53:31.411 +02:00 [INF] Request starting HTTP/1.1 POST http://localhost:5088/hubs/trace/negotiate?negotiateVersion=1 - null 0
2025-09-03 20:53:31.425 +02:00 [INF] CORS policy execution successful.
2025-09-03 20:53:31.430 +02:00 [INF] ApiKey was not authenticated. Failure message: Missing API key
2025-09-03 20:53:31.435 +02:00 [INF] Executing endpoint '/hubs/trace/negotiate'
2025-09-03 20:53:31.440 +02:00 [INF] Executed endpoint '/hubs/trace/negotiate'
2025-09-03 20:53:31.445 +02:00 [INF] Request finished HTTP/1.1 POST http://localhost:5088/hubs/trace/negotiate?negotiateVersion=1 - 200 316 application/json 34.0399ms
2025-09-03 20:53:31.449 +02:00 [INF] Request starting HTTP/1.1 GET http://localhost:5088/hubs/trace?id=yCnyPcQs184mG-4UaEg1fQ - null null
2025-09-03 20:53:31.458 +02:00 [INF] CORS policy execution successful.
2025-09-03 20:53:31.471 +02:00 [INF] ApiKey was not authenticated. Failure message: Missing API key
2025-09-03 20:53:31.476 +02:00 [INF] Executing endpoint '/hubs/trace'
2025-09-03 20:54:06.441 +02:00 [INF] Request starting HTTP/1.1 OPTIONS http://localhost:5088/hubs/trace/negotiate?negotiateVersion=1 - null null
2025-09-03 20:54:06.442 +02:00 [INF] Executed endpoint '/hubs/trace'
2025-09-03 20:54:06.448 +02:00 [INF] CORS policy execution successful.
2025-09-03 20:54:06.454 +02:00 [INF] Request finished HTTP/1.1 GET http://localhost:5088/hubs/trace?id=yCnyPcQs184mG-4UaEg1fQ - 101 null null 35005.0008ms
2025-09-03 20:54:06.459 +02:00 [INF] Request finished HTTP/1.1 OPTIONS http://localhost:5088/hubs/trace/negotiate?negotiateVersion=1 - 204 null null 18.2327ms
2025-09-03 20:54:06.462 +02:00 [INF] Request starting HTTP/1.1 POST http://localhost:5088/hubs/trace/negotiate?negotiateVersion=1 - null 0
2025-09-03 20:54:06.476 +02:00 [INF] CORS policy execution successful.
2025-09-03 20:54:06.482 +02:00 [INF] ApiKey was not authenticated. Failure message: Missing API key
2025-09-03 20:54:06.487 +02:00 [INF] Executing endpoint '/hubs/trace/negotiate'
2025-09-03 20:54:06.492 +02:00 [INF] Executed endpoint '/hubs/trace/negotiate'
2025-09-03 20:54:06.497 +02:00 [INF] Request finished HTTP/1.1 POST http://localhost:5088/hubs/trace/negotiate?negotiateVersion=1 - 200 316 application/json 35.2963ms
2025-09-03 20:54:06.504 +02:00 [INF] Request starting HTTP/1.1 GET http://localhost:5088/hubs/trace?id=sx1-E2dv5Y_3ElZr8akQFw - null null
2025-09-03 20:54:06.510 +02:00 [INF] CORS policy execution successful.
2025-09-03 20:54:06.515 +02:00 [INF] ApiKey was not authenticated. Failure message: Missing API key
2025-09-03 20:54:06.520 +02:00 [INF] Executing endpoint '/hubs/trace'
2025-09-03 20:54:20.422 +02:00 [INF] Request starting HTTP/1.1 OPTIONS http://localhost:5088/hubs/trace/negotiate?negotiateVersion=1 - null null
2025-09-03 20:54:20.423 +02:00 [INF] Executed endpoint '/hubs/trace'
2025-09-03 20:54:20.432 +02:00 [INF] CORS policy execution successful.
2025-09-03 20:54:20.437 +02:00 [INF] Request finished HTTP/1.1 GET http://localhost:5088/hubs/trace?id=sx1-E2dv5Y_3ElZr8akQFw - 101 null null 13933.1435ms
2025-09-03 20:54:20.441 +02:00 [INF] Request finished HTTP/1.1 OPTIONS http://localhost:5088/hubs/trace/negotiate?negotiateVersion=1 - 204 null null 19.7683ms
2025-09-03 20:54:20.444 +02:00 [INF] Request starting HTTP/1.1 POST http://localhost:5088/hubs/trace/negotiate?negotiateVersion=1 - null 0
2025-09-03 20:54:20.459 +02:00 [INF] CORS policy execution successful.
2025-09-03 20:54:20.465 +02:00 [INF] ApiKey was not authenticated. Failure message: Missing API key
2025-09-03 20:54:20.470 +02:00 [INF] Executing endpoint '/hubs/trace/negotiate'
2025-09-03 20:54:20.475 +02:00 [INF] Executed endpoint '/hubs/trace/negotiate'
2025-09-03 20:54:20.481 +02:00 [INF] Request finished HTTP/1.1 POST http://localhost:5088/hubs/trace/negotiate?negotiateVersion=1 - 200 316 application/json 36.8038ms
2025-09-03 20:54:20.489 +02:00 [INF] Request starting HTTP/1.1 GET http://localhost:5088/hubs/trace?id=PoG7RaP5WInq3i24v7r9-g - null null
2025-09-03 20:54:20.497 +02:00 [INF] CORS policy execution successful.
2025-09-03 20:54:20.505 +02:00 [INF] ApiKey was not authenticated. Failure message: Missing API key
2025-09-03 20:54:20.511 +02:00 [INF] Executing endpoint '/hubs/trace'
2025-09-03 20:54:54.537 +02:00 [INF] Executed endpoint '/hubs/trace'
2025-09-03 20:54:54.544 +02:00 [INF] Request finished HTTP/1.1 GET http://localhost:5088/hubs/trace?id=PoG7RaP5WInq3i24v7r9-g - 101 null null 34055.2328ms
2025-09-03 20:54:55.410 +02:00 [INF] Request starting HTTP/1.1 OPTIONS http://localhost:5088/agents/1e5ffb9e-fb28-4405-b82b-b4647aa5a865 - null null
2025-09-03 20:54:55.418 +02:00 [INF] Request starting HTTP/1.1 OPTIONS http://localhost:5088/agents/1e5ffb9e-fb28-4405-b82b-b4647aa5a865/bindings - null null
2025-09-03 20:54:55.421 +02:00 [INF] CORS policy execution successful.
2025-09-03 20:54:55.427 +02:00 [INF] CORS policy execution successful.
2025-09-03 20:54:55.433 +02:00 [INF] Request finished HTTP/1.1 OPTIONS http://localhost:5088/agents/1e5ffb9e-fb28-4405-b82b-b4647aa5a865 - 204 null null 23.2364ms
2025-09-03 20:54:55.446 +02:00 [INF] Request finished HTTP/1.1 OPTIONS http://localhost:5088/agents/1e5ffb9e-fb28-4405-b82b-b4647aa5a865/bindings - 204 null null 27.6268ms
2025-09-03 20:54:55.453 +02:00 [INF] Request starting HTTP/1.1 GET http://localhost:5088/agents/1e5ffb9e-fb28-4405-b82b-b4647aa5a865 - application/json null
2025-09-03 20:54:55.459 +02:00 [INF] Request starting HTTP/1.1 GET http://localhost:5088/agents/1e5ffb9e-fb28-4405-b82b-b4647aa5a865/bindings - application/json null
2025-09-03 20:54:55.464 +02:00 [INF] CORS policy execution successful.
2025-09-03 20:54:55.469 +02:00 [INF] CORS policy execution successful.
2025-09-03 20:54:55.473 +02:00 [INF] Executing endpoint 'HTTP: GET /agents/{id:guid}'
2025-09-03 20:54:55.480 +02:00 [INF] Executing endpoint 'HTTP: GET /agents/{id:guid}/bindings'
2025-09-03 20:54:55.487 +02:00 [INF] Executed DbCommand (1ms) [Parameters=[@__p_0='?' (DbType = Guid)], CommandType='"Text"', CommandTimeout='30']
SELECT "a"."Id", "a"."Autonomy", "a"."CreatedUtc", "a"."GuardrailsJson", "a"."Name", "a"."ParamsJson", "a"."Provider", "a"."SystemPrompt", "a"."Temperature", "a"."TemplateRef", "a"."TokenBudget", "a"."ToolBudget", "a"."TopP", "a"."UpdatedUtc"
FROM "Agents" AS "a"
WHERE "a"."Id" = @__p_0
LIMIT 1
2025-09-03 20:54:55.492 +02:00 [INF] Executed DbCommand (1ms) [Parameters=[@__agentId_0='?' (DbType = Guid)], CommandType='"Text"', CommandTimeout='30']
SELECT "a"."Id", "a"."AgentId", "a"."ConfigJson", "a"."Enabled", "a"."ToolId"
FROM "AgentToolBindings" AS "a"
WHERE "a"."AgentId" = @__agentId_0
2025-09-03 20:54:55.497 +02:00 [INF] Setting HTTP status code 200.
2025-09-03 20:54:55.503 +02:00 [INF] Setting HTTP status code 200.
2025-09-03 20:54:55.507 +02:00 [INF] Writing value of type 'AgentResponse' as Json.
2025-09-03 20:54:55.513 +02:00 [INF] Writing value of type 'List`1' as Json.
2025-09-03 20:54:55.518 +02:00 [INF] Executed endpoint 'HTTP: GET /agents/{id:guid}'
2025-09-03 20:54:55.522 +02:00 [INF] Executed endpoint 'HTTP: GET /agents/{id:guid}/bindings'
2025-09-03 20:54:55.527 +02:00 [INF] Request finished HTTP/1.1 GET http://localhost:5088/agents/1e5ffb9e-fb28-4405-b82b-b4647aa5a865 - 200 null application/json; charset=utf-8 74.316ms
2025-09-03 20:54:55.534 +02:00 [INF] Request finished HTTP/1.1 GET http://localhost:5088/agents/1e5ffb9e-fb28-4405-b82b-b4647aa5a865/bindings - 200 null application/json; charset=utf-8 74.8668ms
2025-09-03 20:54:57.286 +02:00 [INF] Request starting HTTP/1.1 OPTIONS http://localhost:5088/sessions - null null
2025-09-03 20:54:57.293 +02:00 [INF] CORS policy execution successful.
2025-09-03 20:54:57.301 +02:00 [INF] Request finished HTTP/1.1 OPTIONS http://localhost:5088/sessions - 204 null null 15.0808ms
2025-09-03 20:54:57.308 +02:00 [INF] Request starting HTTP/1.1 POST http://localhost:5088/sessions - application/json 50
2025-09-03 20:54:57.316 +02:00 [INF] CORS policy execution successful.
2025-09-03 20:54:57.322 +02:00 [INF] Executing endpoint 'HTTP: POST /sessions/'
2025-09-03 20:54:57.330 +02:00 [INF] Executed DbCommand (1ms) [Parameters=[@__p_0='?' (DbType = Guid)], CommandType='"Text"', CommandTimeout='30']
SELECT "a"."Id", "a"."Autonomy", "a"."CreatedUtc", "a"."GuardrailsJson", "a"."Name", "a"."ParamsJson", "a"."Provider", "a"."SystemPrompt", "a"."Temperature", "a"."TemplateRef", "a"."TokenBudget", "a"."ToolBudget", "a"."TopP", "a"."UpdatedUtc"
FROM "Agents" AS "a"
WHERE "a"."Id" = @__p_0
LIMIT 1
2025-09-03 20:54:57.358 +02:00 [INF] Executed DbCommand (19ms) [Parameters=[@p0='?' (DbType = Guid), @p1='?' (DbType = Guid), @p2='?' (DbType = DateTime), @p3='?' (DbType = Int32), @p4='?' (DbType = DateTime), @p5='?' (Size = 7), @p6='?'], CommandType='"Text"', CommandTimeout='30']
INSERT INTO "Sessions" ("Id", "AgentId", "EndedUtc", "LastEventIdx", "StartedUtc", "Status", "UserId")
VALUES (@p0, @p1, @p2, @p3, @p4, @p5, @p6);
2025-09-03 20:54:57.366 +02:00 [INF] Setting HTTP status code 201.
2025-09-03 20:54:57.371 +02:00 [INF] Writing value of type 'SessionCreatedResponse' as Json.
2025-09-03 20:54:57.375 +02:00 [INF] Executed endpoint 'HTTP: POST /sessions/'
2025-09-03 20:54:57.382 +02:00 [INF] Request finished HTTP/1.1 POST http://localhost:5088/sessions - 201 null application/json; charset=utf-8 73.6217ms
2025-09-03 20:54:57.412 +02:00 [INF] Request starting HTTP/1.1 OPTIONS http://localhost:5088/hubs/trace/negotiate?negotiateVersion=1 - null null
2025-09-03 20:54:57.420 +02:00 [INF] CORS policy execution successful.
2025-09-03 20:54:57.426 +02:00 [INF] Request finished HTTP/1.1 OPTIONS http://localhost:5088/hubs/trace/negotiate?negotiateVersion=1 - 204 null null 14.0388ms
2025-09-03 20:54:57.429 +02:00 [INF] Request starting HTTP/1.1 POST http://localhost:5088/hubs/trace/negotiate?negotiateVersion=1 - null 0
2025-09-03 20:54:57.443 +02:00 [INF] CORS policy execution successful.
2025-09-03 20:54:57.451 +02:00 [INF] ApiKey was not authenticated. Failure message: Missing API key
2025-09-03 20:54:57.459 +02:00 [INF] Executing endpoint '/hubs/trace/negotiate'
2025-09-03 20:54:57.467 +02:00 [INF] Executed endpoint '/hubs/trace/negotiate'
2025-09-03 20:54:57.473 +02:00 [INF] Request finished HTTP/1.1 POST http://localhost:5088/hubs/trace/negotiate?negotiateVersion=1 - 200 316 application/json 44.1702ms
2025-09-03 20:54:57.478 +02:00 [INF] Request starting HTTP/1.1 GET http://localhost:5088/hubs/trace?id=QEDxxzAfLGtHaZ_Fqmvd5g - null null
2025-09-03 20:54:57.489 +02:00 [INF] CORS policy execution successful.
2025-09-03 20:54:57.494 +02:00 [INF] ApiKey was not authenticated. Failure message: Missing API key
2025-09-03 20:54:57.502 +02:00 [INF] Executing endpoint '/hubs/trace'
2025-09-03 20:55:03.459 +02:00 [INF] Request starting HTTP/1.1 OPTIONS http://localhost:5088/sessions/3688397b-05e8-4edc-9e6c-243d1538bf43/messages - null null
2025-09-03 20:55:03.465 +02:00 [INF] CORS policy execution successful.
2025-09-03 20:55:03.472 +02:00 [INF] Request finished HTTP/1.1 OPTIONS http://localhost:5088/sessions/3688397b-05e8-4edc-9e6c-243d1538bf43/messages - 204 null null 13.8871ms
2025-09-03 20:55:03.480 +02:00 [INF] Request starting HTTP/1.1 POST http://localhost:5088/sessions/3688397b-05e8-4edc-9e6c-243d1538bf43/messages - application/json 44
2025-09-03 20:55:03.487 +02:00 [INF] CORS policy execution successful.
2025-09-03 20:55:03.492 +02:00 [INF] Executing endpoint 'HTTP: POST /sessions/{id:guid}/messages'
2025-09-03 20:55:03.498 +02:00 [INF] Executed DbCommand (0ms) [Parameters=[@__p_0='?' (DbType = Guid)], CommandType='"Text"', CommandTimeout='30']
SELECT "s"."Id", "s"."AgentId", "s"."EndedUtc", "s"."LastEventIdx", "s"."StartedUtc", "s"."Status", "s"."UserId"
FROM "Sessions" AS "s"
WHERE "s"."Id" = @__p_0
LIMIT 1
2025-09-03 20:55:03.527 +02:00 [INF] Executed DbCommand (20ms) [Parameters=[@p0='?' (DbType = Guid), @p1='?' (Size = 30), @p2='?' (DbType = DateTime), @p3='?', @p4='?' (Size = 4), @p5='?' (DbType = Guid), @p6='?'], CommandType='"Text"', CommandTimeout='30']
INSERT INTO "Messages" ("Id", "Content", "CreatedUtc", "Kind", "Role", "SessionId", "TokenUsageJson")
VALUES (@p0, @p1, @p2, @p3, @p4, @p5, @p6);
2025-09-03 20:55:03.536 +02:00 [INF] Setting HTTP status code 202.
2025-09-03 20:55:03.538 +02:00 [INF] Executed DbCommand (1ms) [Parameters=[@__p_0='?' (DbType = Guid)], CommandType='"Text"', CommandTimeout='30']
SELECT "a"."Id", "a"."Autonomy", "a"."CreatedUtc", "a"."GuardrailsJson", "a"."Name", "a"."ParamsJson", "a"."Provider", "a"."SystemPrompt", "a"."Temperature", "a"."TemplateRef", "a"."TokenBudget", "a"."ToolBudget", "a"."TopP", "a"."UpdatedUtc"
FROM "Agents" AS "a"
WHERE "a"."Id" = @__p_0
LIMIT 1
2025-09-03 20:55:03.541 +02:00 [INF] Writing value of type 'AcceptedResponse' as Json.
2025-09-03 20:55:03.552 +02:00 [INF] Executed endpoint 'HTTP: POST /sessions/{id:guid}/messages'
2025-09-03 20:55:03.558 +02:00 [INF] Request finished HTTP/1.1 POST http://localhost:5088/sessions/3688397b-05e8-4edc-9e6c-243d1538bf43/messages - 202 null application/json; charset=utf-8 77.7566ms
2025-09-03 20:55:03.562 +02:00 [INF] Executed DbCommand (12ms) [Parameters=[@p0='?' (DbType = Guid), @p1='?' (Size = 30), @p2='?' (DbType = DateTime), @p3='?', @p4='?' (Size = 4), @p5='?' (DbType = Guid), @p6='?'], CommandType='"Text"', CommandTimeout='30']
INSERT INTO "Messages" ("Id", "Content", "CreatedUtc", "Kind", "Role", "SessionId", "TokenUsageJson")
VALUES (@p0, @p1, @p2, @p3, @p4, @p5, @p6);
2025-09-03 20:55:03.577 +02:00 [INF] Executed DbCommand (1ms) [Parameters=[@__agentId_0='?' (DbType = Guid)], CommandType='"Text"', CommandTimeout='30']
SELECT "a"."Id", "a"."AgentId", "a"."ConfigJson", "a"."Enabled", "a"."ToolId", "t"."Id", "t"."Description", "t"."Enabled", "t"."InputSchemaJson", "t"."McpServerId", "t"."Name", "t"."Scope", "m"."Id", "m"."AuthType", "m"."BaseUrl", "m"."LastSeenUtc", "m"."MetadataJson", "m"."Name", "m"."Status"
FROM "AgentToolBindings" AS "a"
INNER JOIN "Tools" AS "t" ON "a"."ToolId" = "t"."Id"
INNER JOIN "McpServers" AS "m" ON "t"."McpServerId" = "m"."Id"
WHERE "a"."AgentId" = @__agentId_0 AND "a"."Enabled"
2025-09-03 20:55:03.589 +02:00 [INF] Executed DbCommand (1ms) [Parameters=[@__agentId_0='?' (DbType = Guid)], CommandType='"Text"', CommandTimeout='30']
SELECT "a"."Id", "a"."AgentId", "a"."ConfigJson", "a"."Enabled", "a"."ToolId", "t"."Id", "t"."Description", "t"."Enabled", "t"."InputSchemaJson", "t"."McpServerId", "t"."Name", "t"."Scope", "m"."Id", "m"."AuthType", "m"."BaseUrl", "m"."LastSeenUtc", "m"."MetadataJson", "m"."Name", "m"."Status"
FROM "AgentToolBindings" AS "a"
INNER JOIN "Tools" AS "t" ON "a"."ToolId" = "t"."Id"
INNER JOIN "McpServers" AS "m" ON "t"."McpServerId" = "m"."Id"
WHERE "a"."AgentId" = @__agentId_0 AND "a"."Enabled"
2025-09-03 20:55:03.601 +02:00 [INF] Executed DbCommand (1ms) [Parameters=[@__sessionId_0='?' (DbType = Guid), @__kind_1='?' (Size = 11), @__p_2='?' (DbType = Int32)], CommandType='"Text"', CommandTimeout='30']
SELECT "m"."Id", "m"."Content", "m"."CreatedUtc", "m"."Kind", "m"."Role", "m"."SessionId", "m"."TokenUsageJson"
FROM "Messages" AS "m"
WHERE "m"."SessionId" = @__sessionId_0 AND "m"."Kind" = @__kind_1
ORDER BY "m"."CreatedUtc" DESC
LIMIT @__p_2
2025-09-03 20:55:03.611 +02:00 [INF] Executed DbCommand (1ms) [Parameters=[@__sessionId_0='?' (DbType = Guid), @__p_1='?' (DbType = Int32)], CommandType='"Text"', CommandTimeout='30']
SELECT "m"."Id", "m"."Content", "m"."CreatedUtc", "m"."Kind", "m"."Role", "m"."SessionId", "m"."TokenUsageJson"
FROM "Messages" AS "m"
WHERE "m"."SessionId" = @__sessionId_0
ORDER BY "m"."CreatedUtc" DESC
LIMIT @__p_1
2025-09-03 20:55:03.622 +02:00 [INF] Executed DbCommand (1ms) [Parameters=[@__agentId_0='?' (DbType = Guid)], CommandType='"Text"', CommandTimeout='30']
SELECT "a"."Id", "a"."AgentId", "a"."ConfigJson", "a"."Enabled", "a"."ToolId", "t"."Id", "t"."Description", "t"."Enabled", "t"."InputSchemaJson", "t"."McpServerId", "t"."Name", "t"."Scope", "m"."Id", "m"."AuthType", "m"."BaseUrl", "m"."LastSeenUtc", "m"."MetadataJson", "m"."Name", "m"."Status"
FROM "AgentToolBindings" AS "a"
INNER JOIN "Tools" AS "t" ON "a"."ToolId" = "t"."Id"
INNER JOIN "McpServers" AS "m" ON "t"."McpServerId" = "m"."Id"
WHERE "a"."AgentId" = @__agentId_0 AND "a"."Enabled"
2025-09-03 20:55:03.632 +02:00 [INF] Executed DbCommand (1ms) [Parameters=[@__agentId_0='?' (DbType = Guid)], CommandType='"Text"', CommandTimeout='30']
SELECT "a"."Id", "a"."AgentId", "a"."ConfigJson", "a"."Enabled", "a"."ToolId", "t"."Id", "t"."Description", "t"."Enabled", "t"."InputSchemaJson", "t"."McpServerId", "t"."Name", "t"."Scope", "m"."Id", "m"."AuthType", "m"."BaseUrl", "m"."LastSeenUtc", "m"."MetadataJson", "m"."Name", "m"."Status"
FROM "AgentToolBindings" AS "a"
INNER JOIN "Tools" AS "t" ON "a"."ToolId" = "t"."Id"
INNER JOIN "McpServers" AS "m" ON "t"."McpServerId" = "m"."Id"
WHERE "a"."AgentId" = @__agentId_0 AND "a"."Enabled"
2025-09-03 20:55:04.700 +02:00 [INF] Executed DbCommand (1ms) [Parameters=[@__sessionId_0='?' (DbType = Guid), @__p_1='?' (DbType = Int32)], CommandType='"Text"', CommandTimeout='30']
SELECT "m"."Id", "m"."Content", "m"."CreatedUtc", "m"."Kind", "m"."Role", "m"."SessionId", "m"."TokenUsageJson"
FROM "Messages" AS "m"
WHERE "m"."SessionId" = @__sessionId_0
ORDER BY "m"."CreatedUtc" DESC
LIMIT @__p_1
2025-09-03 20:55:07.871 +02:00 [INF] Executed DbCommand (19ms) [Parameters=[@p0='?' (DbType = Guid), @p1='?' (Size = 1111), @p2='?' (DbType = DateTime), @p3='?', @p4='?' (Size = 9), @p5='?' (DbType = Guid), @p6='?'], CommandType='"Text"', CommandTimeout='30']
INSERT INTO "Messages" ("Id", "Content", "CreatedUtc", "Kind", "Role", "SessionId", "TokenUsageJson")
VALUES (@p0, @p1, @p2, @p3, @p4, @p5, @p6);
2025-09-03 20:55:07.891 +02:00 [INF] Executed DbCommand (10ms) [Parameters=[@p0='?' (DbType = Guid), @p1='?' (Size = 1111), @p2='?' (DbType = DateTime), @p3='?', @p4='?' (Size = 9), @p5='?' (DbType = Guid), @p6='?'], CommandType='"Text"', CommandTimeout='30']
INSERT INTO "Messages" ("Id", "Content", "CreatedUtc", "Kind", "Role", "SessionId", "TokenUsageJson")
VALUES (@p0, @p1, @p2, @p3, @p4, @p5, @p6);
2025-09-03 20:55:12.235 +02:00 [INF] Request starting HTTP/1.1 OPTIONS http://localhost:5088/hubs/trace/negotiate?negotiateVersion=1 - null null
2025-09-03 20:55:12.237 +02:00 [INF] Executed endpoint '/hubs/trace'
2025-09-03 20:55:12.241 +02:00 [INF] CORS policy execution successful.
2025-09-03 20:55:12.249 +02:00 [INF] Request finished HTTP/1.1 GET http://localhost:5088/hubs/trace?id=QEDxxzAfLGtHaZ_Fqmvd5g - 101 null null 14771.1055ms
2025-09-03 20:55:12.255 +02:00 [INF] Request finished HTTP/1.1 OPTIONS http://localhost:5088/hubs/trace/negotiate?negotiateVersion=1 - 204 null null 20.2655ms
2025-09-03 20:55:12.260 +02:00 [INF] Request starting HTTP/1.1 POST http://localhost:5088/hubs/trace/negotiate?negotiateVersion=1 - null 0
2025-09-03 20:55:12.280 +02:00 [INF] CORS policy execution successful.
2025-09-03 20:55:12.286 +02:00 [INF] ApiKey was not authenticated. Failure message: Missing API key
2025-09-03 20:55:12.292 +02:00 [INF] Executing endpoint '/hubs/trace/negotiate'
2025-09-03 20:55:12.298 +02:00 [INF] Executed endpoint '/hubs/trace/negotiate'
2025-09-03 20:55:12.303 +02:00 [INF] Request finished HTTP/1.1 POST http://localhost:5088/hubs/trace/negotiate?negotiateVersion=1 - 200 316 application/json 43.3605ms
2025-09-03 20:55:12.305 +02:00 [INF] Request starting HTTP/1.1 GET http://localhost:5088/hubs/trace?id=KhJIHaHQ_OZtRFjkOwiP9g - null null
2025-09-03 20:55:12.315 +02:00 [INF] CORS policy execution successful.
2025-09-03 20:55:12.320 +02:00 [INF] ApiKey was not authenticated. Failure message: Missing API key
2025-09-03 20:55:12.324 +02:00 [INF] Executing endpoint '/hubs/trace'
2025-09-03 20:56:20.951 +02:00 [INF] Application is shutting down...
2025-09-03 20:56:20.956 +02:00 [INF] Executed endpoint '/hubs/trace'
2025-09-03 20:56:20.961 +02:00 [INF] Request finished HTTP/1.1 GET http://localhost:5088/hubs/trace?id=KhJIHaHQ_OZtRFjkOwiP9g - 101 null null 68655.9168ms
2025-09-03 20:56:27.868 +02:00 [INF] User profile is available. Using 'C:\Users\Usuario\AppData\Local\ASP.NET\DataProtection-Keys' as key repository and Windows DPAPI to encrypt keys at rest.
2025-09-03 20:56:28.383 +02:00 [INF] Now listening on: http://localhost:5088
2025-09-03 20:56:28.390 +02:00 [INF] Application started. Press Ctrl+C to shut down.
2025-09-03 20:56:28.393 +02:00 [INF] Hosting environment: Development
2025-09-03 20:56:28.395 +02:00 [INF] Content root path: D:\BearDevelopment\AutoAgent\autoagent_back\src\AutoAgentes.Api
2025-09-03 20:56:28.490 +02:00 [INF] Request starting HTTP/1.1 OPTIONS http://localhost:5088/hubs/trace/negotiate?negotiateVersion=1 - null null
2025-09-03 20:56:28.597 +02:00 [INF] CORS policy execution successful.
2025-09-03 20:56:28.612 +02:00 [INF] Request finished HTTP/1.1 OPTIONS http://localhost:5088/hubs/trace/negotiate?negotiateVersion=1 - 204 null null 143.2041ms
2025-09-03 20:56:28.617 +02:00 [INF] Request starting HTTP/1.1 POST http://localhost:5088/hubs/trace/negotiate?negotiateVersion=1 - null 0
2025-09-03 20:56:28.630 +02:00 [INF] CORS policy execution successful.
2025-09-03 20:56:28.650 +02:00 [INF] ApiKey was not authenticated. Failure message: Missing API key
2025-09-03 20:56:28.659 +02:00 [INF] Executing endpoint '/hubs/trace/negotiate'
2025-09-03 20:56:28.677 +02:00 [INF] Executed endpoint '/hubs/trace/negotiate'
2025-09-03 20:56:28.685 +02:00 [INF] Request finished HTTP/1.1 POST http://localhost:5088/hubs/trace/negotiate?negotiateVersion=1 - 200 316 application/json 68.669ms
2025-09-03 20:56:28.687 +02:00 [INF] Request starting HTTP/1.1 GET http://localhost:5088/hubs/trace?id=o7Kop8_Rl7ThOckWhP_9LQ - null null
2025-09-03 20:56:28.704 +02:00 [INF] CORS policy execution successful.
2025-09-03 20:56:28.714 +02:00 [INF] ApiKey was not authenticated. Failure message: Missing API key
2025-09-03 20:56:28.719 +02:00 [INF] Executing endpoint '/hubs/trace'
2025-09-03 20:57:59.802 +02:00 [INF] Executed endpoint '/hubs/trace'
2025-09-03 20:57:59.816 +02:00 [INF] Request finished HTTP/1.1 GET http://localhost:5088/hubs/trace?id=o7Kop8_Rl7ThOckWhP_9LQ - 101 null null 91129.4833ms
2025-09-03 20:58:00.511 +02:00 [INF] Request starting HTTP/1.1 OPTIONS http://localhost:5088/agents/1e5ffb9e-fb28-4405-b82b-b4647aa5a865 - null null
2025-09-03 20:58:00.514 +02:00 [INF] Request starting HTTP/1.1 OPTIONS http://localhost:5088/agents/1e5ffb9e-fb28-4405-b82b-b4647aa5a865/bindings - null null
2025-09-03 20:58:00.520 +02:00 [INF] CORS policy execution successful.
2025-09-03 20:58:00.525 +02:00 [INF] CORS policy execution successful.
2025-09-03 20:58:00.531 +02:00 [INF] Request finished HTTP/1.1 OPTIONS http://localhost:5088/agents/1e5ffb9e-fb28-4405-b82b-b4647aa5a865 - 204 null null 21.7669ms
2025-09-03 20:58:00.536 +02:00 [INF] Request finished HTTP/1.1 OPTIONS http://localhost:5088/agents/1e5ffb9e-fb28-4405-b82b-b4647aa5a865/bindings - 204 null null 22.2588ms
2025-09-03 20:58:00.544 +02:00 [INF] Request starting HTTP/1.1 GET http://localhost:5088/agents/1e5ffb9e-fb28-4405-b82b-b4647aa5a865 - application/json null
2025-09-03 20:58:00.550 +02:00 [INF] Request starting HTTP/1.1 GET http://localhost:5088/agents/1e5ffb9e-fb28-4405-b82b-b4647aa5a865/bindings - application/json null
2025-09-03 20:58:00.558 +02:00 [INF] CORS policy execution successful.
2025-09-03 20:58:00.563 +02:00 [INF] CORS policy execution successful.
2025-09-03 20:58:00.575 +02:00 [INF] Executing endpoint 'HTTP: GET /agents/{id:guid}'
2025-09-03 20:58:00.575 +02:00 [INF] Executing endpoint 'HTTP: GET /agents/{id:guid}/bindings'
2025-09-03 20:58:01.696 +02:00 [INF] Executed DbCommand (8ms) [Parameters=[@__agentId_0='?' (DbType = Guid)], CommandType='"Text"', CommandTimeout='30']
SELECT "a"."Id", "a"."AgentId", "a"."ConfigJson", "a"."Enabled", "a"."ToolId"
FROM "AgentToolBindings" AS "a"
WHERE "a"."AgentId" = @__agentId_0
2025-09-03 20:58:01.705 +02:00 [ERR] Failed executing DbCommand (22ms) [Parameters=[@__p_0='?' (DbType = Guid)], CommandType='"Text"', CommandTimeout='30']
SELECT "a"."Id", "a"."AllowUnknownTools", "a"."AllowedToolsCsv", "a"."Autonomy", "a"."BlockedToolsCsv", "a"."CreatedUtc", "a"."GuardrailsJson", "a"."Name", "a"."ParamsJson", "a"."PlannerMaxSteps", "a"."PlannerMaxTokens", "a"."PlannerStop", "a"."PlannerTemperature", "a"."PlannerTopP", "a"."Provider", "a"."SystemPrompt", "a"."Temperature", "a"."TemplateRef", "a"."TokenBudget", "a"."ToolBudget", "a"."TopP", "a"."UpdatedUtc"
FROM "Agents" AS "a"
WHERE "a"."Id" = @__p_0
LIMIT 1
2025-09-03 20:58:01.727 +02:00 [ERR] An exception occurred while iterating over the results of a query for context type 'AutoAgentes.Infrastructure.AppDbContext'.
Microsoft.Data.Sqlite.SqliteException (0x80004005): SQLite Error 1: 'no such column: a.AllowUnknownTools'.
   at Microsoft.Data.Sqlite.SqliteException.ThrowExceptionForRC(Int32 rc, sqlite3 db)
   at Microsoft.Data.Sqlite.SqliteCommand.PrepareAndEnumerateStatements()+MoveNext()
   at Microsoft.Data.Sqlite.SqliteCommand.GetStatements()+MoveNext()
   at Microsoft.Data.Sqlite.SqliteDataReader.NextResult()
   at Microsoft.Data.Sqlite.SqliteCommand.ExecuteReader(CommandBehavior behavior)
   at Microsoft.Data.Sqlite.SqliteCommand.ExecuteReaderAsync(CommandBehavior behavior, CancellationToken cancellationToken)
   at Microsoft.Data.Sqlite.SqliteCommand.ExecuteDbDataReaderAsync(CommandBehavior behavior, CancellationToken cancellationToken)
   at Microsoft.EntityFrameworkCore.Storage.RelationalCommand.ExecuteReaderAsync(RelationalCommandParameterObject parameterObject, CancellationToken cancellationToken)
   at Microsoft.EntityFrameworkCore.Storage.RelationalCommand.ExecuteReaderAsync(RelationalCommandParameterObject parameterObject, CancellationToken cancellationToken)
   at Microsoft.EntityFrameworkCore.Query.Internal.SingleQueryingEnumerable`1.AsyncEnumerator.InitializeReaderAsync(AsyncEnumerator enumerator, CancellationToken cancellationToken)
   at Microsoft.EntityFrameworkCore.Query.Internal.SingleQueryingEnumerable`1.AsyncEnumerator.MoveNextAsync()
Microsoft.Data.Sqlite.SqliteException (0x80004005): SQLite Error 1: 'no such column: a.AllowUnknownTools'.
   at Microsoft.Data.Sqlite.SqliteException.ThrowExceptionForRC(Int32 rc, sqlite3 db)
   at Microsoft.Data.Sqlite.SqliteCommand.PrepareAndEnumerateStatements()+MoveNext()
   at Microsoft.Data.Sqlite.SqliteCommand.GetStatements()+MoveNext()
   at Microsoft.Data.Sqlite.SqliteDataReader.NextResult()
   at Microsoft.Data.Sqlite.SqliteCommand.ExecuteReader(CommandBehavior behavior)
   at Microsoft.Data.Sqlite.SqliteCommand.ExecuteReaderAsync(CommandBehavior behavior, CancellationToken cancellationToken)
   at Microsoft.Data.Sqlite.SqliteCommand.ExecuteDbDataReaderAsync(CommandBehavior behavior, CancellationToken cancellationToken)
   at Microsoft.EntityFrameworkCore.Storage.RelationalCommand.ExecuteReaderAsync(RelationalCommandParameterObject parameterObject, CancellationToken cancellationToken)
   at Microsoft.EntityFrameworkCore.Storage.RelationalCommand.ExecuteReaderAsync(RelationalCommandParameterObject parameterObject, CancellationToken cancellationToken)
   at Microsoft.EntityFrameworkCore.Query.Internal.SingleQueryingEnumerable`1.AsyncEnumerator.InitializeReaderAsync(AsyncEnumerator enumerator, CancellationToken cancellationToken)
   at Microsoft.EntityFrameworkCore.Query.Internal.SingleQueryingEnumerable`1.AsyncEnumerator.MoveNextAsync()
2025-09-03 20:58:01.739 +02:00 [INF] Executed endpoint 'HTTP: GET /agents/{id:guid}'
2025-09-03 20:58:01.745 +02:00 [ERR] An unhandled exception has occurred while executing the request.
Microsoft.Data.Sqlite.SqliteException (0x80004005): SQLite Error 1: 'no such column: a.AllowUnknownTools'.
   at Microsoft.Data.Sqlite.SqliteException.ThrowExceptionForRC(Int32 rc, sqlite3 db)
   at Microsoft.Data.Sqlite.SqliteCommand.PrepareAndEnumerateStatements()+MoveNext()
   at Microsoft.Data.Sqlite.SqliteCommand.GetStatements()+MoveNext()
   at Microsoft.Data.Sqlite.SqliteDataReader.NextResult()
   at Microsoft.Data.Sqlite.SqliteCommand.ExecuteReader(CommandBehavior behavior)
   at Microsoft.Data.Sqlite.SqliteCommand.ExecuteReaderAsync(CommandBehavior behavior, CancellationToken cancellationToken)
   at Microsoft.Data.Sqlite.SqliteCommand.ExecuteDbDataReaderAsync(CommandBehavior behavior, CancellationToken cancellationToken)
   at Microsoft.EntityFrameworkCore.Storage.RelationalCommand.ExecuteReaderAsync(RelationalCommandParameterObject parameterObject, CancellationToken cancellationToken)
   at Microsoft.EntityFrameworkCore.Storage.RelationalCommand.ExecuteReaderAsync(RelationalCommandParameterObject parameterObject, CancellationToken cancellationToken)
   at Microsoft.EntityFrameworkCore.Query.Internal.SingleQueryingEnumerable`1.AsyncEnumerator.InitializeReaderAsync(AsyncEnumerator enumerator, CancellationToken cancellationToken)
   at Microsoft.EntityFrameworkCore.Query.Internal.SingleQueryingEnumerable`1.AsyncEnumerator.MoveNextAsync()
   at Microsoft.EntityFrameworkCore.Query.ShapedQueryCompilingExpressionVisitor.SingleOrDefaultAsync[TSource](IAsyncEnumerable`1 asyncEnumerable, CancellationToken cancellationToken)
   at Microsoft.EntityFrameworkCore.Query.ShapedQueryCompilingExpressionVisitor.SingleOrDefaultAsync[TSource](IAsyncEnumerable`1 asyncEnumerable, CancellationToken cancellationToken)
   at AutoAgentes.Infrastructure.Services.AgentsService.GetAgentAsync(Guid id) in D:\BearDevelopment\AutoAgent\autoagent_back\src\AutoAgentes.Infrastructure\Services\AgentsService.cs:line 57
   at AutoAgentes.Api.Endpoints.<>c.<<MapApi>b__0_8>d.MoveNext() in D:\BearDevelopment\AutoAgent\autoagent_back\src\AutoAgentes.Api\Endpoints.cs:line 85
--- End of stack trace from previous location ---
   at Microsoft.AspNetCore.Http.RequestDelegateFactory.ExecuteTaskResult[T](Task`1 task, HttpContext httpContext)
   at Microsoft.AspNetCore.Routing.EndpointMiddleware.<Invoke>g__AwaitRequestTask|7_0(Endpoint endpoint, Task requestTask, ILogger logger)
   at Microsoft.AspNetCore.Authentication.AuthenticationMiddleware.Invoke(HttpContext context)
   at Microsoft.AspNetCore.RateLimiting.RateLimitingMiddleware.InvokeInternal(HttpContext context, EnableRateLimitingAttribute enableRateLimitingAttribute)
   at Swashbuckle.AspNetCore.SwaggerUI.SwaggerUIMiddleware.Invoke(HttpContext httpContext)
   at Swashbuckle.AspNetCore.Swagger.SwaggerMiddleware.Invoke(HttpContext httpContext, ISwaggerProvider swaggerProvider)
   at Microsoft.AspNetCore.Authorization.AuthorizationMiddleware.Invoke(HttpContext context)
   at Microsoft.AspNetCore.Diagnostics.DeveloperExceptionPageMiddlewareImpl.Invoke(HttpContext context)
2025-09-03 20:58:01.753 +02:00 [INF] Setting HTTP status code 200.
2025-09-03 20:58:01.837 +02:00 [INF] Writing value of type 'List`1' as Json.
2025-09-03 20:58:01.845 +02:00 [INF] Request finished HTTP/1.1 GET http://localhost:5088/agents/1e5ffb9e-fb28-4405-b82b-b4647aa5a865 - 500 null text/plain; charset=utf-8 1301.587ms
2025-09-03 20:58:01.866 +02:00 [INF] Executed endpoint 'HTTP: GET /agents/{id:guid}/bindings'
2025-09-03 20:58:01.875 +02:00 [INF] Request finished HTTP/1.1 GET http://localhost:5088/agents/1e5ffb9e-fb28-4405-b82b-b4647aa5a865/bindings - 200 null application/json; charset=utf-8 1325.4928ms
2025-09-03 20:58:02.855 +02:00 [INF] Request starting HTTP/1.1 OPTIONS http://localhost:5088/agents/1e5ffb9e-fb28-4405-b82b-b4647aa5a865 - null null
2025-09-03 20:58:02.866 +02:00 [INF] CORS policy execution successful.
2025-09-03 20:58:02.872 +02:00 [INF] Request finished HTTP/1.1 OPTIONS http://localhost:5088/agents/1e5ffb9e-fb28-4405-b82b-b4647aa5a865 - 204 null null 18.4098ms
2025-09-03 20:58:02.879 +02:00 [INF] Request starting HTTP/1.1 GET http://localhost:5088/agents/1e5ffb9e-fb28-4405-b82b-b4647aa5a865 - application/json null
2025-09-03 20:58:02.888 +02:00 [INF] CORS policy execution successful.
2025-09-03 20:58:02.893 +02:00 [INF] Executing endpoint 'HTTP: GET /agents/{id:guid}'
2025-09-03 20:58:02.948 +02:00 [ERR] Failed executing DbCommand (1ms) [Parameters=[@__p_0='?' (DbType = Guid)], CommandType='"Text"', CommandTimeout='30']
SELECT "a"."Id", "a"."AllowUnknownTools", "a"."AllowedToolsCsv", "a"."Autonomy", "a"."BlockedToolsCsv", "a"."CreatedUtc", "a"."GuardrailsJson", "a"."Name", "a"."ParamsJson", "a"."PlannerMaxSteps", "a"."PlannerMaxTokens", "a"."PlannerStop", "a"."PlannerTemperature", "a"."PlannerTopP", "a"."Provider", "a"."SystemPrompt", "a"."Temperature", "a"."TemplateRef", "a"."TokenBudget", "a"."ToolBudget", "a"."TopP", "a"."UpdatedUtc"
FROM "Agents" AS "a"
WHERE "a"."Id" = @__p_0
LIMIT 1
2025-09-03 20:58:02.960 +02:00 [ERR] An exception occurred while iterating over the results of a query for context type 'AutoAgentes.Infrastructure.AppDbContext'.
Microsoft.Data.Sqlite.SqliteException (0x80004005): SQLite Error 1: 'no such column: a.AllowUnknownTools'.
   at Microsoft.Data.Sqlite.SqliteException.ThrowExceptionForRC(Int32 rc, sqlite3 db)
   at Microsoft.Data.Sqlite.SqliteCommand.PrepareAndEnumerateStatements()+MoveNext()
   at Microsoft.Data.Sqlite.SqliteCommand.GetStatements()+MoveNext()
   at Microsoft.Data.Sqlite.SqliteDataReader.NextResult()
   at Microsoft.Data.Sqlite.SqliteCommand.ExecuteReader(CommandBehavior behavior)
   at Microsoft.Data.Sqlite.SqliteCommand.ExecuteReaderAsync(CommandBehavior behavior, CancellationToken cancellationToken)
   at Microsoft.Data.Sqlite.SqliteCommand.ExecuteDbDataReaderAsync(CommandBehavior behavior, CancellationToken cancellationToken)
   at Microsoft.EntityFrameworkCore.Storage.RelationalCommand.ExecuteReaderAsync(RelationalCommandParameterObject parameterObject, CancellationToken cancellationToken)
   at Microsoft.EntityFrameworkCore.Storage.RelationalCommand.ExecuteReaderAsync(RelationalCommandParameterObject parameterObject, CancellationToken cancellationToken)
   at Microsoft.EntityFrameworkCore.Query.Internal.SingleQueryingEnumerable`1.AsyncEnumerator.InitializeReaderAsync(AsyncEnumerator enumerator, CancellationToken cancellationToken)
   at Microsoft.EntityFrameworkCore.Query.Internal.SingleQueryingEnumerable`1.AsyncEnumerator.MoveNextAsync()
Microsoft.Data.Sqlite.SqliteException (0x80004005): SQLite Error 1: 'no such column: a.AllowUnknownTools'.
   at Microsoft.Data.Sqlite.SqliteException.ThrowExceptionForRC(Int32 rc, sqlite3 db)
   at Microsoft.Data.Sqlite.SqliteCommand.PrepareAndEnumerateStatements()+MoveNext()
   at Microsoft.Data.Sqlite.SqliteCommand.GetStatements()+MoveNext()
   at Microsoft.Data.Sqlite.SqliteDataReader.NextResult()
   at Microsoft.Data.Sqlite.SqliteCommand.ExecuteReader(CommandBehavior behavior)
   at Microsoft.Data.Sqlite.SqliteCommand.ExecuteReaderAsync(CommandBehavior behavior, CancellationToken cancellationToken)
   at Microsoft.Data.Sqlite.SqliteCommand.ExecuteDbDataReaderAsync(CommandBehavior behavior, CancellationToken cancellationToken)
   at Microsoft.EntityFrameworkCore.Storage.RelationalCommand.ExecuteReaderAsync(RelationalCommandParameterObject parameterObject, CancellationToken cancellationToken)
   at Microsoft.EntityFrameworkCore.Storage.RelationalCommand.ExecuteReaderAsync(RelationalCommandParameterObject parameterObject, CancellationToken cancellationToken)
   at Microsoft.EntityFrameworkCore.Query.Internal.SingleQueryingEnumerable`1.AsyncEnumerator.InitializeReaderAsync(AsyncEnumerator enumerator, CancellationToken cancellationToken)
   at Microsoft.EntityFrameworkCore.Query.Internal.SingleQueryingEnumerable`1.AsyncEnumerator.MoveNextAsync()
2025-09-03 20:58:02.973 +02:00 [INF] Executed endpoint 'HTTP: GET /agents/{id:guid}'
2025-09-03 20:58:02.979 +02:00 [ERR] An unhandled exception has occurred while executing the request.
Microsoft.Data.Sqlite.SqliteException (0x80004005): SQLite Error 1: 'no such column: a.AllowUnknownTools'.
   at Microsoft.Data.Sqlite.SqliteException.ThrowExceptionForRC(Int32 rc, sqlite3 db)
   at Microsoft.Data.Sqlite.SqliteCommand.PrepareAndEnumerateStatements()+MoveNext()
   at Microsoft.Data.Sqlite.SqliteCommand.GetStatements()+MoveNext()
   at Microsoft.Data.Sqlite.SqliteDataReader.NextResult()
   at Microsoft.Data.Sqlite.SqliteCommand.ExecuteReader(CommandBehavior behavior)
   at Microsoft.Data.Sqlite.SqliteCommand.ExecuteReaderAsync(CommandBehavior behavior, CancellationToken cancellationToken)
   at Microsoft.Data.Sqlite.SqliteCommand.ExecuteDbDataReaderAsync(CommandBehavior behavior, CancellationToken cancellationToken)
   at Microsoft.EntityFrameworkCore.Storage.RelationalCommand.ExecuteReaderAsync(RelationalCommandParameterObject parameterObject, CancellationToken cancellationToken)
   at Microsoft.EntityFrameworkCore.Storage.RelationalCommand.ExecuteReaderAsync(RelationalCommandParameterObject parameterObject, CancellationToken cancellationToken)
   at Microsoft.EntityFrameworkCore.Query.Internal.SingleQueryingEnumerable`1.AsyncEnumerator.InitializeReaderAsync(AsyncEnumerator enumerator, CancellationToken cancellationToken)
   at Microsoft.EntityFrameworkCore.Query.Internal.SingleQueryingEnumerable`1.AsyncEnumerator.MoveNextAsync()
   at Microsoft.EntityFrameworkCore.Query.ShapedQueryCompilingExpressionVisitor.SingleOrDefaultAsync[TSource](IAsyncEnumerable`1 asyncEnumerable, CancellationToken cancellationToken)
   at Microsoft.EntityFrameworkCore.Query.ShapedQueryCompilingExpressionVisitor.SingleOrDefaultAsync[TSource](IAsyncEnumerable`1 asyncEnumerable, CancellationToken cancellationToken)
   at AutoAgentes.Infrastructure.Services.AgentsService.GetAgentAsync(Guid id) in D:\BearDevelopment\AutoAgent\autoagent_back\src\AutoAgentes.Infrastructure\Services\AgentsService.cs:line 57
   at AutoAgentes.Api.Endpoints.<>c.<<MapApi>b__0_8>d.MoveNext() in D:\BearDevelopment\AutoAgent\autoagent_back\src\AutoAgentes.Api\Endpoints.cs:line 85
--- End of stack trace from previous location ---
   at Microsoft.AspNetCore.Http.RequestDelegateFactory.ExecuteTaskResult[T](Task`1 task, HttpContext httpContext)
   at Microsoft.AspNetCore.Routing.EndpointMiddleware.<Invoke>g__AwaitRequestTask|7_0(Endpoint endpoint, Task requestTask, ILogger logger)
   at Microsoft.AspNetCore.Authentication.AuthenticationMiddleware.Invoke(HttpContext context)
   at Microsoft.AspNetCore.RateLimiting.RateLimitingMiddleware.InvokeInternal(HttpContext context, EnableRateLimitingAttribute enableRateLimitingAttribute)
   at Swashbuckle.AspNetCore.SwaggerUI.SwaggerUIMiddleware.Invoke(HttpContext httpContext)
   at Swashbuckle.AspNetCore.Swagger.SwaggerMiddleware.Invoke(HttpContext httpContext, ISwaggerProvider swaggerProvider)
   at Microsoft.AspNetCore.Authorization.AuthorizationMiddleware.Invoke(HttpContext context)
   at Microsoft.AspNetCore.Diagnostics.DeveloperExceptionPageMiddlewareImpl.Invoke(HttpContext context)
2025-09-03 20:58:02.996 +02:00 [INF] Request finished HTTP/1.1 GET http://localhost:5088/agents/1e5ffb9e-fb28-4405-b82b-b4647aa5a865 - 500 null text/plain; charset=utf-8 116.7142ms
2025-09-03 20:58:05.013 +02:00 [INF] Request starting HTTP/1.1 OPTIONS http://localhost:5088/agents/1e5ffb9e-fb28-4405-b82b-b4647aa5a865 - null null
2025-09-03 20:58:05.022 +02:00 [INF] CORS policy execution successful.
2025-09-03 20:58:05.028 +02:00 [INF] Request finished HTTP/1.1 OPTIONS http://localhost:5088/agents/1e5ffb9e-fb28-4405-b82b-b4647aa5a865 - 204 null null 15.0437ms
2025-09-03 20:58:05.035 +02:00 [INF] Request starting HTTP/1.1 GET http://localhost:5088/agents/1e5ffb9e-fb28-4405-b82b-b4647aa5a865 - application/json null
2025-09-03 20:58:05.042 +02:00 [INF] CORS policy execution successful.
2025-09-03 20:58:05.047 +02:00 [INF] Executing endpoint 'HTTP: GET /agents/{id:guid}'
2025-09-03 20:58:05.054 +02:00 [ERR] Failed executing DbCommand (1ms) [Parameters=[@__p_0='?' (DbType = Guid)], CommandType='"Text"', CommandTimeout='30']
SELECT "a"."Id", "a"."AllowUnknownTools", "a"."AllowedToolsCsv", "a"."Autonomy", "a"."BlockedToolsCsv", "a"."CreatedUtc", "a"."GuardrailsJson", "a"."Name", "a"."ParamsJson", "a"."PlannerMaxSteps", "a"."PlannerMaxTokens", "a"."PlannerStop", "a"."PlannerTemperature", "a"."PlannerTopP", "a"."Provider", "a"."SystemPrompt", "a"."Temperature", "a"."TemplateRef", "a"."TokenBudget", "a"."ToolBudget", "a"."TopP", "a"."UpdatedUtc"
FROM "Agents" AS "a"
WHERE "a"."Id" = @__p_0
LIMIT 1
2025-09-03 20:58:05.061 +02:00 [ERR] An exception occurred while iterating over the results of a query for context type 'AutoAgentes.Infrastructure.AppDbContext'.
Microsoft.Data.Sqlite.SqliteException (0x80004005): SQLite Error 1: 'no such column: a.AllowUnknownTools'.
   at Microsoft.Data.Sqlite.SqliteException.ThrowExceptionForRC(Int32 rc, sqlite3 db)
   at Microsoft.Data.Sqlite.SqliteCommand.PrepareAndEnumerateStatements()+MoveNext()
   at Microsoft.Data.Sqlite.SqliteCommand.GetStatements()+MoveNext()
   at Microsoft.Data.Sqlite.SqliteDataReader.NextResult()
   at Microsoft.Data.Sqlite.SqliteCommand.ExecuteReader(CommandBehavior behavior)
   at Microsoft.Data.Sqlite.SqliteCommand.ExecuteReaderAsync(CommandBehavior behavior, CancellationToken cancellationToken)
   at Microsoft.Data.Sqlite.SqliteCommand.ExecuteDbDataReaderAsync(CommandBehavior behavior, CancellationToken cancellationToken)
   at Microsoft.EntityFrameworkCore.Storage.RelationalCommand.ExecuteReaderAsync(RelationalCommandParameterObject parameterObject, CancellationToken cancellationToken)
   at Microsoft.EntityFrameworkCore.Storage.RelationalCommand.ExecuteReaderAsync(RelationalCommandParameterObject parameterObject, CancellationToken cancellationToken)
   at Microsoft.EntityFrameworkCore.Query.Internal.SingleQueryingEnumerable`1.AsyncEnumerator.InitializeReaderAsync(AsyncEnumerator enumerator, CancellationToken cancellationToken)
   at Microsoft.EntityFrameworkCore.Query.Internal.SingleQueryingEnumerable`1.AsyncEnumerator.MoveNextAsync()
Microsoft.Data.Sqlite.SqliteException (0x80004005): SQLite Error 1: 'no such column: a.AllowUnknownTools'.
   at Microsoft.Data.Sqlite.SqliteException.ThrowExceptionForRC(Int32 rc, sqlite3 db)
   at Microsoft.Data.Sqlite.SqliteCommand.PrepareAndEnumerateStatements()+MoveNext()
   at Microsoft.Data.Sqlite.SqliteCommand.GetStatements()+MoveNext()
   at Microsoft.Data.Sqlite.SqliteDataReader.NextResult()
   at Microsoft.Data.Sqlite.SqliteCommand.ExecuteReader(CommandBehavior behavior)
   at Microsoft.Data.Sqlite.SqliteCommand.ExecuteReaderAsync(CommandBehavior behavior, CancellationToken cancellationToken)
   at Microsoft.Data.Sqlite.SqliteCommand.ExecuteDbDataReaderAsync(CommandBehavior behavior, CancellationToken cancellationToken)
   at Microsoft.EntityFrameworkCore.Storage.RelationalCommand.ExecuteReaderAsync(RelationalCommandParameterObject parameterObject, CancellationToken cancellationToken)
   at Microsoft.EntityFrameworkCore.Storage.RelationalCommand.ExecuteReaderAsync(RelationalCommandParameterObject parameterObject, CancellationToken cancellationToken)
   at Microsoft.EntityFrameworkCore.Query.Internal.SingleQueryingEnumerable`1.AsyncEnumerator.InitializeReaderAsync(AsyncEnumerator enumerator, CancellationToken cancellationToken)
   at Microsoft.EntityFrameworkCore.Query.Internal.SingleQueryingEnumerable`1.AsyncEnumerator.MoveNextAsync()
2025-09-03 20:58:05.073 +02:00 [INF] Executed endpoint 'HTTP: GET /agents/{id:guid}'
2025-09-03 20:58:05.078 +02:00 [ERR] An unhandled exception has occurred while executing the request.
Microsoft.Data.Sqlite.SqliteException (0x80004005): SQLite Error 1: 'no such column: a.AllowUnknownTools'.
   at Microsoft.Data.Sqlite.SqliteException.ThrowExceptionForRC(Int32 rc, sqlite3 db)
   at Microsoft.Data.Sqlite.SqliteCommand.PrepareAndEnumerateStatements()+MoveNext()
   at Microsoft.Data.Sqlite.SqliteCommand.GetStatements()+MoveNext()
   at Microsoft.Data.Sqlite.SqliteDataReader.NextResult()
   at Microsoft.Data.Sqlite.SqliteCommand.ExecuteReader(CommandBehavior behavior)
   at Microsoft.Data.Sqlite.SqliteCommand.ExecuteReaderAsync(CommandBehavior behavior, CancellationToken cancellationToken)
   at Microsoft.Data.Sqlite.SqliteCommand.ExecuteDbDataReaderAsync(CommandBehavior behavior, CancellationToken cancellationToken)
   at Microsoft.EntityFrameworkCore.Storage.RelationalCommand.ExecuteReaderAsync(RelationalCommandParameterObject parameterObject, CancellationToken cancellationToken)
   at Microsoft.EntityFrameworkCore.Storage.RelationalCommand.ExecuteReaderAsync(RelationalCommandParameterObject parameterObject, CancellationToken cancellationToken)
   at Microsoft.EntityFrameworkCore.Query.Internal.SingleQueryingEnumerable`1.AsyncEnumerator.InitializeReaderAsync(AsyncEnumerator enumerator, CancellationToken cancellationToken)
   at Microsoft.EntityFrameworkCore.Query.Internal.SingleQueryingEnumerable`1.AsyncEnumerator.MoveNextAsync()
   at Microsoft.EntityFrameworkCore.Query.ShapedQueryCompilingExpressionVisitor.SingleOrDefaultAsync[TSource](IAsyncEnumerable`1 asyncEnumerable, CancellationToken cancellationToken)
   at Microsoft.EntityFrameworkCore.Query.ShapedQueryCompilingExpressionVisitor.SingleOrDefaultAsync[TSource](IAsyncEnumerable`1 asyncEnumerable, CancellationToken cancellationToken)
   at AutoAgentes.Infrastructure.Services.AgentsService.GetAgentAsync(Guid id) in D:\BearDevelopment\AutoAgent\autoagent_back\src\AutoAgentes.Infrastructure\Services\AgentsService.cs:line 57
   at AutoAgentes.Api.Endpoints.<>c.<<MapApi>b__0_8>d.MoveNext() in D:\BearDevelopment\AutoAgent\autoagent_back\src\AutoAgentes.Api\Endpoints.cs:line 85
--- End of stack trace from previous location ---
   at Microsoft.AspNetCore.Http.RequestDelegateFactory.ExecuteTaskResult[T](Task`1 task, HttpContext httpContext)
   at Microsoft.AspNetCore.Routing.EndpointMiddleware.<Invoke>g__AwaitRequestTask|7_0(Endpoint endpoint, Task requestTask, ILogger logger)
   at Microsoft.AspNetCore.Authentication.AuthenticationMiddleware.Invoke(HttpContext context)
   at Microsoft.AspNetCore.RateLimiting.RateLimitingMiddleware.InvokeInternal(HttpContext context, EnableRateLimitingAttribute enableRateLimitingAttribute)
   at Swashbuckle.AspNetCore.SwaggerUI.SwaggerUIMiddleware.Invoke(HttpContext httpContext)
   at Swashbuckle.AspNetCore.Swagger.SwaggerMiddleware.Invoke(HttpContext httpContext, ISwaggerProvider swaggerProvider)
   at Microsoft.AspNetCore.Authorization.AuthorizationMiddleware.Invoke(HttpContext context)
   at Microsoft.AspNetCore.Diagnostics.DeveloperExceptionPageMiddlewareImpl.Invoke(HttpContext context)
2025-09-03 20:58:05.090 +02:00 [INF] Request finished HTTP/1.1 GET http://localhost:5088/agents/1e5ffb9e-fb28-4405-b82b-b4647aa5a865 - 500 null text/plain; charset=utf-8 54.9105ms
2025-09-03 20:58:09.110 +02:00 [INF] Request starting HTTP/1.1 OPTIONS http://localhost:5088/agents/1e5ffb9e-fb28-4405-b82b-b4647aa5a865 - null null
2025-09-03 20:58:09.117 +02:00 [INF] CORS policy execution successful.
2025-09-03 20:58:09.123 +02:00 [INF] Request finished HTTP/1.1 OPTIONS http://localhost:5088/agents/1e5ffb9e-fb28-4405-b82b-b4647aa5a865 - 204 null null 13.1459ms
2025-09-03 20:58:09.130 +02:00 [INF] Request starting HTTP/1.1 GET http://localhost:5088/agents/1e5ffb9e-fb28-4405-b82b-b4647aa5a865 - application/json null
2025-09-03 20:58:09.135 +02:00 [INF] CORS policy execution successful.
2025-09-03 20:58:09.144 +02:00 [INF] Executing endpoint 'HTTP: GET /agents/{id:guid}'
2025-09-03 20:58:09.152 +02:00 [ERR] Failed executing DbCommand (1ms) [Parameters=[@__p_0='?' (DbType = Guid)], CommandType='"Text"', CommandTimeout='30']
SELECT "a"."Id", "a"."AllowUnknownTools", "a"."AllowedToolsCsv", "a"."Autonomy", "a"."BlockedToolsCsv", "a"."CreatedUtc", "a"."GuardrailsJson", "a"."Name", "a"."ParamsJson", "a"."PlannerMaxSteps", "a"."PlannerMaxTokens", "a"."PlannerStop", "a"."PlannerTemperature", "a"."PlannerTopP", "a"."Provider", "a"."SystemPrompt", "a"."Temperature", "a"."TemplateRef", "a"."TokenBudget", "a"."ToolBudget", "a"."TopP", "a"."UpdatedUtc"
FROM "Agents" AS "a"
WHERE "a"."Id" = @__p_0
LIMIT 1
2025-09-03 20:58:09.161 +02:00 [ERR] An exception occurred while iterating over the results of a query for context type 'AutoAgentes.Infrastructure.AppDbContext'.
Microsoft.Data.Sqlite.SqliteException (0x80004005): SQLite Error 1: 'no such column: a.AllowUnknownTools'.
   at Microsoft.Data.Sqlite.SqliteException.ThrowExceptionForRC(Int32 rc, sqlite3 db)
   at Microsoft.Data.Sqlite.SqliteCommand.PrepareAndEnumerateStatements()+MoveNext()
   at Microsoft.Data.Sqlite.SqliteCommand.GetStatements()+MoveNext()
   at Microsoft.Data.Sqlite.SqliteDataReader.NextResult()
   at Microsoft.Data.Sqlite.SqliteCommand.ExecuteReader(CommandBehavior behavior)
   at Microsoft.Data.Sqlite.SqliteCommand.ExecuteReaderAsync(CommandBehavior behavior, CancellationToken cancellationToken)
   at Microsoft.Data.Sqlite.SqliteCommand.ExecuteDbDataReaderAsync(CommandBehavior behavior, CancellationToken cancellationToken)
   at Microsoft.EntityFrameworkCore.Storage.RelationalCommand.ExecuteReaderAsync(RelationalCommandParameterObject parameterObject, CancellationToken cancellationToken)
   at Microsoft.EntityFrameworkCore.Storage.RelationalCommand.ExecuteReaderAsync(RelationalCommandParameterObject parameterObject, CancellationToken cancellationToken)
   at Microsoft.EntityFrameworkCore.Query.Internal.SingleQueryingEnumerable`1.AsyncEnumerator.InitializeReaderAsync(AsyncEnumerator enumerator, CancellationToken cancellationToken)
   at Microsoft.EntityFrameworkCore.Query.Internal.SingleQueryingEnumerable`1.AsyncEnumerator.MoveNextAsync()
Microsoft.Data.Sqlite.SqliteException (0x80004005): SQLite Error 1: 'no such column: a.AllowUnknownTools'.
   at Microsoft.Data.Sqlite.SqliteException.ThrowExceptionForRC(Int32 rc, sqlite3 db)
   at Microsoft.Data.Sqlite.SqliteCommand.PrepareAndEnumerateStatements()+MoveNext()
   at Microsoft.Data.Sqlite.SqliteCommand.GetStatements()+MoveNext()
   at Microsoft.Data.Sqlite.SqliteDataReader.NextResult()
   at Microsoft.Data.Sqlite.SqliteCommand.ExecuteReader(CommandBehavior behavior)
   at Microsoft.Data.Sqlite.SqliteCommand.ExecuteReaderAsync(CommandBehavior behavior, CancellationToken cancellationToken)
   at Microsoft.Data.Sqlite.SqliteCommand.ExecuteDbDataReaderAsync(CommandBehavior behavior, CancellationToken cancellationToken)
   at Microsoft.EntityFrameworkCore.Storage.RelationalCommand.ExecuteReaderAsync(RelationalCommandParameterObject parameterObject, CancellationToken cancellationToken)
   at Microsoft.EntityFrameworkCore.Storage.RelationalCommand.ExecuteReaderAsync(RelationalCommandParameterObject parameterObject, CancellationToken cancellationToken)
   at Microsoft.EntityFrameworkCore.Query.Internal.SingleQueryingEnumerable`1.AsyncEnumerator.InitializeReaderAsync(AsyncEnumerator enumerator, CancellationToken cancellationToken)
   at Microsoft.EntityFrameworkCore.Query.Internal.SingleQueryingEnumerable`1.AsyncEnumerator.MoveNextAsync()
2025-09-03 20:58:09.173 +02:00 [INF] Executed endpoint 'HTTP: GET /agents/{id:guid}'
2025-09-03 20:58:09.178 +02:00 [ERR] An unhandled exception has occurred while executing the request.
Microsoft.Data.Sqlite.SqliteException (0x80004005): SQLite Error 1: 'no such column: a.AllowUnknownTools'.
   at Microsoft.Data.Sqlite.SqliteException.ThrowExceptionForRC(Int32 rc, sqlite3 db)
   at Microsoft.Data.Sqlite.SqliteCommand.PrepareAndEnumerateStatements()+MoveNext()
   at Microsoft.Data.Sqlite.SqliteCommand.GetStatements()+MoveNext()
   at Microsoft.Data.Sqlite.SqliteDataReader.NextResult()
   at Microsoft.Data.Sqlite.SqliteCommand.ExecuteReader(CommandBehavior behavior)
   at Microsoft.Data.Sqlite.SqliteCommand.ExecuteReaderAsync(CommandBehavior behavior, CancellationToken cancellationToken)
   at Microsoft.Data.Sqlite.SqliteCommand.ExecuteDbDataReaderAsync(CommandBehavior behavior, CancellationToken cancellationToken)
   at Microsoft.EntityFrameworkCore.Storage.RelationalCommand.ExecuteReaderAsync(RelationalCommandParameterObject parameterObject, CancellationToken cancellationToken)
   at Microsoft.EntityFrameworkCore.Storage.RelationalCommand.ExecuteReaderAsync(RelationalCommandParameterObject parameterObject, CancellationToken cancellationToken)
   at Microsoft.EntityFrameworkCore.Query.Internal.SingleQueryingEnumerable`1.AsyncEnumerator.InitializeReaderAsync(AsyncEnumerator enumerator, CancellationToken cancellationToken)
   at Microsoft.EntityFrameworkCore.Query.Internal.SingleQueryingEnumerable`1.AsyncEnumerator.MoveNextAsync()
   at Microsoft.EntityFrameworkCore.Query.ShapedQueryCompilingExpressionVisitor.SingleOrDefaultAsync[TSource](IAsyncEnumerable`1 asyncEnumerable, CancellationToken cancellationToken)
   at Microsoft.EntityFrameworkCore.Query.ShapedQueryCompilingExpressionVisitor.SingleOrDefaultAsync[TSource](IAsyncEnumerable`1 asyncEnumerable, CancellationToken cancellationToken)
   at AutoAgentes.Infrastructure.Services.AgentsService.GetAgentAsync(Guid id) in D:\BearDevelopment\AutoAgent\autoagent_back\src\AutoAgentes.Infrastructure\Services\AgentsService.cs:line 57
   at AutoAgentes.Api.Endpoints.<>c.<<MapApi>b__0_8>d.MoveNext() in D:\BearDevelopment\AutoAgent\autoagent_back\src\AutoAgentes.Api\Endpoints.cs:line 85
--- End of stack trace from previous location ---
   at Microsoft.AspNetCore.Http.RequestDelegateFactory.ExecuteTaskResult[T](Task`1 task, HttpContext httpContext)
   at Microsoft.AspNetCore.Routing.EndpointMiddleware.<Invoke>g__AwaitRequestTask|7_0(Endpoint endpoint, Task requestTask, ILogger logger)
   at Microsoft.AspNetCore.Authentication.AuthenticationMiddleware.Invoke(HttpContext context)
   at Microsoft.AspNetCore.RateLimiting.RateLimitingMiddleware.InvokeInternal(HttpContext context, EnableRateLimitingAttribute enableRateLimitingAttribute)
   at Swashbuckle.AspNetCore.SwaggerUI.SwaggerUIMiddleware.Invoke(HttpContext httpContext)
   at Swashbuckle.AspNetCore.Swagger.SwaggerMiddleware.Invoke(HttpContext httpContext, ISwaggerProvider swaggerProvider)
   at Microsoft.AspNetCore.Authorization.AuthorizationMiddleware.Invoke(HttpContext context)
   at Microsoft.AspNetCore.Diagnostics.DeveloperExceptionPageMiddlewareImpl.Invoke(HttpContext context)
2025-09-03 20:58:09.192 +02:00 [INF] Request finished HTTP/1.1 GET http://localhost:5088/agents/1e5ffb9e-fb28-4405-b82b-b4647aa5a865 - 500 null text/plain; charset=utf-8 62.2369ms
2025-09-03 20:58:18.413 +02:00 [INF] Application is shutting down...
2025-09-03 20:58:23.093 +02:00 [INF] User profile is available. Using 'C:\Users\Usuario\AppData\Local\ASP.NET\DataProtection-Keys' as key repository and Windows DPAPI to encrypt keys at rest.
2025-09-03 20:58:23.616 +02:00 [INF] Now listening on: http://localhost:5088
2025-09-03 20:58:23.622 +02:00 [INF] Application started. Press Ctrl+C to shut down.
2025-09-03 20:58:23.624 +02:00 [INF] Hosting environment: Development
2025-09-03 20:58:23.626 +02:00 [INF] Content root path: D:\BearDevelopment\AutoAgent\autoagent_back\src\AutoAgentes.Api
2025-09-03 20:58:29.130 +02:00 [INF] Request starting HTTP/1.1 OPTIONS http://localhost:5088/agents/1e5ffb9e-fb28-4405-b82b-b4647aa5a865 - null null
2025-09-03 20:58:29.130 +02:00 [INF] Request starting HTTP/1.1 OPTIONS http://localhost:5088/agents/1e5ffb9e-fb28-4405-b82b-b4647aa5a865/bindings - null null
2025-09-03 20:58:29.259 +02:00 [INF] CORS policy execution successful.
2025-09-03 20:58:29.259 +02:00 [INF] CORS policy execution successful.
2025-09-03 20:58:29.286 +02:00 [INF] Request finished HTTP/1.1 OPTIONS http://localhost:5088/agents/1e5ffb9e-fb28-4405-b82b-b4647aa5a865/bindings - 204 null null 182.2656ms
2025-09-03 20:58:29.286 +02:00 [INF] Request finished HTTP/1.1 OPTIONS http://localhost:5088/agents/1e5ffb9e-fb28-4405-b82b-b4647aa5a865 - 204 null null 182.2657ms
2025-09-03 20:58:29.340 +02:00 [INF] Request starting HTTP/1.1 GET http://localhost:5088/agents/1e5ffb9e-fb28-4405-b82b-b4647aa5a865/bindings - application/json null
2025-09-03 20:58:29.341 +02:00 [INF] Request starting HTTP/1.1 GET http://localhost:5088/agents/1e5ffb9e-fb28-4405-b82b-b4647aa5a865 - application/json null
2025-09-03 20:58:29.382 +02:00 [INF] CORS policy execution successful.
2025-09-03 20:58:29.401 +02:00 [INF] CORS policy execution successful.
2025-09-03 20:58:29.463 +02:00 [INF] Executing endpoint 'HTTP: GET /agents/{id:guid}/bindings'
2025-09-03 20:58:29.463 +02:00 [INF] Executing endpoint 'HTTP: GET /agents/{id:guid}'
2025-09-03 20:58:30.434 +02:00 [ERR] Failed executing DbCommand (10ms) [Parameters=[@__p_0='?' (DbType = Guid)], CommandType='"Text"', CommandTimeout='30']
SELECT "a"."Id", "a"."AllowUnknownTools", "a"."AllowedToolsCsv", "a"."Autonomy", "a"."BlockedToolsCsv", "a"."CreatedUtc", "a"."GuardrailsJson", "a"."Name", "a"."ParamsJson", "a"."PlannerMaxSteps", "a"."PlannerMaxTokens", "a"."PlannerStop", "a"."PlannerTemperature", "a"."PlannerTopP", "a"."Provider", "a"."SystemPrompt", "a"."Temperature", "a"."TemplateRef", "a"."TokenBudget", "a"."ToolBudget", "a"."TopP", "a"."UpdatedUtc"
FROM "Agents" AS "a"
WHERE "a"."Id" = @__p_0
LIMIT 1
2025-09-03 20:58:30.446 +02:00 [INF] Executed DbCommand (27ms) [Parameters=[@__agentId_0='?' (DbType = Guid)], CommandType='"Text"', CommandTimeout='30']
SELECT "a"."Id", "a"."AgentId", "a"."ConfigJson", "a"."Enabled", "a"."ToolId"
FROM "AgentToolBindings" AS "a"
WHERE "a"."AgentId" = @__agentId_0
2025-09-03 20:58:30.463 +02:00 [ERR] An exception occurred while iterating over the results of a query for context type 'AutoAgentes.Infrastructure.AppDbContext'.
Microsoft.Data.Sqlite.SqliteException (0x80004005): SQLite Error 1: 'no such column: a.AllowUnknownTools'.
   at Microsoft.Data.Sqlite.SqliteException.ThrowExceptionForRC(Int32 rc, sqlite3 db)
   at Microsoft.Data.Sqlite.SqliteCommand.PrepareAndEnumerateStatements()+MoveNext()
   at Microsoft.Data.Sqlite.SqliteCommand.GetStatements()+MoveNext()
   at Microsoft.Data.Sqlite.SqliteDataReader.NextResult()
   at Microsoft.Data.Sqlite.SqliteCommand.ExecuteReader(CommandBehavior behavior)
   at Microsoft.Data.Sqlite.SqliteCommand.ExecuteReaderAsync(CommandBehavior behavior, CancellationToken cancellationToken)
   at Microsoft.Data.Sqlite.SqliteCommand.ExecuteDbDataReaderAsync(CommandBehavior behavior, CancellationToken cancellationToken)
   at Microsoft.EntityFrameworkCore.Storage.RelationalCommand.ExecuteReaderAsync(RelationalCommandParameterObject parameterObject, CancellationToken cancellationToken)
   at Microsoft.EntityFrameworkCore.Storage.RelationalCommand.ExecuteReaderAsync(RelationalCommandParameterObject parameterObject, CancellationToken cancellationToken)
   at Microsoft.EntityFrameworkCore.Query.Internal.SingleQueryingEnumerable`1.AsyncEnumerator.InitializeReaderAsync(AsyncEnumerator enumerator, CancellationToken cancellationToken)
   at Microsoft.EntityFrameworkCore.Query.Internal.SingleQueryingEnumerable`1.AsyncEnumerator.MoveNextAsync()
Microsoft.Data.Sqlite.SqliteException (0x80004005): SQLite Error 1: 'no such column: a.AllowUnknownTools'.
   at Microsoft.Data.Sqlite.SqliteException.ThrowExceptionForRC(Int32 rc, sqlite3 db)
   at Microsoft.Data.Sqlite.SqliteCommand.PrepareAndEnumerateStatements()+MoveNext()
   at Microsoft.Data.Sqlite.SqliteCommand.GetStatements()+MoveNext()
   at Microsoft.Data.Sqlite.SqliteDataReader.NextResult()
   at Microsoft.Data.Sqlite.SqliteCommand.ExecuteReader(CommandBehavior behavior)
   at Microsoft.Data.Sqlite.SqliteCommand.ExecuteReaderAsync(CommandBehavior behavior, CancellationToken cancellationToken)
   at Microsoft.Data.Sqlite.SqliteCommand.ExecuteDbDataReaderAsync(CommandBehavior behavior, CancellationToken cancellationToken)
   at Microsoft.EntityFrameworkCore.Storage.RelationalCommand.ExecuteReaderAsync(RelationalCommandParameterObject parameterObject, CancellationToken cancellationToken)
   at Microsoft.EntityFrameworkCore.Storage.RelationalCommand.ExecuteReaderAsync(RelationalCommandParameterObject parameterObject, CancellationToken cancellationToken)
   at Microsoft.EntityFrameworkCore.Query.Internal.SingleQueryingEnumerable`1.AsyncEnumerator.InitializeReaderAsync(AsyncEnumerator enumerator, CancellationToken cancellationToken)
   at Microsoft.EntityFrameworkCore.Query.Internal.SingleQueryingEnumerable`1.AsyncEnumerator.MoveNextAsync()
2025-09-03 20:58:30.478 +02:00 [INF] Executed endpoint 'HTTP: GET /agents/{id:guid}'
2025-09-03 20:58:30.484 +02:00 [ERR] An unhandled exception has occurred while executing the request.
Microsoft.Data.Sqlite.SqliteException (0x80004005): SQLite Error 1: 'no such column: a.AllowUnknownTools'.
   at Microsoft.Data.Sqlite.SqliteException.ThrowExceptionForRC(Int32 rc, sqlite3 db)
   at Microsoft.Data.Sqlite.SqliteCommand.PrepareAndEnumerateStatements()+MoveNext()
   at Microsoft.Data.Sqlite.SqliteCommand.GetStatements()+MoveNext()
   at Microsoft.Data.Sqlite.SqliteDataReader.NextResult()
   at Microsoft.Data.Sqlite.SqliteCommand.ExecuteReader(CommandBehavior behavior)
   at Microsoft.Data.Sqlite.SqliteCommand.ExecuteReaderAsync(CommandBehavior behavior, CancellationToken cancellationToken)
   at Microsoft.Data.Sqlite.SqliteCommand.ExecuteDbDataReaderAsync(CommandBehavior behavior, CancellationToken cancellationToken)
   at Microsoft.EntityFrameworkCore.Storage.RelationalCommand.ExecuteReaderAsync(RelationalCommandParameterObject parameterObject, CancellationToken cancellationToken)
   at Microsoft.EntityFrameworkCore.Storage.RelationalCommand.ExecuteReaderAsync(RelationalCommandParameterObject parameterObject, CancellationToken cancellationToken)
   at Microsoft.EntityFrameworkCore.Query.Internal.SingleQueryingEnumerable`1.AsyncEnumerator.InitializeReaderAsync(AsyncEnumerator enumerator, CancellationToken cancellationToken)
   at Microsoft.EntityFrameworkCore.Query.Internal.SingleQueryingEnumerable`1.AsyncEnumerator.MoveNextAsync()
   at Microsoft.EntityFrameworkCore.Query.ShapedQueryCompilingExpressionVisitor.SingleOrDefaultAsync[TSource](IAsyncEnumerable`1 asyncEnumerable, CancellationToken cancellationToken)
   at Microsoft.EntityFrameworkCore.Query.ShapedQueryCompilingExpressionVisitor.SingleOrDefaultAsync[TSource](IAsyncEnumerable`1 asyncEnumerable, CancellationToken cancellationToken)
   at AutoAgentes.Infrastructure.Services.AgentsService.GetAgentAsync(Guid id) in D:\BearDevelopment\AutoAgent\autoagent_back\src\AutoAgentes.Infrastructure\Services\AgentsService.cs:line 57
   at AutoAgentes.Api.Endpoints.<>c.<<MapApi>b__0_8>d.MoveNext() in D:\BearDevelopment\AutoAgent\autoagent_back\src\AutoAgentes.Api\Endpoints.cs:line 85
--- End of stack trace from previous location ---
   at Microsoft.AspNetCore.Http.RequestDelegateFactory.ExecuteTaskResult[T](Task`1 task, HttpContext httpContext)
   at Microsoft.AspNetCore.Routing.EndpointMiddleware.<Invoke>g__AwaitRequestTask|7_0(Endpoint endpoint, Task requestTask, ILogger logger)
   at Microsoft.AspNetCore.Authentication.AuthenticationMiddleware.Invoke(HttpContext context)
   at Microsoft.AspNetCore.RateLimiting.RateLimitingMiddleware.InvokeInternal(HttpContext context, EnableRateLimitingAttribute enableRateLimitingAttribute)
   at Swashbuckle.AspNetCore.SwaggerUI.SwaggerUIMiddleware.Invoke(HttpContext httpContext)
   at Swashbuckle.AspNetCore.Swagger.SwaggerMiddleware.Invoke(HttpContext httpContext, ISwaggerProvider swaggerProvider)
   at Microsoft.AspNetCore.Authorization.AuthorizationMiddleware.Invoke(HttpContext context)
   at Microsoft.AspNetCore.Diagnostics.DeveloperExceptionPageMiddlewareImpl.Invoke(HttpContext context)
2025-09-03 20:58:30.514 +02:00 [INF] Setting HTTP status code 200.
2025-09-03 20:58:30.518 +02:00 [INF] Request finished HTTP/1.1 GET http://localhost:5088/agents/1e5ffb9e-fb28-4405-b82b-b4647aa5a865 - 500 null text/plain; charset=utf-8 1178.9804ms
2025-09-03 20:58:30.530 +02:00 [INF] Writing value of type 'List`1' as Json.
2025-09-03 20:58:30.555 +02:00 [INF] Executed endpoint 'HTTP: GET /agents/{id:guid}/bindings'
2025-09-03 20:58:30.564 +02:00 [INF] Request finished HTTP/1.1 GET http://localhost:5088/agents/1e5ffb9e-fb28-4405-b82b-b4647aa5a865/bindings - 200 null application/json; charset=utf-8 1225.053ms
2025-09-03 20:58:31.530 +02:00 [INF] Request starting HTTP/1.1 OPTIONS http://localhost:5088/agents/1e5ffb9e-fb28-4405-b82b-b4647aa5a865 - null null
2025-09-03 20:58:31.535 +02:00 [INF] CORS policy execution successful.
2025-09-03 20:58:31.542 +02:00 [INF] Request finished HTTP/1.1 OPTIONS http://localhost:5088/agents/1e5ffb9e-fb28-4405-b82b-b4647aa5a865 - 204 null null 12.9453ms
2025-09-03 20:58:31.550 +02:00 [INF] Request starting HTTP/1.1 GET http://localhost:5088/agents/1e5ffb9e-fb28-4405-b82b-b4647aa5a865 - application/json null
2025-09-03 20:58:31.556 +02:00 [INF] CORS policy execution successful.
2025-09-03 20:58:31.564 +02:00 [INF] Executing endpoint 'HTTP: GET /agents/{id:guid}'
2025-09-03 20:58:31.620 +02:00 [ERR] Failed executing DbCommand (1ms) [Parameters=[@__p_0='?' (DbType = Guid)], CommandType='"Text"', CommandTimeout='30']
SELECT "a"."Id", "a"."AllowUnknownTools", "a"."AllowedToolsCsv", "a"."Autonomy", "a"."BlockedToolsCsv", "a"."CreatedUtc", "a"."GuardrailsJson", "a"."Name", "a"."ParamsJson", "a"."PlannerMaxSteps", "a"."PlannerMaxTokens", "a"."PlannerStop", "a"."PlannerTemperature", "a"."PlannerTopP", "a"."Provider", "a"."SystemPrompt", "a"."Temperature", "a"."TemplateRef", "a"."TokenBudget", "a"."ToolBudget", "a"."TopP", "a"."UpdatedUtc"
FROM "Agents" AS "a"
WHERE "a"."Id" = @__p_0
LIMIT 1
2025-09-03 20:58:31.630 +02:00 [ERR] An exception occurred while iterating over the results of a query for context type 'AutoAgentes.Infrastructure.AppDbContext'.
Microsoft.Data.Sqlite.SqliteException (0x80004005): SQLite Error 1: 'no such column: a.AllowUnknownTools'.
   at Microsoft.Data.Sqlite.SqliteException.ThrowExceptionForRC(Int32 rc, sqlite3 db)
   at Microsoft.Data.Sqlite.SqliteCommand.PrepareAndEnumerateStatements()+MoveNext()
   at Microsoft.Data.Sqlite.SqliteCommand.GetStatements()+MoveNext()
   at Microsoft.Data.Sqlite.SqliteDataReader.NextResult()
   at Microsoft.Data.Sqlite.SqliteCommand.ExecuteReader(CommandBehavior behavior)
   at Microsoft.Data.Sqlite.SqliteCommand.ExecuteReaderAsync(CommandBehavior behavior, CancellationToken cancellationToken)
   at Microsoft.Data.Sqlite.SqliteCommand.ExecuteDbDataReaderAsync(CommandBehavior behavior, CancellationToken cancellationToken)
   at Microsoft.EntityFrameworkCore.Storage.RelationalCommand.ExecuteReaderAsync(RelationalCommandParameterObject parameterObject, CancellationToken cancellationToken)
   at Microsoft.EntityFrameworkCore.Storage.RelationalCommand.ExecuteReaderAsync(RelationalCommandParameterObject parameterObject, CancellationToken cancellationToken)
   at Microsoft.EntityFrameworkCore.Query.Internal.SingleQueryingEnumerable`1.AsyncEnumerator.InitializeReaderAsync(AsyncEnumerator enumerator, CancellationToken cancellationToken)
   at Microsoft.EntityFrameworkCore.Query.Internal.SingleQueryingEnumerable`1.AsyncEnumerator.MoveNextAsync()
Microsoft.Data.Sqlite.SqliteException (0x80004005): SQLite Error 1: 'no such column: a.AllowUnknownTools'.
   at Microsoft.Data.Sqlite.SqliteException.ThrowExceptionForRC(Int32 rc, sqlite3 db)
   at Microsoft.Data.Sqlite.SqliteCommand.PrepareAndEnumerateStatements()+MoveNext()
   at Microsoft.Data.Sqlite.SqliteCommand.GetStatements()+MoveNext()
   at Microsoft.Data.Sqlite.SqliteDataReader.NextResult()
   at Microsoft.Data.Sqlite.SqliteCommand.ExecuteReader(CommandBehavior behavior)
   at Microsoft.Data.Sqlite.SqliteCommand.ExecuteReaderAsync(CommandBehavior behavior, CancellationToken cancellationToken)
   at Microsoft.Data.Sqlite.SqliteCommand.ExecuteDbDataReaderAsync(CommandBehavior behavior, CancellationToken cancellationToken)
   at Microsoft.EntityFrameworkCore.Storage.RelationalCommand.ExecuteReaderAsync(RelationalCommandParameterObject parameterObject, CancellationToken cancellationToken)
   at Microsoft.EntityFrameworkCore.Storage.RelationalCommand.ExecuteReaderAsync(RelationalCommandParameterObject parameterObject, CancellationToken cancellationToken)
   at Microsoft.EntityFrameworkCore.Query.Internal.SingleQueryingEnumerable`1.AsyncEnumerator.InitializeReaderAsync(AsyncEnumerator enumerator, CancellationToken cancellationToken)
   at Microsoft.EntityFrameworkCore.Query.Internal.SingleQueryingEnumerable`1.AsyncEnumerator.MoveNextAsync()
2025-09-03 20:58:31.641 +02:00 [INF] Executed endpoint 'HTTP: GET /agents/{id:guid}'
2025-09-03 20:58:31.647 +02:00 [ERR] An unhandled exception has occurred while executing the request.
Microsoft.Data.Sqlite.SqliteException (0x80004005): SQLite Error 1: 'no such column: a.AllowUnknownTools'.
   at Microsoft.Data.Sqlite.SqliteException.ThrowExceptionForRC(Int32 rc, sqlite3 db)
   at Microsoft.Data.Sqlite.SqliteCommand.PrepareAndEnumerateStatements()+MoveNext()
   at Microsoft.Data.Sqlite.SqliteCommand.GetStatements()+MoveNext()
   at Microsoft.Data.Sqlite.SqliteDataReader.NextResult()
   at Microsoft.Data.Sqlite.SqliteCommand.ExecuteReader(CommandBehavior behavior)
   at Microsoft.Data.Sqlite.SqliteCommand.ExecuteReaderAsync(CommandBehavior behavior, CancellationToken cancellationToken)
   at Microsoft.Data.Sqlite.SqliteCommand.ExecuteDbDataReaderAsync(CommandBehavior behavior, CancellationToken cancellationToken)
   at Microsoft.EntityFrameworkCore.Storage.RelationalCommand.ExecuteReaderAsync(RelationalCommandParameterObject parameterObject, CancellationToken cancellationToken)
   at Microsoft.EntityFrameworkCore.Storage.RelationalCommand.ExecuteReaderAsync(RelationalCommandParameterObject parameterObject, CancellationToken cancellationToken)
   at Microsoft.EntityFrameworkCore.Query.Internal.SingleQueryingEnumerable`1.AsyncEnumerator.InitializeReaderAsync(AsyncEnumerator enumerator, CancellationToken cancellationToken)
   at Microsoft.EntityFrameworkCore.Query.Internal.SingleQueryingEnumerable`1.AsyncEnumerator.MoveNextAsync()
   at Microsoft.EntityFrameworkCore.Query.ShapedQueryCompilingExpressionVisitor.SingleOrDefaultAsync[TSource](IAsyncEnumerable`1 asyncEnumerable, CancellationToken cancellationToken)
   at Microsoft.EntityFrameworkCore.Query.ShapedQueryCompilingExpressionVisitor.SingleOrDefaultAsync[TSource](IAsyncEnumerable`1 asyncEnumerable, CancellationToken cancellationToken)
   at AutoAgentes.Infrastructure.Services.AgentsService.GetAgentAsync(Guid id) in D:\BearDevelopment\AutoAgent\autoagent_back\src\AutoAgentes.Infrastructure\Services\AgentsService.cs:line 57
   at AutoAgentes.Api.Endpoints.<>c.<<MapApi>b__0_8>d.MoveNext() in D:\BearDevelopment\AutoAgent\autoagent_back\src\AutoAgentes.Api\Endpoints.cs:line 85
--- End of stack trace from previous location ---
   at Microsoft.AspNetCore.Http.RequestDelegateFactory.ExecuteTaskResult[T](Task`1 task, HttpContext httpContext)
   at Microsoft.AspNetCore.Routing.EndpointMiddleware.<Invoke>g__AwaitRequestTask|7_0(Endpoint endpoint, Task requestTask, ILogger logger)
   at Microsoft.AspNetCore.Authentication.AuthenticationMiddleware.Invoke(HttpContext context)
   at Microsoft.AspNetCore.RateLimiting.RateLimitingMiddleware.InvokeInternal(HttpContext context, EnableRateLimitingAttribute enableRateLimitingAttribute)
   at Swashbuckle.AspNetCore.SwaggerUI.SwaggerUIMiddleware.Invoke(HttpContext httpContext)
   at Swashbuckle.AspNetCore.Swagger.SwaggerMiddleware.Invoke(HttpContext httpContext, ISwaggerProvider swaggerProvider)
   at Microsoft.AspNetCore.Authorization.AuthorizationMiddleware.Invoke(HttpContext context)
   at Microsoft.AspNetCore.Diagnostics.DeveloperExceptionPageMiddlewareImpl.Invoke(HttpContext context)
2025-09-03 20:58:31.665 +02:00 [INF] Request finished HTTP/1.1 GET http://localhost:5088/agents/1e5ffb9e-fb28-4405-b82b-b4647aa5a865 - 500 null text/plain; charset=utf-8 115.7763ms
2025-09-03 20:58:33.681 +02:00 [INF] Request starting HTTP/1.1 OPTIONS http://localhost:5088/agents/1e5ffb9e-fb28-4405-b82b-b4647aa5a865 - null null
2025-09-03 20:58:33.691 +02:00 [INF] CORS policy execution successful.
2025-09-03 20:58:33.697 +02:00 [INF] Request finished HTTP/1.1 OPTIONS http://localhost:5088/agents/1e5ffb9e-fb28-4405-b82b-b4647aa5a865 - 204 null null 16.2297ms
2025-09-03 20:58:33.703 +02:00 [INF] Request starting HTTP/1.1 GET http://localhost:5088/agents/1e5ffb9e-fb28-4405-b82b-b4647aa5a865 - application/json null
2025-09-03 20:58:33.709 +02:00 [INF] CORS policy execution successful.
2025-09-03 20:58:33.715 +02:00 [INF] Executing endpoint 'HTTP: GET /agents/{id:guid}'
2025-09-03 20:58:33.722 +02:00 [ERR] Failed executing DbCommand (1ms) [Parameters=[@__p_0='?' (DbType = Guid)], CommandType='"Text"', CommandTimeout='30']
SELECT "a"."Id", "a"."AllowUnknownTools", "a"."AllowedToolsCsv", "a"."Autonomy", "a"."BlockedToolsCsv", "a"."CreatedUtc", "a"."GuardrailsJson", "a"."Name", "a"."ParamsJson", "a"."PlannerMaxSteps", "a"."PlannerMaxTokens", "a"."PlannerStop", "a"."PlannerTemperature", "a"."PlannerTopP", "a"."Provider", "a"."SystemPrompt", "a"."Temperature", "a"."TemplateRef", "a"."TokenBudget", "a"."ToolBudget", "a"."TopP", "a"."UpdatedUtc"
FROM "Agents" AS "a"
WHERE "a"."Id" = @__p_0
LIMIT 1
2025-09-03 20:58:33.731 +02:00 [ERR] An exception occurred while iterating over the results of a query for context type 'AutoAgentes.Infrastructure.AppDbContext'.
Microsoft.Data.Sqlite.SqliteException (0x80004005): SQLite Error 1: 'no such column: a.AllowUnknownTools'.
   at Microsoft.Data.Sqlite.SqliteException.ThrowExceptionForRC(Int32 rc, sqlite3 db)
   at Microsoft.Data.Sqlite.SqliteCommand.PrepareAndEnumerateStatements()+MoveNext()
   at Microsoft.Data.Sqlite.SqliteCommand.GetStatements()+MoveNext()
   at Microsoft.Data.Sqlite.SqliteDataReader.NextResult()
   at Microsoft.Data.Sqlite.SqliteCommand.ExecuteReader(CommandBehavior behavior)
   at Microsoft.Data.Sqlite.SqliteCommand.ExecuteReaderAsync(CommandBehavior behavior, CancellationToken cancellationToken)
   at Microsoft.Data.Sqlite.SqliteCommand.ExecuteDbDataReaderAsync(CommandBehavior behavior, CancellationToken cancellationToken)
   at Microsoft.EntityFrameworkCore.Storage.RelationalCommand.ExecuteReaderAsync(RelationalCommandParameterObject parameterObject, CancellationToken cancellationToken)
   at Microsoft.EntityFrameworkCore.Storage.RelationalCommand.ExecuteReaderAsync(RelationalCommandParameterObject parameterObject, CancellationToken cancellationToken)
   at Microsoft.EntityFrameworkCore.Query.Internal.SingleQueryingEnumerable`1.AsyncEnumerator.InitializeReaderAsync(AsyncEnumerator enumerator, CancellationToken cancellationToken)
   at Microsoft.EntityFrameworkCore.Query.Internal.SingleQueryingEnumerable`1.AsyncEnumerator.MoveNextAsync()
Microsoft.Data.Sqlite.SqliteException (0x80004005): SQLite Error 1: 'no such column: a.AllowUnknownTools'.
   at Microsoft.Data.Sqlite.SqliteException.ThrowExceptionForRC(Int32 rc, sqlite3 db)
   at Microsoft.Data.Sqlite.SqliteCommand.PrepareAndEnumerateStatements()+MoveNext()
   at Microsoft.Data.Sqlite.SqliteCommand.GetStatements()+MoveNext()
   at Microsoft.Data.Sqlite.SqliteDataReader.NextResult()
   at Microsoft.Data.Sqlite.SqliteCommand.ExecuteReader(CommandBehavior behavior)
   at Microsoft.Data.Sqlite.SqliteCommand.ExecuteReaderAsync(CommandBehavior behavior, CancellationToken cancellationToken)
   at Microsoft.Data.Sqlite.SqliteCommand.ExecuteDbDataReaderAsync(CommandBehavior behavior, CancellationToken cancellationToken)
   at Microsoft.EntityFrameworkCore.Storage.RelationalCommand.ExecuteReaderAsync(RelationalCommandParameterObject parameterObject, CancellationToken cancellationToken)
   at Microsoft.EntityFrameworkCore.Storage.RelationalCommand.ExecuteReaderAsync(RelationalCommandParameterObject parameterObject, CancellationToken cancellationToken)
   at Microsoft.EntityFrameworkCore.Query.Internal.SingleQueryingEnumerable`1.AsyncEnumerator.InitializeReaderAsync(AsyncEnumerator enumerator, CancellationToken cancellationToken)
   at Microsoft.EntityFrameworkCore.Query.Internal.SingleQueryingEnumerable`1.AsyncEnumerator.MoveNextAsync()
2025-09-03 20:58:33.740 +02:00 [INF] Executed endpoint 'HTTP: GET /agents/{id:guid}'
2025-09-03 20:58:33.746 +02:00 [ERR] An unhandled exception has occurred while executing the request.
Microsoft.Data.Sqlite.SqliteException (0x80004005): SQLite Error 1: 'no such column: a.AllowUnknownTools'.
   at Microsoft.Data.Sqlite.SqliteException.ThrowExceptionForRC(Int32 rc, sqlite3 db)
   at Microsoft.Data.Sqlite.SqliteCommand.PrepareAndEnumerateStatements()+MoveNext()
   at Microsoft.Data.Sqlite.SqliteCommand.GetStatements()+MoveNext()
   at Microsoft.Data.Sqlite.SqliteDataReader.NextResult()
   at Microsoft.Data.Sqlite.SqliteCommand.ExecuteReader(CommandBehavior behavior)
   at Microsoft.Data.Sqlite.SqliteCommand.ExecuteReaderAsync(CommandBehavior behavior, CancellationToken cancellationToken)
   at Microsoft.Data.Sqlite.SqliteCommand.ExecuteDbDataReaderAsync(CommandBehavior behavior, CancellationToken cancellationToken)
   at Microsoft.EntityFrameworkCore.Storage.RelationalCommand.ExecuteReaderAsync(RelationalCommandParameterObject parameterObject, CancellationToken cancellationToken)
   at Microsoft.EntityFrameworkCore.Storage.RelationalCommand.ExecuteReaderAsync(RelationalCommandParameterObject parameterObject, CancellationToken cancellationToken)
   at Microsoft.EntityFrameworkCore.Query.Internal.SingleQueryingEnumerable`1.AsyncEnumerator.InitializeReaderAsync(AsyncEnumerator enumerator, CancellationToken cancellationToken)
   at Microsoft.EntityFrameworkCore.Query.Internal.SingleQueryingEnumerable`1.AsyncEnumerator.MoveNextAsync()
   at Microsoft.EntityFrameworkCore.Query.ShapedQueryCompilingExpressionVisitor.SingleOrDefaultAsync[TSource](IAsyncEnumerable`1 asyncEnumerable, CancellationToken cancellationToken)
   at Microsoft.EntityFrameworkCore.Query.ShapedQueryCompilingExpressionVisitor.SingleOrDefaultAsync[TSource](IAsyncEnumerable`1 asyncEnumerable, CancellationToken cancellationToken)
   at AutoAgentes.Infrastructure.Services.AgentsService.GetAgentAsync(Guid id) in D:\BearDevelopment\AutoAgent\autoagent_back\src\AutoAgentes.Infrastructure\Services\AgentsService.cs:line 57
   at AutoAgentes.Api.Endpoints.<>c.<<MapApi>b__0_8>d.MoveNext() in D:\BearDevelopment\AutoAgent\autoagent_back\src\AutoAgentes.Api\Endpoints.cs:line 85
--- End of stack trace from previous location ---
   at Microsoft.AspNetCore.Http.RequestDelegateFactory.ExecuteTaskResult[T](Task`1 task, HttpContext httpContext)
   at Microsoft.AspNetCore.Routing.EndpointMiddleware.<Invoke>g__AwaitRequestTask|7_0(Endpoint endpoint, Task requestTask, ILogger logger)
   at Microsoft.AspNetCore.Authentication.AuthenticationMiddleware.Invoke(HttpContext context)
   at Microsoft.AspNetCore.RateLimiting.RateLimitingMiddleware.InvokeInternal(HttpContext context, EnableRateLimitingAttribute enableRateLimitingAttribute)
   at Swashbuckle.AspNetCore.SwaggerUI.SwaggerUIMiddleware.Invoke(HttpContext httpContext)
   at Swashbuckle.AspNetCore.Swagger.SwaggerMiddleware.Invoke(HttpContext httpContext, ISwaggerProvider swaggerProvider)
   at Microsoft.AspNetCore.Authorization.AuthorizationMiddleware.Invoke(HttpContext context)
   at Microsoft.AspNetCore.Diagnostics.DeveloperExceptionPageMiddlewareImpl.Invoke(HttpContext context)
2025-09-03 20:58:33.760 +02:00 [INF] Request finished HTTP/1.1 GET http://localhost:5088/agents/1e5ffb9e-fb28-4405-b82b-b4647aa5a865 - 500 null text/plain; charset=utf-8 56.6563ms
2025-09-03 20:58:37.774 +02:00 [INF] Request starting HTTP/1.1 OPTIONS http://localhost:5088/agents/1e5ffb9e-fb28-4405-b82b-b4647aa5a865 - null null
2025-09-03 20:58:37.783 +02:00 [INF] CORS policy execution successful.
2025-09-03 20:58:37.790 +02:00 [INF] Request finished HTTP/1.1 OPTIONS http://localhost:5088/agents/1e5ffb9e-fb28-4405-b82b-b4647aa5a865 - 204 null null 16.2407ms
2025-09-03 20:58:37.799 +02:00 [INF] Request starting HTTP/1.1 GET http://localhost:5088/agents/1e5ffb9e-fb28-4405-b82b-b4647aa5a865 - application/json null
2025-09-03 20:58:37.806 +02:00 [INF] CORS policy execution successful.
2025-09-03 20:58:37.814 +02:00 [INF] Executing endpoint 'HTTP: GET /agents/{id:guid}'
2025-09-03 20:58:37.823 +02:00 [ERR] Failed executing DbCommand (0ms) [Parameters=[@__p_0='?' (DbType = Guid)], CommandType='"Text"', CommandTimeout='30']
SELECT "a"."Id", "a"."AllowUnknownTools", "a"."AllowedToolsCsv", "a"."Autonomy", "a"."BlockedToolsCsv", "a"."CreatedUtc", "a"."GuardrailsJson", "a"."Name", "a"."ParamsJson", "a"."PlannerMaxSteps", "a"."PlannerMaxTokens", "a"."PlannerStop", "a"."PlannerTemperature", "a"."PlannerTopP", "a"."Provider", "a"."SystemPrompt", "a"."Temperature", "a"."TemplateRef", "a"."TokenBudget", "a"."ToolBudget", "a"."TopP", "a"."UpdatedUtc"
FROM "Agents" AS "a"
WHERE "a"."Id" = @__p_0
LIMIT 1
2025-09-03 20:58:37.830 +02:00 [ERR] An exception occurred while iterating over the results of a query for context type 'AutoAgentes.Infrastructure.AppDbContext'.
Microsoft.Data.Sqlite.SqliteException (0x80004005): SQLite Error 1: 'no such column: a.AllowUnknownTools'.
   at Microsoft.Data.Sqlite.SqliteException.ThrowExceptionForRC(Int32 rc, sqlite3 db)
   at Microsoft.Data.Sqlite.SqliteCommand.PrepareAndEnumerateStatements()+MoveNext()
   at Microsoft.Data.Sqlite.SqliteCommand.GetStatements()+MoveNext()
   at Microsoft.Data.Sqlite.SqliteDataReader.NextResult()
   at Microsoft.Data.Sqlite.SqliteCommand.ExecuteReader(CommandBehavior behavior)
   at Microsoft.Data.Sqlite.SqliteCommand.ExecuteReaderAsync(CommandBehavior behavior, CancellationToken cancellationToken)
   at Microsoft.Data.Sqlite.SqliteCommand.ExecuteDbDataReaderAsync(CommandBehavior behavior, CancellationToken cancellationToken)
   at Microsoft.EntityFrameworkCore.Storage.RelationalCommand.ExecuteReaderAsync(RelationalCommandParameterObject parameterObject, CancellationToken cancellationToken)
   at Microsoft.EntityFrameworkCore.Storage.RelationalCommand.ExecuteReaderAsync(RelationalCommandParameterObject parameterObject, CancellationToken cancellationToken)
   at Microsoft.EntityFrameworkCore.Query.Internal.SingleQueryingEnumerable`1.AsyncEnumerator.InitializeReaderAsync(AsyncEnumerator enumerator, CancellationToken cancellationToken)
   at Microsoft.EntityFrameworkCore.Query.Internal.SingleQueryingEnumerable`1.AsyncEnumerator.MoveNextAsync()
Microsoft.Data.Sqlite.SqliteException (0x80004005): SQLite Error 1: 'no such column: a.AllowUnknownTools'.
   at Microsoft.Data.Sqlite.SqliteException.ThrowExceptionForRC(Int32 rc, sqlite3 db)
   at Microsoft.Data.Sqlite.SqliteCommand.PrepareAndEnumerateStatements()+MoveNext()
   at Microsoft.Data.Sqlite.SqliteCommand.GetStatements()+MoveNext()
   at Microsoft.Data.Sqlite.SqliteDataReader.NextResult()
   at Microsoft.Data.Sqlite.SqliteCommand.ExecuteReader(CommandBehavior behavior)
   at Microsoft.Data.Sqlite.SqliteCommand.ExecuteReaderAsync(CommandBehavior behavior, CancellationToken cancellationToken)
   at Microsoft.Data.Sqlite.SqliteCommand.ExecuteDbDataReaderAsync(CommandBehavior behavior, CancellationToken cancellationToken)
   at Microsoft.EntityFrameworkCore.Storage.RelationalCommand.ExecuteReaderAsync(RelationalCommandParameterObject parameterObject, CancellationToken cancellationToken)
   at Microsoft.EntityFrameworkCore.Storage.RelationalCommand.ExecuteReaderAsync(RelationalCommandParameterObject parameterObject, CancellationToken cancellationToken)
   at Microsoft.EntityFrameworkCore.Query.Internal.SingleQueryingEnumerable`1.AsyncEnumerator.InitializeReaderAsync(AsyncEnumerator enumerator, CancellationToken cancellationToken)
   at Microsoft.EntityFrameworkCore.Query.Internal.SingleQueryingEnumerable`1.AsyncEnumerator.MoveNextAsync()
2025-09-03 20:58:37.840 +02:00 [INF] Executed endpoint 'HTTP: GET /agents/{id:guid}'
2025-09-03 20:58:37.846 +02:00 [ERR] An unhandled exception has occurred while executing the request.
Microsoft.Data.Sqlite.SqliteException (0x80004005): SQLite Error 1: 'no such column: a.AllowUnknownTools'.
   at Microsoft.Data.Sqlite.SqliteException.ThrowExceptionForRC(Int32 rc, sqlite3 db)
   at Microsoft.Data.Sqlite.SqliteCommand.PrepareAndEnumerateStatements()+MoveNext()
   at Microsoft.Data.Sqlite.SqliteCommand.GetStatements()+MoveNext()
   at Microsoft.Data.Sqlite.SqliteDataReader.NextResult()
   at Microsoft.Data.Sqlite.SqliteCommand.ExecuteReader(CommandBehavior behavior)
   at Microsoft.Data.Sqlite.SqliteCommand.ExecuteReaderAsync(CommandBehavior behavior, CancellationToken cancellationToken)
   at Microsoft.Data.Sqlite.SqliteCommand.ExecuteDbDataReaderAsync(CommandBehavior behavior, CancellationToken cancellationToken)
   at Microsoft.EntityFrameworkCore.Storage.RelationalCommand.ExecuteReaderAsync(RelationalCommandParameterObject parameterObject, CancellationToken cancellationToken)
   at Microsoft.EntityFrameworkCore.Storage.RelationalCommand.ExecuteReaderAsync(RelationalCommandParameterObject parameterObject, CancellationToken cancellationToken)
   at Microsoft.EntityFrameworkCore.Query.Internal.SingleQueryingEnumerable`1.AsyncEnumerator.InitializeReaderAsync(AsyncEnumerator enumerator, CancellationToken cancellationToken)
   at Microsoft.EntityFrameworkCore.Query.Internal.SingleQueryingEnumerable`1.AsyncEnumerator.MoveNextAsync()
   at Microsoft.EntityFrameworkCore.Query.ShapedQueryCompilingExpressionVisitor.SingleOrDefaultAsync[TSource](IAsyncEnumerable`1 asyncEnumerable, CancellationToken cancellationToken)
   at Microsoft.EntityFrameworkCore.Query.ShapedQueryCompilingExpressionVisitor.SingleOrDefaultAsync[TSource](IAsyncEnumerable`1 asyncEnumerable, CancellationToken cancellationToken)
   at AutoAgentes.Infrastructure.Services.AgentsService.GetAgentAsync(Guid id) in D:\BearDevelopment\AutoAgent\autoagent_back\src\AutoAgentes.Infrastructure\Services\AgentsService.cs:line 57
   at AutoAgentes.Api.Endpoints.<>c.<<MapApi>b__0_8>d.MoveNext() in D:\BearDevelopment\AutoAgent\autoagent_back\src\AutoAgentes.Api\Endpoints.cs:line 85
--- End of stack trace from previous location ---
   at Microsoft.AspNetCore.Http.RequestDelegateFactory.ExecuteTaskResult[T](Task`1 task, HttpContext httpContext)
   at Microsoft.AspNetCore.Routing.EndpointMiddleware.<Invoke>g__AwaitRequestTask|7_0(Endpoint endpoint, Task requestTask, ILogger logger)
   at Microsoft.AspNetCore.Authentication.AuthenticationMiddleware.Invoke(HttpContext context)
   at Microsoft.AspNetCore.RateLimiting.RateLimitingMiddleware.InvokeInternal(HttpContext context, EnableRateLimitingAttribute enableRateLimitingAttribute)
   at Swashbuckle.AspNetCore.SwaggerUI.SwaggerUIMiddleware.Invoke(HttpContext httpContext)
   at Swashbuckle.AspNetCore.Swagger.SwaggerMiddleware.Invoke(HttpContext httpContext, ISwaggerProvider swaggerProvider)
   at Microsoft.AspNetCore.Authorization.AuthorizationMiddleware.Invoke(HttpContext context)
   at Microsoft.AspNetCore.Diagnostics.DeveloperExceptionPageMiddlewareImpl.Invoke(HttpContext context)
2025-09-03 20:58:37.858 +02:00 [INF] Request finished HTTP/1.1 GET http://localhost:5088/agents/1e5ffb9e-fb28-4405-b82b-b4647aa5a865 - 500 null text/plain; charset=utf-8 59.0651ms
2025-09-03 21:00:27.564 +02:00 [INF] Application is shutting down...
2025-09-03 21:00:33.307 +02:00 [INF] User profile is available. Using 'C:\Users\Usuario\AppData\Local\ASP.NET\DataProtection-Keys' as key repository and Windows DPAPI to encrypt keys at rest.
2025-09-03 21:00:33.769 +02:00 [INF] Now listening on: http://localhost:5088
2025-09-03 21:00:33.774 +02:00 [INF] Application started. Press Ctrl+C to shut down.
2025-09-03 21:00:33.777 +02:00 [INF] Hosting environment: Development
2025-09-03 21:00:33.779 +02:00 [INF] Content root path: D:\BearDevelopment\AutoAgent\autoagent_back\src\AutoAgentes.Api
2025-09-03 21:00:37.124 +02:00 [INF] Request starting HTTP/1.1 OPTIONS http://localhost:5088/agents/1e5ffb9e-fb28-4405-b82b-b4647aa5a865/bindings - null null
2025-09-03 21:00:37.124 +02:00 [INF] Request starting HTTP/1.1 OPTIONS http://localhost:5088/agents/1e5ffb9e-fb28-4405-b82b-b4647aa5a865 - null null
2025-09-03 21:00:37.365 +02:00 [INF] CORS policy execution successful.
2025-09-03 21:00:37.366 +02:00 [INF] CORS policy execution successful.
2025-09-03 21:00:37.448 +02:00 [INF] Request finished HTTP/1.1 OPTIONS http://localhost:5088/agents/1e5ffb9e-fb28-4405-b82b-b4647aa5a865/bindings - 204 null null 358.5441ms
2025-09-03 21:00:37.486 +02:00 [INF] Request finished HTTP/1.1 OPTIONS http://localhost:5088/agents/1e5ffb9e-fb28-4405-b82b-b4647aa5a865 - 204 null null 397.7107ms
2025-09-03 21:00:37.558 +02:00 [INF] Request starting HTTP/1.1 GET http://localhost:5088/agents/1e5ffb9e-fb28-4405-b82b-b4647aa5a865 - application/json null
2025-09-03 21:00:37.558 +02:00 [INF] Request starting HTTP/1.1 GET http://localhost:5088/agents/1e5ffb9e-fb28-4405-b82b-b4647aa5a865/bindings - application/json null
2025-09-03 21:00:37.641 +02:00 [INF] CORS policy execution successful.
2025-09-03 21:00:37.657 +02:00 [INF] CORS policy execution successful.
2025-09-03 21:00:37.695 +02:00 [INF] Executing endpoint 'HTTP: GET /agents/{id:guid}'
2025-09-03 21:00:37.695 +02:00 [INF] Executing endpoint 'HTTP: GET /agents/{id:guid}/bindings'
2025-09-03 21:00:38.805 +02:00 [ERR] Failed executing DbCommand (13ms) [Parameters=[@__p_0='?' (DbType = Guid)], CommandType='"Text"', CommandTimeout='30']
SELECT "a"."Id", "a"."AllowUnknownTools", "a"."AllowedToolsCsv", "a"."Autonomy", "a"."BlockedToolsCsv", "a"."CreatedUtc", "a"."GuardrailsJson", "a"."Name", "a"."ParamsJson", "a"."PlannerMaxSteps", "a"."PlannerMaxTokens", "a"."PlannerStop", "a"."PlannerTemperature", "a"."PlannerTopP", "a"."Provider", "a"."SystemPrompt", "a"."Temperature", "a"."TemplateRef", "a"."TokenBudget", "a"."ToolBudget", "a"."TopP", "a"."UpdatedUtc"
FROM "Agents" AS "a"
WHERE "a"."Id" = @__p_0
LIMIT 1
2025-09-03 21:00:38.805 +02:00 [INF] Executed DbCommand (10ms) [Parameters=[@__agentId_0='?' (DbType = Guid)], CommandType='"Text"', CommandTimeout='30']
SELECT "a"."Id", "a"."AgentId", "a"."ConfigJson", "a"."Enabled", "a"."ToolId"
FROM "AgentToolBindings" AS "a"
WHERE "a"."AgentId" = @__agentId_0
2025-09-03 21:00:38.831 +02:00 [ERR] An exception occurred while iterating over the results of a query for context type 'AutoAgentes.Infrastructure.AppDbContext'.
Microsoft.Data.Sqlite.SqliteException (0x80004005): SQLite Error 1: 'no such column: a.AllowUnknownTools'.
   at Microsoft.Data.Sqlite.SqliteException.ThrowExceptionForRC(Int32 rc, sqlite3 db)
   at Microsoft.Data.Sqlite.SqliteCommand.PrepareAndEnumerateStatements()+MoveNext()
   at Microsoft.Data.Sqlite.SqliteCommand.GetStatements()+MoveNext()
   at Microsoft.Data.Sqlite.SqliteDataReader.NextResult()
   at Microsoft.Data.Sqlite.SqliteCommand.ExecuteReader(CommandBehavior behavior)
   at Microsoft.Data.Sqlite.SqliteCommand.ExecuteReaderAsync(CommandBehavior behavior, CancellationToken cancellationToken)
   at Microsoft.Data.Sqlite.SqliteCommand.ExecuteDbDataReaderAsync(CommandBehavior behavior, CancellationToken cancellationToken)
   at Microsoft.EntityFrameworkCore.Storage.RelationalCommand.ExecuteReaderAsync(RelationalCommandParameterObject parameterObject, CancellationToken cancellationToken)
   at Microsoft.EntityFrameworkCore.Storage.RelationalCommand.ExecuteReaderAsync(RelationalCommandParameterObject parameterObject, CancellationToken cancellationToken)
   at Microsoft.EntityFrameworkCore.Query.Internal.SingleQueryingEnumerable`1.AsyncEnumerator.InitializeReaderAsync(AsyncEnumerator enumerator, CancellationToken cancellationToken)
   at Microsoft.EntityFrameworkCore.Query.Internal.SingleQueryingEnumerable`1.AsyncEnumerator.MoveNextAsync()
Microsoft.Data.Sqlite.SqliteException (0x80004005): SQLite Error 1: 'no such column: a.AllowUnknownTools'.
   at Microsoft.Data.Sqlite.SqliteException.ThrowExceptionForRC(Int32 rc, sqlite3 db)
   at Microsoft.Data.Sqlite.SqliteCommand.PrepareAndEnumerateStatements()+MoveNext()
   at Microsoft.Data.Sqlite.SqliteCommand.GetStatements()+MoveNext()
   at Microsoft.Data.Sqlite.SqliteDataReader.NextResult()
   at Microsoft.Data.Sqlite.SqliteCommand.ExecuteReader(CommandBehavior behavior)
   at Microsoft.Data.Sqlite.SqliteCommand.ExecuteReaderAsync(CommandBehavior behavior, CancellationToken cancellationToken)
   at Microsoft.Data.Sqlite.SqliteCommand.ExecuteDbDataReaderAsync(CommandBehavior behavior, CancellationToken cancellationToken)
   at Microsoft.EntityFrameworkCore.Storage.RelationalCommand.ExecuteReaderAsync(RelationalCommandParameterObject parameterObject, CancellationToken cancellationToken)
   at Microsoft.EntityFrameworkCore.Storage.RelationalCommand.ExecuteReaderAsync(RelationalCommandParameterObject parameterObject, CancellationToken cancellationToken)
   at Microsoft.EntityFrameworkCore.Query.Internal.SingleQueryingEnumerable`1.AsyncEnumerator.InitializeReaderAsync(AsyncEnumerator enumerator, CancellationToken cancellationToken)
   at Microsoft.EntityFrameworkCore.Query.Internal.SingleQueryingEnumerable`1.AsyncEnumerator.MoveNextAsync()
2025-09-03 21:00:38.842 +02:00 [INF] Executed endpoint 'HTTP: GET /agents/{id:guid}'
2025-09-03 21:00:38.850 +02:00 [ERR] An unhandled exception has occurred while executing the request.
Microsoft.Data.Sqlite.SqliteException (0x80004005): SQLite Error 1: 'no such column: a.AllowUnknownTools'.
   at Microsoft.Data.Sqlite.SqliteException.ThrowExceptionForRC(Int32 rc, sqlite3 db)
   at Microsoft.Data.Sqlite.SqliteCommand.PrepareAndEnumerateStatements()+MoveNext()
   at Microsoft.Data.Sqlite.SqliteCommand.GetStatements()+MoveNext()
   at Microsoft.Data.Sqlite.SqliteDataReader.NextResult()
   at Microsoft.Data.Sqlite.SqliteCommand.ExecuteReader(CommandBehavior behavior)
   at Microsoft.Data.Sqlite.SqliteCommand.ExecuteReaderAsync(CommandBehavior behavior, CancellationToken cancellationToken)
   at Microsoft.Data.Sqlite.SqliteCommand.ExecuteDbDataReaderAsync(CommandBehavior behavior, CancellationToken cancellationToken)
   at Microsoft.EntityFrameworkCore.Storage.RelationalCommand.ExecuteReaderAsync(RelationalCommandParameterObject parameterObject, CancellationToken cancellationToken)
   at Microsoft.EntityFrameworkCore.Storage.RelationalCommand.ExecuteReaderAsync(RelationalCommandParameterObject parameterObject, CancellationToken cancellationToken)
   at Microsoft.EntityFrameworkCore.Query.Internal.SingleQueryingEnumerable`1.AsyncEnumerator.InitializeReaderAsync(AsyncEnumerator enumerator, CancellationToken cancellationToken)
   at Microsoft.EntityFrameworkCore.Query.Internal.SingleQueryingEnumerable`1.AsyncEnumerator.MoveNextAsync()
   at Microsoft.EntityFrameworkCore.Query.ShapedQueryCompilingExpressionVisitor.SingleOrDefaultAsync[TSource](IAsyncEnumerable`1 asyncEnumerable, CancellationToken cancellationToken)
   at Microsoft.EntityFrameworkCore.Query.ShapedQueryCompilingExpressionVisitor.SingleOrDefaultAsync[TSource](IAsyncEnumerable`1 asyncEnumerable, CancellationToken cancellationToken)
   at AutoAgentes.Infrastructure.Services.AgentsService.GetAgentAsync(Guid id) in D:\BearDevelopment\AutoAgent\autoagent_back\src\AutoAgentes.Infrastructure\Services\AgentsService.cs:line 57
   at AutoAgentes.Api.Endpoints.<>c.<<MapApi>b__0_8>d.MoveNext() in D:\BearDevelopment\AutoAgent\autoagent_back\src\AutoAgentes.Api\Endpoints.cs:line 85
--- End of stack trace from previous location ---
   at Microsoft.AspNetCore.Http.RequestDelegateFactory.ExecuteTaskResult[T](Task`1 task, HttpContext httpContext)
   at Microsoft.AspNetCore.Routing.EndpointMiddleware.<Invoke>g__AwaitRequestTask|7_0(Endpoint endpoint, Task requestTask, ILogger logger)
   at Microsoft.AspNetCore.Authentication.AuthenticationMiddleware.Invoke(HttpContext context)
   at Microsoft.AspNetCore.RateLimiting.RateLimitingMiddleware.InvokeInternal(HttpContext context, EnableRateLimitingAttribute enableRateLimitingAttribute)
   at Swashbuckle.AspNetCore.SwaggerUI.SwaggerUIMiddleware.Invoke(HttpContext httpContext)
   at Swashbuckle.AspNetCore.Swagger.SwaggerMiddleware.Invoke(HttpContext httpContext, ISwaggerProvider swaggerProvider)
   at Microsoft.AspNetCore.Authorization.AuthorizationMiddleware.Invoke(HttpContext context)
   at Microsoft.AspNetCore.Diagnostics.DeveloperExceptionPageMiddlewareImpl.Invoke(HttpContext context)
2025-09-03 21:00:38.879 +02:00 [INF] Setting HTTP status code 200.
2025-09-03 21:00:38.906 +02:00 [INF] Writing value of type 'List`1' as Json.
2025-09-03 21:00:38.911 +02:00 [INF] Request finished HTTP/1.1 GET http://localhost:5088/agents/1e5ffb9e-fb28-4405-b82b-b4647aa5a865 - 500 null text/plain; charset=utf-8 1353.4014ms
2025-09-03 21:00:38.926 +02:00 [INF] Executed endpoint 'HTTP: GET /agents/{id:guid}/bindings'
2025-09-03 21:00:38.933 +02:00 [INF] Request finished HTTP/1.1 GET http://localhost:5088/agents/1e5ffb9e-fb28-4405-b82b-b4647aa5a865/bindings - 200 null application/json; charset=utf-8 1375.0309ms
2025-09-03 21:00:39.917 +02:00 [INF] Request starting HTTP/1.1 OPTIONS http://localhost:5088/agents/1e5ffb9e-fb28-4405-b82b-b4647aa5a865 - null null
2025-09-03 21:00:39.925 +02:00 [INF] CORS policy execution successful.
2025-09-03 21:00:39.931 +02:00 [INF] Request finished HTTP/1.1 OPTIONS http://localhost:5088/agents/1e5ffb9e-fb28-4405-b82b-b4647aa5a865 - 204 null null 15.2969ms
2025-09-03 21:00:39.939 +02:00 [INF] Request starting HTTP/1.1 GET http://localhost:5088/agents/1e5ffb9e-fb28-4405-b82b-b4647aa5a865 - application/json null
2025-09-03 21:00:39.946 +02:00 [INF] CORS policy execution successful.
2025-09-03 21:00:39.956 +02:00 [INF] Executing endpoint 'HTTP: GET /agents/{id:guid}'
2025-09-03 21:00:40.012 +02:00 [ERR] Failed executing DbCommand (1ms) [Parameters=[@__p_0='?' (DbType = Guid)], CommandType='"Text"', CommandTimeout='30']
SELECT "a"."Id", "a"."AllowUnknownTools", "a"."AllowedToolsCsv", "a"."Autonomy", "a"."BlockedToolsCsv", "a"."CreatedUtc", "a"."GuardrailsJson", "a"."Name", "a"."ParamsJson", "a"."PlannerMaxSteps", "a"."PlannerMaxTokens", "a"."PlannerStop", "a"."PlannerTemperature", "a"."PlannerTopP", "a"."Provider", "a"."SystemPrompt", "a"."Temperature", "a"."TemplateRef", "a"."TokenBudget", "a"."ToolBudget", "a"."TopP", "a"."UpdatedUtc"
FROM "Agents" AS "a"
WHERE "a"."Id" = @__p_0
LIMIT 1
2025-09-03 21:00:40.020 +02:00 [ERR] An exception occurred while iterating over the results of a query for context type 'AutoAgentes.Infrastructure.AppDbContext'.
Microsoft.Data.Sqlite.SqliteException (0x80004005): SQLite Error 1: 'no such column: a.AllowUnknownTools'.
   at Microsoft.Data.Sqlite.SqliteException.ThrowExceptionForRC(Int32 rc, sqlite3 db)
   at Microsoft.Data.Sqlite.SqliteCommand.PrepareAndEnumerateStatements()+MoveNext()
   at Microsoft.Data.Sqlite.SqliteCommand.GetStatements()+MoveNext()
   at Microsoft.Data.Sqlite.SqliteDataReader.NextResult()
   at Microsoft.Data.Sqlite.SqliteCommand.ExecuteReader(CommandBehavior behavior)
   at Microsoft.Data.Sqlite.SqliteCommand.ExecuteReaderAsync(CommandBehavior behavior, CancellationToken cancellationToken)
   at Microsoft.Data.Sqlite.SqliteCommand.ExecuteDbDataReaderAsync(CommandBehavior behavior, CancellationToken cancellationToken)
   at Microsoft.EntityFrameworkCore.Storage.RelationalCommand.ExecuteReaderAsync(RelationalCommandParameterObject parameterObject, CancellationToken cancellationToken)
   at Microsoft.EntityFrameworkCore.Storage.RelationalCommand.ExecuteReaderAsync(RelationalCommandParameterObject parameterObject, CancellationToken cancellationToken)
   at Microsoft.EntityFrameworkCore.Query.Internal.SingleQueryingEnumerable`1.AsyncEnumerator.InitializeReaderAsync(AsyncEnumerator enumerator, CancellationToken cancellationToken)
   at Microsoft.EntityFrameworkCore.Query.Internal.SingleQueryingEnumerable`1.AsyncEnumerator.MoveNextAsync()
Microsoft.Data.Sqlite.SqliteException (0x80004005): SQLite Error 1: 'no such column: a.AllowUnknownTools'.
   at Microsoft.Data.Sqlite.SqliteException.ThrowExceptionForRC(Int32 rc, sqlite3 db)
   at Microsoft.Data.Sqlite.SqliteCommand.PrepareAndEnumerateStatements()+MoveNext()
   at Microsoft.Data.Sqlite.SqliteCommand.GetStatements()+MoveNext()
   at Microsoft.Data.Sqlite.SqliteDataReader.NextResult()
   at Microsoft.Data.Sqlite.SqliteCommand.ExecuteReader(CommandBehavior behavior)
   at Microsoft.Data.Sqlite.SqliteCommand.ExecuteReaderAsync(CommandBehavior behavior, CancellationToken cancellationToken)
   at Microsoft.Data.Sqlite.SqliteCommand.ExecuteDbDataReaderAsync(CommandBehavior behavior, CancellationToken cancellationToken)
   at Microsoft.EntityFrameworkCore.Storage.RelationalCommand.ExecuteReaderAsync(RelationalCommandParameterObject parameterObject, CancellationToken cancellationToken)
   at Microsoft.EntityFrameworkCore.Storage.RelationalCommand.ExecuteReaderAsync(RelationalCommandParameterObject parameterObject, CancellationToken cancellationToken)
   at Microsoft.EntityFrameworkCore.Query.Internal.SingleQueryingEnumerable`1.AsyncEnumerator.InitializeReaderAsync(AsyncEnumerator enumerator, CancellationToken cancellationToken)
   at Microsoft.EntityFrameworkCore.Query.Internal.SingleQueryingEnumerable`1.AsyncEnumerator.MoveNextAsync()
2025-09-03 21:00:40.032 +02:00 [INF] Executed endpoint 'HTTP: GET /agents/{id:guid}'
2025-09-03 21:00:40.037 +02:00 [ERR] An unhandled exception has occurred while executing the request.
Microsoft.Data.Sqlite.SqliteException (0x80004005): SQLite Error 1: 'no such column: a.AllowUnknownTools'.
   at Microsoft.Data.Sqlite.SqliteException.ThrowExceptionForRC(Int32 rc, sqlite3 db)
   at Microsoft.Data.Sqlite.SqliteCommand.PrepareAndEnumerateStatements()+MoveNext()
   at Microsoft.Data.Sqlite.SqliteCommand.GetStatements()+MoveNext()
   at Microsoft.Data.Sqlite.SqliteDataReader.NextResult()
   at Microsoft.Data.Sqlite.SqliteCommand.ExecuteReader(CommandBehavior behavior)
   at Microsoft.Data.Sqlite.SqliteCommand.ExecuteReaderAsync(CommandBehavior behavior, CancellationToken cancellationToken)
   at Microsoft.Data.Sqlite.SqliteCommand.ExecuteDbDataReaderAsync(CommandBehavior behavior, CancellationToken cancellationToken)
   at Microsoft.EntityFrameworkCore.Storage.RelationalCommand.ExecuteReaderAsync(RelationalCommandParameterObject parameterObject, CancellationToken cancellationToken)
   at Microsoft.EntityFrameworkCore.Storage.RelationalCommand.ExecuteReaderAsync(RelationalCommandParameterObject parameterObject, CancellationToken cancellationToken)
   at Microsoft.EntityFrameworkCore.Query.Internal.SingleQueryingEnumerable`1.AsyncEnumerator.InitializeReaderAsync(AsyncEnumerator enumerator, CancellationToken cancellationToken)
   at Microsoft.EntityFrameworkCore.Query.Internal.SingleQueryingEnumerable`1.AsyncEnumerator.MoveNextAsync()
   at Microsoft.EntityFrameworkCore.Query.ShapedQueryCompilingExpressionVisitor.SingleOrDefaultAsync[TSource](IAsyncEnumerable`1 asyncEnumerable, CancellationToken cancellationToken)
   at Microsoft.EntityFrameworkCore.Query.ShapedQueryCompilingExpressionVisitor.SingleOrDefaultAsync[TSource](IAsyncEnumerable`1 asyncEnumerable, CancellationToken cancellationToken)
   at AutoAgentes.Infrastructure.Services.AgentsService.GetAgentAsync(Guid id) in D:\BearDevelopment\AutoAgent\autoagent_back\src\AutoAgentes.Infrastructure\Services\AgentsService.cs:line 57
   at AutoAgentes.Api.Endpoints.<>c.<<MapApi>b__0_8>d.MoveNext() in D:\BearDevelopment\AutoAgent\autoagent_back\src\AutoAgentes.Api\Endpoints.cs:line 85
--- End of stack trace from previous location ---
   at Microsoft.AspNetCore.Http.RequestDelegateFactory.ExecuteTaskResult[T](Task`1 task, HttpContext httpContext)
   at Microsoft.AspNetCore.Routing.EndpointMiddleware.<Invoke>g__AwaitRequestTask|7_0(Endpoint endpoint, Task requestTask, ILogger logger)
   at Microsoft.AspNetCore.Authentication.AuthenticationMiddleware.Invoke(HttpContext context)
   at Microsoft.AspNetCore.RateLimiting.RateLimitingMiddleware.InvokeInternal(HttpContext context, EnableRateLimitingAttribute enableRateLimitingAttribute)
   at Swashbuckle.AspNetCore.SwaggerUI.SwaggerUIMiddleware.Invoke(HttpContext httpContext)
   at Swashbuckle.AspNetCore.Swagger.SwaggerMiddleware.Invoke(HttpContext httpContext, ISwaggerProvider swaggerProvider)
   at Microsoft.AspNetCore.Authorization.AuthorizationMiddleware.Invoke(HttpContext context)
   at Microsoft.AspNetCore.Diagnostics.DeveloperExceptionPageMiddlewareImpl.Invoke(HttpContext context)
2025-09-03 21:00:40.054 +02:00 [INF] Request finished HTTP/1.1 GET http://localhost:5088/agents/1e5ffb9e-fb28-4405-b82b-b4647aa5a865 - 500 null text/plain; charset=utf-8 114.7263ms
2025-09-03 21:00:42.070 +02:00 [INF] Request starting HTTP/1.1 OPTIONS http://localhost:5088/agents/1e5ffb9e-fb28-4405-b82b-b4647aa5a865 - null null
2025-09-03 21:00:42.077 +02:00 [INF] CORS policy execution successful.
2025-09-03 21:00:42.084 +02:00 [INF] Request finished HTTP/1.1 OPTIONS http://localhost:5088/agents/1e5ffb9e-fb28-4405-b82b-b4647aa5a865 - 204 null null 14.0011ms
2025-09-03 21:00:42.091 +02:00 [INF] Request starting HTTP/1.1 GET http://localhost:5088/agents/1e5ffb9e-fb28-4405-b82b-b4647aa5a865 - application/json null
2025-09-03 21:00:42.096 +02:00 [INF] CORS policy execution successful.
2025-09-03 21:00:42.102 +02:00 [INF] Executing endpoint 'HTTP: GET /agents/{id:guid}'
2025-09-03 21:00:42.109 +02:00 [ERR] Failed executing DbCommand (0ms) [Parameters=[@__p_0='?' (DbType = Guid)], CommandType='"Text"', CommandTimeout='30']
SELECT "a"."Id", "a"."AllowUnknownTools", "a"."AllowedToolsCsv", "a"."Autonomy", "a"."BlockedToolsCsv", "a"."CreatedUtc", "a"."GuardrailsJson", "a"."Name", "a"."ParamsJson", "a"."PlannerMaxSteps", "a"."PlannerMaxTokens", "a"."PlannerStop", "a"."PlannerTemperature", "a"."PlannerTopP", "a"."Provider", "a"."SystemPrompt", "a"."Temperature", "a"."TemplateRef", "a"."TokenBudget", "a"."ToolBudget", "a"."TopP", "a"."UpdatedUtc"
FROM "Agents" AS "a"
WHERE "a"."Id" = @__p_0
LIMIT 1
2025-09-03 21:00:42.116 +02:00 [ERR] An exception occurred while iterating over the results of a query for context type 'AutoAgentes.Infrastructure.AppDbContext'.
Microsoft.Data.Sqlite.SqliteException (0x80004005): SQLite Error 1: 'no such column: a.AllowUnknownTools'.
   at Microsoft.Data.Sqlite.SqliteException.ThrowExceptionForRC(Int32 rc, sqlite3 db)
   at Microsoft.Data.Sqlite.SqliteCommand.PrepareAndEnumerateStatements()+MoveNext()
   at Microsoft.Data.Sqlite.SqliteCommand.GetStatements()+MoveNext()
   at Microsoft.Data.Sqlite.SqliteDataReader.NextResult()
   at Microsoft.Data.Sqlite.SqliteCommand.ExecuteReader(CommandBehavior behavior)
   at Microsoft.Data.Sqlite.SqliteCommand.ExecuteReaderAsync(CommandBehavior behavior, CancellationToken cancellationToken)
   at Microsoft.Data.Sqlite.SqliteCommand.ExecuteDbDataReaderAsync(CommandBehavior behavior, CancellationToken cancellationToken)
   at Microsoft.EntityFrameworkCore.Storage.RelationalCommand.ExecuteReaderAsync(RelationalCommandParameterObject parameterObject, CancellationToken cancellationToken)
   at Microsoft.EntityFrameworkCore.Storage.RelationalCommand.ExecuteReaderAsync(RelationalCommandParameterObject parameterObject, CancellationToken cancellationToken)
   at Microsoft.EntityFrameworkCore.Query.Internal.SingleQueryingEnumerable`1.AsyncEnumerator.InitializeReaderAsync(AsyncEnumerator enumerator, CancellationToken cancellationToken)
   at Microsoft.EntityFrameworkCore.Query.Internal.SingleQueryingEnumerable`1.AsyncEnumerator.MoveNextAsync()
Microsoft.Data.Sqlite.SqliteException (0x80004005): SQLite Error 1: 'no such column: a.AllowUnknownTools'.
   at Microsoft.Data.Sqlite.SqliteException.ThrowExceptionForRC(Int32 rc, sqlite3 db)
   at Microsoft.Data.Sqlite.SqliteCommand.PrepareAndEnumerateStatements()+MoveNext()
   at Microsoft.Data.Sqlite.SqliteCommand.GetStatements()+MoveNext()
   at Microsoft.Data.Sqlite.SqliteDataReader.NextResult()
   at Microsoft.Data.Sqlite.SqliteCommand.ExecuteReader(CommandBehavior behavior)
   at Microsoft.Data.Sqlite.SqliteCommand.ExecuteReaderAsync(CommandBehavior behavior, CancellationToken cancellationToken)
   at Microsoft.Data.Sqlite.SqliteCommand.ExecuteDbDataReaderAsync(CommandBehavior behavior, CancellationToken cancellationToken)
   at Microsoft.EntityFrameworkCore.Storage.RelationalCommand.ExecuteReaderAsync(RelationalCommandParameterObject parameterObject, CancellationToken cancellationToken)
   at Microsoft.EntityFrameworkCore.Storage.RelationalCommand.ExecuteReaderAsync(RelationalCommandParameterObject parameterObject, CancellationToken cancellationToken)
   at Microsoft.EntityFrameworkCore.Query.Internal.SingleQueryingEnumerable`1.AsyncEnumerator.InitializeReaderAsync(AsyncEnumerator enumerator, CancellationToken cancellationToken)
   at Microsoft.EntityFrameworkCore.Query.Internal.SingleQueryingEnumerable`1.AsyncEnumerator.MoveNextAsync()
2025-09-03 21:00:42.124 +02:00 [INF] Executed endpoint 'HTTP: GET /agents/{id:guid}'
2025-09-03 21:00:42.129 +02:00 [ERR] An unhandled exception has occurred while executing the request.
Microsoft.Data.Sqlite.SqliteException (0x80004005): SQLite Error 1: 'no such column: a.AllowUnknownTools'.
   at Microsoft.Data.Sqlite.SqliteException.ThrowExceptionForRC(Int32 rc, sqlite3 db)
   at Microsoft.Data.Sqlite.SqliteCommand.PrepareAndEnumerateStatements()+MoveNext()
   at Microsoft.Data.Sqlite.SqliteCommand.GetStatements()+MoveNext()
   at Microsoft.Data.Sqlite.SqliteDataReader.NextResult()
   at Microsoft.Data.Sqlite.SqliteCommand.ExecuteReader(CommandBehavior behavior)
   at Microsoft.Data.Sqlite.SqliteCommand.ExecuteReaderAsync(CommandBehavior behavior, CancellationToken cancellationToken)
   at Microsoft.Data.Sqlite.SqliteCommand.ExecuteDbDataReaderAsync(CommandBehavior behavior, CancellationToken cancellationToken)
   at Microsoft.EntityFrameworkCore.Storage.RelationalCommand.ExecuteReaderAsync(RelationalCommandParameterObject parameterObject, CancellationToken cancellationToken)
   at Microsoft.EntityFrameworkCore.Storage.RelationalCommand.ExecuteReaderAsync(RelationalCommandParameterObject parameterObject, CancellationToken cancellationToken)
   at Microsoft.EntityFrameworkCore.Query.Internal.SingleQueryingEnumerable`1.AsyncEnumerator.InitializeReaderAsync(AsyncEnumerator enumerator, CancellationToken cancellationToken)
   at Microsoft.EntityFrameworkCore.Query.Internal.SingleQueryingEnumerable`1.AsyncEnumerator.MoveNextAsync()
   at Microsoft.EntityFrameworkCore.Query.ShapedQueryCompilingExpressionVisitor.SingleOrDefaultAsync[TSource](IAsyncEnumerable`1 asyncEnumerable, CancellationToken cancellationToken)
   at Microsoft.EntityFrameworkCore.Query.ShapedQueryCompilingExpressionVisitor.SingleOrDefaultAsync[TSource](IAsyncEnumerable`1 asyncEnumerable, CancellationToken cancellationToken)
   at AutoAgentes.Infrastructure.Services.AgentsService.GetAgentAsync(Guid id) in D:\BearDevelopment\AutoAgent\autoagent_back\src\AutoAgentes.Infrastructure\Services\AgentsService.cs:line 57
   at AutoAgentes.Api.Endpoints.<>c.<<MapApi>b__0_8>d.MoveNext() in D:\BearDevelopment\AutoAgent\autoagent_back\src\AutoAgentes.Api\Endpoints.cs:line 85
--- End of stack trace from previous location ---
   at Microsoft.AspNetCore.Http.RequestDelegateFactory.ExecuteTaskResult[T](Task`1 task, HttpContext httpContext)
   at Microsoft.AspNetCore.Routing.EndpointMiddleware.<Invoke>g__AwaitRequestTask|7_0(Endpoint endpoint, Task requestTask, ILogger logger)
   at Microsoft.AspNetCore.Authentication.AuthenticationMiddleware.Invoke(HttpContext context)
   at Microsoft.AspNetCore.RateLimiting.RateLimitingMiddleware.InvokeInternal(HttpContext context, EnableRateLimitingAttribute enableRateLimitingAttribute)
   at Swashbuckle.AspNetCore.SwaggerUI.SwaggerUIMiddleware.Invoke(HttpContext httpContext)
   at Swashbuckle.AspNetCore.Swagger.SwaggerMiddleware.Invoke(HttpContext httpContext, ISwaggerProvider swaggerProvider)
   at Microsoft.AspNetCore.Authorization.AuthorizationMiddleware.Invoke(HttpContext context)
   at Microsoft.AspNetCore.Diagnostics.DeveloperExceptionPageMiddlewareImpl.Invoke(HttpContext context)
2025-09-03 21:00:42.141 +02:00 [INF] Request finished HTTP/1.1 GET http://localhost:5088/agents/1e5ffb9e-fb28-4405-b82b-b4647aa5a865 - 500 null text/plain; charset=utf-8 49.9646ms
2025-09-03 21:00:46.157 +02:00 [INF] Request starting HTTP/1.1 OPTIONS http://localhost:5088/agents/1e5ffb9e-fb28-4405-b82b-b4647aa5a865 - null null
2025-09-03 21:00:46.168 +02:00 [INF] CORS policy execution successful.
2025-09-03 21:00:46.175 +02:00 [INF] Request finished HTTP/1.1 OPTIONS http://localhost:5088/agents/1e5ffb9e-fb28-4405-b82b-b4647aa5a865 - 204 null null 18.1649ms
2025-09-03 21:00:46.181 +02:00 [INF] Request starting HTTP/1.1 GET http://localhost:5088/agents/1e5ffb9e-fb28-4405-b82b-b4647aa5a865 - application/json null
2025-09-03 21:00:46.188 +02:00 [INF] CORS policy execution successful.
2025-09-03 21:00:46.193 +02:00 [INF] Executing endpoint 'HTTP: GET /agents/{id:guid}'
2025-09-03 21:00:46.200 +02:00 [ERR] Failed executing DbCommand (0ms) [Parameters=[@__p_0='?' (DbType = Guid)], CommandType='"Text"', CommandTimeout='30']
SELECT "a"."Id", "a"."AllowUnknownTools", "a"."AllowedToolsCsv", "a"."Autonomy", "a"."BlockedToolsCsv", "a"."CreatedUtc", "a"."GuardrailsJson", "a"."Name", "a"."ParamsJson", "a"."PlannerMaxSteps", "a"."PlannerMaxTokens", "a"."PlannerStop", "a"."PlannerTemperature", "a"."PlannerTopP", "a"."Provider", "a"."SystemPrompt", "a"."Temperature", "a"."TemplateRef", "a"."TokenBudget", "a"."ToolBudget", "a"."TopP", "a"."UpdatedUtc"
FROM "Agents" AS "a"
WHERE "a"."Id" = @__p_0
LIMIT 1
2025-09-03 21:00:46.208 +02:00 [ERR] An exception occurred while iterating over the results of a query for context type 'AutoAgentes.Infrastructure.AppDbContext'.
Microsoft.Data.Sqlite.SqliteException (0x80004005): SQLite Error 1: 'no such column: a.AllowUnknownTools'.
   at Microsoft.Data.Sqlite.SqliteException.ThrowExceptionForRC(Int32 rc, sqlite3 db)
   at Microsoft.Data.Sqlite.SqliteCommand.PrepareAndEnumerateStatements()+MoveNext()
   at Microsoft.Data.Sqlite.SqliteCommand.GetStatements()+MoveNext()
   at Microsoft.Data.Sqlite.SqliteDataReader.NextResult()
   at Microsoft.Data.Sqlite.SqliteCommand.ExecuteReader(CommandBehavior behavior)
   at Microsoft.Data.Sqlite.SqliteCommand.ExecuteReaderAsync(CommandBehavior behavior, CancellationToken cancellationToken)
   at Microsoft.Data.Sqlite.SqliteCommand.ExecuteDbDataReaderAsync(CommandBehavior behavior, CancellationToken cancellationToken)
   at Microsoft.EntityFrameworkCore.Storage.RelationalCommand.ExecuteReaderAsync(RelationalCommandParameterObject parameterObject, CancellationToken cancellationToken)
   at Microsoft.EntityFrameworkCore.Storage.RelationalCommand.ExecuteReaderAsync(RelationalCommandParameterObject parameterObject, CancellationToken cancellationToken)
   at Microsoft.EntityFrameworkCore.Query.Internal.SingleQueryingEnumerable`1.AsyncEnumerator.InitializeReaderAsync(AsyncEnumerator enumerator, CancellationToken cancellationToken)
   at Microsoft.EntityFrameworkCore.Query.Internal.SingleQueryingEnumerable`1.AsyncEnumerator.MoveNextAsync()
Microsoft.Data.Sqlite.SqliteException (0x80004005): SQLite Error 1: 'no such column: a.AllowUnknownTools'.
   at Microsoft.Data.Sqlite.SqliteException.ThrowExceptionForRC(Int32 rc, sqlite3 db)
   at Microsoft.Data.Sqlite.SqliteCommand.PrepareAndEnumerateStatements()+MoveNext()
   at Microsoft.Data.Sqlite.SqliteCommand.GetStatements()+MoveNext()
   at Microsoft.Data.Sqlite.SqliteDataReader.NextResult()
   at Microsoft.Data.Sqlite.SqliteCommand.ExecuteReader(CommandBehavior behavior)
   at Microsoft.Data.Sqlite.SqliteCommand.ExecuteReaderAsync(CommandBehavior behavior, CancellationToken cancellationToken)
   at Microsoft.Data.Sqlite.SqliteCommand.ExecuteDbDataReaderAsync(CommandBehavior behavior, CancellationToken cancellationToken)
   at Microsoft.EntityFrameworkCore.Storage.RelationalCommand.ExecuteReaderAsync(RelationalCommandParameterObject parameterObject, CancellationToken cancellationToken)
   at Microsoft.EntityFrameworkCore.Storage.RelationalCommand.ExecuteReaderAsync(RelationalCommandParameterObject parameterObject, CancellationToken cancellationToken)
   at Microsoft.EntityFrameworkCore.Query.Internal.SingleQueryingEnumerable`1.AsyncEnumerator.InitializeReaderAsync(AsyncEnumerator enumerator, CancellationToken cancellationToken)
   at Microsoft.EntityFrameworkCore.Query.Internal.SingleQueryingEnumerable`1.AsyncEnumerator.MoveNextAsync()
2025-09-03 21:00:46.218 +02:00 [INF] Executed endpoint 'HTTP: GET /agents/{id:guid}'
2025-09-03 21:00:46.223 +02:00 [ERR] An unhandled exception has occurred while executing the request.
Microsoft.Data.Sqlite.SqliteException (0x80004005): SQLite Error 1: 'no such column: a.AllowUnknownTools'.
   at Microsoft.Data.Sqlite.SqliteException.ThrowExceptionForRC(Int32 rc, sqlite3 db)
   at Microsoft.Data.Sqlite.SqliteCommand.PrepareAndEnumerateStatements()+MoveNext()
   at Microsoft.Data.Sqlite.SqliteCommand.GetStatements()+MoveNext()
   at Microsoft.Data.Sqlite.SqliteDataReader.NextResult()
   at Microsoft.Data.Sqlite.SqliteCommand.ExecuteReader(CommandBehavior behavior)
   at Microsoft.Data.Sqlite.SqliteCommand.ExecuteReaderAsync(CommandBehavior behavior, CancellationToken cancellationToken)
   at Microsoft.Data.Sqlite.SqliteCommand.ExecuteDbDataReaderAsync(CommandBehavior behavior, CancellationToken cancellationToken)
   at Microsoft.EntityFrameworkCore.Storage.RelationalCommand.ExecuteReaderAsync(RelationalCommandParameterObject parameterObject, CancellationToken cancellationToken)
   at Microsoft.EntityFrameworkCore.Storage.RelationalCommand.ExecuteReaderAsync(RelationalCommandParameterObject parameterObject, CancellationToken cancellationToken)
   at Microsoft.EntityFrameworkCore.Query.Internal.SingleQueryingEnumerable`1.AsyncEnumerator.InitializeReaderAsync(AsyncEnumerator enumerator, CancellationToken cancellationToken)
   at Microsoft.EntityFrameworkCore.Query.Internal.SingleQueryingEnumerable`1.AsyncEnumerator.MoveNextAsync()
   at Microsoft.EntityFrameworkCore.Query.ShapedQueryCompilingExpressionVisitor.SingleOrDefaultAsync[TSource](IAsyncEnumerable`1 asyncEnumerable, CancellationToken cancellationToken)
   at Microsoft.EntityFrameworkCore.Query.ShapedQueryCompilingExpressionVisitor.SingleOrDefaultAsync[TSource](IAsyncEnumerable`1 asyncEnumerable, CancellationToken cancellationToken)
   at AutoAgentes.Infrastructure.Services.AgentsService.GetAgentAsync(Guid id) in D:\BearDevelopment\AutoAgent\autoagent_back\src\AutoAgentes.Infrastructure\Services\AgentsService.cs:line 57
   at AutoAgentes.Api.Endpoints.<>c.<<MapApi>b__0_8>d.MoveNext() in D:\BearDevelopment\AutoAgent\autoagent_back\src\AutoAgentes.Api\Endpoints.cs:line 85
--- End of stack trace from previous location ---
   at Microsoft.AspNetCore.Http.RequestDelegateFactory.ExecuteTaskResult[T](Task`1 task, HttpContext httpContext)
   at Microsoft.AspNetCore.Routing.EndpointMiddleware.<Invoke>g__AwaitRequestTask|7_0(Endpoint endpoint, Task requestTask, ILogger logger)
   at Microsoft.AspNetCore.Authentication.AuthenticationMiddleware.Invoke(HttpContext context)
   at Microsoft.AspNetCore.RateLimiting.RateLimitingMiddleware.InvokeInternal(HttpContext context, EnableRateLimitingAttribute enableRateLimitingAttribute)
   at Swashbuckle.AspNetCore.SwaggerUI.SwaggerUIMiddleware.Invoke(HttpContext httpContext)
   at Swashbuckle.AspNetCore.Swagger.SwaggerMiddleware.Invoke(HttpContext httpContext, ISwaggerProvider swaggerProvider)
   at Microsoft.AspNetCore.Authorization.AuthorizationMiddleware.Invoke(HttpContext context)
   at Microsoft.AspNetCore.Diagnostics.DeveloperExceptionPageMiddlewareImpl.Invoke(HttpContext context)
2025-09-03 21:00:46.238 +02:00 [INF] Request finished HTTP/1.1 GET http://localhost:5088/agents/1e5ffb9e-fb28-4405-b82b-b4647aa5a865 - 500 null text/plain; charset=utf-8 56.9024ms
2025-09-03 21:01:23.834 +02:00 [INF] Application is shutting down...
2025-09-03 21:01:44.574 +02:00 [INF] User profile is available. Using 'C:\Users\Usuario\AppData\Local\ASP.NET\DataProtection-Keys' as key repository and Windows DPAPI to encrypt keys at rest.
2025-09-03 21:01:45.123 +02:00 [INF] Now listening on: http://localhost:5088
2025-09-03 21:01:45.129 +02:00 [INF] Application started. Press Ctrl+C to shut down.
2025-09-03 21:01:45.131 +02:00 [INF] Hosting environment: Development
2025-09-03 21:01:45.133 +02:00 [INF] Content root path: D:\BearDevelopment\AutoAgent\autoagent_back\src\AutoAgentes.Api
2025-09-03 21:01:47.707 +02:00 [INF] Request starting HTTP/1.1 OPTIONS http://localhost:5088/agents/1e5ffb9e-fb28-4405-b82b-b4647aa5a865/bindings - null null
2025-09-03 21:01:47.707 +02:00 [INF] Request starting HTTP/1.1 OPTIONS http://localhost:5088/agents/1e5ffb9e-fb28-4405-b82b-b4647aa5a865 - null null
2025-09-03 21:01:47.787 +02:00 [INF] CORS policy execution successful.
2025-09-03 21:01:47.787 +02:00 [INF] CORS policy execution successful.
2025-09-03 21:01:47.802 +02:00 [INF] Request finished HTTP/1.1 OPTIONS http://localhost:5088/agents/1e5ffb9e-fb28-4405-b82b-b4647aa5a865 - 204 null null 110.3632ms
2025-09-03 21:01:47.802 +02:00 [INF] Request finished HTTP/1.1 OPTIONS http://localhost:5088/agents/1e5ffb9e-fb28-4405-b82b-b4647aa5a865/bindings - 204 null null 110.3645ms
2025-09-03 21:01:47.821 +02:00 [INF] Request starting HTTP/1.1 GET http://localhost:5088/agents/1e5ffb9e-fb28-4405-b82b-b4647aa5a865 - application/json null
2025-09-03 21:01:47.821 +02:00 [INF] Request starting HTTP/1.1 GET http://localhost:5088/agents/1e5ffb9e-fb28-4405-b82b-b4647aa5a865/bindings - application/json null
2025-09-03 21:01:47.832 +02:00 [INF] CORS policy execution successful.
2025-09-03 21:01:47.832 +02:00 [INF] CORS policy execution successful.
2025-09-03 21:01:47.871 +02:00 [INF] Executing endpoint 'HTTP: GET /agents/{id:guid}'
2025-09-03 21:01:47.871 +02:00 [INF] Executing endpoint 'HTTP: GET /agents/{id:guid}/bindings'
2025-09-03 21:01:48.933 +02:00 [INF] Executed DbCommand (12ms) [Parameters=[@__agentId_0='?' (DbType = Guid)], CommandType='"Text"', CommandTimeout='30']
SELECT "a"."Id", "a"."AgentId", "a"."ConfigJson", "a"."Enabled", "a"."ToolId"
FROM "AgentToolBindings" AS "a"
WHERE "a"."AgentId" = @__agentId_0
2025-09-03 21:01:48.933 +02:00 [ERR] Failed executing DbCommand (17ms) [Parameters=[@__p_0='?' (DbType = Guid)], CommandType='"Text"', CommandTimeout='30']
SELECT "a"."Id", "a"."AllowUnknownTools", "a"."AllowedToolsCsv", "a"."Autonomy", "a"."BlockedToolsCsv", "a"."CreatedUtc", "a"."GuardrailsJson", "a"."Name", "a"."ParamsJson", "a"."PlannerMaxSteps", "a"."PlannerMaxTokens", "a"."PlannerStop", "a"."PlannerTemperature", "a"."PlannerTopP", "a"."Provider", "a"."SystemPrompt", "a"."Temperature", "a"."TemplateRef", "a"."TokenBudget", "a"."ToolBudget", "a"."TopP", "a"."UpdatedUtc"
FROM "Agents" AS "a"
WHERE "a"."Id" = @__p_0
LIMIT 1
2025-09-03 21:01:48.969 +02:00 [ERR] An exception occurred while iterating over the results of a query for context type 'AutoAgentes.Infrastructure.AppDbContext'.
Microsoft.Data.Sqlite.SqliteException (0x80004005): SQLite Error 1: 'no such column: a.AllowUnknownTools'.
   at Microsoft.Data.Sqlite.SqliteException.ThrowExceptionForRC(Int32 rc, sqlite3 db)
   at Microsoft.Data.Sqlite.SqliteCommand.PrepareAndEnumerateStatements()+MoveNext()
   at Microsoft.Data.Sqlite.SqliteCommand.GetStatements()+MoveNext()
   at Microsoft.Data.Sqlite.SqliteDataReader.NextResult()
   at Microsoft.Data.Sqlite.SqliteCommand.ExecuteReader(CommandBehavior behavior)
   at Microsoft.Data.Sqlite.SqliteCommand.ExecuteReaderAsync(CommandBehavior behavior, CancellationToken cancellationToken)
   at Microsoft.Data.Sqlite.SqliteCommand.ExecuteDbDataReaderAsync(CommandBehavior behavior, CancellationToken cancellationToken)
   at Microsoft.EntityFrameworkCore.Storage.RelationalCommand.ExecuteReaderAsync(RelationalCommandParameterObject parameterObject, CancellationToken cancellationToken)
   at Microsoft.EntityFrameworkCore.Storage.RelationalCommand.ExecuteReaderAsync(RelationalCommandParameterObject parameterObject, CancellationToken cancellationToken)
   at Microsoft.EntityFrameworkCore.Query.Internal.SingleQueryingEnumerable`1.AsyncEnumerator.InitializeReaderAsync(AsyncEnumerator enumerator, CancellationToken cancellationToken)
   at Microsoft.EntityFrameworkCore.Query.Internal.SingleQueryingEnumerable`1.AsyncEnumerator.MoveNextAsync()
Microsoft.Data.Sqlite.SqliteException (0x80004005): SQLite Error 1: 'no such column: a.AllowUnknownTools'.
   at Microsoft.Data.Sqlite.SqliteException.ThrowExceptionForRC(Int32 rc, sqlite3 db)
   at Microsoft.Data.Sqlite.SqliteCommand.PrepareAndEnumerateStatements()+MoveNext()
   at Microsoft.Data.Sqlite.SqliteCommand.GetStatements()+MoveNext()
   at Microsoft.Data.Sqlite.SqliteDataReader.NextResult()
   at Microsoft.Data.Sqlite.SqliteCommand.ExecuteReader(CommandBehavior behavior)
   at Microsoft.Data.Sqlite.SqliteCommand.ExecuteReaderAsync(CommandBehavior behavior, CancellationToken cancellationToken)
   at Microsoft.Data.Sqlite.SqliteCommand.ExecuteDbDataReaderAsync(CommandBehavior behavior, CancellationToken cancellationToken)
   at Microsoft.EntityFrameworkCore.Storage.RelationalCommand.ExecuteReaderAsync(RelationalCommandParameterObject parameterObject, CancellationToken cancellationToken)
   at Microsoft.EntityFrameworkCore.Storage.RelationalCommand.ExecuteReaderAsync(RelationalCommandParameterObject parameterObject, CancellationToken cancellationToken)
   at Microsoft.EntityFrameworkCore.Query.Internal.SingleQueryingEnumerable`1.AsyncEnumerator.InitializeReaderAsync(AsyncEnumerator enumerator, CancellationToken cancellationToken)
   at Microsoft.EntityFrameworkCore.Query.Internal.SingleQueryingEnumerable`1.AsyncEnumerator.MoveNextAsync()
2025-09-03 21:01:48.982 +02:00 [INF] Executed endpoint 'HTTP: GET /agents/{id:guid}'
2025-09-03 21:01:48.990 +02:00 [ERR] An unhandled exception has occurred while executing the request.
Microsoft.Data.Sqlite.SqliteException (0x80004005): SQLite Error 1: 'no such column: a.AllowUnknownTools'.
   at Microsoft.Data.Sqlite.SqliteException.ThrowExceptionForRC(Int32 rc, sqlite3 db)
   at Microsoft.Data.Sqlite.SqliteCommand.PrepareAndEnumerateStatements()+MoveNext()
   at Microsoft.Data.Sqlite.SqliteCommand.GetStatements()+MoveNext()
   at Microsoft.Data.Sqlite.SqliteDataReader.NextResult()
   at Microsoft.Data.Sqlite.SqliteCommand.ExecuteReader(CommandBehavior behavior)
   at Microsoft.Data.Sqlite.SqliteCommand.ExecuteReaderAsync(CommandBehavior behavior, CancellationToken cancellationToken)
   at Microsoft.Data.Sqlite.SqliteCommand.ExecuteDbDataReaderAsync(CommandBehavior behavior, CancellationToken cancellationToken)
   at Microsoft.EntityFrameworkCore.Storage.RelationalCommand.ExecuteReaderAsync(RelationalCommandParameterObject parameterObject, CancellationToken cancellationToken)
   at Microsoft.EntityFrameworkCore.Storage.RelationalCommand.ExecuteReaderAsync(RelationalCommandParameterObject parameterObject, CancellationToken cancellationToken)
   at Microsoft.EntityFrameworkCore.Query.Internal.SingleQueryingEnumerable`1.AsyncEnumerator.InitializeReaderAsync(AsyncEnumerator enumerator, CancellationToken cancellationToken)
   at Microsoft.EntityFrameworkCore.Query.Internal.SingleQueryingEnumerable`1.AsyncEnumerator.MoveNextAsync()
   at Microsoft.EntityFrameworkCore.Query.ShapedQueryCompilingExpressionVisitor.SingleOrDefaultAsync[TSource](IAsyncEnumerable`1 asyncEnumerable, CancellationToken cancellationToken)
   at Microsoft.EntityFrameworkCore.Query.ShapedQueryCompilingExpressionVisitor.SingleOrDefaultAsync[TSource](IAsyncEnumerable`1 asyncEnumerable, CancellationToken cancellationToken)
   at AutoAgentes.Infrastructure.Services.AgentsService.GetAgentAsync(Guid id) in D:\BearDevelopment\AutoAgent\autoagent_back\src\AutoAgentes.Infrastructure\Services\AgentsService.cs:line 57
   at AutoAgentes.Api.Endpoints.<>c.<<MapApi>b__0_8>d.MoveNext() in D:\BearDevelopment\AutoAgent\autoagent_back\src\AutoAgentes.Api\Endpoints.cs:line 85
--- End of stack trace from previous location ---
   at Microsoft.AspNetCore.Http.RequestDelegateFactory.ExecuteTaskResult[T](Task`1 task, HttpContext httpContext)
   at Microsoft.AspNetCore.Routing.EndpointMiddleware.<Invoke>g__AwaitRequestTask|7_0(Endpoint endpoint, Task requestTask, ILogger logger)
   at Microsoft.AspNetCore.Authentication.AuthenticationMiddleware.Invoke(HttpContext context)
   at Microsoft.AspNetCore.RateLimiting.RateLimitingMiddleware.InvokeInternal(HttpContext context, EnableRateLimitingAttribute enableRateLimitingAttribute)
   at Swashbuckle.AspNetCore.SwaggerUI.SwaggerUIMiddleware.Invoke(HttpContext httpContext)
   at Swashbuckle.AspNetCore.Swagger.SwaggerMiddleware.Invoke(HttpContext httpContext, ISwaggerProvider swaggerProvider)
   at Microsoft.AspNetCore.Authorization.AuthorizationMiddleware.Invoke(HttpContext context)
   at Microsoft.AspNetCore.Diagnostics.DeveloperExceptionPageMiddlewareImpl.Invoke(HttpContext context)
2025-09-03 21:01:49.010 +02:00 [INF] Setting HTTP status code 200.
2025-09-03 21:01:49.026 +02:00 [INF] Writing value of type 'List`1' as Json.
2025-09-03 21:01:49.027 +02:00 [INF] Request finished HTTP/1.1 GET http://localhost:5088/agents/1e5ffb9e-fb28-4405-b82b-b4647aa5a865 - 500 null text/plain; charset=utf-8 1206.8172ms
2025-09-03 21:01:49.049 +02:00 [INF] Executed endpoint 'HTTP: GET /agents/{id:guid}/bindings'
2025-09-03 21:01:49.057 +02:00 [INF] Request finished HTTP/1.1 GET http://localhost:5088/agents/1e5ffb9e-fb28-4405-b82b-b4647aa5a865/bindings - 200 null application/json; charset=utf-8 1236.9934ms
2025-09-03 21:01:50.034 +02:00 [INF] Request starting HTTP/1.1 OPTIONS http://localhost:5088/agents/1e5ffb9e-fb28-4405-b82b-b4647aa5a865 - null null
2025-09-03 21:01:50.045 +02:00 [INF] CORS policy execution successful.
2025-09-03 21:01:50.050 +02:00 [INF] Request finished HTTP/1.1 OPTIONS http://localhost:5088/agents/1e5ffb9e-fb28-4405-b82b-b4647aa5a865 - 204 null null 15.9658ms
2025-09-03 21:01:50.058 +02:00 [INF] Request starting HTTP/1.1 GET http://localhost:5088/agents/1e5ffb9e-fb28-4405-b82b-b4647aa5a865 - application/json null
2025-09-03 21:01:50.064 +02:00 [INF] CORS policy execution successful.
2025-09-03 21:01:50.076 +02:00 [INF] Executing endpoint 'HTTP: GET /agents/{id:guid}'
2025-09-03 21:01:50.142 +02:00 [ERR] Failed executing DbCommand (1ms) [Parameters=[@__p_0='?' (DbType = Guid)], CommandType='"Text"', CommandTimeout='30']
SELECT "a"."Id", "a"."AllowUnknownTools", "a"."AllowedToolsCsv", "a"."Autonomy", "a"."BlockedToolsCsv", "a"."CreatedUtc", "a"."GuardrailsJson", "a"."Name", "a"."ParamsJson", "a"."PlannerMaxSteps", "a"."PlannerMaxTokens", "a"."PlannerStop", "a"."PlannerTemperature", "a"."PlannerTopP", "a"."Provider", "a"."SystemPrompt", "a"."Temperature", "a"."TemplateRef", "a"."TokenBudget", "a"."ToolBudget", "a"."TopP", "a"."UpdatedUtc"
FROM "Agents" AS "a"
WHERE "a"."Id" = @__p_0
LIMIT 1
2025-09-03 21:01:50.150 +02:00 [ERR] An exception occurred while iterating over the results of a query for context type 'AutoAgentes.Infrastructure.AppDbContext'.
Microsoft.Data.Sqlite.SqliteException (0x80004005): SQLite Error 1: 'no such column: a.AllowUnknownTools'.
   at Microsoft.Data.Sqlite.SqliteException.ThrowExceptionForRC(Int32 rc, sqlite3 db)
   at Microsoft.Data.Sqlite.SqliteCommand.PrepareAndEnumerateStatements()+MoveNext()
   at Microsoft.Data.Sqlite.SqliteCommand.GetStatements()+MoveNext()
   at Microsoft.Data.Sqlite.SqliteDataReader.NextResult()
   at Microsoft.Data.Sqlite.SqliteCommand.ExecuteReader(CommandBehavior behavior)
   at Microsoft.Data.Sqlite.SqliteCommand.ExecuteReaderAsync(CommandBehavior behavior, CancellationToken cancellationToken)
   at Microsoft.Data.Sqlite.SqliteCommand.ExecuteDbDataReaderAsync(CommandBehavior behavior, CancellationToken cancellationToken)
   at Microsoft.EntityFrameworkCore.Storage.RelationalCommand.ExecuteReaderAsync(RelationalCommandParameterObject parameterObject, CancellationToken cancellationToken)
   at Microsoft.EntityFrameworkCore.Storage.RelationalCommand.ExecuteReaderAsync(RelationalCommandParameterObject parameterObject, CancellationToken cancellationToken)
   at Microsoft.EntityFrameworkCore.Query.Internal.SingleQueryingEnumerable`1.AsyncEnumerator.InitializeReaderAsync(AsyncEnumerator enumerator, CancellationToken cancellationToken)
   at Microsoft.EntityFrameworkCore.Query.Internal.SingleQueryingEnumerable`1.AsyncEnumerator.MoveNextAsync()
Microsoft.Data.Sqlite.SqliteException (0x80004005): SQLite Error 1: 'no such column: a.AllowUnknownTools'.
   at Microsoft.Data.Sqlite.SqliteException.ThrowExceptionForRC(Int32 rc, sqlite3 db)
   at Microsoft.Data.Sqlite.SqliteCommand.PrepareAndEnumerateStatements()+MoveNext()
   at Microsoft.Data.Sqlite.SqliteCommand.GetStatements()+MoveNext()
   at Microsoft.Data.Sqlite.SqliteDataReader.NextResult()
   at Microsoft.Data.Sqlite.SqliteCommand.ExecuteReader(CommandBehavior behavior)
   at Microsoft.Data.Sqlite.SqliteCommand.ExecuteReaderAsync(CommandBehavior behavior, CancellationToken cancellationToken)
   at Microsoft.Data.Sqlite.SqliteCommand.ExecuteDbDataReaderAsync(CommandBehavior behavior, CancellationToken cancellationToken)
   at Microsoft.EntityFrameworkCore.Storage.RelationalCommand.ExecuteReaderAsync(RelationalCommandParameterObject parameterObject, CancellationToken cancellationToken)
   at Microsoft.EntityFrameworkCore.Storage.RelationalCommand.ExecuteReaderAsync(RelationalCommandParameterObject parameterObject, CancellationToken cancellationToken)
   at Microsoft.EntityFrameworkCore.Query.Internal.SingleQueryingEnumerable`1.AsyncEnumerator.InitializeReaderAsync(AsyncEnumerator enumerator, CancellationToken cancellationToken)
   at Microsoft.EntityFrameworkCore.Query.Internal.SingleQueryingEnumerable`1.AsyncEnumerator.MoveNextAsync()
2025-09-03 21:01:50.161 +02:00 [INF] Executed endpoint 'HTTP: GET /agents/{id:guid}'
2025-09-03 21:01:50.167 +02:00 [ERR] An unhandled exception has occurred while executing the request.
Microsoft.Data.Sqlite.SqliteException (0x80004005): SQLite Error 1: 'no such column: a.AllowUnknownTools'.
   at Microsoft.Data.Sqlite.SqliteException.ThrowExceptionForRC(Int32 rc, sqlite3 db)
   at Microsoft.Data.Sqlite.SqliteCommand.PrepareAndEnumerateStatements()+MoveNext()
   at Microsoft.Data.Sqlite.SqliteCommand.GetStatements()+MoveNext()
   at Microsoft.Data.Sqlite.SqliteDataReader.NextResult()
   at Microsoft.Data.Sqlite.SqliteCommand.ExecuteReader(CommandBehavior behavior)
   at Microsoft.Data.Sqlite.SqliteCommand.ExecuteReaderAsync(CommandBehavior behavior, CancellationToken cancellationToken)
   at Microsoft.Data.Sqlite.SqliteCommand.ExecuteDbDataReaderAsync(CommandBehavior behavior, CancellationToken cancellationToken)
   at Microsoft.EntityFrameworkCore.Storage.RelationalCommand.ExecuteReaderAsync(RelationalCommandParameterObject parameterObject, CancellationToken cancellationToken)
   at Microsoft.EntityFrameworkCore.Storage.RelationalCommand.ExecuteReaderAsync(RelationalCommandParameterObject parameterObject, CancellationToken cancellationToken)
   at Microsoft.EntityFrameworkCore.Query.Internal.SingleQueryingEnumerable`1.AsyncEnumerator.InitializeReaderAsync(AsyncEnumerator enumerator, CancellationToken cancellationToken)
   at Microsoft.EntityFrameworkCore.Query.Internal.SingleQueryingEnumerable`1.AsyncEnumerator.MoveNextAsync()
   at Microsoft.EntityFrameworkCore.Query.ShapedQueryCompilingExpressionVisitor.SingleOrDefaultAsync[TSource](IAsyncEnumerable`1 asyncEnumerable, CancellationToken cancellationToken)
   at Microsoft.EntityFrameworkCore.Query.ShapedQueryCompilingExpressionVisitor.SingleOrDefaultAsync[TSource](IAsyncEnumerable`1 asyncEnumerable, CancellationToken cancellationToken)
   at AutoAgentes.Infrastructure.Services.AgentsService.GetAgentAsync(Guid id) in D:\BearDevelopment\AutoAgent\autoagent_back\src\AutoAgentes.Infrastructure\Services\AgentsService.cs:line 57
   at AutoAgentes.Api.Endpoints.<>c.<<MapApi>b__0_8>d.MoveNext() in D:\BearDevelopment\AutoAgent\autoagent_back\src\AutoAgentes.Api\Endpoints.cs:line 85
--- End of stack trace from previous location ---
   at Microsoft.AspNetCore.Http.RequestDelegateFactory.ExecuteTaskResult[T](Task`1 task, HttpContext httpContext)
   at Microsoft.AspNetCore.Routing.EndpointMiddleware.<Invoke>g__AwaitRequestTask|7_0(Endpoint endpoint, Task requestTask, ILogger logger)
   at Microsoft.AspNetCore.Authentication.AuthenticationMiddleware.Invoke(HttpContext context)
   at Microsoft.AspNetCore.RateLimiting.RateLimitingMiddleware.InvokeInternal(HttpContext context, EnableRateLimitingAttribute enableRateLimitingAttribute)
   at Swashbuckle.AspNetCore.SwaggerUI.SwaggerUIMiddleware.Invoke(HttpContext httpContext)
   at Swashbuckle.AspNetCore.Swagger.SwaggerMiddleware.Invoke(HttpContext httpContext, ISwaggerProvider swaggerProvider)
   at Microsoft.AspNetCore.Authorization.AuthorizationMiddleware.Invoke(HttpContext context)
   at Microsoft.AspNetCore.Diagnostics.DeveloperExceptionPageMiddlewareImpl.Invoke(HttpContext context)
2025-09-03 21:01:50.185 +02:00 [INF] Request finished HTTP/1.1 GET http://localhost:5088/agents/1e5ffb9e-fb28-4405-b82b-b4647aa5a865 - 500 null text/plain; charset=utf-8 126.7647ms
2025-09-03 21:01:52.205 +02:00 [INF] Request starting HTTP/1.1 OPTIONS http://localhost:5088/agents/1e5ffb9e-fb28-4405-b82b-b4647aa5a865 - null null
2025-09-03 21:01:52.216 +02:00 [INF] CORS policy execution successful.
2025-09-03 21:01:52.227 +02:00 [INF] Request finished HTTP/1.1 OPTIONS http://localhost:5088/agents/1e5ffb9e-fb28-4405-b82b-b4647aa5a865 - 204 null null 22.7726ms
2025-09-03 21:01:52.237 +02:00 [INF] Request starting HTTP/1.1 GET http://localhost:5088/agents/1e5ffb9e-fb28-4405-b82b-b4647aa5a865 - application/json null
2025-09-03 21:01:52.249 +02:00 [INF] CORS policy execution successful.
2025-09-03 21:01:52.256 +02:00 [INF] Executing endpoint 'HTTP: GET /agents/{id:guid}'
2025-09-03 21:01:52.268 +02:00 [ERR] Failed executing DbCommand (1ms) [Parameters=[@__p_0='?' (DbType = Guid)], CommandType='"Text"', CommandTimeout='30']
SELECT "a"."Id", "a"."AllowUnknownTools", "a"."AllowedToolsCsv", "a"."Autonomy", "a"."BlockedToolsCsv", "a"."CreatedUtc", "a"."GuardrailsJson", "a"."Name", "a"."ParamsJson", "a"."PlannerMaxSteps", "a"."PlannerMaxTokens", "a"."PlannerStop", "a"."PlannerTemperature", "a"."PlannerTopP", "a"."Provider", "a"."SystemPrompt", "a"."Temperature", "a"."TemplateRef", "a"."TokenBudget", "a"."ToolBudget", "a"."TopP", "a"."UpdatedUtc"
FROM "Agents" AS "a"
WHERE "a"."Id" = @__p_0
LIMIT 1
2025-09-03 21:01:52.280 +02:00 [ERR] An exception occurred while iterating over the results of a query for context type 'AutoAgentes.Infrastructure.AppDbContext'.
Microsoft.Data.Sqlite.SqliteException (0x80004005): SQLite Error 1: 'no such column: a.AllowUnknownTools'.
   at Microsoft.Data.Sqlite.SqliteException.ThrowExceptionForRC(Int32 rc, sqlite3 db)
   at Microsoft.Data.Sqlite.SqliteCommand.PrepareAndEnumerateStatements()+MoveNext()
   at Microsoft.Data.Sqlite.SqliteCommand.GetStatements()+MoveNext()
   at Microsoft.Data.Sqlite.SqliteDataReader.NextResult()
   at Microsoft.Data.Sqlite.SqliteCommand.ExecuteReader(CommandBehavior behavior)
   at Microsoft.Data.Sqlite.SqliteCommand.ExecuteReaderAsync(CommandBehavior behavior, CancellationToken cancellationToken)
   at Microsoft.Data.Sqlite.SqliteCommand.ExecuteDbDataReaderAsync(CommandBehavior behavior, CancellationToken cancellationToken)
   at Microsoft.EntityFrameworkCore.Storage.RelationalCommand.ExecuteReaderAsync(RelationalCommandParameterObject parameterObject, CancellationToken cancellationToken)
   at Microsoft.EntityFrameworkCore.Storage.RelationalCommand.ExecuteReaderAsync(RelationalCommandParameterObject parameterObject, CancellationToken cancellationToken)
   at Microsoft.EntityFrameworkCore.Query.Internal.SingleQueryingEnumerable`1.AsyncEnumerator.InitializeReaderAsync(AsyncEnumerator enumerator, CancellationToken cancellationToken)
   at Microsoft.EntityFrameworkCore.Query.Internal.SingleQueryingEnumerable`1.AsyncEnumerator.MoveNextAsync()
Microsoft.Data.Sqlite.SqliteException (0x80004005): SQLite Error 1: 'no such column: a.AllowUnknownTools'.
   at Microsoft.Data.Sqlite.SqliteException.ThrowExceptionForRC(Int32 rc, sqlite3 db)
   at Microsoft.Data.Sqlite.SqliteCommand.PrepareAndEnumerateStatements()+MoveNext()
   at Microsoft.Data.Sqlite.SqliteCommand.GetStatements()+MoveNext()
   at Microsoft.Data.Sqlite.SqliteDataReader.NextResult()
   at Microsoft.Data.Sqlite.SqliteCommand.ExecuteReader(CommandBehavior behavior)
   at Microsoft.Data.Sqlite.SqliteCommand.ExecuteReaderAsync(CommandBehavior behavior, CancellationToken cancellationToken)
   at Microsoft.Data.Sqlite.SqliteCommand.ExecuteDbDataReaderAsync(CommandBehavior behavior, CancellationToken cancellationToken)
   at Microsoft.EntityFrameworkCore.Storage.RelationalCommand.ExecuteReaderAsync(RelationalCommandParameterObject parameterObject, CancellationToken cancellationToken)
   at Microsoft.EntityFrameworkCore.Storage.RelationalCommand.ExecuteReaderAsync(RelationalCommandParameterObject parameterObject, CancellationToken cancellationToken)
   at Microsoft.EntityFrameworkCore.Query.Internal.SingleQueryingEnumerable`1.AsyncEnumerator.InitializeReaderAsync(AsyncEnumerator enumerator, CancellationToken cancellationToken)
   at Microsoft.EntityFrameworkCore.Query.Internal.SingleQueryingEnumerable`1.AsyncEnumerator.MoveNextAsync()
2025-09-03 21:01:52.296 +02:00 [INF] Executed endpoint 'HTTP: GET /agents/{id:guid}'
2025-09-03 21:01:52.305 +02:00 [ERR] An unhandled exception has occurred while executing the request.
Microsoft.Data.Sqlite.SqliteException (0x80004005): SQLite Error 1: 'no such column: a.AllowUnknownTools'.
   at Microsoft.Data.Sqlite.SqliteException.ThrowExceptionForRC(Int32 rc, sqlite3 db)
   at Microsoft.Data.Sqlite.SqliteCommand.PrepareAndEnumerateStatements()+MoveNext()
   at Microsoft.Data.Sqlite.SqliteCommand.GetStatements()+MoveNext()
   at Microsoft.Data.Sqlite.SqliteDataReader.NextResult()
   at Microsoft.Data.Sqlite.SqliteCommand.ExecuteReader(CommandBehavior behavior)
   at Microsoft.Data.Sqlite.SqliteCommand.ExecuteReaderAsync(CommandBehavior behavior, CancellationToken cancellationToken)
   at Microsoft.Data.Sqlite.SqliteCommand.ExecuteDbDataReaderAsync(CommandBehavior behavior, CancellationToken cancellationToken)
   at Microsoft.EntityFrameworkCore.Storage.RelationalCommand.ExecuteReaderAsync(RelationalCommandParameterObject parameterObject, CancellationToken cancellationToken)
   at Microsoft.EntityFrameworkCore.Storage.RelationalCommand.ExecuteReaderAsync(RelationalCommandParameterObject parameterObject, CancellationToken cancellationToken)
   at Microsoft.EntityFrameworkCore.Query.Internal.SingleQueryingEnumerable`1.AsyncEnumerator.InitializeReaderAsync(AsyncEnumerator enumerator, CancellationToken cancellationToken)
   at Microsoft.EntityFrameworkCore.Query.Internal.SingleQueryingEnumerable`1.AsyncEnumerator.MoveNextAsync()
   at Microsoft.EntityFrameworkCore.Query.ShapedQueryCompilingExpressionVisitor.SingleOrDefaultAsync[TSource](IAsyncEnumerable`1 asyncEnumerable, CancellationToken cancellationToken)
   at Microsoft.EntityFrameworkCore.Query.ShapedQueryCompilingExpressionVisitor.SingleOrDefaultAsync[TSource](IAsyncEnumerable`1 asyncEnumerable, CancellationToken cancellationToken)
   at AutoAgentes.Infrastructure.Services.AgentsService.GetAgentAsync(Guid id) in D:\BearDevelopment\AutoAgent\autoagent_back\src\AutoAgentes.Infrastructure\Services\AgentsService.cs:line 57
   at AutoAgentes.Api.Endpoints.<>c.<<MapApi>b__0_8>d.MoveNext() in D:\BearDevelopment\AutoAgent\autoagent_back\src\AutoAgentes.Api\Endpoints.cs:line 85
--- End of stack trace from previous location ---
   at Microsoft.AspNetCore.Http.RequestDelegateFactory.ExecuteTaskResult[T](Task`1 task, HttpContext httpContext)
   at Microsoft.AspNetCore.Routing.EndpointMiddleware.<Invoke>g__AwaitRequestTask|7_0(Endpoint endpoint, Task requestTask, ILogger logger)
   at Microsoft.AspNetCore.Authentication.AuthenticationMiddleware.Invoke(HttpContext context)
   at Microsoft.AspNetCore.RateLimiting.RateLimitingMiddleware.InvokeInternal(HttpContext context, EnableRateLimitingAttribute enableRateLimitingAttribute)
   at Swashbuckle.AspNetCore.SwaggerUI.SwaggerUIMiddleware.Invoke(HttpContext httpContext)
   at Swashbuckle.AspNetCore.Swagger.SwaggerMiddleware.Invoke(HttpContext httpContext, ISwaggerProvider swaggerProvider)
   at Microsoft.AspNetCore.Authorization.AuthorizationMiddleware.Invoke(HttpContext context)
   at Microsoft.AspNetCore.Diagnostics.DeveloperExceptionPageMiddlewareImpl.Invoke(HttpContext context)
2025-09-03 21:01:52.330 +02:00 [INF] Request finished HTTP/1.1 GET http://localhost:5088/agents/1e5ffb9e-fb28-4405-b82b-b4647aa5a865 - 500 null text/plain; charset=utf-8 92.7784ms
2025-09-03 21:01:56.345 +02:00 [INF] Request starting HTTP/1.1 OPTIONS http://localhost:5088/agents/1e5ffb9e-fb28-4405-b82b-b4647aa5a865 - null null
2025-09-03 21:01:56.361 +02:00 [INF] CORS policy execution successful.
2025-09-03 21:01:56.366 +02:00 [INF] Request finished HTTP/1.1 OPTIONS http://localhost:5088/agents/1e5ffb9e-fb28-4405-b82b-b4647aa5a865 - 204 null null 22.677ms
2025-09-03 21:01:56.375 +02:00 [INF] Request starting HTTP/1.1 GET http://localhost:5088/agents/1e5ffb9e-fb28-4405-b82b-b4647aa5a865 - application/json null
2025-09-03 21:01:56.381 +02:00 [INF] CORS policy execution successful.
2025-09-03 21:01:56.386 +02:00 [INF] Executing endpoint 'HTTP: GET /agents/{id:guid}'
2025-09-03 21:01:56.394 +02:00 [ERR] Failed executing DbCommand (1ms) [Parameters=[@__p_0='?' (DbType = Guid)], CommandType='"Text"', CommandTimeout='30']
SELECT "a"."Id", "a"."AllowUnknownTools", "a"."AllowedToolsCsv", "a"."Autonomy", "a"."BlockedToolsCsv", "a"."CreatedUtc", "a"."GuardrailsJson", "a"."Name", "a"."ParamsJson", "a"."PlannerMaxSteps", "a"."PlannerMaxTokens", "a"."PlannerStop", "a"."PlannerTemperature", "a"."PlannerTopP", "a"."Provider", "a"."SystemPrompt", "a"."Temperature", "a"."TemplateRef", "a"."TokenBudget", "a"."ToolBudget", "a"."TopP", "a"."UpdatedUtc"
FROM "Agents" AS "a"
WHERE "a"."Id" = @__p_0
LIMIT 1
2025-09-03 21:01:56.401 +02:00 [ERR] An exception occurred while iterating over the results of a query for context type 'AutoAgentes.Infrastructure.AppDbContext'.
Microsoft.Data.Sqlite.SqliteException (0x80004005): SQLite Error 1: 'no such column: a.AllowUnknownTools'.
   at Microsoft.Data.Sqlite.SqliteException.ThrowExceptionForRC(Int32 rc, sqlite3 db)
   at Microsoft.Data.Sqlite.SqliteCommand.PrepareAndEnumerateStatements()+MoveNext()
   at Microsoft.Data.Sqlite.SqliteCommand.GetStatements()+MoveNext()
   at Microsoft.Data.Sqlite.SqliteDataReader.NextResult()
   at Microsoft.Data.Sqlite.SqliteCommand.ExecuteReader(CommandBehavior behavior)
   at Microsoft.Data.Sqlite.SqliteCommand.ExecuteReaderAsync(CommandBehavior behavior, CancellationToken cancellationToken)
   at Microsoft.Data.Sqlite.SqliteCommand.ExecuteDbDataReaderAsync(CommandBehavior behavior, CancellationToken cancellationToken)
   at Microsoft.EntityFrameworkCore.Storage.RelationalCommand.ExecuteReaderAsync(RelationalCommandParameterObject parameterObject, CancellationToken cancellationToken)
   at Microsoft.EntityFrameworkCore.Storage.RelationalCommand.ExecuteReaderAsync(RelationalCommandParameterObject parameterObject, CancellationToken cancellationToken)
   at Microsoft.EntityFrameworkCore.Query.Internal.SingleQueryingEnumerable`1.AsyncEnumerator.InitializeReaderAsync(AsyncEnumerator enumerator, CancellationToken cancellationToken)
   at Microsoft.EntityFrameworkCore.Query.Internal.SingleQueryingEnumerable`1.AsyncEnumerator.MoveNextAsync()
Microsoft.Data.Sqlite.SqliteException (0x80004005): SQLite Error 1: 'no such column: a.AllowUnknownTools'.
   at Microsoft.Data.Sqlite.SqliteException.ThrowExceptionForRC(Int32 rc, sqlite3 db)
   at Microsoft.Data.Sqlite.SqliteCommand.PrepareAndEnumerateStatements()+MoveNext()
   at Microsoft.Data.Sqlite.SqliteCommand.GetStatements()+MoveNext()
   at Microsoft.Data.Sqlite.SqliteDataReader.NextResult()
   at Microsoft.Data.Sqlite.SqliteCommand.ExecuteReader(CommandBehavior behavior)
   at Microsoft.Data.Sqlite.SqliteCommand.ExecuteReaderAsync(CommandBehavior behavior, CancellationToken cancellationToken)
   at Microsoft.Data.Sqlite.SqliteCommand.ExecuteDbDataReaderAsync(CommandBehavior behavior, CancellationToken cancellationToken)
   at Microsoft.EntityFrameworkCore.Storage.RelationalCommand.ExecuteReaderAsync(RelationalCommandParameterObject parameterObject, CancellationToken cancellationToken)
   at Microsoft.EntityFrameworkCore.Storage.RelationalCommand.ExecuteReaderAsync(RelationalCommandParameterObject parameterObject, CancellationToken cancellationToken)
   at Microsoft.EntityFrameworkCore.Query.Internal.SingleQueryingEnumerable`1.AsyncEnumerator.InitializeReaderAsync(AsyncEnumerator enumerator, CancellationToken cancellationToken)
   at Microsoft.EntityFrameworkCore.Query.Internal.SingleQueryingEnumerable`1.AsyncEnumerator.MoveNextAsync()
2025-09-03 21:01:56.411 +02:00 [INF] Executed endpoint 'HTTP: GET /agents/{id:guid}'
2025-09-03 21:01:56.418 +02:00 [ERR] An unhandled exception has occurred while executing the request.
Microsoft.Data.Sqlite.SqliteException (0x80004005): SQLite Error 1: 'no such column: a.AllowUnknownTools'.
   at Microsoft.Data.Sqlite.SqliteException.ThrowExceptionForRC(Int32 rc, sqlite3 db)
   at Microsoft.Data.Sqlite.SqliteCommand.PrepareAndEnumerateStatements()+MoveNext()
   at Microsoft.Data.Sqlite.SqliteCommand.GetStatements()+MoveNext()
   at Microsoft.Data.Sqlite.SqliteDataReader.NextResult()
   at Microsoft.Data.Sqlite.SqliteCommand.ExecuteReader(CommandBehavior behavior)
   at Microsoft.Data.Sqlite.SqliteCommand.ExecuteReaderAsync(CommandBehavior behavior, CancellationToken cancellationToken)
   at Microsoft.Data.Sqlite.SqliteCommand.ExecuteDbDataReaderAsync(CommandBehavior behavior, CancellationToken cancellationToken)
   at Microsoft.EntityFrameworkCore.Storage.RelationalCommand.ExecuteReaderAsync(RelationalCommandParameterObject parameterObject, CancellationToken cancellationToken)
   at Microsoft.EntityFrameworkCore.Storage.RelationalCommand.ExecuteReaderAsync(RelationalCommandParameterObject parameterObject, CancellationToken cancellationToken)
   at Microsoft.EntityFrameworkCore.Query.Internal.SingleQueryingEnumerable`1.AsyncEnumerator.InitializeReaderAsync(AsyncEnumerator enumerator, CancellationToken cancellationToken)
   at Microsoft.EntityFrameworkCore.Query.Internal.SingleQueryingEnumerable`1.AsyncEnumerator.MoveNextAsync()
   at Microsoft.EntityFrameworkCore.Query.ShapedQueryCompilingExpressionVisitor.SingleOrDefaultAsync[TSource](IAsyncEnumerable`1 asyncEnumerable, CancellationToken cancellationToken)
   at Microsoft.EntityFrameworkCore.Query.ShapedQueryCompilingExpressionVisitor.SingleOrDefaultAsync[TSource](IAsyncEnumerable`1 asyncEnumerable, CancellationToken cancellationToken)
   at AutoAgentes.Infrastructure.Services.AgentsService.GetAgentAsync(Guid id) in D:\BearDevelopment\AutoAgent\autoagent_back\src\AutoAgentes.Infrastructure\Services\AgentsService.cs:line 57
   at AutoAgentes.Api.Endpoints.<>c.<<MapApi>b__0_8>d.MoveNext() in D:\BearDevelopment\AutoAgent\autoagent_back\src\AutoAgentes.Api\Endpoints.cs:line 85
--- End of stack trace from previous location ---
   at Microsoft.AspNetCore.Http.RequestDelegateFactory.ExecuteTaskResult[T](Task`1 task, HttpContext httpContext)
   at Microsoft.AspNetCore.Routing.EndpointMiddleware.<Invoke>g__AwaitRequestTask|7_0(Endpoint endpoint, Task requestTask, ILogger logger)
   at Microsoft.AspNetCore.Authentication.AuthenticationMiddleware.Invoke(HttpContext context)
   at Microsoft.AspNetCore.RateLimiting.RateLimitingMiddleware.InvokeInternal(HttpContext context, EnableRateLimitingAttribute enableRateLimitingAttribute)
   at Swashbuckle.AspNetCore.SwaggerUI.SwaggerUIMiddleware.Invoke(HttpContext httpContext)
   at Swashbuckle.AspNetCore.Swagger.SwaggerMiddleware.Invoke(HttpContext httpContext, ISwaggerProvider swaggerProvider)
   at Microsoft.AspNetCore.Authorization.AuthorizationMiddleware.Invoke(HttpContext context)
   at Microsoft.AspNetCore.Diagnostics.DeveloperExceptionPageMiddlewareImpl.Invoke(HttpContext context)
2025-09-03 21:01:56.436 +02:00 [INF] Request finished HTTP/1.1 GET http://localhost:5088/agents/1e5ffb9e-fb28-4405-b82b-b4647aa5a865 - 500 null text/plain; charset=utf-8 61.4538ms
2025-09-03 21:05:09.180 +02:00 [INF] Application is shutting down...
2025-09-03 21:05:39.441 +02:00 [INF] User profile is available. Using 'C:\Users\Usuario\AppData\Local\ASP.NET\DataProtection-Keys' as key repository and Windows DPAPI to encrypt keys at rest.
2025-09-03 21:05:39.856 +02:00 [INF] Now listening on: http://localhost:5088
2025-09-03 21:05:39.864 +02:00 [INF] Application started. Press Ctrl+C to shut down.
2025-09-03 21:05:39.866 +02:00 [INF] Hosting environment: Development
2025-09-03 21:05:39.869 +02:00 [INF] Content root path: D:\BearDevelopment\AutoAgent\autoagent_back\src\AutoAgentes.Api
2025-09-03 21:05:43.758 +02:00 [INF] Request starting HTTP/1.1 OPTIONS http://localhost:5088/agents/1e5ffb9e-fb28-4405-b82b-b4647aa5a865/bindings - null null
2025-09-03 21:05:43.756 +02:00 [INF] Request starting HTTP/1.1 OPTIONS http://localhost:5088/agents/1e5ffb9e-fb28-4405-b82b-b4647aa5a865 - null null
2025-09-03 21:05:44.011 +02:00 [INF] CORS policy execution successful.
2025-09-03 21:05:44.011 +02:00 [INF] CORS policy execution successful.
2025-09-03 21:05:44.048 +02:00 [INF] Request finished HTTP/1.1 OPTIONS http://localhost:5088/agents/1e5ffb9e-fb28-4405-b82b-b4647aa5a865 - 204 null null 328.6812ms
2025-09-03 21:05:44.048 +02:00 [INF] Request finished HTTP/1.1 OPTIONS http://localhost:5088/agents/1e5ffb9e-fb28-4405-b82b-b4647aa5a865/bindings - 204 null null 328.6822ms
2025-09-03 21:05:44.076 +02:00 [INF] Request starting HTTP/1.1 GET http://localhost:5088/agents/1e5ffb9e-fb28-4405-b82b-b4647aa5a865 - application/json null
2025-09-03 21:05:44.076 +02:00 [INF] Request starting HTTP/1.1 GET http://localhost:5088/agents/1e5ffb9e-fb28-4405-b82b-b4647aa5a865/bindings - application/json null
2025-09-03 21:05:44.096 +02:00 [INF] CORS policy execution successful.
2025-09-03 21:05:44.096 +02:00 [INF] CORS policy execution successful.
2025-09-03 21:05:44.126 +02:00 [INF] Executing endpoint 'HTTP: GET /agents/{id:guid}'
2025-09-03 21:05:44.126 +02:00 [INF] Executing endpoint 'HTTP: GET /agents/{id:guid}/bindings'
2025-09-03 21:05:45.226 +02:00 [ERR] Failed executing DbCommand (9ms) [Parameters=[@__p_0='?' (DbType = Guid)], CommandType='"Text"', CommandTimeout='30']
SELECT "a"."Id", "a"."AllowUnknownTools", "a"."AllowedToolsCsv", "a"."Autonomy", "a"."BlockedToolsCsv", "a"."CreatedUtc", "a"."GuardrailsJson", "a"."Name", "a"."ParamsJson", "a"."PlannerMaxSteps", "a"."PlannerMaxTokens", "a"."PlannerStop", "a"."PlannerTemperature", "a"."PlannerTopP", "a"."Provider", "a"."SystemPrompt", "a"."Temperature", "a"."TemplateRef", "a"."TokenBudget", "a"."ToolBudget", "a"."TopP", "a"."UpdatedUtc"
FROM "Agents" AS "a"
WHERE "a"."Id" = @__p_0
LIMIT 1
2025-09-03 21:05:45.234 +02:00 [ERR] Failed executing DbCommand (22ms) [Parameters=[@__agentId_0='?' (DbType = Guid)], CommandType='"Text"', CommandTimeout='30']
SELECT "a"."Id", "a"."AgentId", "a"."ConfigJson", "a"."Enabled", "a"."ToolId"
FROM "AgentToolBindings" AS "a"
WHERE "a"."AgentId" = @__agentId_0
2025-09-03 21:05:45.249 +02:00 [ERR] An exception occurred while iterating over the results of a query for context type 'AutoAgentes.Infrastructure.AppDbContext'.
Microsoft.Data.Sqlite.SqliteException (0x80004005): SQLite Error 1: 'no such table: Agents'.
   at Microsoft.Data.Sqlite.SqliteException.ThrowExceptionForRC(Int32 rc, sqlite3 db)
   at Microsoft.Data.Sqlite.SqliteCommand.PrepareAndEnumerateStatements()+MoveNext()
   at Microsoft.Data.Sqlite.SqliteCommand.GetStatements()+MoveNext()
   at Microsoft.Data.Sqlite.SqliteDataReader.NextResult()
   at Microsoft.Data.Sqlite.SqliteCommand.ExecuteReader(CommandBehavior behavior)
   at Microsoft.Data.Sqlite.SqliteCommand.ExecuteReaderAsync(CommandBehavior behavior, CancellationToken cancellationToken)
   at Microsoft.Data.Sqlite.SqliteCommand.ExecuteDbDataReaderAsync(CommandBehavior behavior, CancellationToken cancellationToken)
   at Microsoft.EntityFrameworkCore.Storage.RelationalCommand.ExecuteReaderAsync(RelationalCommandParameterObject parameterObject, CancellationToken cancellationToken)
   at Microsoft.EntityFrameworkCore.Storage.RelationalCommand.ExecuteReaderAsync(RelationalCommandParameterObject parameterObject, CancellationToken cancellationToken)
   at Microsoft.EntityFrameworkCore.Query.Internal.SingleQueryingEnumerable`1.AsyncEnumerator.InitializeReaderAsync(AsyncEnumerator enumerator, CancellationToken cancellationToken)
   at Microsoft.EntityFrameworkCore.Query.Internal.SingleQueryingEnumerable`1.AsyncEnumerator.MoveNextAsync()
Microsoft.Data.Sqlite.SqliteException (0x80004005): SQLite Error 1: 'no such table: Agents'.
   at Microsoft.Data.Sqlite.SqliteException.ThrowExceptionForRC(Int32 rc, sqlite3 db)
   at Microsoft.Data.Sqlite.SqliteCommand.PrepareAndEnumerateStatements()+MoveNext()
   at Microsoft.Data.Sqlite.SqliteCommand.GetStatements()+MoveNext()
   at Microsoft.Data.Sqlite.SqliteDataReader.NextResult()
   at Microsoft.Data.Sqlite.SqliteCommand.ExecuteReader(CommandBehavior behavior)
   at Microsoft.Data.Sqlite.SqliteCommand.ExecuteReaderAsync(CommandBehavior behavior, CancellationToken cancellationToken)
   at Microsoft.Data.Sqlite.SqliteCommand.ExecuteDbDataReaderAsync(CommandBehavior behavior, CancellationToken cancellationToken)
   at Microsoft.EntityFrameworkCore.Storage.RelationalCommand.ExecuteReaderAsync(RelationalCommandParameterObject parameterObject, CancellationToken cancellationToken)
   at Microsoft.EntityFrameworkCore.Storage.RelationalCommand.ExecuteReaderAsync(RelationalCommandParameterObject parameterObject, CancellationToken cancellationToken)
   at Microsoft.EntityFrameworkCore.Query.Internal.SingleQueryingEnumerable`1.AsyncEnumerator.InitializeReaderAsync(AsyncEnumerator enumerator, CancellationToken cancellationToken)
   at Microsoft.EntityFrameworkCore.Query.Internal.SingleQueryingEnumerable`1.AsyncEnumerator.MoveNextAsync()
2025-09-03 21:05:45.249 +02:00 [ERR] An exception occurred while iterating over the results of a query for context type 'AutoAgentes.Infrastructure.AppDbContext'.
Microsoft.Data.Sqlite.SqliteException (0x80004005): SQLite Error 1: 'no such table: AgentToolBindings'.
   at Microsoft.Data.Sqlite.SqliteException.ThrowExceptionForRC(Int32 rc, sqlite3 db)
   at Microsoft.Data.Sqlite.SqliteCommand.PrepareAndEnumerateStatements()+MoveNext()
   at Microsoft.Data.Sqlite.SqliteCommand.GetStatements()+MoveNext()
   at Microsoft.Data.Sqlite.SqliteDataReader.NextResult()
   at Microsoft.Data.Sqlite.SqliteCommand.ExecuteReader(CommandBehavior behavior)
   at Microsoft.Data.Sqlite.SqliteCommand.ExecuteReaderAsync(CommandBehavior behavior, CancellationToken cancellationToken)
   at Microsoft.Data.Sqlite.SqliteCommand.ExecuteDbDataReaderAsync(CommandBehavior behavior, CancellationToken cancellationToken)
   at Microsoft.EntityFrameworkCore.Storage.RelationalCommand.ExecuteReaderAsync(RelationalCommandParameterObject parameterObject, CancellationToken cancellationToken)
   at Microsoft.EntityFrameworkCore.Storage.RelationalCommand.ExecuteReaderAsync(RelationalCommandParameterObject parameterObject, CancellationToken cancellationToken)
   at Microsoft.EntityFrameworkCore.Query.Internal.SingleQueryingEnumerable`1.AsyncEnumerator.InitializeReaderAsync(AsyncEnumerator enumerator, CancellationToken cancellationToken)
   at Microsoft.EntityFrameworkCore.Query.Internal.SingleQueryingEnumerable`1.AsyncEnumerator.MoveNextAsync()
Microsoft.Data.Sqlite.SqliteException (0x80004005): SQLite Error 1: 'no such table: AgentToolBindings'.
   at Microsoft.Data.Sqlite.SqliteException.ThrowExceptionForRC(Int32 rc, sqlite3 db)
   at Microsoft.Data.Sqlite.SqliteCommand.PrepareAndEnumerateStatements()+MoveNext()
   at Microsoft.Data.Sqlite.SqliteCommand.GetStatements()+MoveNext()
   at Microsoft.Data.Sqlite.SqliteDataReader.NextResult()
   at Microsoft.Data.Sqlite.SqliteCommand.ExecuteReader(CommandBehavior behavior)
   at Microsoft.Data.Sqlite.SqliteCommand.ExecuteReaderAsync(CommandBehavior behavior, CancellationToken cancellationToken)
   at Microsoft.Data.Sqlite.SqliteCommand.ExecuteDbDataReaderAsync(CommandBehavior behavior, CancellationToken cancellationToken)
   at Microsoft.EntityFrameworkCore.Storage.RelationalCommand.ExecuteReaderAsync(RelationalCommandParameterObject parameterObject, CancellationToken cancellationToken)
   at Microsoft.EntityFrameworkCore.Storage.RelationalCommand.ExecuteReaderAsync(RelationalCommandParameterObject parameterObject, CancellationToken cancellationToken)
   at Microsoft.EntityFrameworkCore.Query.Internal.SingleQueryingEnumerable`1.AsyncEnumerator.InitializeReaderAsync(AsyncEnumerator enumerator, CancellationToken cancellationToken)
   at Microsoft.EntityFrameworkCore.Query.Internal.SingleQueryingEnumerable`1.AsyncEnumerator.MoveNextAsync()
2025-09-03 21:05:45.263 +02:00 [INF] Executed endpoint 'HTTP: GET /agents/{id:guid}'
2025-09-03 21:05:45.273 +02:00 [INF] Executed endpoint 'HTTP: GET /agents/{id:guid}/bindings'
2025-09-03 21:05:45.278 +02:00 [ERR] An unhandled exception has occurred while executing the request.
Microsoft.Data.Sqlite.SqliteException (0x80004005): SQLite Error 1: 'no such table: Agents'.
   at Microsoft.Data.Sqlite.SqliteException.ThrowExceptionForRC(Int32 rc, sqlite3 db)
   at Microsoft.Data.Sqlite.SqliteCommand.PrepareAndEnumerateStatements()+MoveNext()
   at Microsoft.Data.Sqlite.SqliteCommand.GetStatements()+MoveNext()
   at Microsoft.Data.Sqlite.SqliteDataReader.NextResult()
   at Microsoft.Data.Sqlite.SqliteCommand.ExecuteReader(CommandBehavior behavior)
   at Microsoft.Data.Sqlite.SqliteCommand.ExecuteReaderAsync(CommandBehavior behavior, CancellationToken cancellationToken)
   at Microsoft.Data.Sqlite.SqliteCommand.ExecuteDbDataReaderAsync(CommandBehavior behavior, CancellationToken cancellationToken)
   at Microsoft.EntityFrameworkCore.Storage.RelationalCommand.ExecuteReaderAsync(RelationalCommandParameterObject parameterObject, CancellationToken cancellationToken)
   at Microsoft.EntityFrameworkCore.Storage.RelationalCommand.ExecuteReaderAsync(RelationalCommandParameterObject parameterObject, CancellationToken cancellationToken)
   at Microsoft.EntityFrameworkCore.Query.Internal.SingleQueryingEnumerable`1.AsyncEnumerator.InitializeReaderAsync(AsyncEnumerator enumerator, CancellationToken cancellationToken)
   at Microsoft.EntityFrameworkCore.Query.Internal.SingleQueryingEnumerable`1.AsyncEnumerator.MoveNextAsync()
   at Microsoft.EntityFrameworkCore.Query.ShapedQueryCompilingExpressionVisitor.SingleOrDefaultAsync[TSource](IAsyncEnumerable`1 asyncEnumerable, CancellationToken cancellationToken)
   at Microsoft.EntityFrameworkCore.Query.ShapedQueryCompilingExpressionVisitor.SingleOrDefaultAsync[TSource](IAsyncEnumerable`1 asyncEnumerable, CancellationToken cancellationToken)
   at AutoAgentes.Infrastructure.Services.AgentsService.GetAgentAsync(Guid id) in D:\BearDevelopment\AutoAgent\autoagent_back\src\AutoAgentes.Infrastructure\Services\AgentsService.cs:line 57
   at AutoAgentes.Api.Endpoints.<>c.<<MapApi>b__0_8>d.MoveNext() in D:\BearDevelopment\AutoAgent\autoagent_back\src\AutoAgentes.Api\Endpoints.cs:line 85
--- End of stack trace from previous location ---
   at Microsoft.AspNetCore.Http.RequestDelegateFactory.ExecuteTaskResult[T](Task`1 task, HttpContext httpContext)
   at Microsoft.AspNetCore.Routing.EndpointMiddleware.<Invoke>g__AwaitRequestTask|7_0(Endpoint endpoint, Task requestTask, ILogger logger)
   at Microsoft.AspNetCore.Authentication.AuthenticationMiddleware.Invoke(HttpContext context)
   at Microsoft.AspNetCore.RateLimiting.RateLimitingMiddleware.InvokeInternal(HttpContext context, EnableRateLimitingAttribute enableRateLimitingAttribute)
   at Swashbuckle.AspNetCore.SwaggerUI.SwaggerUIMiddleware.Invoke(HttpContext httpContext)
   at Swashbuckle.AspNetCore.Swagger.SwaggerMiddleware.Invoke(HttpContext httpContext, ISwaggerProvider swaggerProvider)
   at Microsoft.AspNetCore.Authorization.AuthorizationMiddleware.Invoke(HttpContext context)
   at Microsoft.AspNetCore.Diagnostics.DeveloperExceptionPageMiddlewareImpl.Invoke(HttpContext context)
2025-09-03 21:05:45.282 +02:00 [ERR] An unhandled exception has occurred while executing the request.
Microsoft.Data.Sqlite.SqliteException (0x80004005): SQLite Error 1: 'no such table: AgentToolBindings'.
   at Microsoft.Data.Sqlite.SqliteException.ThrowExceptionForRC(Int32 rc, sqlite3 db)
   at Microsoft.Data.Sqlite.SqliteCommand.PrepareAndEnumerateStatements()+MoveNext()
   at Microsoft.Data.Sqlite.SqliteCommand.GetStatements()+MoveNext()
   at Microsoft.Data.Sqlite.SqliteDataReader.NextResult()
   at Microsoft.Data.Sqlite.SqliteCommand.ExecuteReader(CommandBehavior behavior)
   at Microsoft.Data.Sqlite.SqliteCommand.ExecuteReaderAsync(CommandBehavior behavior, CancellationToken cancellationToken)
   at Microsoft.Data.Sqlite.SqliteCommand.ExecuteDbDataReaderAsync(CommandBehavior behavior, CancellationToken cancellationToken)
   at Microsoft.EntityFrameworkCore.Storage.RelationalCommand.ExecuteReaderAsync(RelationalCommandParameterObject parameterObject, CancellationToken cancellationToken)
   at Microsoft.EntityFrameworkCore.Storage.RelationalCommand.ExecuteReaderAsync(RelationalCommandParameterObject parameterObject, CancellationToken cancellationToken)
   at Microsoft.EntityFrameworkCore.Query.Internal.SingleQueryingEnumerable`1.AsyncEnumerator.InitializeReaderAsync(AsyncEnumerator enumerator, CancellationToken cancellationToken)
   at Microsoft.EntityFrameworkCore.Query.Internal.SingleQueryingEnumerable`1.AsyncEnumerator.MoveNextAsync()
   at Microsoft.EntityFrameworkCore.EntityFrameworkQueryableExtensions.ToListAsync[TSource](IQueryable`1 source, CancellationToken cancellationToken)
   at Microsoft.EntityFrameworkCore.EntityFrameworkQueryableExtensions.ToListAsync[TSource](IQueryable`1 source, CancellationToken cancellationToken)
   at AutoAgentes.Infrastructure.Services.AgentsService.GetBindingsAsync(Guid agentId) in D:\BearDevelopment\AutoAgent\autoagent_back\src\AutoAgentes.Infrastructure\Services\AgentsService.cs:line 102
   at AutoAgentes.Api.Endpoints.<>c.<<MapApi>b__0_11>d.MoveNext() in D:\BearDevelopment\AutoAgent\autoagent_back\src\AutoAgentes.Api\Endpoints.cs:line 101
--- End of stack trace from previous location ---
   at Microsoft.AspNetCore.Http.RequestDelegateFactory.ExecuteTaskResult[T](Task`1 task, HttpContext httpContext)
   at Microsoft.AspNetCore.Routing.EndpointMiddleware.<Invoke>g__AwaitRequestTask|7_0(Endpoint endpoint, Task requestTask, ILogger logger)
   at Microsoft.AspNetCore.Authentication.AuthenticationMiddleware.Invoke(HttpContext context)
   at Microsoft.AspNetCore.RateLimiting.RateLimitingMiddleware.InvokeInternal(HttpContext context, EnableRateLimitingAttribute enableRateLimitingAttribute)
   at Swashbuckle.AspNetCore.SwaggerUI.SwaggerUIMiddleware.Invoke(HttpContext httpContext)
   at Swashbuckle.AspNetCore.Swagger.SwaggerMiddleware.Invoke(HttpContext httpContext, ISwaggerProvider swaggerProvider)
   at Microsoft.AspNetCore.Authorization.AuthorizationMiddleware.Invoke(HttpContext context)
   at Microsoft.AspNetCore.Diagnostics.DeveloperExceptionPageMiddlewareImpl.Invoke(HttpContext context)
2025-09-03 21:05:45.351 +02:00 [INF] Request finished HTTP/1.1 GET http://localhost:5088/agents/1e5ffb9e-fb28-4405-b82b-b4647aa5a865 - 500 null text/plain; charset=utf-8 1275.4984ms
2025-09-03 21:05:45.351 +02:00 [INF] Request finished HTTP/1.1 GET http://localhost:5088/agents/1e5ffb9e-fb28-4405-b82b-b4647aa5a865/bindings - 500 null text/plain; charset=utf-8 1275.4984ms
2025-09-03 21:05:46.354 +02:00 [INF] Request starting HTTP/1.1 OPTIONS http://localhost:5088/agents/1e5ffb9e-fb28-4405-b82b-b4647aa5a865 - null null
2025-09-03 21:05:46.361 +02:00 [INF] CORS policy execution successful.
2025-09-03 21:05:46.366 +02:00 [INF] Request finished HTTP/1.1 OPTIONS http://localhost:5088/agents/1e5ffb9e-fb28-4405-b82b-b4647aa5a865 - 204 null null 12.7393ms
2025-09-03 21:05:46.367 +02:00 [INF] Request starting HTTP/1.1 OPTIONS http://localhost:5088/agents/1e5ffb9e-fb28-4405-b82b-b4647aa5a865/bindings - null null
2025-09-03 21:05:46.373 +02:00 [INF] Request starting HTTP/1.1 GET http://localhost:5088/agents/1e5ffb9e-fb28-4405-b82b-b4647aa5a865 - application/json null
2025-09-03 21:05:46.378 +02:00 [INF] CORS policy execution successful.
2025-09-03 21:05:46.382 +02:00 [INF] CORS policy execution successful.
2025-09-03 21:05:46.387 +02:00 [INF] Request finished HTTP/1.1 OPTIONS http://localhost:5088/agents/1e5ffb9e-fb28-4405-b82b-b4647aa5a865/bindings - 204 null null 20.1061ms
2025-09-03 21:05:46.396 +02:00 [INF] Executing endpoint 'HTTP: GET /agents/{id:guid}'
2025-09-03 21:05:46.396 +02:00 [INF] Request starting HTTP/1.1 GET http://localhost:5088/agents/1e5ffb9e-fb28-4405-b82b-b4647aa5a865/bindings - application/json null
2025-09-03 21:05:46.406 +02:00 [INF] CORS policy execution successful.
2025-09-03 21:05:46.412 +02:00 [INF] Executing endpoint 'HTTP: GET /agents/{id:guid}/bindings'
2025-09-03 21:05:46.446 +02:00 [ERR] Failed executing DbCommand (1ms) [Parameters=[@__agentId_0='?' (DbType = Guid)], CommandType='"Text"', CommandTimeout='30']
SELECT "a"."Id", "a"."AgentId", "a"."ConfigJson", "a"."Enabled", "a"."ToolId"
FROM "AgentToolBindings" AS "a"
WHERE "a"."AgentId" = @__agentId_0
2025-09-03 21:05:46.454 +02:00 [ERR] An exception occurred while iterating over the results of a query for context type 'AutoAgentes.Infrastructure.AppDbContext'.
Microsoft.Data.Sqlite.SqliteException (0x80004005): SQLite Error 1: 'no such table: AgentToolBindings'.
   at Microsoft.Data.Sqlite.SqliteException.ThrowExceptionForRC(Int32 rc, sqlite3 db)
   at Microsoft.Data.Sqlite.SqliteCommand.PrepareAndEnumerateStatements()+MoveNext()
   at Microsoft.Data.Sqlite.SqliteCommand.GetStatements()+MoveNext()
   at Microsoft.Data.Sqlite.SqliteDataReader.NextResult()
   at Microsoft.Data.Sqlite.SqliteCommand.ExecuteReader(CommandBehavior behavior)
   at Microsoft.Data.Sqlite.SqliteCommand.ExecuteReaderAsync(CommandBehavior behavior, CancellationToken cancellationToken)
   at Microsoft.Data.Sqlite.SqliteCommand.ExecuteDbDataReaderAsync(CommandBehavior behavior, CancellationToken cancellationToken)
   at Microsoft.EntityFrameworkCore.Storage.RelationalCommand.ExecuteReaderAsync(RelationalCommandParameterObject parameterObject, CancellationToken cancellationToken)
   at Microsoft.EntityFrameworkCore.Storage.RelationalCommand.ExecuteReaderAsync(RelationalCommandParameterObject parameterObject, CancellationToken cancellationToken)
   at Microsoft.EntityFrameworkCore.Query.Internal.SingleQueryingEnumerable`1.AsyncEnumerator.InitializeReaderAsync(AsyncEnumerator enumerator, CancellationToken cancellationToken)
   at Microsoft.EntityFrameworkCore.Query.Internal.SingleQueryingEnumerable`1.AsyncEnumerator.MoveNextAsync()
Microsoft.Data.Sqlite.SqliteException (0x80004005): SQLite Error 1: 'no such table: AgentToolBindings'.
   at Microsoft.Data.Sqlite.SqliteException.ThrowExceptionForRC(Int32 rc, sqlite3 db)
   at Microsoft.Data.Sqlite.SqliteCommand.PrepareAndEnumerateStatements()+MoveNext()
   at Microsoft.Data.Sqlite.SqliteCommand.GetStatements()+MoveNext()
   at Microsoft.Data.Sqlite.SqliteDataReader.NextResult()
   at Microsoft.Data.Sqlite.SqliteCommand.ExecuteReader(CommandBehavior behavior)
   at Microsoft.Data.Sqlite.SqliteCommand.ExecuteReaderAsync(CommandBehavior behavior, CancellationToken cancellationToken)
   at Microsoft.Data.Sqlite.SqliteCommand.ExecuteDbDataReaderAsync(CommandBehavior behavior, CancellationToken cancellationToken)
   at Microsoft.EntityFrameworkCore.Storage.RelationalCommand.ExecuteReaderAsync(RelationalCommandParameterObject parameterObject, CancellationToken cancellationToken)
   at Microsoft.EntityFrameworkCore.Storage.RelationalCommand.ExecuteReaderAsync(RelationalCommandParameterObject parameterObject, CancellationToken cancellationToken)
   at Microsoft.EntityFrameworkCore.Query.Internal.SingleQueryingEnumerable`1.AsyncEnumerator.InitializeReaderAsync(AsyncEnumerator enumerator, CancellationToken cancellationToken)
   at Microsoft.EntityFrameworkCore.Query.Internal.SingleQueryingEnumerable`1.AsyncEnumerator.MoveNextAsync()
2025-09-03 21:05:46.457 +02:00 [ERR] Failed executing DbCommand (12ms) [Parameters=[@__p_0='?' (DbType = Guid)], CommandType='"Text"', CommandTimeout='30']
SELECT "a"."Id", "a"."AllowUnknownTools", "a"."AllowedToolsCsv", "a"."Autonomy", "a"."BlockedToolsCsv", "a"."CreatedUtc", "a"."GuardrailsJson", "a"."Name", "a"."ParamsJson", "a"."PlannerMaxSteps", "a"."PlannerMaxTokens", "a"."PlannerStop", "a"."PlannerTemperature", "a"."PlannerTopP", "a"."Provider", "a"."SystemPrompt", "a"."Temperature", "a"."TemplateRef", "a"."TokenBudget", "a"."ToolBudget", "a"."TopP", "a"."UpdatedUtc"
FROM "Agents" AS "a"
WHERE "a"."Id" = @__p_0
LIMIT 1
2025-09-03 21:05:46.465 +02:00 [INF] Executed endpoint 'HTTP: GET /agents/{id:guid}/bindings'
2025-09-03 21:05:46.471 +02:00 [ERR] An exception occurred while iterating over the results of a query for context type 'AutoAgentes.Infrastructure.AppDbContext'.
Microsoft.Data.Sqlite.SqliteException (0x80004005): SQLite Error 1: 'no such table: Agents'.
   at Microsoft.Data.Sqlite.SqliteException.ThrowExceptionForRC(Int32 rc, sqlite3 db)
   at Microsoft.Data.Sqlite.SqliteCommand.PrepareAndEnumerateStatements()+MoveNext()
   at Microsoft.Data.Sqlite.SqliteCommand.GetStatements()+MoveNext()
   at Microsoft.Data.Sqlite.SqliteDataReader.NextResult()
   at Microsoft.Data.Sqlite.SqliteCommand.ExecuteReader(CommandBehavior behavior)
   at Microsoft.Data.Sqlite.SqliteCommand.ExecuteReaderAsync(CommandBehavior behavior, CancellationToken cancellationToken)
   at Microsoft.Data.Sqlite.SqliteCommand.ExecuteDbDataReaderAsync(CommandBehavior behavior, CancellationToken cancellationToken)
   at Microsoft.EntityFrameworkCore.Storage.RelationalCommand.ExecuteReaderAsync(RelationalCommandParameterObject parameterObject, CancellationToken cancellationToken)
   at Microsoft.EntityFrameworkCore.Storage.RelationalCommand.ExecuteReaderAsync(RelationalCommandParameterObject parameterObject, CancellationToken cancellationToken)
   at Microsoft.EntityFrameworkCore.Query.Internal.SingleQueryingEnumerable`1.AsyncEnumerator.InitializeReaderAsync(AsyncEnumerator enumerator, CancellationToken cancellationToken)
   at Microsoft.EntityFrameworkCore.Query.Internal.SingleQueryingEnumerable`1.AsyncEnumerator.MoveNextAsync()
Microsoft.Data.Sqlite.SqliteException (0x80004005): SQLite Error 1: 'no such table: Agents'.
   at Microsoft.Data.Sqlite.SqliteException.ThrowExceptionForRC(Int32 rc, sqlite3 db)
   at Microsoft.Data.Sqlite.SqliteCommand.PrepareAndEnumerateStatements()+MoveNext()
   at Microsoft.Data.Sqlite.SqliteCommand.GetStatements()+MoveNext()
   at Microsoft.Data.Sqlite.SqliteDataReader.NextResult()
   at Microsoft.Data.Sqlite.SqliteCommand.ExecuteReader(CommandBehavior behavior)
   at Microsoft.Data.Sqlite.SqliteCommand.ExecuteReaderAsync(CommandBehavior behavior, CancellationToken cancellationToken)
   at Microsoft.Data.Sqlite.SqliteCommand.ExecuteDbDataReaderAsync(CommandBehavior behavior, CancellationToken cancellationToken)
   at Microsoft.EntityFrameworkCore.Storage.RelationalCommand.ExecuteReaderAsync(RelationalCommandParameterObject parameterObject, CancellationToken cancellationToken)
   at Microsoft.EntityFrameworkCore.Storage.RelationalCommand.ExecuteReaderAsync(RelationalCommandParameterObject parameterObject, CancellationToken cancellationToken)
   at Microsoft.EntityFrameworkCore.Query.Internal.SingleQueryingEnumerable`1.AsyncEnumerator.InitializeReaderAsync(AsyncEnumerator enumerator, CancellationToken cancellationToken)
   at Microsoft.EntityFrameworkCore.Query.Internal.SingleQueryingEnumerable`1.AsyncEnumerator.MoveNextAsync()
2025-09-03 21:05:46.475 +02:00 [ERR] An unhandled exception has occurred while executing the request.
Microsoft.Data.Sqlite.SqliteException (0x80004005): SQLite Error 1: 'no such table: AgentToolBindings'.
   at Microsoft.Data.Sqlite.SqliteException.ThrowExceptionForRC(Int32 rc, sqlite3 db)
   at Microsoft.Data.Sqlite.SqliteCommand.PrepareAndEnumerateStatements()+MoveNext()
   at Microsoft.Data.Sqlite.SqliteCommand.GetStatements()+MoveNext()
   at Microsoft.Data.Sqlite.SqliteDataReader.NextResult()
   at Microsoft.Data.Sqlite.SqliteCommand.ExecuteReader(CommandBehavior behavior)
   at Microsoft.Data.Sqlite.SqliteCommand.ExecuteReaderAsync(CommandBehavior behavior, CancellationToken cancellationToken)
   at Microsoft.Data.Sqlite.SqliteCommand.ExecuteDbDataReaderAsync(CommandBehavior behavior, CancellationToken cancellationToken)
   at Microsoft.EntityFrameworkCore.Storage.RelationalCommand.ExecuteReaderAsync(RelationalCommandParameterObject parameterObject, CancellationToken cancellationToken)
   at Microsoft.EntityFrameworkCore.Storage.RelationalCommand.ExecuteReaderAsync(RelationalCommandParameterObject parameterObject, CancellationToken cancellationToken)
   at Microsoft.EntityFrameworkCore.Query.Internal.SingleQueryingEnumerable`1.AsyncEnumerator.InitializeReaderAsync(AsyncEnumerator enumerator, CancellationToken cancellationToken)
   at Microsoft.EntityFrameworkCore.Query.Internal.SingleQueryingEnumerable`1.AsyncEnumerator.MoveNextAsync()
   at Microsoft.EntityFrameworkCore.EntityFrameworkQueryableExtensions.ToListAsync[TSource](IQueryable`1 source, CancellationToken cancellationToken)
   at Microsoft.EntityFrameworkCore.EntityFrameworkQueryableExtensions.ToListAsync[TSource](IQueryable`1 source, CancellationToken cancellationToken)
   at AutoAgentes.Infrastructure.Services.AgentsService.GetBindingsAsync(Guid agentId) in D:\BearDevelopment\AutoAgent\autoagent_back\src\AutoAgentes.Infrastructure\Services\AgentsService.cs:line 102
   at AutoAgentes.Api.Endpoints.<>c.<<MapApi>b__0_11>d.MoveNext() in D:\BearDevelopment\AutoAgent\autoagent_back\src\AutoAgentes.Api\Endpoints.cs:line 101
--- End of stack trace from previous location ---
   at Microsoft.AspNetCore.Http.RequestDelegateFactory.ExecuteTaskResult[T](Task`1 task, HttpContext httpContext)
   at Microsoft.AspNetCore.Routing.EndpointMiddleware.<Invoke>g__AwaitRequestTask|7_0(Endpoint endpoint, Task requestTask, ILogger logger)
   at Microsoft.AspNetCore.Authentication.AuthenticationMiddleware.Invoke(HttpContext context)
   at Microsoft.AspNetCore.RateLimiting.RateLimitingMiddleware.InvokeInternal(HttpContext context, EnableRateLimitingAttribute enableRateLimitingAttribute)
   at Swashbuckle.AspNetCore.SwaggerUI.SwaggerUIMiddleware.Invoke(HttpContext httpContext)
   at Swashbuckle.AspNetCore.Swagger.SwaggerMiddleware.Invoke(HttpContext httpContext, ISwaggerProvider swaggerProvider)
   at Microsoft.AspNetCore.Authorization.AuthorizationMiddleware.Invoke(HttpContext context)
   at Microsoft.AspNetCore.Diagnostics.DeveloperExceptionPageMiddlewareImpl.Invoke(HttpContext context)
2025-09-03 21:05:46.483 +02:00 [INF] Executed endpoint 'HTTP: GET /agents/{id:guid}'
2025-09-03 21:05:46.495 +02:00 [INF] Request finished HTTP/1.1 GET http://localhost:5088/agents/1e5ffb9e-fb28-4405-b82b-b4647aa5a865/bindings - 500 null text/plain; charset=utf-8 99.5517ms
2025-09-03 21:05:46.498 +02:00 [ERR] An unhandled exception has occurred while executing the request.
Microsoft.Data.Sqlite.SqliteException (0x80004005): SQLite Error 1: 'no such table: Agents'.
   at Microsoft.Data.Sqlite.SqliteException.ThrowExceptionForRC(Int32 rc, sqlite3 db)
   at Microsoft.Data.Sqlite.SqliteCommand.PrepareAndEnumerateStatements()+MoveNext()
   at Microsoft.Data.Sqlite.SqliteCommand.GetStatements()+MoveNext()
   at Microsoft.Data.Sqlite.SqliteDataReader.NextResult()
   at Microsoft.Data.Sqlite.SqliteCommand.ExecuteReader(CommandBehavior behavior)
   at Microsoft.Data.Sqlite.SqliteCommand.ExecuteReaderAsync(CommandBehavior behavior, CancellationToken cancellationToken)
   at Microsoft.Data.Sqlite.SqliteCommand.ExecuteDbDataReaderAsync(CommandBehavior behavior, CancellationToken cancellationToken)
   at Microsoft.EntityFrameworkCore.Storage.RelationalCommand.ExecuteReaderAsync(RelationalCommandParameterObject parameterObject, CancellationToken cancellationToken)
   at Microsoft.EntityFrameworkCore.Storage.RelationalCommand.ExecuteReaderAsync(RelationalCommandParameterObject parameterObject, CancellationToken cancellationToken)
   at Microsoft.EntityFrameworkCore.Query.Internal.SingleQueryingEnumerable`1.AsyncEnumerator.InitializeReaderAsync(AsyncEnumerator enumerator, CancellationToken cancellationToken)
   at Microsoft.EntityFrameworkCore.Query.Internal.SingleQueryingEnumerable`1.AsyncEnumerator.MoveNextAsync()
   at Microsoft.EntityFrameworkCore.Query.ShapedQueryCompilingExpressionVisitor.SingleOrDefaultAsync[TSource](IAsyncEnumerable`1 asyncEnumerable, CancellationToken cancellationToken)
   at Microsoft.EntityFrameworkCore.Query.ShapedQueryCompilingExpressionVisitor.SingleOrDefaultAsync[TSource](IAsyncEnumerable`1 asyncEnumerable, CancellationToken cancellationToken)
   at AutoAgentes.Infrastructure.Services.AgentsService.GetAgentAsync(Guid id) in D:\BearDevelopment\AutoAgent\autoagent_back\src\AutoAgentes.Infrastructure\Services\AgentsService.cs:line 57
   at AutoAgentes.Api.Endpoints.<>c.<<MapApi>b__0_8>d.MoveNext() in D:\BearDevelopment\AutoAgent\autoagent_back\src\AutoAgentes.Api\Endpoints.cs:line 85
--- End of stack trace from previous location ---
   at Microsoft.AspNetCore.Http.RequestDelegateFactory.ExecuteTaskResult[T](Task`1 task, HttpContext httpContext)
   at Microsoft.AspNetCore.Routing.EndpointMiddleware.<Invoke>g__AwaitRequestTask|7_0(Endpoint endpoint, Task requestTask, ILogger logger)
   at Microsoft.AspNetCore.Authentication.AuthenticationMiddleware.Invoke(HttpContext context)
   at Microsoft.AspNetCore.RateLimiting.RateLimitingMiddleware.InvokeInternal(HttpContext context, EnableRateLimitingAttribute enableRateLimitingAttribute)
   at Swashbuckle.AspNetCore.SwaggerUI.SwaggerUIMiddleware.Invoke(HttpContext httpContext)
   at Swashbuckle.AspNetCore.Swagger.SwaggerMiddleware.Invoke(HttpContext httpContext, ISwaggerProvider swaggerProvider)
   at Microsoft.AspNetCore.Authorization.AuthorizationMiddleware.Invoke(HttpContext context)
   at Microsoft.AspNetCore.Diagnostics.DeveloperExceptionPageMiddlewareImpl.Invoke(HttpContext context)
2025-09-03 21:05:46.515 +02:00 [INF] Request finished HTTP/1.1 GET http://localhost:5088/agents/1e5ffb9e-fb28-4405-b82b-b4647aa5a865 - 500 null text/plain; charset=utf-8 142.3501ms
2025-09-03 21:05:48.507 +02:00 [INF] Request starting HTTP/1.1 OPTIONS http://localhost:5088/agents/1e5ffb9e-fb28-4405-b82b-b4647aa5a865/bindings - null null
2025-09-03 21:05:48.517 +02:00 [INF] CORS policy execution successful.
2025-09-03 21:05:48.523 +02:00 [INF] Request finished HTTP/1.1 OPTIONS http://localhost:5088/agents/1e5ffb9e-fb28-4405-b82b-b4647aa5a865/bindings - 204 null null 16.6885ms
2025-09-03 21:05:48.529 +02:00 [INF] Request starting HTTP/1.1 GET http://localhost:5088/agents/1e5ffb9e-fb28-4405-b82b-b4647aa5a865/bindings - application/json null
2025-09-03 21:05:48.534 +02:00 [INF] CORS policy execution successful.
2025-09-03 21:05:48.536 +02:00 [INF] Request starting HTTP/1.1 OPTIONS http://localhost:5088/agents/1e5ffb9e-fb28-4405-b82b-b4647aa5a865 - null null
2025-09-03 21:05:48.539 +02:00 [INF] Executing endpoint 'HTTP: GET /agents/{id:guid}/bindings'
2025-09-03 21:05:48.544 +02:00 [INF] CORS policy execution successful.
2025-09-03 21:05:48.549 +02:00 [ERR] Failed executing DbCommand (0ms) [Parameters=[@__agentId_0='?' (DbType = Guid)], CommandType='"Text"', CommandTimeout='30']
SELECT "a"."Id", "a"."AgentId", "a"."ConfigJson", "a"."Enabled", "a"."ToolId"
FROM "AgentToolBindings" AS "a"
WHERE "a"."AgentId" = @__agentId_0
2025-09-03 21:05:48.552 +02:00 [INF] Request finished HTTP/1.1 OPTIONS http://localhost:5088/agents/1e5ffb9e-fb28-4405-b82b-b4647aa5a865 - 204 null null 16.0624ms
2025-09-03 21:05:48.557 +02:00 [ERR] An exception occurred while iterating over the results of a query for context type 'AutoAgentes.Infrastructure.AppDbContext'.
Microsoft.Data.Sqlite.SqliteException (0x80004005): SQLite Error 1: 'no such table: AgentToolBindings'.
   at Microsoft.Data.Sqlite.SqliteException.ThrowExceptionForRC(Int32 rc, sqlite3 db)
   at Microsoft.Data.Sqlite.SqliteCommand.PrepareAndEnumerateStatements()+MoveNext()
   at Microsoft.Data.Sqlite.SqliteCommand.GetStatements()+MoveNext()
   at Microsoft.Data.Sqlite.SqliteDataReader.NextResult()
   at Microsoft.Data.Sqlite.SqliteCommand.ExecuteReader(CommandBehavior behavior)
   at Microsoft.Data.Sqlite.SqliteCommand.ExecuteReaderAsync(CommandBehavior behavior, CancellationToken cancellationToken)
   at Microsoft.Data.Sqlite.SqliteCommand.ExecuteDbDataReaderAsync(CommandBehavior behavior, CancellationToken cancellationToken)
   at Microsoft.EntityFrameworkCore.Storage.RelationalCommand.ExecuteReaderAsync(RelationalCommandParameterObject parameterObject, CancellationToken cancellationToken)
   at Microsoft.EntityFrameworkCore.Storage.RelationalCommand.ExecuteReaderAsync(RelationalCommandParameterObject parameterObject, CancellationToken cancellationToken)
   at Microsoft.EntityFrameworkCore.Query.Internal.SingleQueryingEnumerable`1.AsyncEnumerator.InitializeReaderAsync(AsyncEnumerator enumerator, CancellationToken cancellationToken)
   at Microsoft.EntityFrameworkCore.Query.Internal.SingleQueryingEnumerable`1.AsyncEnumerator.MoveNextAsync()
Microsoft.Data.Sqlite.SqliteException (0x80004005): SQLite Error 1: 'no such table: AgentToolBindings'.
   at Microsoft.Data.Sqlite.SqliteException.ThrowExceptionForRC(Int32 rc, sqlite3 db)
   at Microsoft.Data.Sqlite.SqliteCommand.PrepareAndEnumerateStatements()+MoveNext()
   at Microsoft.Data.Sqlite.SqliteCommand.GetStatements()+MoveNext()
   at Microsoft.Data.Sqlite.SqliteDataReader.NextResult()
   at Microsoft.Data.Sqlite.SqliteCommand.ExecuteReader(CommandBehavior behavior)
   at Microsoft.Data.Sqlite.SqliteCommand.ExecuteReaderAsync(CommandBehavior behavior, CancellationToken cancellationToken)
   at Microsoft.Data.Sqlite.SqliteCommand.ExecuteDbDataReaderAsync(CommandBehavior behavior, CancellationToken cancellationToken)
   at Microsoft.EntityFrameworkCore.Storage.RelationalCommand.ExecuteReaderAsync(RelationalCommandParameterObject parameterObject, CancellationToken cancellationToken)
   at Microsoft.EntityFrameworkCore.Storage.RelationalCommand.ExecuteReaderAsync(RelationalCommandParameterObject parameterObject, CancellationToken cancellationToken)
   at Microsoft.EntityFrameworkCore.Query.Internal.SingleQueryingEnumerable`1.AsyncEnumerator.InitializeReaderAsync(AsyncEnumerator enumerator, CancellationToken cancellationToken)
   at Microsoft.EntityFrameworkCore.Query.Internal.SingleQueryingEnumerable`1.AsyncEnumerator.MoveNextAsync()
2025-09-03 21:05:48.561 +02:00 [INF] Request starting HTTP/1.1 GET http://localhost:5088/agents/1e5ffb9e-fb28-4405-b82b-b4647aa5a865 - application/json null
2025-09-03 21:05:48.570 +02:00 [INF] Executed endpoint 'HTTP: GET /agents/{id:guid}/bindings'
2025-09-03 21:05:48.574 +02:00 [INF] CORS policy execution successful.
2025-09-03 21:05:48.578 +02:00 [ERR] An unhandled exception has occurred while executing the request.
Microsoft.Data.Sqlite.SqliteException (0x80004005): SQLite Error 1: 'no such table: AgentToolBindings'.
   at Microsoft.Data.Sqlite.SqliteException.ThrowExceptionForRC(Int32 rc, sqlite3 db)
   at Microsoft.Data.Sqlite.SqliteCommand.PrepareAndEnumerateStatements()+MoveNext()
   at Microsoft.Data.Sqlite.SqliteCommand.GetStatements()+MoveNext()
   at Microsoft.Data.Sqlite.SqliteDataReader.NextResult()
   at Microsoft.Data.Sqlite.SqliteCommand.ExecuteReader(CommandBehavior behavior)
   at Microsoft.Data.Sqlite.SqliteCommand.ExecuteReaderAsync(CommandBehavior behavior, CancellationToken cancellationToken)
   at Microsoft.Data.Sqlite.SqliteCommand.ExecuteDbDataReaderAsync(CommandBehavior behavior, CancellationToken cancellationToken)
   at Microsoft.EntityFrameworkCore.Storage.RelationalCommand.ExecuteReaderAsync(RelationalCommandParameterObject parameterObject, CancellationToken cancellationToken)
   at Microsoft.EntityFrameworkCore.Storage.RelationalCommand.ExecuteReaderAsync(RelationalCommandParameterObject parameterObject, CancellationToken cancellationToken)
   at Microsoft.EntityFrameworkCore.Query.Internal.SingleQueryingEnumerable`1.AsyncEnumerator.InitializeReaderAsync(AsyncEnumerator enumerator, CancellationToken cancellationToken)
   at Microsoft.EntityFrameworkCore.Query.Internal.SingleQueryingEnumerable`1.AsyncEnumerator.MoveNextAsync()
   at Microsoft.EntityFrameworkCore.EntityFrameworkQueryableExtensions.ToListAsync[TSource](IQueryable`1 source, CancellationToken cancellationToken)
   at Microsoft.EntityFrameworkCore.EntityFrameworkQueryableExtensions.ToListAsync[TSource](IQueryable`1 source, CancellationToken cancellationToken)
   at AutoAgentes.Infrastructure.Services.AgentsService.GetBindingsAsync(Guid agentId) in D:\BearDevelopment\AutoAgent\autoagent_back\src\AutoAgentes.Infrastructure\Services\AgentsService.cs:line 102
   at AutoAgentes.Api.Endpoints.<>c.<<MapApi>b__0_11>d.MoveNext() in D:\BearDevelopment\AutoAgent\autoagent_back\src\AutoAgentes.Api\Endpoints.cs:line 101
--- End of stack trace from previous location ---
   at Microsoft.AspNetCore.Http.RequestDelegateFactory.ExecuteTaskResult[T](Task`1 task, HttpContext httpContext)
   at Microsoft.AspNetCore.Routing.EndpointMiddleware.<Invoke>g__AwaitRequestTask|7_0(Endpoint endpoint, Task requestTask, ILogger logger)
   at Microsoft.AspNetCore.Authentication.AuthenticationMiddleware.Invoke(HttpContext context)
   at Microsoft.AspNetCore.RateLimiting.RateLimitingMiddleware.InvokeInternal(HttpContext context, EnableRateLimitingAttribute enableRateLimitingAttribute)
   at Swashbuckle.AspNetCore.SwaggerUI.SwaggerUIMiddleware.Invoke(HttpContext httpContext)
   at Swashbuckle.AspNetCore.Swagger.SwaggerMiddleware.Invoke(HttpContext httpContext, ISwaggerProvider swaggerProvider)
   at Microsoft.AspNetCore.Authorization.AuthorizationMiddleware.Invoke(HttpContext context)
   at Microsoft.AspNetCore.Diagnostics.DeveloperExceptionPageMiddlewareImpl.Invoke(HttpContext context)
2025-09-03 21:05:48.582 +02:00 [INF] Executing endpoint 'HTTP: GET /agents/{id:guid}'
2025-09-03 21:05:48.595 +02:00 [INF] Request finished HTTP/1.1 GET http://localhost:5088/agents/1e5ffb9e-fb28-4405-b82b-b4647aa5a865/bindings - 500 null text/plain; charset=utf-8 66.0499ms
2025-09-03 21:05:48.599 +02:00 [ERR] Failed executing DbCommand (1ms) [Parameters=[@__p_0='?' (DbType = Guid)], CommandType='"Text"', CommandTimeout='30']
SELECT "a"."Id", "a"."AllowUnknownTools", "a"."AllowedToolsCsv", "a"."Autonomy", "a"."BlockedToolsCsv", "a"."CreatedUtc", "a"."GuardrailsJson", "a"."Name", "a"."ParamsJson", "a"."PlannerMaxSteps", "a"."PlannerMaxTokens", "a"."PlannerStop", "a"."PlannerTemperature", "a"."PlannerTopP", "a"."Provider", "a"."SystemPrompt", "a"."Temperature", "a"."TemplateRef", "a"."TokenBudget", "a"."ToolBudget", "a"."TopP", "a"."UpdatedUtc"
FROM "Agents" AS "a"
WHERE "a"."Id" = @__p_0
LIMIT 1
2025-09-03 21:05:48.610 +02:00 [ERR] An exception occurred while iterating over the results of a query for context type 'AutoAgentes.Infrastructure.AppDbContext'.
Microsoft.Data.Sqlite.SqliteException (0x80004005): SQLite Error 1: 'no such table: Agents'.
   at Microsoft.Data.Sqlite.SqliteException.ThrowExceptionForRC(Int32 rc, sqlite3 db)
   at Microsoft.Data.Sqlite.SqliteCommand.PrepareAndEnumerateStatements()+MoveNext()
   at Microsoft.Data.Sqlite.SqliteCommand.GetStatements()+MoveNext()
   at Microsoft.Data.Sqlite.SqliteDataReader.NextResult()
   at Microsoft.Data.Sqlite.SqliteCommand.ExecuteReader(CommandBehavior behavior)
   at Microsoft.Data.Sqlite.SqliteCommand.ExecuteReaderAsync(CommandBehavior behavior, CancellationToken cancellationToken)
   at Microsoft.Data.Sqlite.SqliteCommand.ExecuteDbDataReaderAsync(CommandBehavior behavior, CancellationToken cancellationToken)
   at Microsoft.EntityFrameworkCore.Storage.RelationalCommand.ExecuteReaderAsync(RelationalCommandParameterObject parameterObject, CancellationToken cancellationToken)
   at Microsoft.EntityFrameworkCore.Storage.RelationalCommand.ExecuteReaderAsync(RelationalCommandParameterObject parameterObject, CancellationToken cancellationToken)
   at Microsoft.EntityFrameworkCore.Query.Internal.SingleQueryingEnumerable`1.AsyncEnumerator.InitializeReaderAsync(AsyncEnumerator enumerator, CancellationToken cancellationToken)
   at Microsoft.EntityFrameworkCore.Query.Internal.SingleQueryingEnumerable`1.AsyncEnumerator.MoveNextAsync()
Microsoft.Data.Sqlite.SqliteException (0x80004005): SQLite Error 1: 'no such table: Agents'.
   at Microsoft.Data.Sqlite.SqliteException.ThrowExceptionForRC(Int32 rc, sqlite3 db)
   at Microsoft.Data.Sqlite.SqliteCommand.PrepareAndEnumerateStatements()+MoveNext()
   at Microsoft.Data.Sqlite.SqliteCommand.GetStatements()+MoveNext()
   at Microsoft.Data.Sqlite.SqliteDataReader.NextResult()
   at Microsoft.Data.Sqlite.SqliteCommand.ExecuteReader(CommandBehavior behavior)
   at Microsoft.Data.Sqlite.SqliteCommand.ExecuteReaderAsync(CommandBehavior behavior, CancellationToken cancellationToken)
   at Microsoft.Data.Sqlite.SqliteCommand.ExecuteDbDataReaderAsync(CommandBehavior behavior, CancellationToken cancellationToken)
   at Microsoft.EntityFrameworkCore.Storage.RelationalCommand.ExecuteReaderAsync(RelationalCommandParameterObject parameterObject, CancellationToken cancellationToken)
   at Microsoft.EntityFrameworkCore.Storage.RelationalCommand.ExecuteReaderAsync(RelationalCommandParameterObject parameterObject, CancellationToken cancellationToken)
   at Microsoft.EntityFrameworkCore.Query.Internal.SingleQueryingEnumerable`1.AsyncEnumerator.InitializeReaderAsync(AsyncEnumerator enumerator, CancellationToken cancellationToken)
   at Microsoft.EntityFrameworkCore.Query.Internal.SingleQueryingEnumerable`1.AsyncEnumerator.MoveNextAsync()
2025-09-03 21:05:48.617 +02:00 [INF] Executed endpoint 'HTTP: GET /agents/{id:guid}'
2025-09-03 21:05:48.622 +02:00 [ERR] An unhandled exception has occurred while executing the request.
Microsoft.Data.Sqlite.SqliteException (0x80004005): SQLite Error 1: 'no such table: Agents'.
   at Microsoft.Data.Sqlite.SqliteException.ThrowExceptionForRC(Int32 rc, sqlite3 db)
   at Microsoft.Data.Sqlite.SqliteCommand.PrepareAndEnumerateStatements()+MoveNext()
   at Microsoft.Data.Sqlite.SqliteCommand.GetStatements()+MoveNext()
   at Microsoft.Data.Sqlite.SqliteDataReader.NextResult()
   at Microsoft.Data.Sqlite.SqliteCommand.ExecuteReader(CommandBehavior behavior)
   at Microsoft.Data.Sqlite.SqliteCommand.ExecuteReaderAsync(CommandBehavior behavior, CancellationToken cancellationToken)
   at Microsoft.Data.Sqlite.SqliteCommand.ExecuteDbDataReaderAsync(CommandBehavior behavior, CancellationToken cancellationToken)
   at Microsoft.EntityFrameworkCore.Storage.RelationalCommand.ExecuteReaderAsync(RelationalCommandParameterObject parameterObject, CancellationToken cancellationToken)
   at Microsoft.EntityFrameworkCore.Storage.RelationalCommand.ExecuteReaderAsync(RelationalCommandParameterObject parameterObject, CancellationToken cancellationToken)
   at Microsoft.EntityFrameworkCore.Query.Internal.SingleQueryingEnumerable`1.AsyncEnumerator.InitializeReaderAsync(AsyncEnumerator enumerator, CancellationToken cancellationToken)
   at Microsoft.EntityFrameworkCore.Query.Internal.SingleQueryingEnumerable`1.AsyncEnumerator.MoveNextAsync()
   at Microsoft.EntityFrameworkCore.Query.ShapedQueryCompilingExpressionVisitor.SingleOrDefaultAsync[TSource](IAsyncEnumerable`1 asyncEnumerable, CancellationToken cancellationToken)
   at Microsoft.EntityFrameworkCore.Query.ShapedQueryCompilingExpressionVisitor.SingleOrDefaultAsync[TSource](IAsyncEnumerable`1 asyncEnumerable, CancellationToken cancellationToken)
   at AutoAgentes.Infrastructure.Services.AgentsService.GetAgentAsync(Guid id) in D:\BearDevelopment\AutoAgent\autoagent_back\src\AutoAgentes.Infrastructure\Services\AgentsService.cs:line 57
   at AutoAgentes.Api.Endpoints.<>c.<<MapApi>b__0_8>d.MoveNext() in D:\BearDevelopment\AutoAgent\autoagent_back\src\AutoAgentes.Api\Endpoints.cs:line 85
--- End of stack trace from previous location ---
   at Microsoft.AspNetCore.Http.RequestDelegateFactory.ExecuteTaskResult[T](Task`1 task, HttpContext httpContext)
   at Microsoft.AspNetCore.Routing.EndpointMiddleware.<Invoke>g__AwaitRequestTask|7_0(Endpoint endpoint, Task requestTask, ILogger logger)
   at Microsoft.AspNetCore.Authentication.AuthenticationMiddleware.Invoke(HttpContext context)
   at Microsoft.AspNetCore.RateLimiting.RateLimitingMiddleware.InvokeInternal(HttpContext context, EnableRateLimitingAttribute enableRateLimitingAttribute)
   at Swashbuckle.AspNetCore.SwaggerUI.SwaggerUIMiddleware.Invoke(HttpContext httpContext)
   at Swashbuckle.AspNetCore.Swagger.SwaggerMiddleware.Invoke(HttpContext httpContext, ISwaggerProvider swaggerProvider)
   at Microsoft.AspNetCore.Authorization.AuthorizationMiddleware.Invoke(HttpContext context)
   at Microsoft.AspNetCore.Diagnostics.DeveloperExceptionPageMiddlewareImpl.Invoke(HttpContext context)
2025-09-03 21:05:48.632 +02:00 [INF] Request finished HTTP/1.1 GET http://localhost:5088/agents/1e5ffb9e-fb28-4405-b82b-b4647aa5a865 - 500 null text/plain; charset=utf-8 71.0079ms
2025-09-03 21:05:52.609 +02:00 [INF] Request starting HTTP/1.1 OPTIONS http://localhost:5088/agents/1e5ffb9e-fb28-4405-b82b-b4647aa5a865/bindings - null null
2025-09-03 21:05:52.615 +02:00 [INF] CORS policy execution successful.
2025-09-03 21:05:52.621 +02:00 [INF] Request finished HTTP/1.1 OPTIONS http://localhost:5088/agents/1e5ffb9e-fb28-4405-b82b-b4647aa5a865/bindings - 204 null null 11.5719ms
2025-09-03 21:05:52.627 +02:00 [INF] Request starting HTTP/1.1 GET http://localhost:5088/agents/1e5ffb9e-fb28-4405-b82b-b4647aa5a865/bindings - application/json null
2025-09-03 21:05:52.632 +02:00 [INF] CORS policy execution successful.
2025-09-03 21:05:52.637 +02:00 [INF] Executing endpoint 'HTTP: GET /agents/{id:guid}/bindings'
2025-09-03 21:05:52.644 +02:00 [INF] Request starting HTTP/1.1 OPTIONS http://localhost:5088/agents/1e5ffb9e-fb28-4405-b82b-b4647aa5a865 - null null
2025-09-03 21:05:52.645 +02:00 [ERR] Failed executing DbCommand (0ms) [Parameters=[@__agentId_0='?' (DbType = Guid)], CommandType='"Text"', CommandTimeout='30']
SELECT "a"."Id", "a"."AgentId", "a"."ConfigJson", "a"."Enabled", "a"."ToolId"
FROM "AgentToolBindings" AS "a"
WHERE "a"."AgentId" = @__agentId_0
2025-09-03 21:05:52.649 +02:00 [INF] CORS policy execution successful.
2025-09-03 21:05:52.655 +02:00 [ERR] An exception occurred while iterating over the results of a query for context type 'AutoAgentes.Infrastructure.AppDbContext'.
Microsoft.Data.Sqlite.SqliteException (0x80004005): SQLite Error 1: 'no such table: AgentToolBindings'.
   at Microsoft.Data.Sqlite.SqliteException.ThrowExceptionForRC(Int32 rc, sqlite3 db)
   at Microsoft.Data.Sqlite.SqliteCommand.PrepareAndEnumerateStatements()+MoveNext()
   at Microsoft.Data.Sqlite.SqliteCommand.GetStatements()+MoveNext()
   at Microsoft.Data.Sqlite.SqliteDataReader.NextResult()
   at Microsoft.Data.Sqlite.SqliteCommand.ExecuteReader(CommandBehavior behavior)
   at Microsoft.Data.Sqlite.SqliteCommand.ExecuteReaderAsync(CommandBehavior behavior, CancellationToken cancellationToken)
   at Microsoft.Data.Sqlite.SqliteCommand.ExecuteDbDataReaderAsync(CommandBehavior behavior, CancellationToken cancellationToken)
   at Microsoft.EntityFrameworkCore.Storage.RelationalCommand.ExecuteReaderAsync(RelationalCommandParameterObject parameterObject, CancellationToken cancellationToken)
   at Microsoft.EntityFrameworkCore.Storage.RelationalCommand.ExecuteReaderAsync(RelationalCommandParameterObject parameterObject, CancellationToken cancellationToken)
   at Microsoft.EntityFrameworkCore.Query.Internal.SingleQueryingEnumerable`1.AsyncEnumerator.InitializeReaderAsync(AsyncEnumerator enumerator, CancellationToken cancellationToken)
   at Microsoft.EntityFrameworkCore.Query.Internal.SingleQueryingEnumerable`1.AsyncEnumerator.MoveNextAsync()
Microsoft.Data.Sqlite.SqliteException (0x80004005): SQLite Error 1: 'no such table: AgentToolBindings'.
   at Microsoft.Data.Sqlite.SqliteException.ThrowExceptionForRC(Int32 rc, sqlite3 db)
   at Microsoft.Data.Sqlite.SqliteCommand.PrepareAndEnumerateStatements()+MoveNext()
   at Microsoft.Data.Sqlite.SqliteCommand.GetStatements()+MoveNext()
   at Microsoft.Data.Sqlite.SqliteDataReader.NextResult()
   at Microsoft.Data.Sqlite.SqliteCommand.ExecuteReader(CommandBehavior behavior)
   at Microsoft.Data.Sqlite.SqliteCommand.ExecuteReaderAsync(CommandBehavior behavior, CancellationToken cancellationToken)
   at Microsoft.Data.Sqlite.SqliteCommand.ExecuteDbDataReaderAsync(CommandBehavior behavior, CancellationToken cancellationToken)
   at Microsoft.EntityFrameworkCore.Storage.RelationalCommand.ExecuteReaderAsync(RelationalCommandParameterObject parameterObject, CancellationToken cancellationToken)
   at Microsoft.EntityFrameworkCore.Storage.RelationalCommand.ExecuteReaderAsync(RelationalCommandParameterObject parameterObject, CancellationToken cancellationToken)
   at Microsoft.EntityFrameworkCore.Query.Internal.SingleQueryingEnumerable`1.AsyncEnumerator.InitializeReaderAsync(AsyncEnumerator enumerator, CancellationToken cancellationToken)
   at Microsoft.EntityFrameworkCore.Query.Internal.SingleQueryingEnumerable`1.AsyncEnumerator.MoveNextAsync()
2025-09-03 21:05:52.659 +02:00 [INF] Request finished HTTP/1.1 OPTIONS http://localhost:5088/agents/1e5ffb9e-fb28-4405-b82b-b4647aa5a865 - 204 null null 15.1374ms
2025-09-03 21:05:52.667 +02:00 [INF] Executed endpoint 'HTTP: GET /agents/{id:guid}/bindings'
2025-09-03 21:05:52.673 +02:00 [INF] Request starting HTTP/1.1 GET http://localhost:5088/agents/1e5ffb9e-fb28-4405-b82b-b4647aa5a865 - application/json null
2025-09-03 21:05:52.677 +02:00 [ERR] An unhandled exception has occurred while executing the request.
Microsoft.Data.Sqlite.SqliteException (0x80004005): SQLite Error 1: 'no such table: AgentToolBindings'.
   at Microsoft.Data.Sqlite.SqliteException.ThrowExceptionForRC(Int32 rc, sqlite3 db)
   at Microsoft.Data.Sqlite.SqliteCommand.PrepareAndEnumerateStatements()+MoveNext()
   at Microsoft.Data.Sqlite.SqliteCommand.GetStatements()+MoveNext()
   at Microsoft.Data.Sqlite.SqliteDataReader.NextResult()
   at Microsoft.Data.Sqlite.SqliteCommand.ExecuteReader(CommandBehavior behavior)
   at Microsoft.Data.Sqlite.SqliteCommand.ExecuteReaderAsync(CommandBehavior behavior, CancellationToken cancellationToken)
   at Microsoft.Data.Sqlite.SqliteCommand.ExecuteDbDataReaderAsync(CommandBehavior behavior, CancellationToken cancellationToken)
   at Microsoft.EntityFrameworkCore.Storage.RelationalCommand.ExecuteReaderAsync(RelationalCommandParameterObject parameterObject, CancellationToken cancellationToken)
   at Microsoft.EntityFrameworkCore.Storage.RelationalCommand.ExecuteReaderAsync(RelationalCommandParameterObject parameterObject, CancellationToken cancellationToken)
   at Microsoft.EntityFrameworkCore.Query.Internal.SingleQueryingEnumerable`1.AsyncEnumerator.InitializeReaderAsync(AsyncEnumerator enumerator, CancellationToken cancellationToken)
   at Microsoft.EntityFrameworkCore.Query.Internal.SingleQueryingEnumerable`1.AsyncEnumerator.MoveNextAsync()
   at Microsoft.EntityFrameworkCore.EntityFrameworkQueryableExtensions.ToListAsync[TSource](IQueryable`1 source, CancellationToken cancellationToken)
   at Microsoft.EntityFrameworkCore.EntityFrameworkQueryableExtensions.ToListAsync[TSource](IQueryable`1 source, CancellationToken cancellationToken)
   at AutoAgentes.Infrastructure.Services.AgentsService.GetBindingsAsync(Guid agentId) in D:\BearDevelopment\AutoAgent\autoagent_back\src\AutoAgentes.Infrastructure\Services\AgentsService.cs:line 102
   at AutoAgentes.Api.Endpoints.<>c.<<MapApi>b__0_11>d.MoveNext() in D:\BearDevelopment\AutoAgent\autoagent_back\src\AutoAgentes.Api\Endpoints.cs:line 101
--- End of stack trace from previous location ---
   at Microsoft.AspNetCore.Http.RequestDelegateFactory.ExecuteTaskResult[T](Task`1 task, HttpContext httpContext)
   at Microsoft.AspNetCore.Routing.EndpointMiddleware.<Invoke>g__AwaitRequestTask|7_0(Endpoint endpoint, Task requestTask, ILogger logger)
   at Microsoft.AspNetCore.Authentication.AuthenticationMiddleware.Invoke(HttpContext context)
   at Microsoft.AspNetCore.RateLimiting.RateLimitingMiddleware.InvokeInternal(HttpContext context, EnableRateLimitingAttribute enableRateLimitingAttribute)
   at Swashbuckle.AspNetCore.SwaggerUI.SwaggerUIMiddleware.Invoke(HttpContext httpContext)
   at Swashbuckle.AspNetCore.Swagger.SwaggerMiddleware.Invoke(HttpContext httpContext, ISwaggerProvider swaggerProvider)
   at Microsoft.AspNetCore.Authorization.AuthorizationMiddleware.Invoke(HttpContext context)
   at Microsoft.AspNetCore.Diagnostics.DeveloperExceptionPageMiddlewareImpl.Invoke(HttpContext context)
2025-09-03 21:05:52.682 +02:00 [INF] CORS policy execution successful.
2025-09-03 21:05:52.693 +02:00 [INF] Request finished HTTP/1.1 GET http://localhost:5088/agents/1e5ffb9e-fb28-4405-b82b-b4647aa5a865/bindings - 500 null text/plain; charset=utf-8 66.5271ms
2025-09-03 21:05:52.696 +02:00 [INF] Executing endpoint 'HTTP: GET /agents/{id:guid}'
2025-09-03 21:05:52.709 +02:00 [ERR] Failed executing DbCommand (0ms) [Parameters=[@__p_0='?' (DbType = Guid)], CommandType='"Text"', CommandTimeout='30']
SELECT "a"."Id", "a"."AllowUnknownTools", "a"."AllowedToolsCsv", "a"."Autonomy", "a"."BlockedToolsCsv", "a"."CreatedUtc", "a"."GuardrailsJson", "a"."Name", "a"."ParamsJson", "a"."PlannerMaxSteps", "a"."PlannerMaxTokens", "a"."PlannerStop", "a"."PlannerTemperature", "a"."PlannerTopP", "a"."Provider", "a"."SystemPrompt", "a"."Temperature", "a"."TemplateRef", "a"."TokenBudget", "a"."ToolBudget", "a"."TopP", "a"."UpdatedUtc"
FROM "Agents" AS "a"
WHERE "a"."Id" = @__p_0
LIMIT 1
2025-09-03 21:05:52.715 +02:00 [ERR] An exception occurred while iterating over the results of a query for context type 'AutoAgentes.Infrastructure.AppDbContext'.
Microsoft.Data.Sqlite.SqliteException (0x80004005): SQLite Error 1: 'no such table: Agents'.
   at Microsoft.Data.Sqlite.SqliteException.ThrowExceptionForRC(Int32 rc, sqlite3 db)
   at Microsoft.Data.Sqlite.SqliteCommand.PrepareAndEnumerateStatements()+MoveNext()
   at Microsoft.Data.Sqlite.SqliteCommand.GetStatements()+MoveNext()
   at Microsoft.Data.Sqlite.SqliteDataReader.NextResult()
   at Microsoft.Data.Sqlite.SqliteCommand.ExecuteReader(CommandBehavior behavior)
   at Microsoft.Data.Sqlite.SqliteCommand.ExecuteReaderAsync(CommandBehavior behavior, CancellationToken cancellationToken)
   at Microsoft.Data.Sqlite.SqliteCommand.ExecuteDbDataReaderAsync(CommandBehavior behavior, CancellationToken cancellationToken)
   at Microsoft.EntityFrameworkCore.Storage.RelationalCommand.ExecuteReaderAsync(RelationalCommandParameterObject parameterObject, CancellationToken cancellationToken)
   at Microsoft.EntityFrameworkCore.Storage.RelationalCommand.ExecuteReaderAsync(RelationalCommandParameterObject parameterObject, CancellationToken cancellationToken)
   at Microsoft.EntityFrameworkCore.Query.Internal.SingleQueryingEnumerable`1.AsyncEnumerator.InitializeReaderAsync(AsyncEnumerator enumerator, CancellationToken cancellationToken)
   at Microsoft.EntityFrameworkCore.Query.Internal.SingleQueryingEnumerable`1.AsyncEnumerator.MoveNextAsync()
Microsoft.Data.Sqlite.SqliteException (0x80004005): SQLite Error 1: 'no such table: Agents'.
   at Microsoft.Data.Sqlite.SqliteException.ThrowExceptionForRC(Int32 rc, sqlite3 db)
   at Microsoft.Data.Sqlite.SqliteCommand.PrepareAndEnumerateStatements()+MoveNext()
   at Microsoft.Data.Sqlite.SqliteCommand.GetStatements()+MoveNext()
   at Microsoft.Data.Sqlite.SqliteDataReader.NextResult()
   at Microsoft.Data.Sqlite.SqliteCommand.ExecuteReader(CommandBehavior behavior)
   at Microsoft.Data.Sqlite.SqliteCommand.ExecuteReaderAsync(CommandBehavior behavior, CancellationToken cancellationToken)
   at Microsoft.Data.Sqlite.SqliteCommand.ExecuteDbDataReaderAsync(CommandBehavior behavior, CancellationToken cancellationToken)
   at Microsoft.EntityFrameworkCore.Storage.RelationalCommand.ExecuteReaderAsync(RelationalCommandParameterObject parameterObject, CancellationToken cancellationToken)
   at Microsoft.EntityFrameworkCore.Storage.RelationalCommand.ExecuteReaderAsync(RelationalCommandParameterObject parameterObject, CancellationToken cancellationToken)
   at Microsoft.EntityFrameworkCore.Query.Internal.SingleQueryingEnumerable`1.AsyncEnumerator.InitializeReaderAsync(AsyncEnumerator enumerator, CancellationToken cancellationToken)
   at Microsoft.EntityFrameworkCore.Query.Internal.SingleQueryingEnumerable`1.AsyncEnumerator.MoveNextAsync()
2025-09-03 21:05:52.725 +02:00 [INF] Executed endpoint 'HTTP: GET /agents/{id:guid}'
2025-09-03 21:05:52.729 +02:00 [ERR] An unhandled exception has occurred while executing the request.
Microsoft.Data.Sqlite.SqliteException (0x80004005): SQLite Error 1: 'no such table: Agents'.
   at Microsoft.Data.Sqlite.SqliteException.ThrowExceptionForRC(Int32 rc, sqlite3 db)
   at Microsoft.Data.Sqlite.SqliteCommand.PrepareAndEnumerateStatements()+MoveNext()
   at Microsoft.Data.Sqlite.SqliteCommand.GetStatements()+MoveNext()
   at Microsoft.Data.Sqlite.SqliteDataReader.NextResult()
   at Microsoft.Data.Sqlite.SqliteCommand.ExecuteReader(CommandBehavior behavior)
   at Microsoft.Data.Sqlite.SqliteCommand.ExecuteReaderAsync(CommandBehavior behavior, CancellationToken cancellationToken)
   at Microsoft.Data.Sqlite.SqliteCommand.ExecuteDbDataReaderAsync(CommandBehavior behavior, CancellationToken cancellationToken)
   at Microsoft.EntityFrameworkCore.Storage.RelationalCommand.ExecuteReaderAsync(RelationalCommandParameterObject parameterObject, CancellationToken cancellationToken)
   at Microsoft.EntityFrameworkCore.Storage.RelationalCommand.ExecuteReaderAsync(RelationalCommandParameterObject parameterObject, CancellationToken cancellationToken)
   at Microsoft.EntityFrameworkCore.Query.Internal.SingleQueryingEnumerable`1.AsyncEnumerator.InitializeReaderAsync(AsyncEnumerator enumerator, CancellationToken cancellationToken)
   at Microsoft.EntityFrameworkCore.Query.Internal.SingleQueryingEnumerable`1.AsyncEnumerator.MoveNextAsync()
   at Microsoft.EntityFrameworkCore.Query.ShapedQueryCompilingExpressionVisitor.SingleOrDefaultAsync[TSource](IAsyncEnumerable`1 asyncEnumerable, CancellationToken cancellationToken)
   at Microsoft.EntityFrameworkCore.Query.ShapedQueryCompilingExpressionVisitor.SingleOrDefaultAsync[TSource](IAsyncEnumerable`1 asyncEnumerable, CancellationToken cancellationToken)
   at AutoAgentes.Infrastructure.Services.AgentsService.GetAgentAsync(Guid id) in D:\BearDevelopment\AutoAgent\autoagent_back\src\AutoAgentes.Infrastructure\Services\AgentsService.cs:line 57
   at AutoAgentes.Api.Endpoints.<>c.<<MapApi>b__0_8>d.MoveNext() in D:\BearDevelopment\AutoAgent\autoagent_back\src\AutoAgentes.Api\Endpoints.cs:line 85
--- End of stack trace from previous location ---
   at Microsoft.AspNetCore.Http.RequestDelegateFactory.ExecuteTaskResult[T](Task`1 task, HttpContext httpContext)
   at Microsoft.AspNetCore.Routing.EndpointMiddleware.<Invoke>g__AwaitRequestTask|7_0(Endpoint endpoint, Task requestTask, ILogger logger)
   at Microsoft.AspNetCore.Authentication.AuthenticationMiddleware.Invoke(HttpContext context)
   at Microsoft.AspNetCore.RateLimiting.RateLimitingMiddleware.InvokeInternal(HttpContext context, EnableRateLimitingAttribute enableRateLimitingAttribute)
   at Swashbuckle.AspNetCore.SwaggerUI.SwaggerUIMiddleware.Invoke(HttpContext httpContext)
   at Swashbuckle.AspNetCore.Swagger.SwaggerMiddleware.Invoke(HttpContext httpContext, ISwaggerProvider swaggerProvider)
   at Microsoft.AspNetCore.Authorization.AuthorizationMiddleware.Invoke(HttpContext context)
   at Microsoft.AspNetCore.Diagnostics.DeveloperExceptionPageMiddlewareImpl.Invoke(HttpContext context)
2025-09-03 21:05:52.741 +02:00 [INF] Request finished HTTP/1.1 GET http://localhost:5088/agents/1e5ffb9e-fb28-4405-b82b-b4647aa5a865 - 500 null text/plain; charset=utf-8 67.609ms
2025-09-03 21:05:54.245 +02:00 [INF] Application is shutting down...
2025-09-03 21:09:30.382 +02:00 [INF] User profile is available. Using 'C:\Users\Usuario\AppData\Local\ASP.NET\DataProtection-Keys' as key repository and Windows DPAPI to encrypt keys at rest.
2025-09-03 21:09:30.767 +02:00 [INF] Now listening on: http://localhost:5088
2025-09-03 21:09:30.773 +02:00 [INF] Application started. Press Ctrl+C to shut down.
2025-09-03 21:09:30.775 +02:00 [INF] Hosting environment: Development
2025-09-03 21:09:30.776 +02:00 [INF] Content root path: D:\BearDevelopment\AutoAgent\autoagent_back\src\AutoAgentes.Api
2025-09-03 21:09:34.192 +02:00 [INF] Request starting HTTP/1.1 OPTIONS http://localhost:5088/agents/1e5ffb9e-fb28-4405-b82b-b4647aa5a865 - null null
2025-09-03 21:09:34.192 +02:00 [INF] Request starting HTTP/1.1 OPTIONS http://localhost:5088/agents/1e5ffb9e-fb28-4405-b82b-b4647aa5a865/bindings - null null
2025-09-03 21:09:34.285 +02:00 [INF] CORS policy execution successful.
2025-09-03 21:09:34.285 +02:00 [INF] CORS policy execution successful.
2025-09-03 21:09:34.299 +02:00 [INF] Request finished HTTP/1.1 OPTIONS http://localhost:5088/agents/1e5ffb9e-fb28-4405-b82b-b4647aa5a865 - 204 null null 124.1272ms
2025-09-03 21:09:34.299 +02:00 [INF] Request finished HTTP/1.1 OPTIONS http://localhost:5088/agents/1e5ffb9e-fb28-4405-b82b-b4647aa5a865/bindings - 204 null null 124.1272ms
2025-09-03 21:09:34.319 +02:00 [INF] Request starting HTTP/1.1 GET http://localhost:5088/agents/1e5ffb9e-fb28-4405-b82b-b4647aa5a865/bindings - application/json null
2025-09-03 21:09:34.319 +02:00 [INF] Request starting HTTP/1.1 GET http://localhost:5088/agents/1e5ffb9e-fb28-4405-b82b-b4647aa5a865 - application/json null
2025-09-03 21:09:34.334 +02:00 [INF] CORS policy execution successful.
2025-09-03 21:09:34.334 +02:00 [INF] CORS policy execution successful.
2025-09-03 21:09:34.371 +02:00 [INF] Executing endpoint 'HTTP: GET /agents/{id:guid}/bindings'
2025-09-03 21:09:34.371 +02:00 [INF] Executing endpoint 'HTTP: GET /agents/{id:guid}'
2025-09-03 21:09:35.279 +02:00 [INF] Executed DbCommand (9ms) [Parameters=[@__agentId_0='?' (DbType = Guid)], CommandType='"Text"', CommandTimeout='30']
SELECT "a"."Id", "a"."AgentId", "a"."ConfigJson", "a"."Enabled", "a"."ToolId"
FROM "AgentToolBindings" AS "a"
WHERE "a"."AgentId" = @__agentId_0
2025-09-03 21:09:35.284 +02:00 [INF] Executed DbCommand (21ms) [Parameters=[@__p_0='?' (DbType = Guid)], CommandType='"Text"', CommandTimeout='30']
SELECT "a"."Id", "a"."AllowUnknownTools", "a"."AllowedToolsCsv", "a"."Autonomy", "a"."BlockedToolsCsv", "a"."CreatedUtc", "a"."GuardrailsJson", "a"."Name", "a"."ParamsJson", "a"."PlannerMaxSteps", "a"."PlannerMaxTokens", "a"."PlannerStop", "a"."PlannerTemperature", "a"."PlannerTopP", "a"."Provider", "a"."SystemPrompt", "a"."Temperature", "a"."TemplateRef", "a"."TokenBudget", "a"."ToolBudget", "a"."TopP", "a"."UpdatedUtc"
FROM "Agents" AS "a"
WHERE "a"."Id" = @__p_0
LIMIT 1
2025-09-03 21:09:35.301 +02:00 [INF] Setting HTTP status code 404.
2025-09-03 21:09:35.301 +02:00 [INF] Setting HTTP status code 200.
2025-09-03 21:09:35.307 +02:00 [INF] Executed endpoint 'HTTP: GET /agents/{id:guid}'
2025-09-03 21:09:35.320 +02:00 [INF] Writing value of type 'List`1' as Json.
2025-09-03 21:09:35.322 +02:00 [INF] Request finished HTTP/1.1 GET http://localhost:5088/agents/1e5ffb9e-fb28-4405-b82b-b4647aa5a865 - 404 0 null 1002.8156ms
2025-09-03 21:09:35.337 +02:00 [INF] Executed endpoint 'HTTP: GET /agents/{id:guid}/bindings'
2025-09-03 21:09:35.343 +02:00 [INF] Request finished HTTP/1.1 GET http://localhost:5088/agents/1e5ffb9e-fb28-4405-b82b-b4647aa5a865/bindings - 200 null application/json; charset=utf-8 1024.3826ms
2025-09-03 21:09:36.330 +02:00 [INF] Request starting HTTP/1.1 OPTIONS http://localhost:5088/agents/1e5ffb9e-fb28-4405-b82b-b4647aa5a865 - null null
2025-09-03 21:09:36.337 +02:00 [INF] CORS policy execution successful.
2025-09-03 21:09:36.343 +02:00 [INF] Request finished HTTP/1.1 OPTIONS http://localhost:5088/agents/1e5ffb9e-fb28-4405-b82b-b4647aa5a865 - 204 null null 13.3023ms
2025-09-03 21:09:36.351 +02:00 [INF] Request starting HTTP/1.1 GET http://localhost:5088/agents/1e5ffb9e-fb28-4405-b82b-b4647aa5a865 - application/json null
2025-09-03 21:09:36.356 +02:00 [INF] CORS policy execution successful.
2025-09-03 21:09:36.368 +02:00 [INF] Executing endpoint 'HTTP: GET /agents/{id:guid}'
2025-09-03 21:09:36.414 +02:00 [INF] Executed DbCommand (0ms) [Parameters=[@__p_0='?' (DbType = Guid)], CommandType='"Text"', CommandTimeout='30']
SELECT "a"."Id", "a"."AllowUnknownTools", "a"."AllowedToolsCsv", "a"."Autonomy", "a"."BlockedToolsCsv", "a"."CreatedUtc", "a"."GuardrailsJson", "a"."Name", "a"."ParamsJson", "a"."PlannerMaxSteps", "a"."PlannerMaxTokens", "a"."PlannerStop", "a"."PlannerTemperature", "a"."PlannerTopP", "a"."Provider", "a"."SystemPrompt", "a"."Temperature", "a"."TemplateRef", "a"."TokenBudget", "a"."ToolBudget", "a"."TopP", "a"."UpdatedUtc"
FROM "Agents" AS "a"
WHERE "a"."Id" = @__p_0
LIMIT 1
2025-09-03 21:09:36.422 +02:00 [INF] Setting HTTP status code 404.
2025-09-03 21:09:36.427 +02:00 [INF] Executed endpoint 'HTTP: GET /agents/{id:guid}'
2025-09-03 21:09:36.433 +02:00 [INF] Request finished HTTP/1.1 GET http://localhost:5088/agents/1e5ffb9e-fb28-4405-b82b-b4647aa5a865 - 404 0 null 82.2377ms
2025-09-03 21:09:38.448 +02:00 [INF] Request starting HTTP/1.1 OPTIONS http://localhost:5088/agents/1e5ffb9e-fb28-4405-b82b-b4647aa5a865 - null null
2025-09-03 21:09:38.455 +02:00 [INF] CORS policy execution successful.
2025-09-03 21:09:38.459 +02:00 [INF] Request finished HTTP/1.1 OPTIONS http://localhost:5088/agents/1e5ffb9e-fb28-4405-b82b-b4647aa5a865 - 204 null null 11.2063ms
2025-09-03 21:09:38.466 +02:00 [INF] Request starting HTTP/1.1 GET http://localhost:5088/agents/1e5ffb9e-fb28-4405-b82b-b4647aa5a865 - application/json null
2025-09-03 21:09:38.472 +02:00 [INF] CORS policy execution successful.
2025-09-03 21:09:38.477 +02:00 [INF] Executing endpoint 'HTTP: GET /agents/{id:guid}'
2025-09-03 21:09:38.484 +02:00 [INF] Executed DbCommand (0ms) [Parameters=[@__p_0='?' (DbType = Guid)], CommandType='"Text"', CommandTimeout='30']
SELECT "a"."Id", "a"."AllowUnknownTools", "a"."AllowedToolsCsv", "a"."Autonomy", "a"."BlockedToolsCsv", "a"."CreatedUtc", "a"."GuardrailsJson", "a"."Name", "a"."ParamsJson", "a"."PlannerMaxSteps", "a"."PlannerMaxTokens", "a"."PlannerStop", "a"."PlannerTemperature", "a"."PlannerTopP", "a"."Provider", "a"."SystemPrompt", "a"."Temperature", "a"."TemplateRef", "a"."TokenBudget", "a"."ToolBudget", "a"."TopP", "a"."UpdatedUtc"
FROM "Agents" AS "a"
WHERE "a"."Id" = @__p_0
LIMIT 1
2025-09-03 21:09:38.491 +02:00 [INF] Setting HTTP status code 404.
2025-09-03 21:09:38.496 +02:00 [INF] Executed endpoint 'HTTP: GET /agents/{id:guid}'
2025-09-03 21:09:38.501 +02:00 [INF] Request finished HTTP/1.1 GET http://localhost:5088/agents/1e5ffb9e-fb28-4405-b82b-b4647aa5a865 - 404 0 null 35.3413ms
2025-09-03 21:09:42.521 +02:00 [INF] Request starting HTTP/1.1 OPTIONS http://localhost:5088/agents/1e5ffb9e-fb28-4405-b82b-b4647aa5a865 - null null
2025-09-03 21:09:42.531 +02:00 [INF] CORS policy execution successful.
2025-09-03 21:09:42.539 +02:00 [INF] Request finished HTTP/1.1 OPTIONS http://localhost:5088/agents/1e5ffb9e-fb28-4405-b82b-b4647aa5a865 - 204 null null 17.9612ms
2025-09-03 21:09:42.549 +02:00 [INF] Request starting HTTP/1.1 GET http://localhost:5088/agents/1e5ffb9e-fb28-4405-b82b-b4647aa5a865 - application/json null
2025-09-03 21:09:42.556 +02:00 [INF] CORS policy execution successful.
2025-09-03 21:09:42.558 +02:00 [INF] Request starting HTTP/1.1 OPTIONS http://localhost:5088/agents - null null
2025-09-03 21:09:42.567 +02:00 [INF] Executing endpoint 'HTTP: GET /agents/{id:guid}'
2025-09-03 21:09:42.572 +02:00 [INF] CORS policy execution successful.
2025-09-03 21:09:42.582 +02:00 [INF] Executed DbCommand (0ms) [Parameters=[@__p_0='?' (DbType = Guid)], CommandType='"Text"', CommandTimeout='30']
SELECT "a"."Id", "a"."AllowUnknownTools", "a"."AllowedToolsCsv", "a"."Autonomy", "a"."BlockedToolsCsv", "a"."CreatedUtc", "a"."GuardrailsJson", "a"."Name", "a"."ParamsJson", "a"."PlannerMaxSteps", "a"."PlannerMaxTokens", "a"."PlannerStop", "a"."PlannerTemperature", "a"."PlannerTopP", "a"."Provider", "a"."SystemPrompt", "a"."Temperature", "a"."TemplateRef", "a"."TokenBudget", "a"."ToolBudget", "a"."TopP", "a"."UpdatedUtc"
FROM "Agents" AS "a"
WHERE "a"."Id" = @__p_0
LIMIT 1
2025-09-03 21:09:42.583 +02:00 [INF] Request finished HTTP/1.1 OPTIONS http://localhost:5088/agents - 204 null null 25.5877ms
2025-09-03 21:09:42.590 +02:00 [INF] Setting HTTP status code 404.
2025-09-03 21:09:42.596 +02:00 [INF] Request starting HTTP/1.1 GET http://localhost:5088/agents - application/json null
2025-09-03 21:09:42.600 +02:00 [INF] Executed endpoint 'HTTP: GET /agents/{id:guid}'
2025-09-03 21:09:42.605 +02:00 [INF] CORS policy execution successful.
2025-09-03 21:09:42.610 +02:00 [INF] Request finished HTTP/1.1 GET http://localhost:5088/agents/1e5ffb9e-fb28-4405-b82b-b4647aa5a865 - 404 0 null 60.301ms
2025-09-03 21:09:42.615 +02:00 [INF] Executing endpoint 'HTTP: GET /agents/'
2025-09-03 21:09:42.641 +02:00 [INF] Executed DbCommand (0ms) [Parameters=[], CommandType='"Text"', CommandTimeout='30']
SELECT "a"."Id", "a"."AllowUnknownTools", "a"."AllowedToolsCsv", "a"."Autonomy", "a"."BlockedToolsCsv", "a"."CreatedUtc", "a"."GuardrailsJson", "a"."Name", "a"."ParamsJson", "a"."PlannerMaxSteps", "a"."PlannerMaxTokens", "a"."PlannerStop", "a"."PlannerTemperature", "a"."PlannerTopP", "a"."Provider", "a"."SystemPrompt", "a"."Temperature", "a"."TemplateRef", "a"."TokenBudget", "a"."ToolBudget", "a"."TopP", "a"."UpdatedUtc"
FROM "Agents" AS "a"
ORDER BY "a"."CreatedUtc"
2025-09-03 21:09:42.649 +02:00 [INF] Setting HTTP status code 200.
2025-09-03 21:09:42.660 +02:00 [INF] Writing value of type 'List`1' as Json.
2025-09-03 21:09:42.667 +02:00 [INF] Executed endpoint 'HTTP: GET /agents/'
2025-09-03 21:09:42.673 +02:00 [INF] Request finished HTTP/1.1 GET http://localhost:5088/agents - 200 null application/json; charset=utf-8 77.4932ms
2025-09-03 21:09:43.868 +02:00 [INF] Request starting HTTP/1.1 OPTIONS http://localhost:5088/agents/new - null null
2025-09-03 21:09:43.868 +02:00 [INF] Request starting HTTP/1.1 OPTIONS http://localhost:5088/agents/new/bindings - null null
2025-09-03 21:09:43.879 +02:00 [INF] CORS policy execution successful.
2025-09-03 21:09:43.886 +02:00 [INF] CORS policy execution successful.
2025-09-03 21:09:43.890 +02:00 [INF] Request finished HTTP/1.1 OPTIONS http://localhost:5088/agents/new - 204 null null 22.1823ms
2025-09-03 21:09:43.895 +02:00 [INF] Request finished HTTP/1.1 OPTIONS http://localhost:5088/agents/new/bindings - 204 null null 26.6232ms
2025-09-03 21:09:43.902 +02:00 [INF] Request starting HTTP/1.1 GET http://localhost:5088/agents/new - application/json null
2025-09-03 21:09:43.907 +02:00 [INF] Request starting HTTP/1.1 GET http://localhost:5088/agents/new/bindings - application/json null
2025-09-03 21:09:43.912 +02:00 [INF] CORS policy execution successful.
2025-09-03 21:09:43.917 +02:00 [INF] CORS policy execution successful.
2025-09-03 21:09:43.921 +02:00 [INF] Request finished HTTP/1.1 GET http://localhost:5088/agents/new - 404 0 null 19.5802ms
2025-09-03 21:09:43.926 +02:00 [INF] Request finished HTTP/1.1 GET http://localhost:5088/agents/new/bindings - 404 0 null 19.2191ms
2025-09-03 21:09:43.932 +02:00 [INF] Request reached the end of the middleware pipeline without being handled by application code. Request path: GET http://localhost:5088/agents/new, Response status code: 404
2025-09-03 21:09:43.937 +02:00 [INF] Request reached the end of the middleware pipeline without being handled by application code. Request path: GET http://localhost:5088/agents/new/bindings, Response status code: 404
2025-09-03 21:09:44.936 +02:00 [INF] Request starting HTTP/1.1 OPTIONS http://localhost:5088/agents/new/bindings - null null
2025-09-03 21:09:44.936 +02:00 [INF] Request starting HTTP/1.1 OPTIONS http://localhost:5088/agents/new - null null
2025-09-03 21:09:44.943 +02:00 [INF] CORS policy execution successful.
2025-09-03 21:09:44.947 +02:00 [INF] CORS policy execution successful.
2025-09-03 21:09:44.953 +02:00 [INF] Request finished HTTP/1.1 OPTIONS http://localhost:5088/agents/new/bindings - 204 null null 17.1966ms
2025-09-03 21:09:44.957 +02:00 [INF] Request finished HTTP/1.1 OPTIONS http://localhost:5088/agents/new - 204 null null 21.6175ms
2025-09-03 21:09:44.963 +02:00 [INF] Request starting HTTP/1.1 GET http://localhost:5088/agents/new/bindings - application/json null
2025-09-03 21:09:44.969 +02:00 [INF] Request starting HTTP/1.1 GET http://localhost:5088/agents/new - application/json null
2025-09-03 21:09:44.974 +02:00 [INF] CORS policy execution successful.
2025-09-03 21:09:44.978 +02:00 [INF] CORS policy execution successful.
2025-09-03 21:09:44.983 +02:00 [INF] Request finished HTTP/1.1 GET http://localhost:5088/agents/new/bindings - 404 0 null 20.1306ms
2025-09-03 21:09:44.988 +02:00 [INF] Request finished HTTP/1.1 GET http://localhost:5088/agents/new - 404 0 null 19.1759ms
2025-09-03 21:09:44.993 +02:00 [INF] Request reached the end of the middleware pipeline without being handled by application code. Request path: GET http://localhost:5088/agents/new/bindings, Response status code: 404
2025-09-03 21:09:44.999 +02:00 [INF] Request reached the end of the middleware pipeline without being handled by application code. Request path: GET http://localhost:5088/agents/new, Response status code: 404
2025-09-03 21:09:47.002 +02:00 [INF] Request starting HTTP/1.1 OPTIONS http://localhost:5088/agents/new/bindings - null null
2025-09-03 21:09:47.002 +02:00 [INF] Request starting HTTP/1.1 OPTIONS http://localhost:5088/agents/new - null null
2025-09-03 21:09:47.008 +02:00 [INF] CORS policy execution successful.
2025-09-03 21:09:47.014 +02:00 [INF] CORS policy execution successful.
2025-09-03 21:09:47.020 +02:00 [INF] Request finished HTTP/1.1 OPTIONS http://localhost:5088/agents/new/bindings - 204 null null 17.3677ms
2025-09-03 21:09:47.024 +02:00 [INF] Request finished HTTP/1.1 OPTIONS http://localhost:5088/agents/new - 204 null null 21.5599ms
2025-09-03 21:09:47.029 +02:00 [INF] Request starting HTTP/1.1 GET http://localhost:5088/agents/new/bindings - application/json null
2025-09-03 21:09:47.036 +02:00 [INF] Request starting HTTP/1.1 GET http://localhost:5088/agents/new - application/json null
2025-09-03 21:09:47.039 +02:00 [INF] CORS policy execution successful.
2025-09-03 21:09:47.044 +02:00 [INF] CORS policy execution successful.
2025-09-03 21:09:47.049 +02:00 [INF] Request finished HTTP/1.1 GET http://localhost:5088/agents/new/bindings - 404 0 null 19.6179ms
2025-09-03 21:09:47.054 +02:00 [INF] Request finished HTTP/1.1 GET http://localhost:5088/agents/new - 404 0 null 18.5415ms
2025-09-03 21:09:47.060 +02:00 [INF] Request reached the end of the middleware pipeline without being handled by application code. Request path: GET http://localhost:5088/agents/new/bindings, Response status code: 404
2025-09-03 21:09:47.065 +02:00 [INF] Request reached the end of the middleware pipeline without being handled by application code. Request path: GET http://localhost:5088/agents/new, Response status code: 404
2025-09-03 21:09:51.061 +02:00 [INF] Request starting HTTP/1.1 OPTIONS http://localhost:5088/agents/new/bindings - null null
2025-09-03 21:09:51.068 +02:00 [INF] CORS policy execution successful.
2025-09-03 21:09:51.074 +02:00 [INF] Request finished HTTP/1.1 OPTIONS http://localhost:5088/agents/new/bindings - 204 null null 12.8443ms
2025-09-03 21:09:51.074 +02:00 [INF] Request starting HTTP/1.1 OPTIONS http://localhost:5088/agents/new - null null
2025-09-03 21:09:51.080 +02:00 [INF] Request starting HTTP/1.1 GET http://localhost:5088/agents/new/bindings - application/json null
2025-09-03 21:09:51.084 +02:00 [INF] CORS policy execution successful.
2025-09-03 21:09:51.089 +02:00 [INF] CORS policy execution successful.
2025-09-03 21:09:51.093 +02:00 [INF] Request finished HTTP/1.1 OPTIONS http://localhost:5088/agents/new - 204 null null 18.6344ms
2025-09-03 21:09:51.099 +02:00 [INF] Request finished HTTP/1.1 GET http://localhost:5088/agents/new/bindings - 404 0 null 19.5544ms
2025-09-03 21:09:51.105 +02:00 [INF] Request starting HTTP/1.1 GET http://localhost:5088/agents/new - application/json null
2025-09-03 21:09:51.111 +02:00 [INF] Request reached the end of the middleware pipeline without being handled by application code. Request path: GET http://localhost:5088/agents/new/bindings, Response status code: 404
2025-09-03 21:09:51.115 +02:00 [INF] CORS policy execution successful.
2025-09-03 21:09:51.125 +02:00 [INF] Request finished HTTP/1.1 GET http://localhost:5088/agents/new - 404 0 null 20.2622ms
2025-09-03 21:09:51.131 +02:00 [INF] Request reached the end of the middleware pipeline without being handled by application code. Request path: GET http://localhost:5088/agents/new, Response status code: 404
2025-09-03 21:09:57.025 +02:00 [INF] Request starting HTTP/1.1 OPTIONS http://localhost:5088/agents - null null
2025-09-03 21:09:57.032 +02:00 [INF] CORS policy execution successful.
2025-09-03 21:09:57.037 +02:00 [INF] Request finished HTTP/1.1 OPTIONS http://localhost:5088/agents - 204 null null 12.395ms
2025-09-03 21:09:57.044 +02:00 [INF] Request starting HTTP/1.1 GET http://localhost:5088/agents - application/json null
2025-09-03 21:09:57.050 +02:00 [INF] CORS policy execution successful.
2025-09-03 21:09:57.056 +02:00 [INF] Executing endpoint 'HTTP: GET /agents/'
2025-09-03 21:09:57.065 +02:00 [INF] Executed DbCommand (0ms) [Parameters=[], CommandType='"Text"', CommandTimeout='30']
SELECT "a"."Id", "a"."AllowUnknownTools", "a"."AllowedToolsCsv", "a"."Autonomy", "a"."BlockedToolsCsv", "a"."CreatedUtc", "a"."GuardrailsJson", "a"."Name", "a"."ParamsJson", "a"."PlannerMaxSteps", "a"."PlannerMaxTokens", "a"."PlannerStop", "a"."PlannerTemperature", "a"."PlannerTopP", "a"."Provider", "a"."SystemPrompt", "a"."Temperature", "a"."TemplateRef", "a"."TokenBudget", "a"."ToolBudget", "a"."TopP", "a"."UpdatedUtc"
FROM "Agents" AS "a"
ORDER BY "a"."CreatedUtc"
2025-09-03 21:09:57.071 +02:00 [INF] Setting HTTP status code 200.
2025-09-03 21:09:57.078 +02:00 [INF] Writing value of type 'List`1' as Json.
2025-09-03 21:09:57.083 +02:00 [INF] Executed endpoint 'HTTP: GET /agents/'
2025-09-03 21:09:57.088 +02:00 [INF] Request finished HTTP/1.1 GET http://localhost:5088/agents - 200 null application/json; charset=utf-8 44.1391ms
2025-09-03 21:09:59.087 +02:00 [INF] Request starting HTTP/1.1 OPTIONS http://localhost:5088/agents/new - null null
2025-09-03 21:09:59.088 +02:00 [INF] Request starting HTTP/1.1 OPTIONS http://localhost:5088/agents/new/bindings - null null
2025-09-03 21:09:59.097 +02:00 [INF] CORS policy execution successful.
2025-09-03 21:09:59.108 +02:00 [INF] CORS policy execution successful.
2025-09-03 21:09:59.115 +02:00 [INF] Request finished HTTP/1.1 OPTIONS http://localhost:5088/agents/new - 204 null null 27.561ms
2025-09-03 21:09:59.119 +02:00 [INF] Request finished HTTP/1.1 OPTIONS http://localhost:5088/agents/new/bindings - 204 null null 32.0179ms
2025-09-03 21:09:59.125 +02:00 [INF] Request starting HTTP/1.1 GET http://localhost:5088/agents/new - application/json null
2025-09-03 21:09:59.133 +02:00 [INF] Request starting HTTP/1.1 GET http://localhost:5088/agents/new/bindings - application/json null
2025-09-03 21:09:59.139 +02:00 [INF] CORS policy execution successful.
2025-09-03 21:09:59.145 +02:00 [INF] CORS policy execution successful.
2025-09-03 21:09:59.151 +02:00 [INF] Request finished HTTP/1.1 GET http://localhost:5088/agents/new - 404 0 null 26.2498ms
2025-09-03 21:09:59.156 +02:00 [INF] Request finished HTTP/1.1 GET http://localhost:5088/agents/new/bindings - 404 0 null 23.3159ms
2025-09-03 21:09:59.165 +02:00 [INF] Request reached the end of the middleware pipeline without being handled by application code. Request path: GET http://localhost:5088/agents/new, Response status code: 404
2025-09-03 21:09:59.171 +02:00 [INF] Request reached the end of the middleware pipeline without being handled by application code. Request path: GET http://localhost:5088/agents/new/bindings, Response status code: 404
2025-09-03 21:10:00.165 +02:00 [INF] Request starting HTTP/1.1 OPTIONS http://localhost:5088/agents/new/bindings - null null
2025-09-03 21:10:00.165 +02:00 [INF] Request starting HTTP/1.1 OPTIONS http://localhost:5088/agents/new - null null
2025-09-03 21:10:00.173 +02:00 [INF] CORS policy execution successful.
2025-09-03 21:10:00.177 +02:00 [INF] CORS policy execution successful.
2025-09-03 21:10:00.181 +02:00 [INF] Request finished HTTP/1.1 OPTIONS http://localhost:5088/agents/new/bindings - 204 null null 15.9942ms
2025-09-03 21:10:00.185 +02:00 [INF] Request finished HTTP/1.1 OPTIONS http://localhost:5088/agents/new - 204 null null 19.7674ms
2025-09-03 21:10:00.191 +02:00 [INF] Request starting HTTP/1.1 GET http://localhost:5088/agents/new/bindings - application/json null
2025-09-03 21:10:00.196 +02:00 [INF] Request starting HTTP/1.1 GET http://localhost:5088/agents/new - application/json null
2025-09-03 21:10:00.201 +02:00 [INF] CORS policy execution successful.
2025-09-03 21:10:00.205 +02:00 [INF] CORS policy execution successful.
2025-09-03 21:10:00.209 +02:00 [INF] Request finished HTTP/1.1 GET http://localhost:5088/agents/new/bindings - 404 0 null 18.2911ms
2025-09-03 21:10:00.214 +02:00 [INF] Request finished HTTP/1.1 GET http://localhost:5088/agents/new - 404 0 null 17.5637ms
2025-09-03 21:10:00.219 +02:00 [INF] Request reached the end of the middleware pipeline without being handled by application code. Request path: GET http://localhost:5088/agents/new/bindings, Response status code: 404
2025-09-03 21:10:00.224 +02:00 [INF] Request reached the end of the middleware pipeline without being handled by application code. Request path: GET http://localhost:5088/agents/new, Response status code: 404
2025-09-03 21:10:02.226 +02:00 [INF] Request starting HTTP/1.1 OPTIONS http://localhost:5088/agents/new - null null
2025-09-03 21:10:02.226 +02:00 [INF] Request starting HTTP/1.1 OPTIONS http://localhost:5088/agents/new/bindings - null null
2025-09-03 21:10:02.233 +02:00 [INF] CORS policy execution successful.
2025-09-03 21:10:02.237 +02:00 [INF] CORS policy execution successful.
2025-09-03 21:10:02.243 +02:00 [INF] Request finished HTTP/1.1 OPTIONS http://localhost:5088/agents/new - 204 null null 16.8635ms
2025-09-03 21:10:02.247 +02:00 [INF] Request finished HTTP/1.1 OPTIONS http://localhost:5088/agents/new/bindings - 204 null null 21.3598ms
2025-09-03 21:10:02.252 +02:00 [INF] Request starting HTTP/1.1 GET http://localhost:5088/agents/new - application/json null
2025-09-03 21:10:02.257 +02:00 [INF] Request starting HTTP/1.1 GET http://localhost:5088/agents/new/bindings - application/json null
2025-09-03 21:10:02.263 +02:00 [INF] CORS policy execution successful.
2025-09-03 21:10:02.268 +02:00 [INF] CORS policy execution successful.
2025-09-03 21:10:02.272 +02:00 [INF] Request finished HTTP/1.1 GET http://localhost:5088/agents/new - 404 0 null 19.9857ms
2025-09-03 21:10:02.277 +02:00 [INF] Request finished HTTP/1.1 GET http://localhost:5088/agents/new/bindings - 404 0 null 20.0096ms
2025-09-03 21:10:02.283 +02:00 [INF] Request reached the end of the middleware pipeline without being handled by application code. Request path: GET http://localhost:5088/agents/new, Response status code: 404
2025-09-03 21:10:02.289 +02:00 [INF] Request reached the end of the middleware pipeline without being handled by application code. Request path: GET http://localhost:5088/agents/new/bindings, Response status code: 404
2025-09-03 21:10:06.289 +02:00 [INF] Request starting HTTP/1.1 OPTIONS http://localhost:5088/agents/new - null null
2025-09-03 21:10:06.289 +02:00 [INF] Request starting HTTP/1.1 OPTIONS http://localhost:5088/agents/new/bindings - null null
2025-09-03 21:10:06.296 +02:00 [INF] CORS policy execution successful.
2025-09-03 21:10:06.302 +02:00 [INF] CORS policy execution successful.
2025-09-03 21:10:06.307 +02:00 [INF] Request finished HTTP/1.1 OPTIONS http://localhost:5088/agents/new - 204 null null 18.2389ms
2025-09-03 21:10:06.312 +02:00 [INF] Request finished HTTP/1.1 OPTIONS http://localhost:5088/agents/new/bindings - 204 null null 22.5652ms
2025-09-03 21:10:06.318 +02:00 [INF] Request starting HTTP/1.1 GET http://localhost:5088/agents/new - application/json null
2025-09-03 21:10:06.323 +02:00 [INF] Request starting HTTP/1.1 GET http://localhost:5088/agents/new/bindings - application/json null
2025-09-03 21:10:06.328 +02:00 [INF] CORS policy execution successful.
2025-09-03 21:10:06.334 +02:00 [INF] CORS policy execution successful.
2025-09-03 21:10:06.339 +02:00 [INF] Request finished HTTP/1.1 GET http://localhost:5088/agents/new - 404 0 null 21.4679ms
2025-09-03 21:10:06.344 +02:00 [INF] Request finished HTTP/1.1 GET http://localhost:5088/agents/new/bindings - 404 0 null 21.2075ms
2025-09-03 21:10:06.350 +02:00 [INF] Request reached the end of the middleware pipeline without being handled by application code. Request path: GET http://localhost:5088/agents/new, Response status code: 404
2025-09-03 21:10:06.357 +02:00 [INF] Request reached the end of the middleware pipeline without being handled by application code. Request path: GET http://localhost:5088/agents/new/bindings, Response status code: 404
2025-09-03 21:10:18.390 +02:00 [INF] Request starting HTTP/1.1 POST http://localhost:5088/mcp/servers - application/json 96
2025-09-03 21:10:18.397 +02:00 [INF] Executing endpoint 'HTTP: POST /mcp/servers'
2025-09-03 21:10:18.528 +02:00 [INF] Executed DbCommand (17ms) [Parameters=[@p0='?' (DbType = Guid), @p1='?' (Size = 4), @p2='?' (Size = 21), @p3='?' (DbType = DateTime), @p4='?', @p5='?' (Size = 16), @p6='?' (Size = 6)], CommandType='"Text"', CommandTimeout='30']
INSERT INTO "McpServers" ("Id", "AuthType", "BaseUrl", "LastSeenUtc", "MetadataJson", "Name", "Status")
VALUES (@p0, @p1, @p2, @p3, @p4, @p5, @p6);
2025-09-03 21:10:18.539 +02:00 [INF] Setting HTTP status code 201.
2025-09-03 21:10:18.548 +02:00 [INF] Writing value of type 'McpServerResponse' as Json.
2025-09-03 21:10:18.557 +02:00 [INF] Executed endpoint 'HTTP: POST /mcp/servers'
2025-09-03 21:10:18.563 +02:00 [INF] Request finished HTTP/1.1 POST http://localhost:5088/mcp/servers - 201 null application/json; charset=utf-8 173.6353ms
2025-09-03 21:10:24.189 +02:00 [INF] Request starting HTTP/1.1 OPTIONS http://localhost:5088/agents - null null
2025-09-03 21:10:24.195 +02:00 [INF] CORS policy execution successful.
2025-09-03 21:10:24.200 +02:00 [INF] Request finished HTTP/1.1 OPTIONS http://localhost:5088/agents - 204 null null 11.4009ms
2025-09-03 21:10:24.206 +02:00 [INF] Request starting HTTP/1.1 GET http://localhost:5088/agents - application/json null
2025-09-03 21:10:24.212 +02:00 [INF] CORS policy execution successful.
2025-09-03 21:10:24.218 +02:00 [INF] Executing endpoint 'HTTP: GET /agents/'
2025-09-03 21:10:24.224 +02:00 [INF] Executed DbCommand (0ms) [Parameters=[], CommandType='"Text"', CommandTimeout='30']
SELECT "a"."Id", "a"."AllowUnknownTools", "a"."AllowedToolsCsv", "a"."Autonomy", "a"."BlockedToolsCsv", "a"."CreatedUtc", "a"."GuardrailsJson", "a"."Name", "a"."ParamsJson", "a"."PlannerMaxSteps", "a"."PlannerMaxTokens", "a"."PlannerStop", "a"."PlannerTemperature", "a"."PlannerTopP", "a"."Provider", "a"."SystemPrompt", "a"."Temperature", "a"."TemplateRef", "a"."TokenBudget", "a"."ToolBudget", "a"."TopP", "a"."UpdatedUtc"
FROM "Agents" AS "a"
ORDER BY "a"."CreatedUtc"
2025-09-03 21:10:24.230 +02:00 [INF] Setting HTTP status code 200.
2025-09-03 21:10:24.235 +02:00 [INF] Writing value of type 'List`1' as Json.
2025-09-03 21:10:24.239 +02:00 [INF] Executed endpoint 'HTTP: GET /agents/'
2025-09-03 21:10:24.244 +02:00 [INF] Request finished HTTP/1.1 GET http://localhost:5088/agents - 200 null application/json; charset=utf-8 37.8177ms
2025-09-03 21:10:30.133 +02:00 [INF] Request starting HTTP/1.1 GET http://localhost:5088/mcp/servers - null null
2025-09-03 21:10:30.141 +02:00 [INF] Executing endpoint 'HTTP: GET /mcp/servers'
2025-09-03 21:10:30.153 +02:00 [INF] Executed DbCommand (0ms) [Parameters=[], CommandType='"Text"', CommandTimeout='30']
SELECT "m"."Id", "m"."AuthType", "m"."BaseUrl", "m"."LastSeenUtc", "m"."MetadataJson", "m"."Name", "m"."Status"
FROM "McpServers" AS "m"
ORDER BY "m"."LastSeenUtc"
2025-09-03 21:10:30.172 +02:00 [INF] Setting HTTP status code 200.
2025-09-03 21:10:30.179 +02:00 [INF] Writing value of type 'List`1' as Json.
2025-09-03 21:10:30.187 +02:00 [INF] Executed endpoint 'HTTP: GET /mcp/servers'
2025-09-03 21:10:30.193 +02:00 [INF] Request finished HTTP/1.1 GET http://localhost:5088/mcp/servers - 200 null application/json; charset=utf-8 60.1167ms
2025-09-03 21:10:36.789 +02:00 [INF] Request starting HTTP/1.1 OPTIONS http://localhost:5088/mcp/servers - null null
2025-09-03 21:10:36.798 +02:00 [INF] CORS policy execution successful.
2025-09-03 21:10:36.805 +02:00 [INF] Request finished HTTP/1.1 OPTIONS http://localhost:5088/mcp/servers - 204 null null 16.1654ms
2025-09-03 21:10:36.811 +02:00 [INF] Request starting HTTP/1.1 GET http://localhost:5088/mcp/servers - application/json null
2025-09-03 21:10:36.817 +02:00 [INF] CORS policy execution successful.
2025-09-03 21:10:36.821 +02:00 [INF] Executing endpoint 'HTTP: GET /mcp/servers'
2025-09-03 21:10:36.831 +02:00 [INF] Executed DbCommand (0ms) [Parameters=[], CommandType='"Text"', CommandTimeout='30']
SELECT "m"."Id", "m"."AuthType", "m"."BaseUrl", "m"."LastSeenUtc", "m"."MetadataJson", "m"."Name", "m"."Status"
FROM "McpServers" AS "m"
ORDER BY "m"."LastSeenUtc"
2025-09-03 21:10:36.837 +02:00 [INF] Setting HTTP status code 200.
2025-09-03 21:10:36.842 +02:00 [INF] Writing value of type 'List`1' as Json.
2025-09-03 21:10:36.847 +02:00 [INF] Executed endpoint 'HTTP: GET /mcp/servers'
2025-09-03 21:10:36.852 +02:00 [INF] Request finished HTTP/1.1 GET http://localhost:5088/mcp/servers - 200 null application/json; charset=utf-8 40.7294ms
2025-09-03 21:10:39.488 +02:00 [INF] Request starting HTTP/1.1 OPTIONS http://localhost:5088/agents - null null
2025-09-03 21:10:39.488 +02:00 [INF] Request starting HTTP/1.1 OPTIONS http://localhost:5088/mcp/servers - null null
2025-09-03 21:10:39.494 +02:00 [INF] CORS policy execution successful.
2025-09-03 21:10:39.499 +02:00 [INF] CORS policy execution successful.
2025-09-03 21:10:39.503 +02:00 [INF] Request finished HTTP/1.1 OPTIONS http://localhost:5088/agents - 204 null null 15.5362ms
2025-09-03 21:10:39.509 +02:00 [INF] Request finished HTTP/1.1 OPTIONS http://localhost:5088/mcp/servers - 204 null null 21.1064ms
2025-09-03 21:10:39.516 +02:00 [INF] Request starting HTTP/1.1 GET http://localhost:5088/agents - application/json null
2025-09-03 21:10:39.523 +02:00 [INF] Request starting HTTP/1.1 GET http://localhost:5088/mcp/servers - application/json null
2025-09-03 21:10:39.530 +02:00 [INF] CORS policy execution successful.
2025-09-03 21:10:39.536 +02:00 [INF] CORS policy execution successful.
2025-09-03 21:10:39.542 +02:00 [INF] Executing endpoint 'HTTP: GET /agents/'
2025-09-03 21:10:39.548 +02:00 [INF] Executing endpoint 'HTTP: GET /mcp/servers'
2025-09-03 21:10:39.556 +02:00 [INF] Executed DbCommand (0ms) [Parameters=[], CommandType='"Text"', CommandTimeout='30']
SELECT "a"."Id", "a"."AllowUnknownTools", "a"."AllowedToolsCsv", "a"."Autonomy", "a"."BlockedToolsCsv", "a"."CreatedUtc", "a"."GuardrailsJson", "a"."Name", "a"."ParamsJson", "a"."PlannerMaxSteps", "a"."PlannerMaxTokens", "a"."PlannerStop", "a"."PlannerTemperature", "a"."PlannerTopP", "a"."Provider", "a"."SystemPrompt", "a"."Temperature", "a"."TemplateRef", "a"."TokenBudget", "a"."ToolBudget", "a"."TopP", "a"."UpdatedUtc"
FROM "Agents" AS "a"
ORDER BY "a"."CreatedUtc"
2025-09-03 21:10:39.560 +02:00 [INF] Executed DbCommand (1ms) [Parameters=[], CommandType='"Text"', CommandTimeout='30']
SELECT "m"."Id", "m"."AuthType", "m"."BaseUrl", "m"."LastSeenUtc", "m"."MetadataJson", "m"."Name", "m"."Status"
FROM "McpServers" AS "m"
ORDER BY "m"."LastSeenUtc"
2025-09-03 21:10:39.564 +02:00 [INF] Setting HTTP status code 200.
2025-09-03 21:10:39.573 +02:00 [INF] Setting HTTP status code 200.
2025-09-03 21:10:39.578 +02:00 [INF] Writing value of type 'List`1' as Json.
2025-09-03 21:10:39.584 +02:00 [INF] Writing value of type 'List`1' as Json.
2025-09-03 21:10:39.590 +02:00 [INF] Executed endpoint 'HTTP: GET /agents/'
2025-09-03 21:10:39.598 +02:00 [INF] Executed endpoint 'HTTP: GET /mcp/servers'
2025-09-03 21:10:39.604 +02:00 [INF] Request finished HTTP/1.1 GET http://localhost:5088/agents - 200 null application/json; charset=utf-8 87.8576ms
2025-09-03 21:10:39.611 +02:00 [INF] Request finished HTTP/1.1 GET http://localhost:5088/mcp/servers - 200 null application/json; charset=utf-8 87.5876ms
2025-09-03 21:11:02.872 +02:00 [INF] Request starting HTTP/1.1 POST http://localhost:5088/agents - application/json 195
2025-09-03 21:11:02.877 +02:00 [INF] Executing endpoint 'HTTP: POST /agents/'
2025-09-03 21:11:02.949 +02:00 [INF] Executed DbCommand (4ms) [Parameters=[@p0='?' (DbType = Guid), @p1='?' (DbType = Boolean), @p2='?', @p3='?' (Size = 10), @p4='?', @p5='?' (DbType = DateTime), @p6='?', @p7='?' (Size = 10), @p8='?' (Size = 55), @p9='?' (DbType = Int32), @p10='?' (DbType = Int32), @p11='?', @p12='?' (DbType = Double), @p13='?' (DbType = Double), @p14='?' (Size = 6), @p15='?', @p16='?' (DbType = Double), @p17='?', @p18='?' (DbType = Int32), @p19='?' (DbType = Int32), @p20='?' (DbType = Double), @p21='?' (DbType = DateTime)], CommandType='"Text"', CommandTimeout='30']
INSERT INTO "Agents" ("Id", "AllowUnknownTools", "AllowedToolsCsv", "Autonomy", "BlockedToolsCsv", "CreatedUtc", "GuardrailsJson", "Name", "ParamsJson", "PlannerMaxSteps", "PlannerMaxTokens", "PlannerStop", "PlannerTemperature", "PlannerTopP", "Provider", "SystemPrompt", "Temperature", "TemplateRef", "TokenBudget", "ToolBudget", "TopP", "UpdatedUtc")
VALUES (@p0, @p1, @p2, @p3, @p4, @p5, @p6, @p7, @p8, @p9, @p10, @p11, @p12, @p13, @p14, @p15, @p16, @p17, @p18, @p19, @p20, @p21);
2025-09-03 21:11:02.958 +02:00 [INF] Setting HTTP status code 201.
2025-09-03 21:11:02.962 +02:00 [INF] Writing value of type 'AgentResponse' as Json.
2025-09-03 21:11:02.968 +02:00 [INF] Executed endpoint 'HTTP: POST /agents/'
2025-09-03 21:11:02.972 +02:00 [INF] Request finished HTTP/1.1 POST http://localhost:5088/agents - 201 null application/json; charset=utf-8 99.7399ms
2025-09-03 21:11:06.628 +02:00 [INF] Request starting HTTP/1.1 OPTIONS http://localhost:5088/agents - null null
2025-09-03 21:11:06.638 +02:00 [INF] CORS policy execution successful.
2025-09-03 21:11:06.644 +02:00 [INF] Request finished HTTP/1.1 OPTIONS http://localhost:5088/agents - 204 null null 16.6427ms
2025-09-03 21:11:06.654 +02:00 [INF] Request starting HTTP/1.1 GET http://localhost:5088/agents - application/json null
2025-09-03 21:11:06.662 +02:00 [INF] CORS policy execution successful.
2025-09-03 21:11:06.671 +02:00 [INF] Executing endpoint 'HTTP: GET /agents/'
2025-09-03 21:11:06.680 +02:00 [INF] Executed DbCommand (1ms) [Parameters=[], CommandType='"Text"', CommandTimeout='30']
SELECT "a"."Id", "a"."AllowUnknownTools", "a"."AllowedToolsCsv", "a"."Autonomy", "a"."BlockedToolsCsv", "a"."CreatedUtc", "a"."GuardrailsJson", "a"."Name", "a"."ParamsJson", "a"."PlannerMaxSteps", "a"."PlannerMaxTokens", "a"."PlannerStop", "a"."PlannerTemperature", "a"."PlannerTopP", "a"."Provider", "a"."SystemPrompt", "a"."Temperature", "a"."TemplateRef", "a"."TokenBudget", "a"."ToolBudget", "a"."TopP", "a"."UpdatedUtc"
FROM "Agents" AS "a"
ORDER BY "a"."CreatedUtc"
2025-09-03 21:11:06.692 +02:00 [INF] Setting HTTP status code 200.
2025-09-03 21:11:06.697 +02:00 [INF] Writing value of type 'List`1' as Json.
2025-09-03 21:11:06.705 +02:00 [INF] Executed endpoint 'HTTP: GET /agents/'
2025-09-03 21:11:06.711 +02:00 [INF] Request finished HTTP/1.1 GET http://localhost:5088/agents - 200 null application/json; charset=utf-8 57.1328ms
2025-09-03 21:11:08.832 +02:00 [INF] Request starting HTTP/1.1 OPTIONS http://localhost:5088/agents/1e3a6b41-b07b-4cde-8612-9188689c9609 - null null
2025-09-03 21:11:08.833 +02:00 [INF] Request starting HTTP/1.1 OPTIONS http://localhost:5088/agents/1e3a6b41-b07b-4cde-8612-9188689c9609/bindings - null null
2025-09-03 21:11:08.844 +02:00 [INF] CORS policy execution successful.
2025-09-03 21:11:08.852 +02:00 [INF] CORS policy execution successful.
2025-09-03 21:11:08.859 +02:00 [INF] Request finished HTTP/1.1 OPTIONS http://localhost:5088/agents/1e3a6b41-b07b-4cde-8612-9188689c9609 - 204 null null 27.0563ms
2025-09-03 21:11:08.863 +02:00 [INF] Request finished HTTP/1.1 OPTIONS http://localhost:5088/agents/1e3a6b41-b07b-4cde-8612-9188689c9609/bindings - 204 null null 30.2043ms
2025-09-03 21:11:08.869 +02:00 [INF] Request starting HTTP/1.1 GET http://localhost:5088/agents/1e3a6b41-b07b-4cde-8612-9188689c9609 - application/json null
2025-09-03 21:11:08.875 +02:00 [INF] Request starting HTTP/1.1 GET http://localhost:5088/agents/1e3a6b41-b07b-4cde-8612-9188689c9609/bindings - application/json null
2025-09-03 21:11:08.880 +02:00 [INF] CORS policy execution successful.
2025-09-03 21:11:08.884 +02:00 [INF] CORS policy execution successful.
2025-09-03 21:11:08.890 +02:00 [INF] Executing endpoint 'HTTP: GET /agents/{id:guid}'
2025-09-03 21:11:08.894 +02:00 [INF] Executing endpoint 'HTTP: GET /agents/{id:guid}/bindings'
2025-09-03 21:11:08.901 +02:00 [INF] Executed DbCommand (0ms) [Parameters=[@__p_0='?' (DbType = Guid)], CommandType='"Text"', CommandTimeout='30']
SELECT "a"."Id", "a"."AllowUnknownTools", "a"."AllowedToolsCsv", "a"."Autonomy", "a"."BlockedToolsCsv", "a"."CreatedUtc", "a"."GuardrailsJson", "a"."Name", "a"."ParamsJson", "a"."PlannerMaxSteps", "a"."PlannerMaxTokens", "a"."PlannerStop", "a"."PlannerTemperature", "a"."PlannerTopP", "a"."Provider", "a"."SystemPrompt", "a"."Temperature", "a"."TemplateRef", "a"."TokenBudget", "a"."ToolBudget", "a"."TopP", "a"."UpdatedUtc"
FROM "Agents" AS "a"
WHERE "a"."Id" = @__p_0
LIMIT 1
2025-09-03 21:11:08.907 +02:00 [INF] Executed DbCommand (0ms) [Parameters=[@__agentId_0='?' (DbType = Guid)], CommandType='"Text"', CommandTimeout='30']
SELECT "a"."Id", "a"."AgentId", "a"."ConfigJson", "a"."Enabled", "a"."ToolId"
FROM "AgentToolBindings" AS "a"
WHERE "a"."AgentId" = @__agentId_0
2025-09-03 21:11:08.911 +02:00 [INF] Setting HTTP status code 200.
2025-09-03 21:11:08.914 +02:00 [INF] Setting HTTP status code 200.
2025-09-03 21:11:08.919 +02:00 [INF] Writing value of type 'AgentResponse' as Json.
2025-09-03 21:11:08.923 +02:00 [INF] Writing value of type 'List`1' as Json.
2025-09-03 21:11:08.928 +02:00 [INF] Executed endpoint 'HTTP: GET /agents/{id:guid}'
2025-09-03 21:11:08.932 +02:00 [INF] Executed endpoint 'HTTP: GET /agents/{id:guid}/bindings'
2025-09-03 21:11:08.938 +02:00 [INF] Request finished HTTP/1.1 GET http://localhost:5088/agents/1e3a6b41-b07b-4cde-8612-9188689c9609 - 200 null application/json; charset=utf-8 68.796ms
2025-09-03 21:11:08.943 +02:00 [INF] Request finished HTTP/1.1 GET http://localhost:5088/agents/1e3a6b41-b07b-4cde-8612-9188689c9609/bindings - 200 null application/json; charset=utf-8 68.0816ms
2025-09-03 21:11:13.744 +02:00 [INF] Request starting HTTP/1.1 OPTIONS http://localhost:5088/sessions - null null
2025-09-03 21:11:13.750 +02:00 [INF] CORS policy execution successful.
2025-09-03 21:11:13.756 +02:00 [INF] Request finished HTTP/1.1 OPTIONS http://localhost:5088/sessions - 204 null null 12.0029ms
2025-09-03 21:11:13.762 +02:00 [INF] Request starting HTTP/1.1 POST http://localhost:5088/sessions - application/json 50
2025-09-03 21:11:13.767 +02:00 [INF] CORS policy execution successful.
2025-09-03 21:11:13.773 +02:00 [INF] Executing endpoint 'HTTP: POST /sessions/'
2025-09-03 21:11:13.790 +02:00 [INF] Executed DbCommand (1ms) [Parameters=[@__p_0='?' (DbType = Guid)], CommandType='"Text"', CommandTimeout='30']
SELECT "a"."Id", "a"."AllowUnknownTools", "a"."AllowedToolsCsv", "a"."Autonomy", "a"."BlockedToolsCsv", "a"."CreatedUtc", "a"."GuardrailsJson", "a"."Name", "a"."ParamsJson", "a"."PlannerMaxSteps", "a"."PlannerMaxTokens", "a"."PlannerStop", "a"."PlannerTemperature", "a"."PlannerTopP", "a"."Provider", "a"."SystemPrompt", "a"."Temperature", "a"."TemplateRef", "a"."TokenBudget", "a"."ToolBudget", "a"."TopP", "a"."UpdatedUtc"
FROM "Agents" AS "a"
WHERE "a"."Id" = @__p_0
LIMIT 1
2025-09-03 21:11:13.845 +02:00 [INF] Executed DbCommand (12ms) [Parameters=[@p0='?' (DbType = Guid), @p1='?' (DbType = Guid), @p2='?' (DbType = DateTime), @p3='?' (DbType = Int32), @p4='?' (DbType = DateTime), @p5='?' (Size = 7), @p6='?'], CommandType='"Text"', CommandTimeout='30']
INSERT INTO "Sessions" ("Id", "AgentId", "EndedUtc", "LastEventIdx", "StartedUtc", "Status", "UserId")
VALUES (@p0, @p1, @p2, @p3, @p4, @p5, @p6);
2025-09-03 21:11:13.853 +02:00 [INF] Setting HTTP status code 201.
2025-09-03 21:11:13.860 +02:00 [INF] Writing value of type 'SessionCreatedResponse' as Json.
2025-09-03 21:11:13.866 +02:00 [INF] Executed endpoint 'HTTP: POST /sessions/'
2025-09-03 21:11:13.870 +02:00 [INF] Request finished HTTP/1.1 POST http://localhost:5088/sessions - 201 null application/json; charset=utf-8 108.5449ms
2025-09-03 21:11:13.888 +02:00 [INF] Request starting HTTP/1.1 OPTIONS http://localhost:5088/hubs/trace/negotiate?negotiateVersion=1 - null null
2025-09-03 21:11:13.897 +02:00 [INF] CORS policy execution successful.
2025-09-03 21:11:13.902 +02:00 [INF] Request finished HTTP/1.1 OPTIONS http://localhost:5088/hubs/trace/negotiate?negotiateVersion=1 - 204 null null 14.8034ms
2025-09-03 21:11:13.908 +02:00 [INF] Request starting HTTP/1.1 POST http://localhost:5088/hubs/trace/negotiate?negotiateVersion=1 - null 0
2025-09-03 21:11:13.920 +02:00 [INF] CORS policy execution successful.
2025-09-03 21:11:13.933 +02:00 [INF] ApiKey was not authenticated. Failure message: Missing API key
2025-09-03 21:11:13.939 +02:00 [INF] Executing endpoint '/hubs/trace/negotiate'
2025-09-03 21:11:13.960 +02:00 [INF] Executed endpoint '/hubs/trace/negotiate'
2025-09-03 21:11:13.966 +02:00 [INF] Request finished HTTP/1.1 POST http://localhost:5088/hubs/trace/negotiate?negotiateVersion=1 - 200 316 application/json 57.4005ms
2025-09-03 21:11:13.969 +02:00 [INF] Request starting HTTP/1.1 GET http://localhost:5088/hubs/trace?id=6pIQ7jfSsSwnN_FJPNJHLA - null null
2025-09-03 21:11:13.979 +02:00 [INF] CORS policy execution successful.
2025-09-03 21:11:13.985 +02:00 [INF] ApiKey was not authenticated. Failure message: Missing API key
2025-09-03 21:11:13.990 +02:00 [INF] Executing endpoint '/hubs/trace'
2025-09-03 21:11:23.353 +02:00 [INF] Request starting HTTP/1.1 OPTIONS http://localhost:5088/sessions/86831bf9-ad18-423b-9811-b8bbf948cab3/messages - null null
2025-09-03 21:11:23.361 +02:00 [INF] CORS policy execution successful.
2025-09-03 21:11:23.365 +02:00 [INF] Request finished HTTP/1.1 OPTIONS http://localhost:5088/sessions/86831bf9-ad18-423b-9811-b8bbf948cab3/messages - 204 null null 12.4436ms
2025-09-03 21:11:23.370 +02:00 [INF] Request starting HTTP/1.1 POST http://localhost:5088/sessions/86831bf9-ad18-423b-9811-b8bbf948cab3/messages - application/json 43
2025-09-03 21:11:23.376 +02:00 [INF] CORS policy execution successful.
2025-09-03 21:11:23.382 +02:00 [INF] Executing endpoint 'HTTP: POST /sessions/{id:guid}/messages'
2025-09-03 21:11:23.400 +02:00 [INF] Executed DbCommand (1ms) [Parameters=[@__p_0='?' (DbType = Guid)], CommandType='"Text"', CommandTimeout='30']
SELECT "s"."Id", "s"."AgentId", "s"."EndedUtc", "s"."LastEventIdx", "s"."StartedUtc", "s"."Status", "s"."UserId"
FROM "Sessions" AS "s"
WHERE "s"."Id" = @__p_0
LIMIT 1
2025-09-03 21:11:23.438 +02:00 [INF] Executed DbCommand (12ms) [Parameters=[@p0='?' (DbType = Guid), @p1='?' (Size = 29), @p2='?' (DbType = DateTime), @p3='?', @p4='?' (Size = 4), @p5='?' (DbType = Guid), @p6='?'], CommandType='"Text"', CommandTimeout='30']
INSERT INTO "Messages" ("Id", "Content", "CreatedUtc", "Kind", "Role", "SessionId", "TokenUsageJson")
VALUES (@p0, @p1, @p2, @p3, @p4, @p5, @p6);
2025-09-03 21:11:23.459 +02:00 [INF] Setting HTTP status code 202.
2025-09-03 21:11:23.463 +02:00 [INF] Executed DbCommand (0ms) [Parameters=[@__p_0='?' (DbType = Guid)], CommandType='"Text"', CommandTimeout='30']
SELECT "a"."Id", "a"."AllowUnknownTools", "a"."AllowedToolsCsv", "a"."Autonomy", "a"."BlockedToolsCsv", "a"."CreatedUtc", "a"."GuardrailsJson", "a"."Name", "a"."ParamsJson", "a"."PlannerMaxSteps", "a"."PlannerMaxTokens", "a"."PlannerStop", "a"."PlannerTemperature", "a"."PlannerTopP", "a"."Provider", "a"."SystemPrompt", "a"."Temperature", "a"."TemplateRef", "a"."TokenBudget", "a"."ToolBudget", "a"."TopP", "a"."UpdatedUtc"
FROM "Agents" AS "a"
WHERE "a"."Id" = @__p_0
LIMIT 1
2025-09-03 21:11:23.469 +02:00 [INF] Writing value of type 'AcceptedResponse' as Json.
2025-09-03 21:11:23.478 +02:00 [INF] Executed endpoint 'HTTP: POST /sessions/{id:guid}/messages'
2025-09-03 21:11:23.484 +02:00 [INF] Request finished HTTP/1.1 POST http://localhost:5088/sessions/86831bf9-ad18-423b-9811-b8bbf948cab3/messages - 202 null application/json; charset=utf-8 113.8207ms
2025-09-03 21:11:23.492 +02:00 [INF] Executed DbCommand (3ms) [Parameters=[@p0='?' (DbType = Guid), @p1='?' (Size = 29), @p2='?' (DbType = DateTime), @p3='?', @p4='?' (Size = 4), @p5='?' (DbType = Guid), @p6='?'], CommandType='"Text"', CommandTimeout='30']
INSERT INTO "Messages" ("Id", "Content", "CreatedUtc", "Kind", "Role", "SessionId", "TokenUsageJson")
VALUES (@p0, @p1, @p2, @p3, @p4, @p5, @p6);
2025-09-03 21:11:23.553 +02:00 [INF] Executed DbCommand (0ms) [Parameters=[@__agentId_0='?' (DbType = Guid)], CommandType='"Text"', CommandTimeout='30']
SELECT "a"."Id", "a"."AgentId", "a"."ConfigJson", "a"."Enabled", "a"."ToolId", "t"."Id", "t"."Description", "t"."Enabled", "t"."InputSchemaJson", "t"."McpServerId", "t"."Name", "t"."Scope", "m"."Id", "m"."AuthType", "m"."BaseUrl", "m"."LastSeenUtc", "m"."MetadataJson", "m"."Name", "m"."Status"
FROM "AgentToolBindings" AS "a"
INNER JOIN "Tools" AS "t" ON "a"."ToolId" = "t"."Id"
INNER JOIN "McpServers" AS "m" ON "t"."McpServerId" = "m"."Id"
WHERE "a"."AgentId" = @__agentId_0 AND "a"."Enabled"
2025-09-03 21:11:23.582 +02:00 [INF] Executed DbCommand (1ms) [Parameters=[@__agentId_0='?' (DbType = Guid)], CommandType='"Text"', CommandTimeout='30']
SELECT "a"."Id", "a"."AgentId", "a"."ConfigJson", "a"."Enabled", "a"."ToolId", "t"."Id", "t"."Description", "t"."Enabled", "t"."InputSchemaJson", "t"."McpServerId", "t"."Name", "t"."Scope", "m"."Id", "m"."AuthType", "m"."BaseUrl", "m"."LastSeenUtc", "m"."MetadataJson", "m"."Name", "m"."Status"
FROM "AgentToolBindings" AS "a"
INNER JOIN "Tools" AS "t" ON "a"."ToolId" = "t"."Id"
INNER JOIN "McpServers" AS "m" ON "t"."McpServerId" = "m"."Id"
WHERE "a"."AgentId" = @__agentId_0 AND "a"."Enabled"
2025-09-03 21:11:23.621 +02:00 [INF] Executed DbCommand (0ms) [Parameters=[@__sessionId_0='?' (DbType = Guid), @__kind_1='?' (Size = 11), @__p_2='?' (DbType = Int32)], CommandType='"Text"', CommandTimeout='30']
SELECT "m"."Id", "m"."Content", "m"."CreatedUtc", "m"."Kind", "m"."Role", "m"."SessionId", "m"."TokenUsageJson"
FROM "Messages" AS "m"
WHERE "m"."SessionId" = @__sessionId_0 AND "m"."Kind" = @__kind_1
ORDER BY "m"."CreatedUtc" DESC
LIMIT @__p_2
2025-09-03 21:11:23.641 +02:00 [INF] Executed DbCommand (0ms) [Parameters=[@__sessionId_0='?' (DbType = Guid), @__p_1='?' (DbType = Int32)], CommandType='"Text"', CommandTimeout='30']
SELECT "m"."Id", "m"."Content", "m"."CreatedUtc", "m"."Kind", "m"."Role", "m"."SessionId", "m"."TokenUsageJson"
FROM "Messages" AS "m"
WHERE "m"."SessionId" = @__sessionId_0
ORDER BY "m"."CreatedUtc" DESC
LIMIT @__p_1
2025-09-03 21:11:23.727 +02:00 [INF] Executed DbCommand (0ms) [Parameters=[@__agentId_0='?' (DbType = Guid)], CommandType='"Text"', CommandTimeout='30']
SELECT "a"."Id", "a"."AgentId", "a"."ConfigJson", "a"."Enabled", "a"."ToolId", "t"."Id", "t"."Description", "t"."Enabled", "t"."InputSchemaJson", "t"."McpServerId", "t"."Name", "t"."Scope", "m"."Id", "m"."AuthType", "m"."BaseUrl", "m"."LastSeenUtc", "m"."MetadataJson", "m"."Name", "m"."Status"
FROM "AgentToolBindings" AS "a"
INNER JOIN "Tools" AS "t" ON "a"."ToolId" = "t"."Id"
INNER JOIN "McpServers" AS "m" ON "t"."McpServerId" = "m"."Id"
WHERE "a"."AgentId" = @__agentId_0 AND "a"."Enabled"
2025-09-03 21:11:23.737 +02:00 [INF] Executed DbCommand (0ms) [Parameters=[@__agentId_0='?' (DbType = Guid)], CommandType='"Text"', CommandTimeout='30']
SELECT "a"."Id", "a"."AgentId", "a"."ConfigJson", "a"."Enabled", "a"."ToolId", "t"."Id", "t"."Description", "t"."Enabled", "t"."InputSchemaJson", "t"."McpServerId", "t"."Name", "t"."Scope", "m"."Id", "m"."AuthType", "m"."BaseUrl", "m"."LastSeenUtc", "m"."MetadataJson", "m"."Name", "m"."Status"
FROM "AgentToolBindings" AS "a"
INNER JOIN "Tools" AS "t" ON "a"."ToolId" = "t"."Id"
INNER JOIN "McpServers" AS "m" ON "t"."McpServerId" = "m"."Id"
WHERE "a"."AgentId" = @__agentId_0 AND "a"."Enabled"
2025-09-03 21:11:25.050 +02:00 [INF] Executed DbCommand (1ms) [Parameters=[@__sessionId_0='?' (DbType = Guid), @__p_1='?' (DbType = Int32)], CommandType='"Text"', CommandTimeout='30']
SELECT "m"."Id", "m"."Content", "m"."CreatedUtc", "m"."Kind", "m"."Role", "m"."SessionId", "m"."TokenUsageJson"
FROM "Messages" AS "m"
WHERE "m"."SessionId" = @__sessionId_0
ORDER BY "m"."CreatedUtc" DESC
LIMIT @__p_1
2025-09-03 21:11:26.409 +02:00 [INF] Executed DbCommand (11ms) [Parameters=[@p0='?' (DbType = Guid), @p1='?' (Size = 560), @p2='?' (DbType = DateTime), @p3='?', @p4='?' (Size = 9), @p5='?' (DbType = Guid), @p6='?'], CommandType='"Text"', CommandTimeout='30']
INSERT INTO "Messages" ("Id", "Content", "CreatedUtc", "Kind", "Role", "SessionId", "TokenUsageJson")
VALUES (@p0, @p1, @p2, @p3, @p4, @p5, @p6);
2025-09-03 21:11:26.421 +02:00 [INF] Executed DbCommand (3ms) [Parameters=[@p0='?' (DbType = Guid), @p1='?' (Size = 560), @p2='?' (DbType = DateTime), @p3='?', @p4='?' (Size = 9), @p5='?' (DbType = Guid), @p6='?'], CommandType='"Text"', CommandTimeout='30']
INSERT INTO "Messages" ("Id", "Content", "CreatedUtc", "Kind", "Role", "SessionId", "TokenUsageJson")
VALUES (@p0, @p1, @p2, @p3, @p4, @p5, @p6);
2025-09-03 21:11:37.930 +02:00 [INF] Executed endpoint '/hubs/trace'
2025-09-03 21:11:37.939 +02:00 [INF] Request finished HTTP/1.1 GET http://localhost:5088/hubs/trace?id=6pIQ7jfSsSwnN_FJPNJHLA - 101 null null 23969.8537ms
2025-09-03 21:11:38.422 +02:00 [INF] Request starting HTTP/1.1 OPTIONS http://localhost:5088/agents/1e3a6b41-b07b-4cde-8612-9188689c9609 - null null
2025-09-03 21:11:38.424 +02:00 [INF] Request starting HTTP/1.1 OPTIONS http://localhost:5088/agents/1e3a6b41-b07b-4cde-8612-9188689c9609/bindings - null null
2025-09-03 21:11:38.429 +02:00 [INF] CORS policy execution successful.
2025-09-03 21:11:38.435 +02:00 [INF] CORS policy execution successful.
2025-09-03 21:11:38.441 +02:00 [INF] Request finished HTTP/1.1 OPTIONS http://localhost:5088/agents/1e3a6b41-b07b-4cde-8612-9188689c9609 - 204 null null 19.177ms
2025-09-03 21:11:38.446 +02:00 [INF] Request finished HTTP/1.1 OPTIONS http://localhost:5088/agents/1e3a6b41-b07b-4cde-8612-9188689c9609/bindings - 204 null null 22.0663ms
2025-09-03 21:11:38.452 +02:00 [INF] Request starting HTTP/1.1 GET http://localhost:5088/agents/1e3a6b41-b07b-4cde-8612-9188689c9609 - application/json null
2025-09-03 21:11:38.457 +02:00 [INF] Request starting HTTP/1.1 GET http://localhost:5088/agents/1e3a6b41-b07b-4cde-8612-9188689c9609/bindings - application/json null
2025-09-03 21:11:38.463 +02:00 [INF] CORS policy execution successful.
2025-09-03 21:11:38.468 +02:00 [INF] CORS policy execution successful.
2025-09-03 21:11:38.472 +02:00 [INF] Executing endpoint 'HTTP: GET /agents/{id:guid}'
2025-09-03 21:11:38.477 +02:00 [INF] Executing endpoint 'HTTP: GET /agents/{id:guid}/bindings'
2025-09-03 21:11:38.484 +02:00 [INF] Executed DbCommand (0ms) [Parameters=[@__p_0='?' (DbType = Guid)], CommandType='"Text"', CommandTimeout='30']
SELECT "a"."Id", "a"."AllowUnknownTools", "a"."AllowedToolsCsv", "a"."Autonomy", "a"."BlockedToolsCsv", "a"."CreatedUtc", "a"."GuardrailsJson", "a"."Name", "a"."ParamsJson", "a"."PlannerMaxSteps", "a"."PlannerMaxTokens", "a"."PlannerStop", "a"."PlannerTemperature", "a"."PlannerTopP", "a"."Provider", "a"."SystemPrompt", "a"."Temperature", "a"."TemplateRef", "a"."TokenBudget", "a"."ToolBudget", "a"."TopP", "a"."UpdatedUtc"
FROM "Agents" AS "a"
WHERE "a"."Id" = @__p_0
LIMIT 1
2025-09-03 21:11:38.488 +02:00 [INF] Executed DbCommand (0ms) [Parameters=[@__agentId_0='?' (DbType = Guid)], CommandType='"Text"', CommandTimeout='30']
SELECT "a"."Id", "a"."AgentId", "a"."ConfigJson", "a"."Enabled", "a"."ToolId"
FROM "AgentToolBindings" AS "a"
WHERE "a"."AgentId" = @__agentId_0
2025-09-03 21:11:38.493 +02:00 [INF] Setting HTTP status code 200.
2025-09-03 21:11:38.498 +02:00 [INF] Setting HTTP status code 200.
2025-09-03 21:11:38.503 +02:00 [INF] Writing value of type 'AgentResponse' as Json.
2025-09-03 21:11:38.508 +02:00 [INF] Writing value of type 'List`1' as Json.
2025-09-03 21:11:38.513 +02:00 [INF] Executed endpoint 'HTTP: GET /agents/{id:guid}'
2025-09-03 21:11:38.518 +02:00 [INF] Executed endpoint 'HTTP: GET /agents/{id:guid}/bindings'
2025-09-03 21:11:38.523 +02:00 [INF] Request finished HTTP/1.1 GET http://localhost:5088/agents/1e3a6b41-b07b-4cde-8612-9188689c9609 - 200 null application/json; charset=utf-8 71.1142ms
2025-09-03 21:11:38.528 +02:00 [INF] Request finished HTTP/1.1 GET http://localhost:5088/agents/1e3a6b41-b07b-4cde-8612-9188689c9609/bindings - 200 null application/json; charset=utf-8 71.8473ms
2025-09-03 21:11:42.214 +02:00 [INF] Request starting HTTP/1.1 OPTIONS http://localhost:5088/sessions - null null
2025-09-03 21:11:42.222 +02:00 [INF] CORS policy execution successful.
2025-09-03 21:11:42.227 +02:00 [INF] Request finished HTTP/1.1 OPTIONS http://localhost:5088/sessions - 204 null null 13.0292ms
2025-09-03 21:11:42.233 +02:00 [INF] Request starting HTTP/1.1 POST http://localhost:5088/sessions - application/json 50
2025-09-03 21:11:42.239 +02:00 [INF] CORS policy execution successful.
2025-09-03 21:11:42.243 +02:00 [INF] Executing endpoint 'HTTP: POST /sessions/'
2025-09-03 21:11:42.252 +02:00 [INF] Executed DbCommand (0ms) [Parameters=[@__p_0='?' (DbType = Guid)], CommandType='"Text"', CommandTimeout='30']
SELECT "a"."Id", "a"."AllowUnknownTools", "a"."AllowedToolsCsv", "a"."Autonomy", "a"."BlockedToolsCsv", "a"."CreatedUtc", "a"."GuardrailsJson", "a"."Name", "a"."ParamsJson", "a"."PlannerMaxSteps", "a"."PlannerMaxTokens", "a"."PlannerStop", "a"."PlannerTemperature", "a"."PlannerTopP", "a"."Provider", "a"."SystemPrompt", "a"."Temperature", "a"."TemplateRef", "a"."TokenBudget", "a"."ToolBudget", "a"."TopP", "a"."UpdatedUtc"
FROM "Agents" AS "a"
WHERE "a"."Id" = @__p_0
LIMIT 1
2025-09-03 21:11:42.273 +02:00 [INF] Executed DbCommand (11ms) [Parameters=[@p0='?' (DbType = Guid), @p1='?' (DbType = Guid), @p2='?' (DbType = DateTime), @p3='?' (DbType = Int32), @p4='?' (DbType = DateTime), @p5='?' (Size = 7), @p6='?'], CommandType='"Text"', CommandTimeout='30']
INSERT INTO "Sessions" ("Id", "AgentId", "EndedUtc", "LastEventIdx", "StartedUtc", "Status", "UserId")
VALUES (@p0, @p1, @p2, @p3, @p4, @p5, @p6);
2025-09-03 21:11:42.279 +02:00 [INF] Setting HTTP status code 201.
2025-09-03 21:11:42.284 +02:00 [INF] Writing value of type 'SessionCreatedResponse' as Json.
2025-09-03 21:11:42.289 +02:00 [INF] Executed endpoint 'HTTP: POST /sessions/'
2025-09-03 21:11:42.293 +02:00 [INF] Request finished HTTP/1.1 POST http://localhost:5088/sessions - 201 null application/json; charset=utf-8 60.2975ms
2025-09-03 21:11:42.312 +02:00 [INF] Request starting HTTP/1.1 OPTIONS http://localhost:5088/hubs/trace/negotiate?negotiateVersion=1 - null null
2025-09-03 21:11:42.320 +02:00 [INF] CORS policy execution successful.
2025-09-03 21:11:42.326 +02:00 [INF] Request finished HTTP/1.1 OPTIONS http://localhost:5088/hubs/trace/negotiate?negotiateVersion=1 - 204 null null 14.7983ms
2025-09-03 21:11:42.329 +02:00 [INF] Request starting HTTP/1.1 POST http://localhost:5088/hubs/trace/negotiate?negotiateVersion=1 - null 0
2025-09-03 21:11:42.341 +02:00 [INF] CORS policy execution successful.
2025-09-03 21:11:42.347 +02:00 [INF] ApiKey was not authenticated. Failure message: Missing API key
2025-09-03 21:11:42.352 +02:00 [INF] Executing endpoint '/hubs/trace/negotiate'
2025-09-03 21:11:42.358 +02:00 [INF] Executed endpoint '/hubs/trace/negotiate'
2025-09-03 21:11:42.365 +02:00 [INF] Request finished HTTP/1.1 POST http://localhost:5088/hubs/trace/negotiate?negotiateVersion=1 - 200 316 application/json 35.8591ms
2025-09-03 21:11:42.370 +02:00 [INF] Request starting HTTP/1.1 GET http://localhost:5088/hubs/trace?id=Zp8bk-Si9iCw4o8USR8GDQ - null null
2025-09-03 21:11:42.377 +02:00 [INF] CORS policy execution successful.
2025-09-03 21:11:42.384 +02:00 [INF] ApiKey was not authenticated. Failure message: Missing API key
2025-09-03 21:11:42.389 +02:00 [INF] Executing endpoint '/hubs/trace'
2025-09-03 21:11:45.151 +02:00 [INF] Request starting HTTP/1.1 OPTIONS http://localhost:5088/sessions/74dd205e-fe7e-4e6b-bf0d-c33950090ad4/messages - null null
2025-09-03 21:11:45.159 +02:00 [INF] CORS policy execution successful.
2025-09-03 21:11:45.164 +02:00 [INF] Request finished HTTP/1.1 OPTIONS http://localhost:5088/sessions/74dd205e-fe7e-4e6b-bf0d-c33950090ad4/messages - 204 null null 13.277ms
2025-09-03 21:11:45.172 +02:00 [INF] Request starting HTTP/1.1 POST http://localhost:5088/sessions/74dd205e-fe7e-4e6b-bf0d-c33950090ad4/messages - application/json 47
2025-09-03 21:11:45.180 +02:00 [INF] CORS policy execution successful.
2025-09-03 21:11:45.185 +02:00 [INF] Executing endpoint 'HTTP: POST /sessions/{id:guid}/messages'
2025-09-03 21:11:45.193 +02:00 [INF] Executed DbCommand (0ms) [Parameters=[@__p_0='?' (DbType = Guid)], CommandType='"Text"', CommandTimeout='30']
SELECT "s"."Id", "s"."AgentId", "s"."EndedUtc", "s"."LastEventIdx", "s"."StartedUtc", "s"."Status", "s"."UserId"
FROM "Sessions" AS "s"
WHERE "s"."Id" = @__p_0
LIMIT 1
2025-09-03 21:11:45.217 +02:00 [INF] Executed DbCommand (13ms) [Parameters=[@p0='?' (DbType = Guid), @p1='?' (Size = 31), @p2='?' (DbType = DateTime), @p3='?', @p4='?' (Size = 4), @p5='?' (DbType = Guid), @p6='?'], CommandType='"Text"', CommandTimeout='30']
INSERT INTO "Messages" ("Id", "Content", "CreatedUtc", "Kind", "Role", "SessionId", "TokenUsageJson")
VALUES (@p0, @p1, @p2, @p3, @p4, @p5, @p6);
2025-09-03 21:11:45.224 +02:00 [INF] Setting HTTP status code 202.
2025-09-03 21:11:45.226 +02:00 [INF] Executed DbCommand (0ms) [Parameters=[@__p_0='?' (DbType = Guid)], CommandType='"Text"', CommandTimeout='30']
SELECT "a"."Id", "a"."AllowUnknownTools", "a"."AllowedToolsCsv", "a"."Autonomy", "a"."BlockedToolsCsv", "a"."CreatedUtc", "a"."GuardrailsJson", "a"."Name", "a"."ParamsJson", "a"."PlannerMaxSteps", "a"."PlannerMaxTokens", "a"."PlannerStop", "a"."PlannerTemperature", "a"."PlannerTopP", "a"."Provider", "a"."SystemPrompt", "a"."Temperature", "a"."TemplateRef", "a"."TokenBudget", "a"."ToolBudget", "a"."TopP", "a"."UpdatedUtc"
FROM "Agents" AS "a"
WHERE "a"."Id" = @__p_0
LIMIT 1
2025-09-03 21:11:45.230 +02:00 [INF] Writing value of type 'AcceptedResponse' as Json.
2025-09-03 21:11:45.241 +02:00 [INF] Executed endpoint 'HTTP: POST /sessions/{id:guid}/messages'
2025-09-03 21:11:45.247 +02:00 [INF] Request finished HTTP/1.1 POST http://localhost:5088/sessions/74dd205e-fe7e-4e6b-bf0d-c33950090ad4/messages - 202 null application/json; charset=utf-8 74.1341ms
2025-09-03 21:11:45.249 +02:00 [INF] Executed DbCommand (4ms) [Parameters=[@p0='?' (DbType = Guid), @p1='?' (Size = 31), @p2='?' (DbType = DateTime), @p3='?', @p4='?' (Size = 4), @p5='?' (DbType = Guid), @p6='?'], CommandType='"Text"', CommandTimeout='30']
INSERT INTO "Messages" ("Id", "Content", "CreatedUtc", "Kind", "Role", "SessionId", "TokenUsageJson")
VALUES (@p0, @p1, @p2, @p3, @p4, @p5, @p6);
2025-09-03 21:11:45.266 +02:00 [INF] Executed DbCommand (1ms) [Parameters=[@__agentId_0='?' (DbType = Guid)], CommandType='"Text"', CommandTimeout='30']
SELECT "a"."Id", "a"."AgentId", "a"."ConfigJson", "a"."Enabled", "a"."ToolId", "t"."Id", "t"."Description", "t"."Enabled", "t"."InputSchemaJson", "t"."McpServerId", "t"."Name", "t"."Scope", "m"."Id", "m"."AuthType", "m"."BaseUrl", "m"."LastSeenUtc", "m"."MetadataJson", "m"."Name", "m"."Status"
FROM "AgentToolBindings" AS "a"
INNER JOIN "Tools" AS "t" ON "a"."ToolId" = "t"."Id"
INNER JOIN "McpServers" AS "m" ON "t"."McpServerId" = "m"."Id"
WHERE "a"."AgentId" = @__agentId_0 AND "a"."Enabled"
2025-09-03 21:11:45.276 +02:00 [INF] Executed DbCommand (0ms) [Parameters=[@__agentId_0='?' (DbType = Guid)], CommandType='"Text"', CommandTimeout='30']
SELECT "a"."Id", "a"."AgentId", "a"."ConfigJson", "a"."Enabled", "a"."ToolId", "t"."Id", "t"."Description", "t"."Enabled", "t"."InputSchemaJson", "t"."McpServerId", "t"."Name", "t"."Scope", "m"."Id", "m"."AuthType", "m"."BaseUrl", "m"."LastSeenUtc", "m"."MetadataJson", "m"."Name", "m"."Status"
FROM "AgentToolBindings" AS "a"
INNER JOIN "Tools" AS "t" ON "a"."ToolId" = "t"."Id"
INNER JOIN "McpServers" AS "m" ON "t"."McpServerId" = "m"."Id"
WHERE "a"."AgentId" = @__agentId_0 AND "a"."Enabled"
2025-09-03 21:11:45.293 +02:00 [INF] Executed DbCommand (1ms) [Parameters=[@__sessionId_0='?' (DbType = Guid), @__kind_1='?' (Size = 11), @__p_2='?' (DbType = Int32)], CommandType='"Text"', CommandTimeout='30']
SELECT "m"."Id", "m"."Content", "m"."CreatedUtc", "m"."Kind", "m"."Role", "m"."SessionId", "m"."TokenUsageJson"
FROM "Messages" AS "m"
WHERE "m"."SessionId" = @__sessionId_0 AND "m"."Kind" = @__kind_1
ORDER BY "m"."CreatedUtc" DESC
LIMIT @__p_2
2025-09-03 21:11:45.305 +02:00 [INF] Executed DbCommand (0ms) [Parameters=[@__sessionId_0='?' (DbType = Guid), @__p_1='?' (DbType = Int32)], CommandType='"Text"', CommandTimeout='30']
SELECT "m"."Id", "m"."Content", "m"."CreatedUtc", "m"."Kind", "m"."Role", "m"."SessionId", "m"."TokenUsageJson"
FROM "Messages" AS "m"
WHERE "m"."SessionId" = @__sessionId_0
ORDER BY "m"."CreatedUtc" DESC
LIMIT @__p_1
2025-09-03 21:11:45.318 +02:00 [INF] Executed DbCommand (1ms) [Parameters=[@__agentId_0='?' (DbType = Guid)], CommandType='"Text"', CommandTimeout='30']
SELECT "a"."Id", "a"."AgentId", "a"."ConfigJson", "a"."Enabled", "a"."ToolId", "t"."Id", "t"."Description", "t"."Enabled", "t"."InputSchemaJson", "t"."McpServerId", "t"."Name", "t"."Scope", "m"."Id", "m"."AuthType", "m"."BaseUrl", "m"."LastSeenUtc", "m"."MetadataJson", "m"."Name", "m"."Status"
FROM "AgentToolBindings" AS "a"
INNER JOIN "Tools" AS "t" ON "a"."ToolId" = "t"."Id"
INNER JOIN "McpServers" AS "m" ON "t"."McpServerId" = "m"."Id"
WHERE "a"."AgentId" = @__agentId_0 AND "a"."Enabled"
2025-09-03 21:11:45.328 +02:00 [INF] Executed DbCommand (0ms) [Parameters=[@__agentId_0='?' (DbType = Guid)], CommandType='"Text"', CommandTimeout='30']
SELECT "a"."Id", "a"."AgentId", "a"."ConfigJson", "a"."Enabled", "a"."ToolId", "t"."Id", "t"."Description", "t"."Enabled", "t"."InputSchemaJson", "t"."McpServerId", "t"."Name", "t"."Scope", "m"."Id", "m"."AuthType", "m"."BaseUrl", "m"."LastSeenUtc", "m"."MetadataJson", "m"."Name", "m"."Status"
FROM "AgentToolBindings" AS "a"
INNER JOIN "Tools" AS "t" ON "a"."ToolId" = "t"."Id"
INNER JOIN "McpServers" AS "m" ON "t"."McpServerId" = "m"."Id"
WHERE "a"."AgentId" = @__agentId_0 AND "a"."Enabled"
2025-09-03 21:11:46.339 +02:00 [INF] Executed DbCommand (0ms) [Parameters=[@__sessionId_0='?' (DbType = Guid), @__p_1='?' (DbType = Int32)], CommandType='"Text"', CommandTimeout='30']
SELECT "m"."Id", "m"."Content", "m"."CreatedUtc", "m"."Kind", "m"."Role", "m"."SessionId", "m"."TokenUsageJson"
FROM "Messages" AS "m"
WHERE "m"."SessionId" = @__sessionId_0
ORDER BY "m"."CreatedUtc" DESC
LIMIT @__p_1
2025-09-03 21:11:47.918 +02:00 [INF] Executed DbCommand (11ms) [Parameters=[@p0='?' (DbType = Guid), @p1='?' (Size = 690), @p2='?' (DbType = DateTime), @p3='?', @p4='?' (Size = 9), @p5='?' (DbType = Guid), @p6='?'], CommandType='"Text"', CommandTimeout='30']
INSERT INTO "Messages" ("Id", "Content", "CreatedUtc", "Kind", "Role", "SessionId", "TokenUsageJson")
VALUES (@p0, @p1, @p2, @p3, @p4, @p5, @p6);
2025-09-03 21:11:47.928 +02:00 [INF] Executed DbCommand (2ms) [Parameters=[@p0='?' (DbType = Guid), @p1='?' (Size = 690), @p2='?' (DbType = DateTime), @p3='?', @p4='?' (Size = 9), @p5='?' (DbType = Guid), @p6='?'], CommandType='"Text"', CommandTimeout='30']
INSERT INTO "Messages" ("Id", "Content", "CreatedUtc", "Kind", "Role", "SessionId", "TokenUsageJson")
VALUES (@p0, @p1, @p2, @p3, @p4, @p5, @p6);
2025-09-03 21:13:32.348 +02:00 [INF] Request starting HTTP/1.1 OPTIONS http://localhost:5088/hubs/trace/negotiate?negotiateVersion=1 - null null
2025-09-03 21:13:32.349 +02:00 [INF] Executed endpoint '/hubs/trace'
2025-09-03 21:13:32.356 +02:00 [INF] CORS policy execution successful.
2025-09-03 21:13:32.360 +02:00 [INF] Request finished HTTP/1.1 GET http://localhost:5088/hubs/trace?id=Zp8bk-Si9iCw4o8USR8GDQ - 101 null null 109989.78ms
2025-09-03 21:13:32.365 +02:00 [INF] Request finished HTTP/1.1 OPTIONS http://localhost:5088/hubs/trace/negotiate?negotiateVersion=1 - 204 null null 17.5635ms
2025-09-03 21:13:32.367 +02:00 [INF] Request starting HTTP/1.1 POST http://localhost:5088/hubs/trace/negotiate?negotiateVersion=1 - null 0
2025-09-03 21:13:32.382 +02:00 [INF] CORS policy execution successful.
2025-09-03 21:13:32.388 +02:00 [INF] ApiKey was not authenticated. Failure message: Missing API key
2025-09-03 21:13:32.394 +02:00 [INF] Executing endpoint '/hubs/trace/negotiate'
2025-09-03 21:13:32.399 +02:00 [INF] Executed endpoint '/hubs/trace/negotiate'
2025-09-03 21:13:32.406 +02:00 [INF] Request finished HTTP/1.1 POST http://localhost:5088/hubs/trace/negotiate?negotiateVersion=1 - 200 316 application/json 39.0515ms
2025-09-03 21:13:32.407 +02:00 [INF] Request starting HTTP/1.1 GET http://localhost:5088/hubs/trace?id=jYTf4gxJM50fNc_C_5KNNQ - null null
2025-09-03 21:13:32.418 +02:00 [INF] CORS policy execution successful.
2025-09-03 21:13:32.423 +02:00 [INF] ApiKey was not authenticated. Failure message: Missing API key
2025-09-03 21:13:32.429 +02:00 [INF] Executing endpoint '/hubs/trace'
2025-09-03 21:13:38.990 +02:00 [INF] Executed endpoint '/hubs/trace'
2025-09-03 21:13:38.998 +02:00 [INF] Request finished HTTP/1.1 GET http://localhost:5088/hubs/trace?id=jYTf4gxJM50fNc_C_5KNNQ - 101 null null 6591.3573ms
2025-09-03 21:13:39.825 +02:00 [INF] Request starting HTTP/1.1 OPTIONS http://localhost:5088/agents/1e3a6b41-b07b-4cde-8612-9188689c9609 - null null
2025-09-03 21:13:39.836 +02:00 [INF] Request starting HTTP/1.1 OPTIONS http://localhost:5088/agents/1e3a6b41-b07b-4cde-8612-9188689c9609/bindings - null null
2025-09-03 21:13:39.855 +02:00 [INF] CORS policy execution successful.
2025-09-03 21:13:39.912 +02:00 [INF] Request finished HTTP/1.1 OPTIONS http://localhost:5088/agents/1e3a6b41-b07b-4cde-8612-9188689c9609 - 204 null null 86.971ms
2025-09-03 21:13:39.894 +02:00 [INF] CORS policy execution successful.
2025-09-03 21:13:39.935 +02:00 [INF] Request starting HTTP/1.1 GET http://localhost:5088/agents/1e3a6b41-b07b-4cde-8612-9188689c9609 - application/json null
2025-09-03 21:13:39.944 +02:00 [INF] Request finished HTTP/1.1 OPTIONS http://localhost:5088/agents/1e3a6b41-b07b-4cde-8612-9188689c9609/bindings - 204 null null 108.1792ms
2025-09-03 21:13:39.955 +02:00 [INF] CORS policy execution successful.
2025-09-03 21:13:39.967 +02:00 [INF] Request starting HTTP/1.1 GET http://localhost:5088/agents/1e3a6b41-b07b-4cde-8612-9188689c9609/bindings - application/json null
2025-09-03 21:13:40.003 +02:00 [INF] Executing endpoint 'HTTP: GET /agents/{id:guid}'
2025-09-03 21:13:40.009 +02:00 [INF] CORS policy execution successful.
2025-09-03 21:13:40.019 +02:00 [INF] Executed DbCommand (1ms) [Parameters=[@__p_0='?' (DbType = Guid)], CommandType='"Text"', CommandTimeout='30']
SELECT "a"."Id", "a"."AllowUnknownTools", "a"."AllowedToolsCsv", "a"."Autonomy", "a"."BlockedToolsCsv", "a"."CreatedUtc", "a"."GuardrailsJson", "a"."Name", "a"."ParamsJson", "a"."PlannerMaxSteps", "a"."PlannerMaxTokens", "a"."PlannerStop", "a"."PlannerTemperature", "a"."PlannerTopP", "a"."Provider", "a"."SystemPrompt", "a"."Temperature", "a"."TemplateRef", "a"."TokenBudget", "a"."ToolBudget", "a"."TopP", "a"."UpdatedUtc"
FROM "Agents" AS "a"
WHERE "a"."Id" = @__p_0
LIMIT 1
2025-09-03 21:13:40.021 +02:00 [INF] Executing endpoint 'HTTP: GET /agents/{id:guid}/bindings'
2025-09-03 21:13:40.044 +02:00 [INF] Setting HTTP status code 200.
2025-09-03 21:13:40.053 +02:00 [INF] Executed DbCommand (0ms) [Parameters=[@__agentId_0='?' (DbType = Guid)], CommandType='"Text"', CommandTimeout='30']
SELECT "a"."Id", "a"."AgentId", "a"."ConfigJson", "a"."Enabled", "a"."ToolId"
FROM "AgentToolBindings" AS "a"
WHERE "a"."AgentId" = @__agentId_0
2025-09-03 21:13:40.056 +02:00 [INF] Writing value of type 'AgentResponse' as Json.
2025-09-03 21:13:40.067 +02:00 [INF] Setting HTTP status code 200.
2025-09-03 21:13:40.071 +02:00 [INF] Executed endpoint 'HTTP: GET /agents/{id:guid}'
2025-09-03 21:13:40.076 +02:00 [INF] Writing value of type 'List`1' as Json.
2025-09-03 21:13:40.081 +02:00 [INF] Request finished HTTP/1.1 GET http://localhost:5088/agents/1e3a6b41-b07b-4cde-8612-9188689c9609 - 200 null application/json; charset=utf-8 146.3768ms
2025-09-03 21:13:40.085 +02:00 [INF] Executed endpoint 'HTTP: GET /agents/{id:guid}/bindings'
2025-09-03 21:13:40.110 +02:00 [INF] Request finished HTTP/1.1 GET http://localhost:5088/agents/1e3a6b41-b07b-4cde-8612-9188689c9609/bindings - 200 null application/json; charset=utf-8 142.7616ms
2025-09-03 21:13:41.488 +02:00 [INF] Request starting HTTP/1.1 OPTIONS http://localhost:5088/sessions - null null
2025-09-03 21:13:41.496 +02:00 [INF] CORS policy execution successful.
2025-09-03 21:13:41.501 +02:00 [INF] Request finished HTTP/1.1 OPTIONS http://localhost:5088/sessions - 204 null null 13.5932ms
2025-09-03 21:13:41.507 +02:00 [INF] Request starting HTTP/1.1 POST http://localhost:5088/sessions - application/json 50
2025-09-03 21:13:41.513 +02:00 [INF] CORS policy execution successful.
2025-09-03 21:13:41.519 +02:00 [INF] Executing endpoint 'HTTP: POST /sessions/'
2025-09-03 21:13:41.525 +02:00 [INF] Executed DbCommand (0ms) [Parameters=[@__p_0='?' (DbType = Guid)], CommandType='"Text"', CommandTimeout='30']
SELECT "a"."Id", "a"."AllowUnknownTools", "a"."AllowedToolsCsv", "a"."Autonomy", "a"."BlockedToolsCsv", "a"."CreatedUtc", "a"."GuardrailsJson", "a"."Name", "a"."ParamsJson", "a"."PlannerMaxSteps", "a"."PlannerMaxTokens", "a"."PlannerStop", "a"."PlannerTemperature", "a"."PlannerTopP", "a"."Provider", "a"."SystemPrompt", "a"."Temperature", "a"."TemplateRef", "a"."TokenBudget", "a"."ToolBudget", "a"."TopP", "a"."UpdatedUtc"
FROM "Agents" AS "a"
WHERE "a"."Id" = @__p_0
LIMIT 1
2025-09-03 21:13:41.548 +02:00 [INF] Executed DbCommand (12ms) [Parameters=[@p0='?' (DbType = Guid), @p1='?' (DbType = Guid), @p2='?' (DbType = DateTime), @p3='?' (DbType = Int32), @p4='?' (DbType = DateTime), @p5='?' (Size = 7), @p6='?'], CommandType='"Text"', CommandTimeout='30']
INSERT INTO "Sessions" ("Id", "AgentId", "EndedUtc", "LastEventIdx", "StartedUtc", "Status", "UserId")
VALUES (@p0, @p1, @p2, @p3, @p4, @p5, @p6);
2025-09-03 21:13:41.557 +02:00 [INF] Setting HTTP status code 201.
2025-09-03 21:13:41.563 +02:00 [INF] Writing value of type 'SessionCreatedResponse' as Json.
2025-09-03 21:13:41.568 +02:00 [INF] Executed endpoint 'HTTP: POST /sessions/'
2025-09-03 21:13:41.573 +02:00 [INF] Request finished HTTP/1.1 POST http://localhost:5088/sessions - 201 null application/json; charset=utf-8 65.9908ms
2025-09-03 21:13:41.593 +02:00 [INF] Request starting HTTP/1.1 OPTIONS http://localhost:5088/hubs/trace/negotiate?negotiateVersion=1 - null null
2025-09-03 21:13:41.600 +02:00 [INF] CORS policy execution successful.
2025-09-03 21:13:41.606 +02:00 [INF] Request finished HTTP/1.1 OPTIONS http://localhost:5088/hubs/trace/negotiate?negotiateVersion=1 - 204 null null 13.0591ms
2025-09-03 21:13:41.609 +02:00 [INF] Request starting HTTP/1.1 POST http://localhost:5088/hubs/trace/negotiate?negotiateVersion=1 - null 0
2025-09-03 21:13:41.620 +02:00 [INF] CORS policy execution successful.
2025-09-03 21:13:41.627 +02:00 [INF] ApiKey was not authenticated. Failure message: Missing API key
2025-09-03 21:13:41.634 +02:00 [INF] Executing endpoint '/hubs/trace/negotiate'
2025-09-03 21:13:41.640 +02:00 [INF] Executed endpoint '/hubs/trace/negotiate'
2025-09-03 21:13:41.646 +02:00 [INF] Request finished HTTP/1.1 POST http://localhost:5088/hubs/trace/negotiate?negotiateVersion=1 - 200 316 application/json 37.5518ms
2025-09-03 21:13:41.652 +02:00 [INF] Request starting HTTP/1.1 GET http://localhost:5088/hubs/trace?id=2n18tfNoa4yYjjda8AO3JA - null null
2025-09-03 21:13:41.659 +02:00 [INF] CORS policy execution successful.
2025-09-03 21:13:41.666 +02:00 [INF] ApiKey was not authenticated. Failure message: Missing API key
2025-09-03 21:13:41.672 +02:00 [INF] Executing endpoint '/hubs/trace'
2025-09-03 21:13:47.065 +02:00 [INF] Request starting HTTP/1.1 OPTIONS http://localhost:5088/sessions/f5df94d3-5b3b-47e2-9ac5-65d1bfe83ae0/messages - null null
2025-09-03 21:13:47.072 +02:00 [INF] CORS policy execution successful.
2025-09-03 21:13:47.076 +02:00 [INF] Request finished HTTP/1.1 OPTIONS http://localhost:5088/sessions/f5df94d3-5b3b-47e2-9ac5-65d1bfe83ae0/messages - 204 null null 11.6727ms
2025-09-03 21:13:47.082 +02:00 [INF] Request starting HTTP/1.1 POST http://localhost:5088/sessions/f5df94d3-5b3b-47e2-9ac5-65d1bfe83ae0/messages - application/json 47
2025-09-03 21:13:47.088 +02:00 [INF] CORS policy execution successful.
2025-09-03 21:13:47.093 +02:00 [INF] Executing endpoint 'HTTP: POST /sessions/{id:guid}/messages'
2025-09-03 21:13:47.100 +02:00 [INF] Executed DbCommand (0ms) [Parameters=[@__p_0='?' (DbType = Guid)], CommandType='"Text"', CommandTimeout='30']
SELECT "s"."Id", "s"."AgentId", "s"."EndedUtc", "s"."LastEventIdx", "s"."StartedUtc", "s"."Status", "s"."UserId"
FROM "Sessions" AS "s"
WHERE "s"."Id" = @__p_0
LIMIT 1
2025-09-03 21:13:47.123 +02:00 [INF] Executed DbCommand (11ms) [Parameters=[@p0='?' (DbType = Guid), @p1='?' (Size = 31), @p2='?' (DbType = DateTime), @p3='?', @p4='?' (Size = 4), @p5='?' (DbType = Guid), @p6='?'], CommandType='"Text"', CommandTimeout='30']
INSERT INTO "Messages" ("Id", "Content", "CreatedUtc", "Kind", "Role", "SessionId", "TokenUsageJson")
VALUES (@p0, @p1, @p2, @p3, @p4, @p5, @p6);
2025-09-03 21:13:47.130 +02:00 [INF] Setting HTTP status code 202.
2025-09-03 21:13:47.131 +02:00 [INF] Executed DbCommand (0ms) [Parameters=[@__p_0='?' (DbType = Guid)], CommandType='"Text"', CommandTimeout='30']
SELECT "a"."Id", "a"."AllowUnknownTools", "a"."AllowedToolsCsv", "a"."Autonomy", "a"."BlockedToolsCsv", "a"."CreatedUtc", "a"."GuardrailsJson", "a"."Name", "a"."ParamsJson", "a"."PlannerMaxSteps", "a"."PlannerMaxTokens", "a"."PlannerStop", "a"."PlannerTemperature", "a"."PlannerTopP", "a"."Provider", "a"."SystemPrompt", "a"."Temperature", "a"."TemplateRef", "a"."TokenBudget", "a"."ToolBudget", "a"."TopP", "a"."UpdatedUtc"
FROM "Agents" AS "a"
WHERE "a"."Id" = @__p_0
LIMIT 1
2025-09-03 21:13:47.136 +02:00 [INF] Writing value of type 'AcceptedResponse' as Json.
2025-09-03 21:13:47.148 +02:00 [INF] Executed endpoint 'HTTP: POST /sessions/{id:guid}/messages'
2025-09-03 21:13:47.155 +02:00 [INF] Request finished HTTP/1.1 POST http://localhost:5088/sessions/f5df94d3-5b3b-47e2-9ac5-65d1bfe83ae0/messages - 202 null application/json; charset=utf-8 72.5918ms
2025-09-03 21:13:47.156 +02:00 [INF] Executed DbCommand (4ms) [Parameters=[@p0='?' (DbType = Guid), @p1='?' (Size = 31), @p2='?' (DbType = DateTime), @p3='?', @p4='?' (Size = 4), @p5='?' (DbType = Guid), @p6='?'], CommandType='"Text"', CommandTimeout='30']
INSERT INTO "Messages" ("Id", "Content", "CreatedUtc", "Kind", "Role", "SessionId", "TokenUsageJson")
VALUES (@p0, @p1, @p2, @p3, @p4, @p5, @p6);
2025-09-03 21:13:47.170 +02:00 [INF] Executed DbCommand (0ms) [Parameters=[@__agentId_0='?' (DbType = Guid)], CommandType='"Text"', CommandTimeout='30']
SELECT "a"."Id", "a"."AgentId", "a"."ConfigJson", "a"."Enabled", "a"."ToolId", "t"."Id", "t"."Description", "t"."Enabled", "t"."InputSchemaJson", "t"."McpServerId", "t"."Name", "t"."Scope", "m"."Id", "m"."AuthType", "m"."BaseUrl", "m"."LastSeenUtc", "m"."MetadataJson", "m"."Name", "m"."Status"
FROM "AgentToolBindings" AS "a"
INNER JOIN "Tools" AS "t" ON "a"."ToolId" = "t"."Id"
INNER JOIN "McpServers" AS "m" ON "t"."McpServerId" = "m"."Id"
WHERE "a"."AgentId" = @__agentId_0 AND "a"."Enabled"
2025-09-03 21:13:47.179 +02:00 [INF] Executed DbCommand (1ms) [Parameters=[@__agentId_0='?' (DbType = Guid)], CommandType='"Text"', CommandTimeout='30']
SELECT "a"."Id", "a"."AgentId", "a"."ConfigJson", "a"."Enabled", "a"."ToolId", "t"."Id", "t"."Description", "t"."Enabled", "t"."InputSchemaJson", "t"."McpServerId", "t"."Name", "t"."Scope", "m"."Id", "m"."AuthType", "m"."BaseUrl", "m"."LastSeenUtc", "m"."MetadataJson", "m"."Name", "m"."Status"
FROM "AgentToolBindings" AS "a"
INNER JOIN "Tools" AS "t" ON "a"."ToolId" = "t"."Id"
INNER JOIN "McpServers" AS "m" ON "t"."McpServerId" = "m"."Id"
WHERE "a"."AgentId" = @__agentId_0 AND "a"."Enabled"
2025-09-03 21:13:47.193 +02:00 [INF] Executed DbCommand (0ms) [Parameters=[@__sessionId_0='?' (DbType = Guid), @__kind_1='?' (Size = 11), @__p_2='?' (DbType = Int32)], CommandType='"Text"', CommandTimeout='30']
SELECT "m"."Id", "m"."Content", "m"."CreatedUtc", "m"."Kind", "m"."Role", "m"."SessionId", "m"."TokenUsageJson"
FROM "Messages" AS "m"
WHERE "m"."SessionId" = @__sessionId_0 AND "m"."Kind" = @__kind_1
ORDER BY "m"."CreatedUtc" DESC
LIMIT @__p_2
2025-09-03 21:13:47.202 +02:00 [INF] Executed DbCommand (0ms) [Parameters=[@__sessionId_0='?' (DbType = Guid), @__p_1='?' (DbType = Int32)], CommandType='"Text"', CommandTimeout='30']
SELECT "m"."Id", "m"."Content", "m"."CreatedUtc", "m"."Kind", "m"."Role", "m"."SessionId", "m"."TokenUsageJson"
FROM "Messages" AS "m"
WHERE "m"."SessionId" = @__sessionId_0
ORDER BY "m"."CreatedUtc" DESC
LIMIT @__p_1
2025-09-03 21:13:47.214 +02:00 [INF] Executed DbCommand (0ms) [Parameters=[@__agentId_0='?' (DbType = Guid)], CommandType='"Text"', CommandTimeout='30']
SELECT "a"."Id", "a"."AgentId", "a"."ConfigJson", "a"."Enabled", "a"."ToolId", "t"."Id", "t"."Description", "t"."Enabled", "t"."InputSchemaJson", "t"."McpServerId", "t"."Name", "t"."Scope", "m"."Id", "m"."AuthType", "m"."BaseUrl", "m"."LastSeenUtc", "m"."MetadataJson", "m"."Name", "m"."Status"
FROM "AgentToolBindings" AS "a"
INNER JOIN "Tools" AS "t" ON "a"."ToolId" = "t"."Id"
INNER JOIN "McpServers" AS "m" ON "t"."McpServerId" = "m"."Id"
WHERE "a"."AgentId" = @__agentId_0 AND "a"."Enabled"
2025-09-03 21:13:47.223 +02:00 [INF] Executed DbCommand (0ms) [Parameters=[@__agentId_0='?' (DbType = Guid)], CommandType='"Text"', CommandTimeout='30']
SELECT "a"."Id", "a"."AgentId", "a"."ConfigJson", "a"."Enabled", "a"."ToolId", "t"."Id", "t"."Description", "t"."Enabled", "t"."InputSchemaJson", "t"."McpServerId", "t"."Name", "t"."Scope", "m"."Id", "m"."AuthType", "m"."BaseUrl", "m"."LastSeenUtc", "m"."MetadataJson", "m"."Name", "m"."Status"
FROM "AgentToolBindings" AS "a"
INNER JOIN "Tools" AS "t" ON "a"."ToolId" = "t"."Id"
INNER JOIN "McpServers" AS "m" ON "t"."McpServerId" = "m"."Id"
WHERE "a"."AgentId" = @__agentId_0 AND "a"."Enabled"
2025-09-03 21:13:48.276 +02:00 [INF] Executed DbCommand (0ms) [Parameters=[@__sessionId_0='?' (DbType = Guid), @__p_1='?' (DbType = Int32)], CommandType='"Text"', CommandTimeout='30']
SELECT "m"."Id", "m"."Content", "m"."CreatedUtc", "m"."Kind", "m"."Role", "m"."SessionId", "m"."TokenUsageJson"
FROM "Messages" AS "m"
WHERE "m"."SessionId" = @__sessionId_0
ORDER BY "m"."CreatedUtc" DESC
LIMIT @__p_1
2025-09-03 21:13:50.585 +02:00 [INF] Executed DbCommand (12ms) [Parameters=[@p0='?' (DbType = Guid), @p1='?' (Size = 944), @p2='?' (DbType = DateTime), @p3='?', @p4='?' (Size = 9), @p5='?' (DbType = Guid), @p6='?'], CommandType='"Text"', CommandTimeout='30']
INSERT INTO "Messages" ("Id", "Content", "CreatedUtc", "Kind", "Role", "SessionId", "TokenUsageJson")
VALUES (@p0, @p1, @p2, @p3, @p4, @p5, @p6);
2025-09-03 21:13:50.597 +02:00 [INF] Executed DbCommand (2ms) [Parameters=[@p0='?' (DbType = Guid), @p1='?' (Size = 944), @p2='?' (DbType = DateTime), @p3='?', @p4='?' (Size = 9), @p5='?' (DbType = Guid), @p6='?'], CommandType='"Text"', CommandTimeout='30']
INSERT INTO "Messages" ("Id", "Content", "CreatedUtc", "Kind", "Role", "SessionId", "TokenUsageJson")
VALUES (@p0, @p1, @p2, @p3, @p4, @p5, @p6);
2025-09-03 21:14:45.365 +02:00 [INF] Request starting HTTP/1.1 OPTIONS http://localhost:5088/hubs/trace/negotiate?negotiateVersion=1 - null null
2025-09-03 21:14:45.367 +02:00 [INF] Executed endpoint '/hubs/trace'
2025-09-03 21:14:45.374 +02:00 [INF] CORS policy execution successful.
2025-09-03 21:14:45.382 +02:00 [INF] Request finished HTTP/1.1 GET http://localhost:5088/hubs/trace?id=2n18tfNoa4yYjjda8AO3JA - 101 null null 63730.0991ms
2025-09-03 21:14:45.390 +02:00 [INF] Request finished HTTP/1.1 OPTIONS http://localhost:5088/hubs/trace/negotiate?negotiateVersion=1 - 204 null null 25.0637ms
2025-09-03 21:14:45.393 +02:00 [INF] Request starting HTTP/1.1 POST http://localhost:5088/hubs/trace/negotiate?negotiateVersion=1 - null 0
2025-09-03 21:14:45.415 +02:00 [INF] CORS policy execution successful.
2025-09-03 21:14:45.421 +02:00 [INF] ApiKey was not authenticated. Failure message: Missing API key
2025-09-03 21:14:45.427 +02:00 [INF] Executing endpoint '/hubs/trace/negotiate'
2025-09-03 21:14:45.433 +02:00 [INF] Executed endpoint '/hubs/trace/negotiate'
2025-09-03 21:14:45.440 +02:00 [INF] Request finished HTTP/1.1 POST http://localhost:5088/hubs/trace/negotiate?negotiateVersion=1 - 200 316 application/json 46.744ms
2025-09-03 21:14:45.442 +02:00 [INF] Request starting HTTP/1.1 GET http://localhost:5088/hubs/trace?id=_yIAB-5rXLsUrJey6a6y6Q - null null
2025-09-03 21:14:45.452 +02:00 [INF] CORS policy execution successful.
2025-09-03 21:14:45.457 +02:00 [INF] ApiKey was not authenticated. Failure message: Missing API key
2025-09-03 21:14:45.462 +02:00 [INF] Executing endpoint '/hubs/trace'
2025-09-03 21:15:03.356 +02:00 [INF] Request starting HTTP/1.1 OPTIONS http://localhost:5088/hubs/trace/negotiate?negotiateVersion=1 - null null
2025-09-03 21:15:03.357 +02:00 [INF] Executed endpoint '/hubs/trace'
2025-09-03 21:15:03.363 +02:00 [INF] CORS policy execution successful.
2025-09-03 21:15:03.370 +02:00 [INF] Request finished HTTP/1.1 GET http://localhost:5088/hubs/trace?id=_yIAB-5rXLsUrJey6a6y6Q - 101 null null 17928.0174ms
2025-09-03 21:15:03.375 +02:00 [INF] Request finished HTTP/1.1 OPTIONS http://localhost:5088/hubs/trace/negotiate?negotiateVersion=1 - 204 null null 18.4054ms
2025-09-03 21:15:03.378 +02:00 [INF] Request starting HTTP/1.1 POST http://localhost:5088/hubs/trace/negotiate?negotiateVersion=1 - null 0
2025-09-03 21:15:03.393 +02:00 [INF] CORS policy execution successful.
2025-09-03 21:15:03.399 +02:00 [INF] ApiKey was not authenticated. Failure message: Missing API key
2025-09-03 21:15:03.409 +02:00 [INF] Executing endpoint '/hubs/trace/negotiate'
2025-09-03 21:15:03.417 +02:00 [INF] Executed endpoint '/hubs/trace/negotiate'
2025-09-03 21:15:03.424 +02:00 [INF] Request finished HTTP/1.1 POST http://localhost:5088/hubs/trace/negotiate?negotiateVersion=1 - 200 316 application/json 46.5896ms
2025-09-03 21:15:03.427 +02:00 [INF] Request starting HTTP/1.1 GET http://localhost:5088/hubs/trace?id=iTROrOXwrdC9cTIkQDhi4w - null null
2025-09-03 21:15:03.439 +02:00 [INF] CORS policy execution successful.
2025-09-03 21:15:03.445 +02:00 [INF] ApiKey was not authenticated. Failure message: Missing API key
2025-09-03 21:15:03.452 +02:00 [INF] Executing endpoint '/hubs/trace'
2025-09-03 21:15:24.350 +02:00 [INF] Request starting HTTP/1.1 OPTIONS http://localhost:5088/hubs/trace/negotiate?negotiateVersion=1 - null null
2025-09-03 21:15:24.351 +02:00 [INF] Executed endpoint '/hubs/trace'
2025-09-03 21:15:24.357 +02:00 [INF] CORS policy execution successful.
2025-09-03 21:15:24.361 +02:00 [INF] Request finished HTTP/1.1 GET http://localhost:5088/hubs/trace?id=iTROrOXwrdC9cTIkQDhi4w - 101 null null 20933.9461ms
2025-09-03 21:15:24.366 +02:00 [INF] Request finished HTTP/1.1 OPTIONS http://localhost:5088/hubs/trace/negotiate?negotiateVersion=1 - 204 null null 16.2603ms
2025-09-03 21:15:24.368 +02:00 [INF] Request starting HTTP/1.1 POST http://localhost:5088/hubs/trace/negotiate?negotiateVersion=1 - null 0
2025-09-03 21:15:24.382 +02:00 [INF] CORS policy execution successful.
2025-09-03 21:15:24.386 +02:00 [INF] ApiKey was not authenticated. Failure message: Missing API key
2025-09-03 21:15:24.392 +02:00 [INF] Executing endpoint '/hubs/trace/negotiate'
2025-09-03 21:15:24.396 +02:00 [INF] Executed endpoint '/hubs/trace/negotiate'
2025-09-03 21:15:24.402 +02:00 [INF] Request finished HTTP/1.1 POST http://localhost:5088/hubs/trace/negotiate?negotiateVersion=1 - 200 316 application/json 34.4115ms
2025-09-03 21:15:24.404 +02:00 [INF] Request starting HTTP/1.1 GET http://localhost:5088/hubs/trace?id=Vu0IS34LUuqDhonDLXnLlQ - null null
2025-09-03 21:15:24.413 +02:00 [INF] CORS policy execution successful.
2025-09-03 21:15:24.418 +02:00 [INF] ApiKey was not authenticated. Failure message: Missing API key
2025-09-03 21:15:24.423 +02:00 [INF] Executing endpoint '/hubs/trace'
2025-09-03 21:15:28.754 +02:00 [INF] Executed endpoint '/hubs/trace'
2025-09-03 21:15:28.762 +02:00 [INF] Request finished HTTP/1.1 GET http://localhost:5088/hubs/trace?id=Vu0IS34LUuqDhonDLXnLlQ - 101 null null 4358.3592ms
2025-09-03 21:15:29.478 +02:00 [INF] Request starting HTTP/1.1 OPTIONS http://localhost:5088/agents/1e3a6b41-b07b-4cde-8612-9188689c9609 - null null
2025-09-03 21:15:29.483 +02:00 [INF] Request starting HTTP/1.1 OPTIONS http://localhost:5088/agents/1e3a6b41-b07b-4cde-8612-9188689c9609/bindings - null null
2025-09-03 21:15:29.507 +02:00 [INF] CORS policy execution successful.
2025-09-03 21:15:29.514 +02:00 [INF] CORS policy execution successful.
2025-09-03 21:15:29.522 +02:00 [INF] Request finished HTTP/1.1 OPTIONS http://localhost:5088/agents/1e3a6b41-b07b-4cde-8612-9188689c9609 - 204 null null 44.3709ms
2025-09-03 21:15:29.529 +02:00 [INF] Request finished HTTP/1.1 OPTIONS http://localhost:5088/agents/1e3a6b41-b07b-4cde-8612-9188689c9609/bindings - 204 null null 46.5439ms
2025-09-03 21:15:29.545 +02:00 [INF] Request starting HTTP/1.1 GET http://localhost:5088/agents/1e3a6b41-b07b-4cde-8612-9188689c9609 - application/json null
2025-09-03 21:15:29.553 +02:00 [INF] Request starting HTTP/1.1 GET http://localhost:5088/agents/1e3a6b41-b07b-4cde-8612-9188689c9609/bindings - application/json null
2025-09-03 21:15:29.565 +02:00 [INF] CORS policy execution successful.
2025-09-03 21:15:29.573 +02:00 [INF] CORS policy execution successful.
2025-09-03 21:15:29.588 +02:00 [INF] Executing endpoint 'HTTP: GET /agents/{id:guid}'
2025-09-03 21:15:29.594 +02:00 [INF] Executing endpoint 'HTTP: GET /agents/{id:guid}/bindings'
2025-09-03 21:15:29.604 +02:00 [INF] Executed DbCommand (0ms) [Parameters=[@__p_0='?' (DbType = Guid)], CommandType='"Text"', CommandTimeout='30']
SELECT "a"."Id", "a"."AllowUnknownTools", "a"."AllowedToolsCsv", "a"."Autonomy", "a"."BlockedToolsCsv", "a"."CreatedUtc", "a"."GuardrailsJson", "a"."Name", "a"."ParamsJson", "a"."PlannerMaxSteps", "a"."PlannerMaxTokens", "a"."PlannerStop", "a"."PlannerTemperature", "a"."PlannerTopP", "a"."Provider", "a"."SystemPrompt", "a"."Temperature", "a"."TemplateRef", "a"."TokenBudget", "a"."ToolBudget", "a"."TopP", "a"."UpdatedUtc"
FROM "Agents" AS "a"
WHERE "a"."Id" = @__p_0
LIMIT 1
2025-09-03 21:15:29.614 +02:00 [INF] Executed DbCommand (1ms) [Parameters=[@__agentId_0='?' (DbType = Guid)], CommandType='"Text"', CommandTimeout='30']
SELECT "a"."Id", "a"."AgentId", "a"."ConfigJson", "a"."Enabled", "a"."ToolId"
FROM "AgentToolBindings" AS "a"
WHERE "a"."AgentId" = @__agentId_0
2025-09-03 21:15:29.635 +02:00 [INF] Setting HTTP status code 200.
2025-09-03 21:15:29.649 +02:00 [INF] Setting HTTP status code 200.
2025-09-03 21:15:29.676 +02:00 [INF] Writing value of type 'AgentResponse' as Json.
2025-09-03 21:15:29.693 +02:00 [INF] Writing value of type 'List`1' as Json.
2025-09-03 21:15:29.712 +02:00 [INF] Executed endpoint 'HTTP: GET /agents/{id:guid}'
2025-09-03 21:15:29.723 +02:00 [INF] Executed endpoint 'HTTP: GET /agents/{id:guid}/bindings'
2025-09-03 21:15:29.728 +02:00 [INF] Request finished HTTP/1.1 GET http://localhost:5088/agents/1e3a6b41-b07b-4cde-8612-9188689c9609 - 200 null application/json; charset=utf-8 183.0028ms
2025-09-03 21:15:29.736 +02:00 [INF] Request finished HTTP/1.1 GET http://localhost:5088/agents/1e3a6b41-b07b-4cde-8612-9188689c9609/bindings - 200 null application/json; charset=utf-8 182.4116ms
2025-09-03 21:15:31.283 +02:00 [INF] Request starting HTTP/1.1 OPTIONS http://localhost:5088/sessions - null null
2025-09-03 21:15:31.291 +02:00 [INF] CORS policy execution successful.
2025-09-03 21:15:31.296 +02:00 [INF] Request finished HTTP/1.1 OPTIONS http://localhost:5088/sessions - 204 null null 13.2865ms
2025-09-03 21:15:31.302 +02:00 [INF] Request starting HTTP/1.1 POST http://localhost:5088/sessions - application/json 50
2025-09-03 21:15:31.308 +02:00 [INF] CORS policy execution successful.
2025-09-03 21:15:31.316 +02:00 [INF] Executing endpoint 'HTTP: POST /sessions/'
2025-09-03 21:15:31.335 +02:00 [INF] Executed DbCommand (1ms) [Parameters=[@__p_0='?' (DbType = Guid)], CommandType='"Text"', CommandTimeout='30']
SELECT "a"."Id", "a"."AllowUnknownTools", "a"."AllowedToolsCsv", "a"."Autonomy", "a"."BlockedToolsCsv", "a"."CreatedUtc", "a"."GuardrailsJson", "a"."Name", "a"."ParamsJson", "a"."PlannerMaxSteps", "a"."PlannerMaxTokens", "a"."PlannerStop", "a"."PlannerTemperature", "a"."PlannerTopP", "a"."Provider", "a"."SystemPrompt", "a"."Temperature", "a"."TemplateRef", "a"."TokenBudget", "a"."ToolBudget", "a"."TopP", "a"."UpdatedUtc"
FROM "Agents" AS "a"
WHERE "a"."Id" = @__p_0
LIMIT 1
2025-09-03 21:15:31.361 +02:00 [INF] Executed DbCommand (14ms) [Parameters=[@p0='?' (DbType = Guid), @p1='?' (DbType = Guid), @p2='?' (DbType = DateTime), @p3='?' (DbType = Int32), @p4='?' (DbType = DateTime), @p5='?' (Size = 7), @p6='?'], CommandType='"Text"', CommandTimeout='30']
INSERT INTO "Sessions" ("Id", "AgentId", "EndedUtc", "LastEventIdx", "StartedUtc", "Status", "UserId")
VALUES (@p0, @p1, @p2, @p3, @p4, @p5, @p6);
2025-09-03 21:15:31.378 +02:00 [INF] Setting HTTP status code 201.
2025-09-03 21:15:31.383 +02:00 [INF] Writing value of type 'SessionCreatedResponse' as Json.
2025-09-03 21:15:31.389 +02:00 [INF] Executed endpoint 'HTTP: POST /sessions/'
2025-09-03 21:15:31.398 +02:00 [INF] Request finished HTTP/1.1 POST http://localhost:5088/sessions - 201 null application/json; charset=utf-8 95.7608ms
2025-09-03 21:15:31.425 +02:00 [INF] Request starting HTTP/1.1 OPTIONS http://localhost:5088/hubs/trace/negotiate?negotiateVersion=1 - null null
2025-09-03 21:15:31.432 +02:00 [INF] CORS policy execution successful.
2025-09-03 21:15:31.438 +02:00 [INF] Request finished HTTP/1.1 OPTIONS http://localhost:5088/hubs/trace/negotiate?negotiateVersion=1 - 204 null null 12.438ms
2025-09-03 21:15:31.441 +02:00 [INF] Request starting HTTP/1.1 POST http://localhost:5088/hubs/trace/negotiate?negotiateVersion=1 - null 0
2025-09-03 21:15:31.451 +02:00 [INF] CORS policy execution successful.
2025-09-03 21:15:31.457 +02:00 [INF] ApiKey was not authenticated. Failure message: Missing API key
2025-09-03 21:15:31.462 +02:00 [INF] Executing endpoint '/hubs/trace/negotiate'
2025-09-03 21:15:31.468 +02:00 [INF] Executed endpoint '/hubs/trace/negotiate'
2025-09-03 21:15:31.474 +02:00 [INF] Request finished HTTP/1.1 POST http://localhost:5088/hubs/trace/negotiate?negotiateVersion=1 - 200 316 application/json 33.8114ms
2025-09-03 21:15:31.479 +02:00 [INF] Request starting HTTP/1.1 GET http://localhost:5088/hubs/trace?id=uDQKtLENEPAIQvYL2j4omg - null null
2025-09-03 21:15:31.488 +02:00 [INF] CORS policy execution successful.
2025-09-03 21:15:31.495 +02:00 [INF] ApiKey was not authenticated. Failure message: Missing API key
2025-09-03 21:15:31.501 +02:00 [INF] Executing endpoint '/hubs/trace'
2025-09-03 21:15:40.034 +02:00 [INF] Request starting HTTP/1.1 OPTIONS http://localhost:5088/sessions/f6d6158e-d67c-4b85-979e-7287e0b64788/messages - null null
2025-09-03 21:15:40.042 +02:00 [INF] CORS policy execution successful.
2025-09-03 21:15:40.047 +02:00 [INF] Request finished HTTP/1.1 OPTIONS http://localhost:5088/sessions/f6d6158e-d67c-4b85-979e-7287e0b64788/messages - 204 null null 13.1033ms
2025-09-03 21:15:40.052 +02:00 [INF] Request starting HTTP/1.1 POST http://localhost:5088/sessions/f6d6158e-d67c-4b85-979e-7287e0b64788/messages - application/json 45
2025-09-03 21:15:40.057 +02:00 [INF] CORS policy execution successful.
2025-09-03 21:15:40.063 +02:00 [INF] Executing endpoint 'HTTP: POST /sessions/{id:guid}/messages'
2025-09-03 21:15:40.071 +02:00 [INF] Executed DbCommand (0ms) [Parameters=[@__p_0='?' (DbType = Guid)], CommandType='"Text"', CommandTimeout='30']
SELECT "s"."Id", "s"."AgentId", "s"."EndedUtc", "s"."LastEventIdx", "s"."StartedUtc", "s"."Status", "s"."UserId"
FROM "Sessions" AS "s"
WHERE "s"."Id" = @__p_0
LIMIT 1
2025-09-03 21:15:40.090 +02:00 [INF] Executed DbCommand (11ms) [Parameters=[@p0='?' (DbType = Guid), @p1='?' (Size = 31), @p2='?' (DbType = DateTime), @p3='?', @p4='?' (Size = 4), @p5='?' (DbType = Guid), @p6='?'], CommandType='"Text"', CommandTimeout='30']
INSERT INTO "Messages" ("Id", "Content", "CreatedUtc", "Kind", "Role", "SessionId", "TokenUsageJson")
VALUES (@p0, @p1, @p2, @p3, @p4, @p5, @p6);
2025-09-03 21:15:40.099 +02:00 [INF] Setting HTTP status code 202.
2025-09-03 21:15:40.100 +02:00 [INF] Executed DbCommand (0ms) [Parameters=[@__p_0='?' (DbType = Guid)], CommandType='"Text"', CommandTimeout='30']
SELECT "a"."Id", "a"."AllowUnknownTools", "a"."AllowedToolsCsv", "a"."Autonomy", "a"."BlockedToolsCsv", "a"."CreatedUtc", "a"."GuardrailsJson", "a"."Name", "a"."ParamsJson", "a"."PlannerMaxSteps", "a"."PlannerMaxTokens", "a"."PlannerStop", "a"."PlannerTemperature", "a"."PlannerTopP", "a"."Provider", "a"."SystemPrompt", "a"."Temperature", "a"."TemplateRef", "a"."TokenBudget", "a"."ToolBudget", "a"."TopP", "a"."UpdatedUtc"
FROM "Agents" AS "a"
WHERE "a"."Id" = @__p_0
LIMIT 1
2025-09-03 21:15:40.116 +02:00 [INF] Writing value of type 'AcceptedResponse' as Json.
2025-09-03 21:15:40.135 +02:00 [INF] Executed endpoint 'HTTP: POST /sessions/{id:guid}/messages'
2025-09-03 21:15:40.136 +02:00 [INF] Executed DbCommand (3ms) [Parameters=[@p0='?' (DbType = Guid), @p1='?' (Size = 31), @p2='?' (DbType = DateTime), @p3='?', @p4='?' (Size = 4), @p5='?' (DbType = Guid), @p6='?'], CommandType='"Text"', CommandTimeout='30']
INSERT INTO "Messages" ("Id", "Content", "CreatedUtc", "Kind", "Role", "SessionId", "TokenUsageJson")
VALUES (@p0, @p1, @p2, @p3, @p4, @p5, @p6);
2025-09-03 21:15:40.140 +02:00 [INF] Request finished HTTP/1.1 POST http://localhost:5088/sessions/f6d6158e-d67c-4b85-979e-7287e0b64788/messages - 202 null application/json; charset=utf-8 88.0436ms
2025-09-03 21:15:40.150 +02:00 [INF] Executed DbCommand (0ms) [Parameters=[@__agentId_0='?' (DbType = Guid)], CommandType='"Text"', CommandTimeout='30']
SELECT "a"."Id", "a"."AgentId", "a"."ConfigJson", "a"."Enabled", "a"."ToolId", "t"."Id", "t"."Description", "t"."Enabled", "t"."InputSchemaJson", "t"."McpServerId", "t"."Name", "t"."Scope", "m"."Id", "m"."AuthType", "m"."BaseUrl", "m"."LastSeenUtc", "m"."MetadataJson", "m"."Name", "m"."Status"
FROM "AgentToolBindings" AS "a"
INNER JOIN "Tools" AS "t" ON "a"."ToolId" = "t"."Id"
INNER JOIN "McpServers" AS "m" ON "t"."McpServerId" = "m"."Id"
WHERE "a"."AgentId" = @__agentId_0 AND "a"."Enabled"
2025-09-03 21:15:40.166 +02:00 [INF] Executed DbCommand (0ms) [Parameters=[@__agentId_0='?' (DbType = Guid)], CommandType='"Text"', CommandTimeout='30']
SELECT "a"."Id", "a"."AgentId", "a"."ConfigJson", "a"."Enabled", "a"."ToolId", "t"."Id", "t"."Description", "t"."Enabled", "t"."InputSchemaJson", "t"."McpServerId", "t"."Name", "t"."Scope", "m"."Id", "m"."AuthType", "m"."BaseUrl", "m"."LastSeenUtc", "m"."MetadataJson", "m"."Name", "m"."Status"
FROM "AgentToolBindings" AS "a"
INNER JOIN "Tools" AS "t" ON "a"."ToolId" = "t"."Id"
INNER JOIN "McpServers" AS "m" ON "t"."McpServerId" = "m"."Id"
WHERE "a"."AgentId" = @__agentId_0 AND "a"."Enabled"
2025-09-03 21:15:40.174 +02:00 [INF] Executed DbCommand (0ms) [Parameters=[@__sessionId_0='?' (DbType = Guid), @__kind_1='?' (Size = 11), @__p_2='?' (DbType = Int32)], CommandType='"Text"', CommandTimeout='30']
SELECT "m"."Id", "m"."Content", "m"."CreatedUtc", "m"."Kind", "m"."Role", "m"."SessionId", "m"."TokenUsageJson"
FROM "Messages" AS "m"
WHERE "m"."SessionId" = @__sessionId_0 AND "m"."Kind" = @__kind_1
ORDER BY "m"."CreatedUtc" DESC
LIMIT @__p_2
2025-09-03 21:15:40.183 +02:00 [INF] Executed DbCommand (0ms) [Parameters=[@__sessionId_0='?' (DbType = Guid), @__p_1='?' (DbType = Int32)], CommandType='"Text"', CommandTimeout='30']
SELECT "m"."Id", "m"."Content", "m"."CreatedUtc", "m"."Kind", "m"."Role", "m"."SessionId", "m"."TokenUsageJson"
FROM "Messages" AS "m"
WHERE "m"."SessionId" = @__sessionId_0
ORDER BY "m"."CreatedUtc" DESC
LIMIT @__p_1
2025-09-03 21:15:40.192 +02:00 [INF] Executed DbCommand (0ms) [Parameters=[@__agentId_0='?' (DbType = Guid)], CommandType='"Text"', CommandTimeout='30']
SELECT "a"."Id", "a"."AgentId", "a"."ConfigJson", "a"."Enabled", "a"."ToolId", "t"."Id", "t"."Description", "t"."Enabled", "t"."InputSchemaJson", "t"."McpServerId", "t"."Name", "t"."Scope", "m"."Id", "m"."AuthType", "m"."BaseUrl", "m"."LastSeenUtc", "m"."MetadataJson", "m"."Name", "m"."Status"
FROM "AgentToolBindings" AS "a"
INNER JOIN "Tools" AS "t" ON "a"."ToolId" = "t"."Id"
INNER JOIN "McpServers" AS "m" ON "t"."McpServerId" = "m"."Id"
WHERE "a"."AgentId" = @__agentId_0 AND "a"."Enabled"
2025-09-03 21:15:40.200 +02:00 [INF] Executed DbCommand (0ms) [Parameters=[@__agentId_0='?' (DbType = Guid)], CommandType='"Text"', CommandTimeout='30']
SELECT "a"."Id", "a"."AgentId", "a"."ConfigJson", "a"."Enabled", "a"."ToolId", "t"."Id", "t"."Description", "t"."Enabled", "t"."InputSchemaJson", "t"."McpServerId", "t"."Name", "t"."Scope", "m"."Id", "m"."AuthType", "m"."BaseUrl", "m"."LastSeenUtc", "m"."MetadataJson", "m"."Name", "m"."Status"
FROM "AgentToolBindings" AS "a"
INNER JOIN "Tools" AS "t" ON "a"."ToolId" = "t"."Id"
INNER JOIN "McpServers" AS "m" ON "t"."McpServerId" = "m"."Id"
WHERE "a"."AgentId" = @__agentId_0 AND "a"."Enabled"
2025-09-03 21:15:41.167 +02:00 [INF] Executed DbCommand (0ms) [Parameters=[@__sessionId_0='?' (DbType = Guid), @__p_1='?' (DbType = Int32)], CommandType='"Text"', CommandTimeout='30']
SELECT "m"."Id", "m"."Content", "m"."CreatedUtc", "m"."Kind", "m"."Role", "m"."SessionId", "m"."TokenUsageJson"
FROM "Messages" AS "m"
WHERE "m"."SessionId" = @__sessionId_0
ORDER BY "m"."CreatedUtc" DESC
LIMIT @__p_1
2025-09-03 21:15:42.921 +02:00 [INF] Executed DbCommand (12ms) [Parameters=[@p0='?' (DbType = Guid), @p1='?' (Size = 814), @p2='?' (DbType = DateTime), @p3='?', @p4='?' (Size = 9), @p5='?' (DbType = Guid), @p6='?'], CommandType='"Text"', CommandTimeout='30']
INSERT INTO "Messages" ("Id", "Content", "CreatedUtc", "Kind", "Role", "SessionId", "TokenUsageJson")
VALUES (@p0, @p1, @p2, @p3, @p4, @p5, @p6);
2025-09-03 21:15:42.931 +02:00 [INF] Executed DbCommand (3ms) [Parameters=[@p0='?' (DbType = Guid), @p1='?' (Size = 814), @p2='?' (DbType = DateTime), @p3='?', @p4='?' (Size = 9), @p5='?' (DbType = Guid), @p6='?'], CommandType='"Text"', CommandTimeout='30']
INSERT INTO "Messages" ("Id", "Content", "CreatedUtc", "Kind", "Role", "SessionId", "TokenUsageJson")
VALUES (@p0, @p1, @p2, @p3, @p4, @p5, @p6);
2025-09-03 21:16:59.414 +02:00 [INF] Request starting HTTP/1.1 OPTIONS http://localhost:5088/hubs/trace/negotiate?negotiateVersion=1 - null null
2025-09-03 21:16:59.417 +02:00 [INF] Executed endpoint '/hubs/trace'
2025-09-03 21:16:59.424 +02:00 [INF] CORS policy execution successful.
2025-09-03 21:16:59.432 +02:00 [INF] Request finished HTTP/1.1 GET http://localhost:5088/hubs/trace?id=uDQKtLENEPAIQvYL2j4omg - 101 null null 87953.2244ms
2025-09-03 21:16:59.437 +02:00 [INF] Request finished HTTP/1.1 OPTIONS http://localhost:5088/hubs/trace/negotiate?negotiateVersion=1 - 204 null null 23.1395ms
2025-09-03 21:16:59.440 +02:00 [INF] Request starting HTTP/1.1 POST http://localhost:5088/hubs/trace/negotiate?negotiateVersion=1 - null 0
2025-09-03 21:16:59.461 +02:00 [INF] CORS policy execution successful.
2025-09-03 21:16:59.470 +02:00 [INF] ApiKey was not authenticated. Failure message: Missing API key
2025-09-03 21:16:59.478 +02:00 [INF] Executing endpoint '/hubs/trace/negotiate'
2025-09-03 21:16:59.486 +02:00 [INF] Executed endpoint '/hubs/trace/negotiate'
2025-09-03 21:16:59.493 +02:00 [INF] Request finished HTTP/1.1 POST http://localhost:5088/hubs/trace/negotiate?negotiateVersion=1 - 200 316 application/json 53.2581ms
2025-09-03 21:16:59.507 +02:00 [INF] Request starting HTTP/1.1 GET http://localhost:5088/hubs/trace?id=fkbaHmtfSdRojJLtctZp6w - null null
2025-09-03 21:16:59.516 +02:00 [INF] CORS policy execution successful.
2025-09-03 21:16:59.523 +02:00 [INF] ApiKey was not authenticated. Failure message: Missing API key
2025-09-03 21:16:59.528 +02:00 [INF] Executing endpoint '/hubs/trace'
2025-09-03 21:17:48.355 +02:00 [INF] Request starting HTTP/1.1 OPTIONS http://localhost:5088/hubs/trace/negotiate?negotiateVersion=1 - null null
2025-09-03 21:17:48.356 +02:00 [INF] Executed endpoint '/hubs/trace'
2025-09-03 21:17:48.363 +02:00 [INF] CORS policy execution successful.
2025-09-03 21:17:48.369 +02:00 [INF] Request finished HTTP/1.1 GET http://localhost:5088/hubs/trace?id=fkbaHmtfSdRojJLtctZp6w - 101 null null 48862.5892ms
2025-09-03 21:17:48.374 +02:00 [INF] Request finished HTTP/1.1 OPTIONS http://localhost:5088/hubs/trace/negotiate?negotiateVersion=1 - 204 null null 18.7851ms
2025-09-03 21:17:48.376 +02:00 [INF] Request starting HTTP/1.1 POST http://localhost:5088/hubs/trace/negotiate?negotiateVersion=1 - null 0
2025-09-03 21:17:48.390 +02:00 [INF] CORS policy execution successful.
2025-09-03 21:17:48.395 +02:00 [INF] ApiKey was not authenticated. Failure message: Missing API key
2025-09-03 21:17:48.400 +02:00 [INF] Executing endpoint '/hubs/trace/negotiate'
2025-09-03 21:17:48.405 +02:00 [INF] Executed endpoint '/hubs/trace/negotiate'
2025-09-03 21:17:48.411 +02:00 [INF] Request finished HTTP/1.1 POST http://localhost:5088/hubs/trace/negotiate?negotiateVersion=1 - 200 316 application/json 35.0571ms
2025-09-03 21:17:48.412 +02:00 [INF] Request starting HTTP/1.1 GET http://localhost:5088/hubs/trace?id=HwwP382KvrDvr_lqVOvjNA - null null
2025-09-03 21:17:48.422 +02:00 [INF] CORS policy execution successful.
2025-09-03 21:17:48.428 +02:00 [INF] ApiKey was not authenticated. Failure message: Missing API key
2025-09-03 21:17:48.433 +02:00 [INF] Executing endpoint '/hubs/trace'
2025-09-03 21:18:25.443 +02:00 [INF] Request starting HTTP/1.1 OPTIONS http://localhost:5088/hubs/trace/negotiate?negotiateVersion=1 - null null
2025-09-03 21:18:25.445 +02:00 [INF] Executed endpoint '/hubs/trace'
2025-09-03 21:18:25.451 +02:00 [INF] CORS policy execution successful.
2025-09-03 21:18:25.457 +02:00 [INF] Request finished HTTP/1.1 GET http://localhost:5088/hubs/trace?id=HwwP382KvrDvr_lqVOvjNA - 101 null null 37044.4437ms
2025-09-03 21:18:25.461 +02:00 [INF] Request finished HTTP/1.1 OPTIONS http://localhost:5088/hubs/trace/negotiate?negotiateVersion=1 - 204 null null 18.3299ms
2025-09-03 21:18:25.465 +02:00 [INF] Request starting HTTP/1.1 POST http://localhost:5088/hubs/trace/negotiate?negotiateVersion=1 - null 0
2025-09-03 21:18:25.505 +02:00 [INF] CORS policy execution successful.
2025-09-03 21:18:25.517 +02:00 [INF] ApiKey was not authenticated. Failure message: Missing API key
2025-09-03 21:18:25.524 +02:00 [INF] Executing endpoint '/hubs/trace/negotiate'
2025-09-03 21:18:25.536 +02:00 [INF] Executed endpoint '/hubs/trace/negotiate'
2025-09-03 21:18:25.549 +02:00 [INF] Request starting HTTP/1.1 GET http://localhost:5088/hubs/trace?id=3JYooyfmRQx_2gkMe5YiUQ - null null
2025-09-03 21:18:25.552 +02:00 [INF] Request finished HTTP/1.1 POST http://localhost:5088/hubs/trace/negotiate?negotiateVersion=1 - 200 316 application/json 87.4342ms
2025-09-03 21:18:25.560 +02:00 [INF] CORS policy execution successful.
2025-09-03 21:18:25.583 +02:00 [INF] ApiKey was not authenticated. Failure message: Missing API key
2025-09-03 21:18:25.590 +02:00 [INF] Executing endpoint '/hubs/trace'
2025-09-03 21:18:51.846 +02:00 [INF] Executed endpoint '/hubs/trace'
2025-09-03 21:18:51.855 +02:00 [INF] Request finished HTTP/1.1 GET http://localhost:5088/hubs/trace?id=3JYooyfmRQx_2gkMe5YiUQ - 101 null null 26305.8496ms
2025-09-03 21:18:52.730 +02:00 [INF] Request starting HTTP/1.1 OPTIONS http://localhost:5088/agents/1e3a6b41-b07b-4cde-8612-9188689c9609 - null null
2025-09-03 21:18:52.735 +02:00 [INF] Request starting HTTP/1.1 OPTIONS http://localhost:5088/agents/1e3a6b41-b07b-4cde-8612-9188689c9609/bindings - null null
2025-09-03 21:18:52.750 +02:00 [INF] CORS policy execution successful.
2025-09-03 21:18:52.750 +02:00 [INF] CORS policy execution successful.
2025-09-03 21:18:52.760 +02:00 [INF] Request finished HTTP/1.1 OPTIONS http://localhost:5088/agents/1e3a6b41-b07b-4cde-8612-9188689c9609 - 204 null null 30.5904ms
2025-09-03 21:18:52.766 +02:00 [INF] Request finished HTTP/1.1 OPTIONS http://localhost:5088/agents/1e3a6b41-b07b-4cde-8612-9188689c9609/bindings - 204 null null 30.9885ms
2025-09-03 21:18:52.778 +02:00 [INF] Request starting HTTP/1.1 GET http://localhost:5088/agents/1e3a6b41-b07b-4cde-8612-9188689c9609 - application/json null
2025-09-03 21:18:52.785 +02:00 [INF] Request starting HTTP/1.1 GET http://localhost:5088/agents/1e3a6b41-b07b-4cde-8612-9188689c9609/bindings - application/json null
2025-09-03 21:18:52.800 +02:00 [INF] CORS policy execution successful.
2025-09-03 21:18:52.812 +02:00 [INF] CORS policy execution successful.
2025-09-03 21:18:52.819 +02:00 [INF] Executing endpoint 'HTTP: GET /agents/{id:guid}'
2025-09-03 21:18:52.829 +02:00 [INF] Executing endpoint 'HTTP: GET /agents/{id:guid}/bindings'
2025-09-03 21:18:52.839 +02:00 [INF] Executed DbCommand (1ms) [Parameters=[@__p_0='?' (DbType = Guid)], CommandType='"Text"', CommandTimeout='30']
SELECT "a"."Id", "a"."AllowUnknownTools", "a"."AllowedToolsCsv", "a"."Autonomy", "a"."BlockedToolsCsv", "a"."CreatedUtc", "a"."GuardrailsJson", "a"."Name", "a"."ParamsJson", "a"."PlannerMaxSteps", "a"."PlannerMaxTokens", "a"."PlannerStop", "a"."PlannerTemperature", "a"."PlannerTopP", "a"."Provider", "a"."SystemPrompt", "a"."Temperature", "a"."TemplateRef", "a"."TokenBudget", "a"."ToolBudget", "a"."TopP", "a"."UpdatedUtc"
FROM "Agents" AS "a"
WHERE "a"."Id" = @__p_0
LIMIT 1
2025-09-03 21:18:52.848 +02:00 [INF] Executed DbCommand (0ms) [Parameters=[@__agentId_0='?' (DbType = Guid)], CommandType='"Text"', CommandTimeout='30']
SELECT "a"."Id", "a"."AgentId", "a"."ConfigJson", "a"."Enabled", "a"."ToolId"
FROM "AgentToolBindings" AS "a"
WHERE "a"."AgentId" = @__agentId_0
2025-09-03 21:18:52.858 +02:00 [INF] Setting HTTP status code 200.
2025-09-03 21:18:52.866 +02:00 [INF] Setting HTTP status code 200.
2025-09-03 21:18:52.881 +02:00 [INF] Writing value of type 'AgentResponse' as Json.
2025-09-03 21:18:52.888 +02:00 [INF] Writing value of type 'List`1' as Json.
2025-09-03 21:18:52.894 +02:00 [INF] Executed endpoint 'HTTP: GET /agents/{id:guid}'
2025-09-03 21:18:52.899 +02:00 [INF] Executed endpoint 'HTTP: GET /agents/{id:guid}/bindings'
2025-09-03 21:18:52.908 +02:00 [INF] Request finished HTTP/1.1 GET http://localhost:5088/agents/1e3a6b41-b07b-4cde-8612-9188689c9609 - 200 null application/json; charset=utf-8 130.173ms
2025-09-03 21:18:52.915 +02:00 [INF] Request finished HTTP/1.1 GET http://localhost:5088/agents/1e3a6b41-b07b-4cde-8612-9188689c9609/bindings - 200 null application/json; charset=utf-8 129.9521ms
2025-09-03 21:18:54.984 +02:00 [INF] Request starting HTTP/1.1 OPTIONS http://localhost:5088/sessions - null null
2025-09-03 21:18:54.999 +02:00 [INF] CORS policy execution successful.
2025-09-03 21:18:55.004 +02:00 [INF] Request finished HTTP/1.1 OPTIONS http://localhost:5088/sessions - 204 null null 19.3617ms
2025-09-03 21:18:55.018 +02:00 [INF] Request starting HTTP/1.1 POST http://localhost:5088/sessions - application/json 50
2025-09-03 21:18:55.035 +02:00 [INF] CORS policy execution successful.
2025-09-03 21:18:55.053 +02:00 [INF] Executing endpoint 'HTTP: POST /sessions/'
2025-09-03 21:18:55.075 +02:00 [INF] Executed DbCommand (0ms) [Parameters=[@__p_0='?' (DbType = Guid)], CommandType='"Text"', CommandTimeout='30']
SELECT "a"."Id", "a"."AllowUnknownTools", "a"."AllowedToolsCsv", "a"."Autonomy", "a"."BlockedToolsCsv", "a"."CreatedUtc", "a"."GuardrailsJson", "a"."Name", "a"."ParamsJson", "a"."PlannerMaxSteps", "a"."PlannerMaxTokens", "a"."PlannerStop", "a"."PlannerTemperature", "a"."PlannerTopP", "a"."Provider", "a"."SystemPrompt", "a"."Temperature", "a"."TemplateRef", "a"."TokenBudget", "a"."ToolBudget", "a"."TopP", "a"."UpdatedUtc"
FROM "Agents" AS "a"
WHERE "a"."Id" = @__p_0
LIMIT 1
2025-09-03 21:18:55.116 +02:00 [INF] Executed DbCommand (13ms) [Parameters=[@p0='?' (DbType = Guid), @p1='?' (DbType = Guid), @p2='?' (DbType = DateTime), @p3='?' (DbType = Int32), @p4='?' (DbType = DateTime), @p5='?' (Size = 7), @p6='?'], CommandType='"Text"', CommandTimeout='30']
INSERT INTO "Sessions" ("Id", "AgentId", "EndedUtc", "LastEventIdx", "StartedUtc", "Status", "UserId")
VALUES (@p0, @p1, @p2, @p3, @p4, @p5, @p6);
2025-09-03 21:18:55.122 +02:00 [INF] Setting HTTP status code 201.
2025-09-03 21:18:55.129 +02:00 [INF] Writing value of type 'SessionCreatedResponse' as Json.
2025-09-03 21:18:55.135 +02:00 [INF] Executed endpoint 'HTTP: POST /sessions/'
2025-09-03 21:18:55.143 +02:00 [INF] Request finished HTTP/1.1 POST http://localhost:5088/sessions - 201 null application/json; charset=utf-8 125.1853ms
2025-09-03 21:18:55.176 +02:00 [INF] Request starting HTTP/1.1 OPTIONS http://localhost:5088/hubs/trace/negotiate?negotiateVersion=1 - null null
2025-09-03 21:18:55.183 +02:00 [INF] CORS policy execution successful.
2025-09-03 21:18:55.195 +02:00 [INF] Request finished HTTP/1.1 OPTIONS http://localhost:5088/hubs/trace/negotiate?negotiateVersion=1 - 204 null null 19.4479ms
2025-09-03 21:18:55.199 +02:00 [INF] Request starting HTTP/1.1 POST http://localhost:5088/hubs/trace/negotiate?negotiateVersion=1 - null 0
2025-09-03 21:18:55.212 +02:00 [INF] CORS policy execution successful.
2025-09-03 21:18:55.217 +02:00 [INF] ApiKey was not authenticated. Failure message: Missing API key
2025-09-03 21:18:55.226 +02:00 [INF] Executing endpoint '/hubs/trace/negotiate'
2025-09-03 21:18:55.233 +02:00 [INF] Executed endpoint '/hubs/trace/negotiate'
2025-09-03 21:18:55.240 +02:00 [INF] Request finished HTTP/1.1 POST http://localhost:5088/hubs/trace/negotiate?negotiateVersion=1 - 200 316 application/json 41.6677ms
2025-09-03 21:18:55.246 +02:00 [INF] Request starting HTTP/1.1 GET http://localhost:5088/hubs/trace?id=nIGZkEtBAmPO4MEiVXx8Bg - null null
2025-09-03 21:18:55.261 +02:00 [INF] CORS policy execution successful.
2025-09-03 21:18:55.270 +02:00 [INF] ApiKey was not authenticated. Failure message: Missing API key
2025-09-03 21:18:55.280 +02:00 [INF] Executing endpoint '/hubs/trace'
2025-09-03 21:19:02.354 +02:00 [INF] Request starting HTTP/1.1 OPTIONS http://localhost:5088/sessions/7c5ffda6-b915-419c-a48e-265547cb2d8c/messages - null null
2025-09-03 21:19:02.363 +02:00 [INF] CORS policy execution successful.
2025-09-03 21:19:02.372 +02:00 [INF] Request finished HTTP/1.1 OPTIONS http://localhost:5088/sessions/7c5ffda6-b915-419c-a48e-265547cb2d8c/messages - 204 null null 17.4345ms
2025-09-03 21:19:02.380 +02:00 [INF] Request starting HTTP/1.1 POST http://localhost:5088/sessions/7c5ffda6-b915-419c-a48e-265547cb2d8c/messages - application/json 47
2025-09-03 21:19:02.386 +02:00 [INF] CORS policy execution successful.
2025-09-03 21:19:02.394 +02:00 [INF] Executing endpoint 'HTTP: POST /sessions/{id:guid}/messages'
2025-09-03 21:19:02.405 +02:00 [INF] Executed DbCommand (0ms) [Parameters=[@__p_0='?' (DbType = Guid)], CommandType='"Text"', CommandTimeout='30']
SELECT "s"."Id", "s"."AgentId", "s"."EndedUtc", "s"."LastEventIdx", "s"."StartedUtc", "s"."Status", "s"."UserId"
FROM "Sessions" AS "s"
WHERE "s"."Id" = @__p_0
LIMIT 1
2025-09-03 21:19:02.435 +02:00 [INF] Executed DbCommand (17ms) [Parameters=[@p0='?' (DbType = Guid), @p1='?' (Size = 31), @p2='?' (DbType = DateTime), @p3='?', @p4='?' (Size = 4), @p5='?' (DbType = Guid), @p6='?'], CommandType='"Text"', CommandTimeout='30']
INSERT INTO "Messages" ("Id", "Content", "CreatedUtc", "Kind", "Role", "SessionId", "TokenUsageJson")
VALUES (@p0, @p1, @p2, @p3, @p4, @p5, @p6);
2025-09-03 21:19:02.449 +02:00 [INF] Setting HTTP status code 202.
2025-09-03 21:19:02.453 +02:00 [INF] Executed DbCommand (0ms) [Parameters=[@__p_0='?' (DbType = Guid)], CommandType='"Text"', CommandTimeout='30']
SELECT "a"."Id", "a"."AllowUnknownTools", "a"."AllowedToolsCsv", "a"."Autonomy", "a"."BlockedToolsCsv", "a"."CreatedUtc", "a"."GuardrailsJson", "a"."Name", "a"."ParamsJson", "a"."PlannerMaxSteps", "a"."PlannerMaxTokens", "a"."PlannerStop", "a"."PlannerTemperature", "a"."PlannerTopP", "a"."Provider", "a"."SystemPrompt", "a"."Temperature", "a"."TemplateRef", "a"."TokenBudget", "a"."ToolBudget", "a"."TopP", "a"."UpdatedUtc"
FROM "Agents" AS "a"
WHERE "a"."Id" = @__p_0
LIMIT 1
2025-09-03 21:19:02.459 +02:00 [INF] Writing value of type 'AcceptedResponse' as Json.
2025-09-03 21:19:02.484 +02:00 [INF] Executed DbCommand (3ms) [Parameters=[@p0='?' (DbType = Guid), @p1='?' (Size = 31), @p2='?' (DbType = DateTime), @p3='?', @p4='?' (Size = 4), @p5='?' (DbType = Guid), @p6='?'], CommandType='"Text"', CommandTimeout='30']
INSERT INTO "Messages" ("Id", "Content", "CreatedUtc", "Kind", "Role", "SessionId", "TokenUsageJson")
VALUES (@p0, @p1, @p2, @p3, @p4, @p5, @p6);
2025-09-03 21:19:02.488 +02:00 [INF] Executed endpoint 'HTTP: POST /sessions/{id:guid}/messages'
2025-09-03 21:19:02.510 +02:00 [INF] Executed DbCommand (1ms) [Parameters=[@__agentId_0='?' (DbType = Guid)], CommandType='"Text"', CommandTimeout='30']
SELECT "a"."Id", "a"."AgentId", "a"."ConfigJson", "a"."Enabled", "a"."ToolId", "t"."Id", "t"."Description", "t"."Enabled", "t"."InputSchemaJson", "t"."McpServerId", "t"."Name", "t"."Scope", "m"."Id", "m"."AuthType", "m"."BaseUrl", "m"."LastSeenUtc", "m"."MetadataJson", "m"."Name", "m"."Status"
FROM "AgentToolBindings" AS "a"
INNER JOIN "Tools" AS "t" ON "a"."ToolId" = "t"."Id"
INNER JOIN "McpServers" AS "m" ON "t"."McpServerId" = "m"."Id"
WHERE "a"."AgentId" = @__agentId_0 AND "a"."Enabled"
2025-09-03 21:19:02.518 +02:00 [INF] Request finished HTTP/1.1 POST http://localhost:5088/sessions/7c5ffda6-b915-419c-a48e-265547cb2d8c/messages - 202 null application/json; charset=utf-8 138.7004ms
2025-09-03 21:19:02.530 +02:00 [INF] Executed DbCommand (1ms) [Parameters=[@__agentId_0='?' (DbType = Guid)], CommandType='"Text"', CommandTimeout='30']
SELECT "a"."Id", "a"."AgentId", "a"."ConfigJson", "a"."Enabled", "a"."ToolId", "t"."Id", "t"."Description", "t"."Enabled", "t"."InputSchemaJson", "t"."McpServerId", "t"."Name", "t"."Scope", "m"."Id", "m"."AuthType", "m"."BaseUrl", "m"."LastSeenUtc", "m"."MetadataJson", "m"."Name", "m"."Status"
FROM "AgentToolBindings" AS "a"
INNER JOIN "Tools" AS "t" ON "a"."ToolId" = "t"."Id"
INNER JOIN "McpServers" AS "m" ON "t"."McpServerId" = "m"."Id"
WHERE "a"."AgentId" = @__agentId_0 AND "a"."Enabled"
2025-09-03 21:19:02.567 +02:00 [INF] Executed DbCommand (1ms) [Parameters=[@__sessionId_0='?' (DbType = Guid), @__kind_1='?' (Size = 11), @__p_2='?' (DbType = Int32)], CommandType='"Text"', CommandTimeout='30']
SELECT "m"."Id", "m"."Content", "m"."CreatedUtc", "m"."Kind", "m"."Role", "m"."SessionId", "m"."TokenUsageJson"
FROM "Messages" AS "m"
WHERE "m"."SessionId" = @__sessionId_0 AND "m"."Kind" = @__kind_1
ORDER BY "m"."CreatedUtc" DESC
LIMIT @__p_2
2025-09-03 21:19:02.582 +02:00 [INF] Executed DbCommand (1ms) [Parameters=[@__sessionId_0='?' (DbType = Guid), @__p_1='?' (DbType = Int32)], CommandType='"Text"', CommandTimeout='30']
SELECT "m"."Id", "m"."Content", "m"."CreatedUtc", "m"."Kind", "m"."Role", "m"."SessionId", "m"."TokenUsageJson"
FROM "Messages" AS "m"
WHERE "m"."SessionId" = @__sessionId_0
ORDER BY "m"."CreatedUtc" DESC
LIMIT @__p_1
2025-09-03 21:19:02.596 +02:00 [INF] Executed DbCommand (1ms) [Parameters=[@__agentId_0='?' (DbType = Guid)], CommandType='"Text"', CommandTimeout='30']
SELECT "a"."Id", "a"."AgentId", "a"."ConfigJson", "a"."Enabled", "a"."ToolId", "t"."Id", "t"."Description", "t"."Enabled", "t"."InputSchemaJson", "t"."McpServerId", "t"."Name", "t"."Scope", "m"."Id", "m"."AuthType", "m"."BaseUrl", "m"."LastSeenUtc", "m"."MetadataJson", "m"."Name", "m"."Status"
FROM "AgentToolBindings" AS "a"
INNER JOIN "Tools" AS "t" ON "a"."ToolId" = "t"."Id"
INNER JOIN "McpServers" AS "m" ON "t"."McpServerId" = "m"."Id"
WHERE "a"."AgentId" = @__agentId_0 AND "a"."Enabled"
2025-09-03 21:19:02.608 +02:00 [INF] Executed DbCommand (0ms) [Parameters=[@__agentId_0='?' (DbType = Guid)], CommandType='"Text"', CommandTimeout='30']
SELECT "a"."Id", "a"."AgentId", "a"."ConfigJson", "a"."Enabled", "a"."ToolId", "t"."Id", "t"."Description", "t"."Enabled", "t"."InputSchemaJson", "t"."McpServerId", "t"."Name", "t"."Scope", "m"."Id", "m"."AuthType", "m"."BaseUrl", "m"."LastSeenUtc", "m"."MetadataJson", "m"."Name", "m"."Status"
FROM "AgentToolBindings" AS "a"
INNER JOIN "Tools" AS "t" ON "a"."ToolId" = "t"."Id"
INNER JOIN "McpServers" AS "m" ON "t"."McpServerId" = "m"."Id"
WHERE "a"."AgentId" = @__agentId_0 AND "a"."Enabled"
2025-09-03 21:19:03.821 +02:00 [INF] Executed DbCommand (0ms) [Parameters=[@__sessionId_0='?' (DbType = Guid), @__p_1='?' (DbType = Int32)], CommandType='"Text"', CommandTimeout='30']
SELECT "m"."Id", "m"."Content", "m"."CreatedUtc", "m"."Kind", "m"."Role", "m"."SessionId", "m"."TokenUsageJson"
FROM "Messages" AS "m"
WHERE "m"."SessionId" = @__sessionId_0
ORDER BY "m"."CreatedUtc" DESC
LIMIT @__p_1
2025-09-03 21:19:05.639 +02:00 [INF] Executed DbCommand (12ms) [Parameters=[@p0='?' (DbType = Guid), @p1='?' (Size = 799), @p2='?' (DbType = DateTime), @p3='?', @p4='?' (Size = 9), @p5='?' (DbType = Guid), @p6='?'], CommandType='"Text"', CommandTimeout='30']
INSERT INTO "Messages" ("Id", "Content", "CreatedUtc", "Kind", "Role", "SessionId", "TokenUsageJson")
VALUES (@p0, @p1, @p2, @p3, @p4, @p5, @p6);
2025-09-03 21:19:05.658 +02:00 [INF] Executed DbCommand (3ms) [Parameters=[@p0='?' (DbType = Guid), @p1='?' (Size = 799), @p2='?' (DbType = DateTime), @p3='?', @p4='?' (Size = 9), @p5='?' (DbType = Guid), @p6='?'], CommandType='"Text"', CommandTimeout='30']
INSERT INTO "Messages" ("Id", "Content", "CreatedUtc", "Kind", "Role", "SessionId", "TokenUsageJson")
VALUES (@p0, @p1, @p2, @p3, @p4, @p5, @p6);
2025-09-03 21:19:05.990 +02:00 [INF] Request starting HTTP/1.1 OPTIONS http://localhost:5088/hubs/trace/negotiate?negotiateVersion=1 - null null
2025-09-03 21:19:05.998 +02:00 [INF] CORS policy execution successful.
2025-09-03 21:19:05.991 +02:00 [INF] Executed endpoint '/hubs/trace'
2025-09-03 21:19:06.013 +02:00 [INF] Request finished HTTP/1.1 OPTIONS http://localhost:5088/hubs/trace/negotiate?negotiateVersion=1 - 204 null null 22.5963ms
2025-09-03 21:19:06.018 +02:00 [INF] Request starting HTTP/1.1 POST http://localhost:5088/hubs/trace/negotiate?negotiateVersion=1 - null 0
2025-09-03 21:19:06.024 +02:00 [INF] Request finished HTTP/1.1 GET http://localhost:5088/hubs/trace?id=nIGZkEtBAmPO4MEiVXx8Bg - 101 null null 10778.0186ms
2025-09-03 21:19:06.042 +02:00 [INF] CORS policy execution successful.
2025-09-03 21:19:06.060 +02:00 [INF] ApiKey was not authenticated. Failure message: Missing API key
2025-09-03 21:19:06.067 +02:00 [INF] Executing endpoint '/hubs/trace/negotiate'
2025-09-03 21:19:06.073 +02:00 [INF] Executed endpoint '/hubs/trace/negotiate'
2025-09-03 21:19:06.078 +02:00 [INF] Request finished HTTP/1.1 POST http://localhost:5088/hubs/trace/negotiate?negotiateVersion=1 - 200 316 application/json 59.9457ms
2025-09-03 21:19:06.089 +02:00 [INF] Request starting HTTP/1.1 GET http://localhost:5088/hubs/trace?id=cLsA5PEnvpZisvNxNnKahg - null null
2025-09-03 21:19:06.095 +02:00 [INF] CORS policy execution successful.
2025-09-03 21:19:06.103 +02:00 [INF] ApiKey was not authenticated. Failure message: Missing API key
2025-09-03 21:19:06.109 +02:00 [INF] Executing endpoint '/hubs/trace'
2025-09-03 21:20:13.421 +02:00 [INF] Executed endpoint '/hubs/trace'
2025-09-03 21:20:13.422 +02:00 [INF] Request starting HTTP/1.1 OPTIONS http://localhost:5088/hubs/trace/negotiate?negotiateVersion=1 - null null
2025-09-03 21:20:13.430 +02:00 [INF] Request finished HTTP/1.1 GET http://localhost:5088/hubs/trace?id=cLsA5PEnvpZisvNxNnKahg - 101 null null 67341.4301ms
2025-09-03 21:20:13.471 +02:00 [INF] CORS policy execution successful.
2025-09-03 21:20:13.495 +02:00 [INF] Request finished HTTP/1.1 OPTIONS http://localhost:5088/hubs/trace/negotiate?negotiateVersion=1 - 204 null null 73.2096ms
2025-09-03 21:20:13.499 +02:00 [INF] Request starting HTTP/1.1 POST http://localhost:5088/hubs/trace/negotiate?negotiateVersion=1 - null 0
2025-09-03 21:20:13.520 +02:00 [INF] CORS policy execution successful.
2025-09-03 21:20:13.529 +02:00 [INF] ApiKey was not authenticated. Failure message: Missing API key
2025-09-03 21:20:13.552 +02:00 [INF] Executing endpoint '/hubs/trace/negotiate'
2025-09-03 21:20:13.564 +02:00 [INF] Executed endpoint '/hubs/trace/negotiate'
2025-09-03 21:20:13.571 +02:00 [INF] Request finished HTTP/1.1 POST http://localhost:5088/hubs/trace/negotiate?negotiateVersion=1 - 200 316 application/json 72.164ms
2025-09-03 21:20:13.577 +02:00 [INF] Request starting HTTP/1.1 GET http://localhost:5088/hubs/trace?id=WQ6VXvGjOnwyuztaqxJXzA - null null
2025-09-03 21:20:13.591 +02:00 [INF] CORS policy execution successful.
2025-09-03 21:20:13.599 +02:00 [INF] ApiKey was not authenticated. Failure message: Missing API key
2025-09-03 21:20:13.609 +02:00 [INF] Executing endpoint '/hubs/trace'
2025-09-03 21:20:16.936 +02:00 [INF] Executed endpoint '/hubs/trace'
2025-09-03 21:20:16.945 +02:00 [INF] Request finished HTTP/1.1 GET http://localhost:5088/hubs/trace?id=WQ6VXvGjOnwyuztaqxJXzA - 101 null null 3367.8276ms
2025-09-03 21:20:17.647 +02:00 [INF] Request starting HTTP/1.1 OPTIONS http://localhost:5088/agents/1e3a6b41-b07b-4cde-8612-9188689c9609 - null null
2025-09-03 21:20:17.651 +02:00 [INF] Request starting HTTP/1.1 OPTIONS http://localhost:5088/agents/1e3a6b41-b07b-4cde-8612-9188689c9609/bindings - null null
2025-09-03 21:20:17.668 +02:00 [INF] CORS policy execution successful.
2025-09-03 21:20:17.679 +02:00 [INF] CORS policy execution successful.
2025-09-03 21:20:17.690 +02:00 [INF] Request finished HTTP/1.1 OPTIONS http://localhost:5088/agents/1e3a6b41-b07b-4cde-8612-9188689c9609 - 204 null null 43.5355ms
2025-09-03 21:20:17.714 +02:00 [INF] Request finished HTTP/1.1 OPTIONS http://localhost:5088/agents/1e3a6b41-b07b-4cde-8612-9188689c9609/bindings - 204 null null 63.6269ms
2025-09-03 21:20:17.728 +02:00 [INF] Request starting HTTP/1.1 GET http://localhost:5088/agents/1e3a6b41-b07b-4cde-8612-9188689c9609 - application/json null
2025-09-03 21:20:17.739 +02:00 [INF] Request starting HTTP/1.1 GET http://localhost:5088/agents/1e3a6b41-b07b-4cde-8612-9188689c9609/bindings - application/json null
2025-09-03 21:20:17.753 +02:00 [INF] CORS policy execution successful.
2025-09-03 21:20:17.784 +02:00 [INF] Executing endpoint 'HTTP: GET /agents/{id:guid}'
2025-09-03 21:20:17.768 +02:00 [INF] CORS policy execution successful.
2025-09-03 21:20:17.800 +02:00 [INF] Executed DbCommand (1ms) [Parameters=[@__p_0='?' (DbType = Guid)], CommandType='"Text"', CommandTimeout='30']
SELECT "a"."Id", "a"."AllowUnknownTools", "a"."AllowedToolsCsv", "a"."Autonomy", "a"."BlockedToolsCsv", "a"."CreatedUtc", "a"."GuardrailsJson", "a"."Name", "a"."ParamsJson", "a"."PlannerMaxSteps", "a"."PlannerMaxTokens", "a"."PlannerStop", "a"."PlannerTemperature", "a"."PlannerTopP", "a"."Provider", "a"."SystemPrompt", "a"."Temperature", "a"."TemplateRef", "a"."TokenBudget", "a"."ToolBudget", "a"."TopP", "a"."UpdatedUtc"
FROM "Agents" AS "a"
WHERE "a"."Id" = @__p_0
LIMIT 1
2025-09-03 21:20:17.813 +02:00 [INF] Executing endpoint 'HTTP: GET /agents/{id:guid}/bindings'
2025-09-03 21:20:17.821 +02:00 [INF] Setting HTTP status code 200.
2025-09-03 21:20:17.845 +02:00 [INF] Writing value of type 'AgentResponse' as Json.
2025-09-03 21:20:17.847 +02:00 [INF] Executed DbCommand (0ms) [Parameters=[@__agentId_0='?' (DbType = Guid)], CommandType='"Text"', CommandTimeout='30']
SELECT "a"."Id", "a"."AgentId", "a"."ConfigJson", "a"."Enabled", "a"."ToolId"
FROM "AgentToolBindings" AS "a"
WHERE "a"."AgentId" = @__agentId_0
2025-09-03 21:20:17.857 +02:00 [INF] Executed endpoint 'HTTP: GET /agents/{id:guid}'
2025-09-03 21:20:17.887 +02:00 [INF] Setting HTTP status code 200.
2025-09-03 21:20:17.893 +02:00 [INF] Request finished HTTP/1.1 GET http://localhost:5088/agents/1e3a6b41-b07b-4cde-8612-9188689c9609 - 200 null application/json; charset=utf-8 165.0551ms
2025-09-03 21:20:17.902 +02:00 [INF] Writing value of type 'List`1' as Json.
2025-09-03 21:20:17.923 +02:00 [INF] Executed endpoint 'HTTP: GET /agents/{id:guid}/bindings'
2025-09-03 21:20:17.932 +02:00 [INF] Request finished HTTP/1.1 GET http://localhost:5088/agents/1e3a6b41-b07b-4cde-8612-9188689c9609/bindings - 200 null application/json; charset=utf-8 192.6292ms
2025-09-03 21:20:19.470 +02:00 [INF] Request starting HTTP/1.1 OPTIONS http://localhost:5088/sessions - null null
2025-09-03 21:20:19.476 +02:00 [INF] CORS policy execution successful.
2025-09-03 21:20:19.482 +02:00 [INF] Request finished HTTP/1.1 OPTIONS http://localhost:5088/sessions - 204 null null 12.7748ms
2025-09-03 21:20:19.488 +02:00 [INF] Request starting HTTP/1.1 POST http://localhost:5088/sessions - application/json 50
2025-09-03 21:20:19.494 +02:00 [INF] CORS policy execution successful.
2025-09-03 21:20:19.499 +02:00 [INF] Executing endpoint 'HTTP: POST /sessions/'
2025-09-03 21:20:19.516 +02:00 [INF] Executed DbCommand (1ms) [Parameters=[@__p_0='?' (DbType = Guid)], CommandType='"Text"', CommandTimeout='30']
SELECT "a"."Id", "a"."AllowUnknownTools", "a"."AllowedToolsCsv", "a"."Autonomy", "a"."BlockedToolsCsv", "a"."CreatedUtc", "a"."GuardrailsJson", "a"."Name", "a"."ParamsJson", "a"."PlannerMaxSteps", "a"."PlannerMaxTokens", "a"."PlannerStop", "a"."PlannerTemperature", "a"."PlannerTopP", "a"."Provider", "a"."SystemPrompt", "a"."Temperature", "a"."TemplateRef", "a"."TokenBudget", "a"."ToolBudget", "a"."TopP", "a"."UpdatedUtc"
FROM "Agents" AS "a"
WHERE "a"."Id" = @__p_0
LIMIT 1
2025-09-03 21:20:19.539 +02:00 [INF] Executed DbCommand (12ms) [Parameters=[@p0='?' (DbType = Guid), @p1='?' (DbType = Guid), @p2='?' (DbType = DateTime), @p3='?' (DbType = Int32), @p4='?' (DbType = DateTime), @p5='?' (Size = 7), @p6='?'], CommandType='"Text"', CommandTimeout='30']
INSERT INTO "Sessions" ("Id", "AgentId", "EndedUtc", "LastEventIdx", "StartedUtc", "Status", "UserId")
VALUES (@p0, @p1, @p2, @p3, @p4, @p5, @p6);
2025-09-03 21:20:19.545 +02:00 [INF] Setting HTTP status code 201.
2025-09-03 21:20:19.550 +02:00 [INF] Writing value of type 'SessionCreatedResponse' as Json.
2025-09-03 21:20:19.555 +02:00 [INF] Executed endpoint 'HTTP: POST /sessions/'
2025-09-03 21:20:19.561 +02:00 [INF] Request finished HTTP/1.1 POST http://localhost:5088/sessions - 201 null application/json; charset=utf-8 72.4947ms
2025-09-03 21:20:19.581 +02:00 [INF] Request starting HTTP/1.1 OPTIONS http://localhost:5088/hubs/trace/negotiate?negotiateVersion=1 - null null
2025-09-03 21:20:19.593 +02:00 [INF] CORS policy execution successful.
2025-09-03 21:20:19.601 +02:00 [INF] Request finished HTTP/1.1 OPTIONS http://localhost:5088/hubs/trace/negotiate?negotiateVersion=1 - 204 null null 20.5852ms
2025-09-03 21:20:19.606 +02:00 [INF] Request starting HTTP/1.1 POST http://localhost:5088/hubs/trace/negotiate?negotiateVersion=1 - null 0
2025-09-03 21:20:19.616 +02:00 [INF] CORS policy execution successful.
2025-09-03 21:20:19.624 +02:00 [INF] ApiKey was not authenticated. Failure message: Missing API key
2025-09-03 21:20:19.631 +02:00 [INF] Executing endpoint '/hubs/trace/negotiate'
2025-09-03 21:20:19.636 +02:00 [INF] Executed endpoint '/hubs/trace/negotiate'
2025-09-03 21:20:19.643 +02:00 [INF] Request finished HTTP/1.1 POST http://localhost:5088/hubs/trace/negotiate?negotiateVersion=1 - 200 316 application/json 36.787ms
2025-09-03 21:20:19.648 +02:00 [INF] Request starting HTTP/1.1 GET http://localhost:5088/hubs/trace?id=85mTkVmNIR4Y8VKaTbid0g - null null
2025-09-03 21:20:19.655 +02:00 [INF] CORS policy execution successful.
2025-09-03 21:20:19.661 +02:00 [INF] ApiKey was not authenticated. Failure message: Missing API key
2025-09-03 21:20:19.671 +02:00 [INF] Executing endpoint '/hubs/trace'
2025-09-03 21:20:24.703 +02:00 [INF] Request starting HTTP/1.1 OPTIONS http://localhost:5088/sessions/dbf15653-7162-4e74-894f-cbc7ccb26d0d/messages - null null
2025-09-03 21:20:24.711 +02:00 [INF] CORS policy execution successful.
2025-09-03 21:20:24.715 +02:00 [INF] Request finished HTTP/1.1 OPTIONS http://localhost:5088/sessions/dbf15653-7162-4e74-894f-cbc7ccb26d0d/messages - 204 null null 12.7553ms
2025-09-03 21:20:24.723 +02:00 [INF] Request starting HTTP/1.1 POST http://localhost:5088/sessions/dbf15653-7162-4e74-894f-cbc7ccb26d0d/messages - application/json 47
2025-09-03 21:20:24.728 +02:00 [INF] CORS policy execution successful.
2025-09-03 21:20:24.736 +02:00 [INF] Executing endpoint 'HTTP: POST /sessions/{id:guid}/messages'
2025-09-03 21:20:24.744 +02:00 [INF] Executed DbCommand (0ms) [Parameters=[@__p_0='?' (DbType = Guid)], CommandType='"Text"', CommandTimeout='30']
SELECT "s"."Id", "s"."AgentId", "s"."EndedUtc", "s"."LastEventIdx", "s"."StartedUtc", "s"."Status", "s"."UserId"
FROM "Sessions" AS "s"
WHERE "s"."Id" = @__p_0
LIMIT 1
2025-09-03 21:20:24.767 +02:00 [INF] Executed DbCommand (12ms) [Parameters=[@p0='?' (DbType = Guid), @p1='?' (Size = 31), @p2='?' (DbType = DateTime), @p3='?', @p4='?' (Size = 4), @p5='?' (DbType = Guid), @p6='?'], CommandType='"Text"', CommandTimeout='30']
INSERT INTO "Messages" ("Id", "Content", "CreatedUtc", "Kind", "Role", "SessionId", "TokenUsageJson")
VALUES (@p0, @p1, @p2, @p3, @p4, @p5, @p6);
2025-09-03 21:20:24.774 +02:00 [INF] Setting HTTP status code 202.
2025-09-03 21:20:24.775 +02:00 [INF] Executed DbCommand (0ms) [Parameters=[@__p_0='?' (DbType = Guid)], CommandType='"Text"', CommandTimeout='30']
SELECT "a"."Id", "a"."AllowUnknownTools", "a"."AllowedToolsCsv", "a"."Autonomy", "a"."BlockedToolsCsv", "a"."CreatedUtc", "a"."GuardrailsJson", "a"."Name", "a"."ParamsJson", "a"."PlannerMaxSteps", "a"."PlannerMaxTokens", "a"."PlannerStop", "a"."PlannerTemperature", "a"."PlannerTopP", "a"."Provider", "a"."SystemPrompt", "a"."Temperature", "a"."TemplateRef", "a"."TokenBudget", "a"."ToolBudget", "a"."TopP", "a"."UpdatedUtc"
FROM "Agents" AS "a"
WHERE "a"."Id" = @__p_0
LIMIT 1
2025-09-03 21:20:24.780 +02:00 [INF] Writing value of type 'AcceptedResponse' as Json.
2025-09-03 21:20:24.796 +02:00 [INF] Executed endpoint 'HTTP: POST /sessions/{id:guid}/messages'
2025-09-03 21:20:24.796 +02:00 [INF] Executed DbCommand (3ms) [Parameters=[@p0='?' (DbType = Guid), @p1='?' (Size = 31), @p2='?' (DbType = DateTime), @p3='?', @p4='?' (Size = 4), @p5='?' (DbType = Guid), @p6='?'], CommandType='"Text"', CommandTimeout='30']
INSERT INTO "Messages" ("Id", "Content", "CreatedUtc", "Kind", "Role", "SessionId", "TokenUsageJson")
VALUES (@p0, @p1, @p2, @p3, @p4, @p5, @p6);
2025-09-03 21:20:24.804 +02:00 [INF] Request finished HTTP/1.1 POST http://localhost:5088/sessions/dbf15653-7162-4e74-894f-cbc7ccb26d0d/messages - 202 null application/json; charset=utf-8 80.8318ms
2025-09-03 21:20:24.812 +02:00 [INF] Executed DbCommand (0ms) [Parameters=[@__agentId_0='?' (DbType = Guid)], CommandType='"Text"', CommandTimeout='30']
SELECT "a"."Id", "a"."AgentId", "a"."ConfigJson", "a"."Enabled", "a"."ToolId", "t"."Id", "t"."Description", "t"."Enabled", "t"."InputSchemaJson", "t"."McpServerId", "t"."Name", "t"."Scope", "m"."Id", "m"."AuthType", "m"."BaseUrl", "m"."LastSeenUtc", "m"."MetadataJson", "m"."Name", "m"."Status"
FROM "AgentToolBindings" AS "a"
INNER JOIN "Tools" AS "t" ON "a"."ToolId" = "t"."Id"
INNER JOIN "McpServers" AS "m" ON "t"."McpServerId" = "m"."Id"
WHERE "a"."AgentId" = @__agentId_0 AND "a"."Enabled"
2025-09-03 21:20:24.824 +02:00 [INF] Executed DbCommand (0ms) [Parameters=[@__agentId_0='?' (DbType = Guid)], CommandType='"Text"', CommandTimeout='30']
SELECT "a"."Id", "a"."AgentId", "a"."ConfigJson", "a"."Enabled", "a"."ToolId", "t"."Id", "t"."Description", "t"."Enabled", "t"."InputSchemaJson", "t"."McpServerId", "t"."Name", "t"."Scope", "m"."Id", "m"."AuthType", "m"."BaseUrl", "m"."LastSeenUtc", "m"."MetadataJson", "m"."Name", "m"."Status"
FROM "AgentToolBindings" AS "a"
INNER JOIN "Tools" AS "t" ON "a"."ToolId" = "t"."Id"
INNER JOIN "McpServers" AS "m" ON "t"."McpServerId" = "m"."Id"
WHERE "a"."AgentId" = @__agentId_0 AND "a"."Enabled"
2025-09-03 21:20:24.833 +02:00 [INF] Executed DbCommand (0ms) [Parameters=[@__sessionId_0='?' (DbType = Guid), @__kind_1='?' (Size = 11), @__p_2='?' (DbType = Int32)], CommandType='"Text"', CommandTimeout='30']
SELECT "m"."Id", "m"."Content", "m"."CreatedUtc", "m"."Kind", "m"."Role", "m"."SessionId", "m"."TokenUsageJson"
FROM "Messages" AS "m"
WHERE "m"."SessionId" = @__sessionId_0 AND "m"."Kind" = @__kind_1
ORDER BY "m"."CreatedUtc" DESC
LIMIT @__p_2
2025-09-03 21:20:24.843 +02:00 [INF] Executed DbCommand (0ms) [Parameters=[@__sessionId_0='?' (DbType = Guid), @__p_1='?' (DbType = Int32)], CommandType='"Text"', CommandTimeout='30']
SELECT "m"."Id", "m"."Content", "m"."CreatedUtc", "m"."Kind", "m"."Role", "m"."SessionId", "m"."TokenUsageJson"
FROM "Messages" AS "m"
WHERE "m"."SessionId" = @__sessionId_0
ORDER BY "m"."CreatedUtc" DESC
LIMIT @__p_1
2025-09-03 21:20:24.853 +02:00 [INF] Executed DbCommand (0ms) [Parameters=[@__agentId_0='?' (DbType = Guid)], CommandType='"Text"', CommandTimeout='30']
SELECT "a"."Id", "a"."AgentId", "a"."ConfigJson", "a"."Enabled", "a"."ToolId", "t"."Id", "t"."Description", "t"."Enabled", "t"."InputSchemaJson", "t"."McpServerId", "t"."Name", "t"."Scope", "m"."Id", "m"."AuthType", "m"."BaseUrl", "m"."LastSeenUtc", "m"."MetadataJson", "m"."Name", "m"."Status"
FROM "AgentToolBindings" AS "a"
INNER JOIN "Tools" AS "t" ON "a"."ToolId" = "t"."Id"
INNER JOIN "McpServers" AS "m" ON "t"."McpServerId" = "m"."Id"
WHERE "a"."AgentId" = @__agentId_0 AND "a"."Enabled"
2025-09-03 21:20:24.860 +02:00 [INF] Executed DbCommand (0ms) [Parameters=[@__agentId_0='?' (DbType = Guid)], CommandType='"Text"', CommandTimeout='30']
SELECT "a"."Id", "a"."AgentId", "a"."ConfigJson", "a"."Enabled", "a"."ToolId", "t"."Id", "t"."Description", "t"."Enabled", "t"."InputSchemaJson", "t"."McpServerId", "t"."Name", "t"."Scope", "m"."Id", "m"."AuthType", "m"."BaseUrl", "m"."LastSeenUtc", "m"."MetadataJson", "m"."Name", "m"."Status"
FROM "AgentToolBindings" AS "a"
INNER JOIN "Tools" AS "t" ON "a"."ToolId" = "t"."Id"
INNER JOIN "McpServers" AS "m" ON "t"."McpServerId" = "m"."Id"
WHERE "a"."AgentId" = @__agentId_0 AND "a"."Enabled"
2025-09-03 21:20:25.857 +02:00 [INF] Executed DbCommand (0ms) [Parameters=[@__sessionId_0='?' (DbType = Guid), @__p_1='?' (DbType = Int32)], CommandType='"Text"', CommandTimeout='30']
SELECT "m"."Id", "m"."Content", "m"."CreatedUtc", "m"."Kind", "m"."Role", "m"."SessionId", "m"."TokenUsageJson"
FROM "Messages" AS "m"
WHERE "m"."SessionId" = @__sessionId_0
ORDER BY "m"."CreatedUtc" DESC
LIMIT @__p_1
2025-09-03 21:20:27.459 +02:00 [INF] Executed DbCommand (12ms) [Parameters=[@p0='?' (DbType = Guid), @p1='?' (Size = 680), @p2='?' (DbType = DateTime), @p3='?', @p4='?' (Size = 9), @p5='?' (DbType = Guid), @p6='?'], CommandType='"Text"', CommandTimeout='30']
INSERT INTO "Messages" ("Id", "Content", "CreatedUtc", "Kind", "Role", "SessionId", "TokenUsageJson")
VALUES (@p0, @p1, @p2, @p3, @p4, @p5, @p6);
2025-09-03 21:20:27.473 +02:00 [INF] Executed DbCommand (3ms) [Parameters=[@p0='?' (DbType = Guid), @p1='?' (Size = 680), @p2='?' (DbType = DateTime), @p3='?', @p4='?' (Size = 9), @p5='?' (DbType = Guid), @p6='?'], CommandType='"Text"', CommandTimeout='30']
INSERT INTO "Messages" ("Id", "Content", "CreatedUtc", "Kind", "Role", "SessionId", "TokenUsageJson")
VALUES (@p0, @p1, @p2, @p3, @p4, @p5, @p6);
2025-09-03 21:20:44.340 +02:00 [INF] Request starting HTTP/1.1 OPTIONS http://localhost:5088/hubs/trace/negotiate?negotiateVersion=1 - null null
2025-09-03 21:20:44.341 +02:00 [INF] Executed endpoint '/hubs/trace'
2025-09-03 21:20:44.347 +02:00 [INF] CORS policy execution successful.
2025-09-03 21:20:44.354 +02:00 [INF] Request finished HTTP/1.1 GET http://localhost:5088/hubs/trace?id=85mTkVmNIR4Y8VKaTbid0g - 101 null null 24705.8299ms
2025-09-03 21:20:44.361 +02:00 [INF] Request finished HTTP/1.1 OPTIONS http://localhost:5088/hubs/trace/negotiate?negotiateVersion=1 - 204 null null 20.516ms
2025-09-03 21:20:44.365 +02:00 [INF] Request starting HTTP/1.1 POST http://localhost:5088/hubs/trace/negotiate?negotiateVersion=1 - null 0
2025-09-03 21:20:44.385 +02:00 [INF] CORS policy execution successful.
2025-09-03 21:20:44.392 +02:00 [INF] ApiKey was not authenticated. Failure message: Missing API key
2025-09-03 21:20:44.398 +02:00 [INF] Executing endpoint '/hubs/trace/negotiate'
2025-09-03 21:20:44.404 +02:00 [INF] Executed endpoint '/hubs/trace/negotiate'
2025-09-03 21:20:44.409 +02:00 [INF] Request finished HTTP/1.1 POST http://localhost:5088/hubs/trace/negotiate?negotiateVersion=1 - 200 316 application/json 44.5188ms
2025-09-03 21:20:44.413 +02:00 [INF] Request starting HTTP/1.1 GET http://localhost:5088/hubs/trace?id=IAJOei_GxZR_FpxahCdC5Q - null null
2025-09-03 21:20:44.421 +02:00 [INF] CORS policy execution successful.
2025-09-03 21:20:44.426 +02:00 [INF] ApiKey was not authenticated. Failure message: Missing API key
2025-09-03 21:20:44.432 +02:00 [INF] Executing endpoint '/hubs/trace'
2025-09-03 21:20:48.819 +02:00 [INF] Executed endpoint '/hubs/trace'
2025-09-03 21:20:48.830 +02:00 [INF] Request finished HTTP/1.1 GET http://localhost:5088/hubs/trace?id=IAJOei_GxZR_FpxahCdC5Q - 101 null null 4417.4678ms
2025-09-03 21:20:49.462 +02:00 [INF] Request starting HTTP/1.1 OPTIONS http://localhost:5088/agents/1e3a6b41-b07b-4cde-8612-9188689c9609 - null null
2025-09-03 21:20:49.466 +02:00 [INF] Request starting HTTP/1.1 OPTIONS http://localhost:5088/agents/1e3a6b41-b07b-4cde-8612-9188689c9609/bindings - null null
2025-09-03 21:20:49.475 +02:00 [INF] CORS policy execution successful.
2025-09-03 21:20:49.481 +02:00 [INF] CORS policy execution successful.
2025-09-03 21:20:49.487 +02:00 [INF] Request finished HTTP/1.1 OPTIONS http://localhost:5088/agents/1e3a6b41-b07b-4cde-8612-9188689c9609 - 204 null null 24.9058ms
2025-09-03 21:20:49.492 +02:00 [INF] Request finished HTTP/1.1 OPTIONS http://localhost:5088/agents/1e3a6b41-b07b-4cde-8612-9188689c9609/bindings - 204 null null 26.3068ms
2025-09-03 21:20:49.498 +02:00 [INF] Request starting HTTP/1.1 GET http://localhost:5088/agents/1e3a6b41-b07b-4cde-8612-9188689c9609 - application/json null
2025-09-03 21:20:49.506 +02:00 [INF] Request starting HTTP/1.1 GET http://localhost:5088/agents/1e3a6b41-b07b-4cde-8612-9188689c9609/bindings - application/json null
2025-09-03 21:20:49.512 +02:00 [INF] CORS policy execution successful.
2025-09-03 21:20:49.520 +02:00 [INF] CORS policy execution successful.
2025-09-03 21:20:49.526 +02:00 [INF] Executing endpoint 'HTTP: GET /agents/{id:guid}'
2025-09-03 21:20:49.531 +02:00 [INF] Executing endpoint 'HTTP: GET /agents/{id:guid}/bindings'
2025-09-03 21:20:49.539 +02:00 [INF] Executed DbCommand (0ms) [Parameters=[@__p_0='?' (DbType = Guid)], CommandType='"Text"', CommandTimeout='30']
SELECT "a"."Id", "a"."AllowUnknownTools", "a"."AllowedToolsCsv", "a"."Autonomy", "a"."BlockedToolsCsv", "a"."CreatedUtc", "a"."GuardrailsJson", "a"."Name", "a"."ParamsJson", "a"."PlannerMaxSteps", "a"."PlannerMaxTokens", "a"."PlannerStop", "a"."PlannerTemperature", "a"."PlannerTopP", "a"."Provider", "a"."SystemPrompt", "a"."Temperature", "a"."TemplateRef", "a"."TokenBudget", "a"."ToolBudget", "a"."TopP", "a"."UpdatedUtc"
FROM "Agents" AS "a"
WHERE "a"."Id" = @__p_0
LIMIT 1
2025-09-03 21:20:49.543 +02:00 [INF] Executed DbCommand (0ms) [Parameters=[@__agentId_0='?' (DbType = Guid)], CommandType='"Text"', CommandTimeout='30']
SELECT "a"."Id", "a"."AgentId", "a"."ConfigJson", "a"."Enabled", "a"."ToolId"
FROM "AgentToolBindings" AS "a"
WHERE "a"."AgentId" = @__agentId_0
2025-09-03 21:20:49.550 +02:00 [INF] Setting HTTP status code 200.
2025-09-03 21:20:49.556 +02:00 [INF] Setting HTTP status code 200.
2025-09-03 21:20:49.561 +02:00 [INF] Writing value of type 'AgentResponse' as Json.
2025-09-03 21:20:49.568 +02:00 [INF] Writing value of type 'List`1' as Json.
2025-09-03 21:20:49.577 +02:00 [INF] Executed endpoint 'HTTP: GET /agents/{id:guid}'
2025-09-03 21:20:49.583 +02:00 [INF] Executed endpoint 'HTTP: GET /agents/{id:guid}/bindings'
2025-09-03 21:20:49.589 +02:00 [INF] Request finished HTTP/1.1 GET http://localhost:5088/agents/1e3a6b41-b07b-4cde-8612-9188689c9609 - 200 null application/json; charset=utf-8 91.4418ms
2025-09-03 21:20:49.594 +02:00 [INF] Request finished HTTP/1.1 GET http://localhost:5088/agents/1e3a6b41-b07b-4cde-8612-9188689c9609/bindings - 200 null application/json; charset=utf-8 88.6751ms
2025-09-03 21:20:50.683 +02:00 [INF] Request starting HTTP/1.1 OPTIONS http://localhost:5088/sessions - null null
2025-09-03 21:20:50.692 +02:00 [INF] CORS policy execution successful.
2025-09-03 21:20:50.696 +02:00 [INF] Request finished HTTP/1.1 OPTIONS http://localhost:5088/sessions - 204 null null 13.5751ms
2025-09-03 21:20:50.702 +02:00 [INF] Request starting HTTP/1.1 POST http://localhost:5088/sessions - application/json 50
2025-09-03 21:20:50.707 +02:00 [INF] CORS policy execution successful.
2025-09-03 21:20:50.711 +02:00 [INF] Executing endpoint 'HTTP: POST /sessions/'
2025-09-03 21:20:50.717 +02:00 [INF] Executed DbCommand (0ms) [Parameters=[@__p_0='?' (DbType = Guid)], CommandType='"Text"', CommandTimeout='30']
SELECT "a"."Id", "a"."AllowUnknownTools", "a"."AllowedToolsCsv", "a"."Autonomy", "a"."BlockedToolsCsv", "a"."CreatedUtc", "a"."GuardrailsJson", "a"."Name", "a"."ParamsJson", "a"."PlannerMaxSteps", "a"."PlannerMaxTokens", "a"."PlannerStop", "a"."PlannerTemperature", "a"."PlannerTopP", "a"."Provider", "a"."SystemPrompt", "a"."Temperature", "a"."TemplateRef", "a"."TokenBudget", "a"."ToolBudget", "a"."TopP", "a"."UpdatedUtc"
FROM "Agents" AS "a"
WHERE "a"."Id" = @__p_0
LIMIT 1
2025-09-03 21:20:50.736 +02:00 [INF] Executed DbCommand (11ms) [Parameters=[@p0='?' (DbType = Guid), @p1='?' (DbType = Guid), @p2='?' (DbType = DateTime), @p3='?' (DbType = Int32), @p4='?' (DbType = DateTime), @p5='?' (Size = 7), @p6='?'], CommandType='"Text"', CommandTimeout='30']
INSERT INTO "Sessions" ("Id", "AgentId", "EndedUtc", "LastEventIdx", "StartedUtc", "Status", "UserId")
VALUES (@p0, @p1, @p2, @p3, @p4, @p5, @p6);
2025-09-03 21:20:50.746 +02:00 [INF] Setting HTTP status code 201.
2025-09-03 21:20:50.750 +02:00 [INF] Writing value of type 'SessionCreatedResponse' as Json.
2025-09-03 21:20:50.756 +02:00 [INF] Executed endpoint 'HTTP: POST /sessions/'
2025-09-03 21:20:50.761 +02:00 [INF] Request finished HTTP/1.1 POST http://localhost:5088/sessions - 201 null application/json; charset=utf-8 59.2212ms
2025-09-03 21:20:50.781 +02:00 [INF] Request starting HTTP/1.1 OPTIONS http://localhost:5088/hubs/trace/negotiate?negotiateVersion=1 - null null
2025-09-03 21:20:50.790 +02:00 [INF] CORS policy execution successful.
2025-09-03 21:20:50.797 +02:00 [INF] Request finished HTTP/1.1 OPTIONS http://localhost:5088/hubs/trace/negotiate?negotiateVersion=1 - 204 null null 15.982ms
2025-09-03 21:20:50.800 +02:00 [INF] Request starting HTTP/1.1 POST http://localhost:5088/hubs/trace/negotiate?negotiateVersion=1 - null 0
2025-09-03 21:20:50.810 +02:00 [INF] CORS policy execution successful.
2025-09-03 21:20:50.815 +02:00 [INF] ApiKey was not authenticated. Failure message: Missing API key
2025-09-03 21:20:50.821 +02:00 [INF] Executing endpoint '/hubs/trace/negotiate'
2025-09-03 21:20:50.826 +02:00 [INF] Executed endpoint '/hubs/trace/negotiate'
2025-09-03 21:20:50.831 +02:00 [INF] Request finished HTTP/1.1 POST http://localhost:5088/hubs/trace/negotiate?negotiateVersion=1 - 200 316 application/json 30.6988ms
2025-09-03 21:20:50.831 +02:00 [INF] Request starting HTTP/1.1 GET http://localhost:5088/hubs/trace?id=xXQe25oro1w9xMXtbxnnlw - null null
2025-09-03 21:20:50.842 +02:00 [INF] CORS policy execution successful.
2025-09-03 21:20:50.845 +02:00 [INF] ApiKey was not authenticated. Failure message: Missing API key
2025-09-03 21:20:50.849 +02:00 [INF] Executing endpoint '/hubs/trace'
2025-09-03 21:20:53.084 +02:00 [INF] Request starting HTTP/1.1 OPTIONS http://localhost:5088/sessions/70427dea-99a6-45c0-9bc7-3b15121f5c2f/messages - null null
2025-09-03 21:20:53.091 +02:00 [INF] CORS policy execution successful.
2025-09-03 21:20:53.096 +02:00 [INF] Request finished HTTP/1.1 OPTIONS http://localhost:5088/sessions/70427dea-99a6-45c0-9bc7-3b15121f5c2f/messages - 204 null null 12.3879ms
2025-09-03 21:20:53.101 +02:00 [INF] Request starting HTTP/1.1 POST http://localhost:5088/sessions/70427dea-99a6-45c0-9bc7-3b15121f5c2f/messages - application/json 47
2025-09-03 21:20:53.106 +02:00 [INF] CORS policy execution successful.
2025-09-03 21:20:53.111 +02:00 [INF] Executing endpoint 'HTTP: POST /sessions/{id:guid}/messages'
2025-09-03 21:20:53.117 +02:00 [INF] Executed DbCommand (0ms) [Parameters=[@__p_0='?' (DbType = Guid)], CommandType='"Text"', CommandTimeout='30']
SELECT "s"."Id", "s"."AgentId", "s"."EndedUtc", "s"."LastEventIdx", "s"."StartedUtc", "s"."Status", "s"."UserId"
FROM "Sessions" AS "s"
WHERE "s"."Id" = @__p_0
LIMIT 1
2025-09-03 21:20:53.139 +02:00 [INF] Executed DbCommand (12ms) [Parameters=[@p0='?' (DbType = Guid), @p1='?' (Size = 31), @p2='?' (DbType = DateTime), @p3='?', @p4='?' (Size = 4), @p5='?' (DbType = Guid), @p6='?'], CommandType='"Text"', CommandTimeout='30']
INSERT INTO "Messages" ("Id", "Content", "CreatedUtc", "Kind", "Role", "SessionId", "TokenUsageJson")
VALUES (@p0, @p1, @p2, @p3, @p4, @p5, @p6);
2025-09-03 21:20:53.147 +02:00 [INF] Setting HTTP status code 202.
2025-09-03 21:20:53.148 +02:00 [INF] Executed DbCommand (0ms) [Parameters=[@__p_0='?' (DbType = Guid)], CommandType='"Text"', CommandTimeout='30']
SELECT "a"."Id", "a"."AllowUnknownTools", "a"."AllowedToolsCsv", "a"."Autonomy", "a"."BlockedToolsCsv", "a"."CreatedUtc", "a"."GuardrailsJson", "a"."Name", "a"."ParamsJson", "a"."PlannerMaxSteps", "a"."PlannerMaxTokens", "a"."PlannerStop", "a"."PlannerTemperature", "a"."PlannerTopP", "a"."Provider", "a"."SystemPrompt", "a"."Temperature", "a"."TemplateRef", "a"."TokenBudget", "a"."ToolBudget", "a"."TopP", "a"."UpdatedUtc"
FROM "Agents" AS "a"
WHERE "a"."Id" = @__p_0
LIMIT 1
2025-09-03 21:20:53.153 +02:00 [INF] Writing value of type 'AcceptedResponse' as Json.
2025-09-03 21:20:53.164 +02:00 [INF] Executed DbCommand (3ms) [Parameters=[@p0='?' (DbType = Guid), @p1='?' (Size = 31), @p2='?' (DbType = DateTime), @p3='?', @p4='?' (Size = 4), @p5='?' (DbType = Guid), @p6='?'], CommandType='"Text"', CommandTimeout='30']
INSERT INTO "Messages" ("Id", "Content", "CreatedUtc", "Kind", "Role", "SessionId", "TokenUsageJson")
VALUES (@p0, @p1, @p2, @p3, @p4, @p5, @p6);
2025-09-03 21:20:53.165 +02:00 [INF] Executed endpoint 'HTTP: POST /sessions/{id:guid}/messages'
2025-09-03 21:20:53.174 +02:00 [INF] Executed DbCommand (0ms) [Parameters=[@__agentId_0='?' (DbType = Guid)], CommandType='"Text"', CommandTimeout='30']
SELECT "a"."Id", "a"."AgentId", "a"."ConfigJson", "a"."Enabled", "a"."ToolId", "t"."Id", "t"."Description", "t"."Enabled", "t"."InputSchemaJson", "t"."McpServerId", "t"."Name", "t"."Scope", "m"."Id", "m"."AuthType", "m"."BaseUrl", "m"."LastSeenUtc", "m"."MetadataJson", "m"."Name", "m"."Status"
FROM "AgentToolBindings" AS "a"
INNER JOIN "Tools" AS "t" ON "a"."ToolId" = "t"."Id"
INNER JOIN "McpServers" AS "m" ON "t"."McpServerId" = "m"."Id"
WHERE "a"."AgentId" = @__agentId_0 AND "a"."Enabled"
2025-09-03 21:20:53.177 +02:00 [INF] Request finished HTTP/1.1 POST http://localhost:5088/sessions/70427dea-99a6-45c0-9bc7-3b15121f5c2f/messages - 202 null application/json; charset=utf-8 76.0241ms
2025-09-03 21:20:53.185 +02:00 [INF] Executed DbCommand (1ms) [Parameters=[@__agentId_0='?' (DbType = Guid)], CommandType='"Text"', CommandTimeout='30']
SELECT "a"."Id", "a"."AgentId", "a"."ConfigJson", "a"."Enabled", "a"."ToolId", "t"."Id", "t"."Description", "t"."Enabled", "t"."InputSchemaJson", "t"."McpServerId", "t"."Name", "t"."Scope", "m"."Id", "m"."AuthType", "m"."BaseUrl", "m"."LastSeenUtc", "m"."MetadataJson", "m"."Name", "m"."Status"
FROM "AgentToolBindings" AS "a"
INNER JOIN "Tools" AS "t" ON "a"."ToolId" = "t"."Id"
INNER JOIN "McpServers" AS "m" ON "t"."McpServerId" = "m"."Id"
WHERE "a"."AgentId" = @__agentId_0 AND "a"."Enabled"
2025-09-03 21:20:53.199 +02:00 [INF] Executed DbCommand (0ms) [Parameters=[@__sessionId_0='?' (DbType = Guid), @__kind_1='?' (Size = 11), @__p_2='?' (DbType = Int32)], CommandType='"Text"', CommandTimeout='30']
SELECT "m"."Id", "m"."Content", "m"."CreatedUtc", "m"."Kind", "m"."Role", "m"."SessionId", "m"."TokenUsageJson"
FROM "Messages" AS "m"
WHERE "m"."SessionId" = @__sessionId_0 AND "m"."Kind" = @__kind_1
ORDER BY "m"."CreatedUtc" DESC
LIMIT @__p_2
2025-09-03 21:20:53.209 +02:00 [INF] Executed DbCommand (0ms) [Parameters=[@__sessionId_0='?' (DbType = Guid), @__p_1='?' (DbType = Int32)], CommandType='"Text"', CommandTimeout='30']
SELECT "m"."Id", "m"."Content", "m"."CreatedUtc", "m"."Kind", "m"."Role", "m"."SessionId", "m"."TokenUsageJson"
FROM "Messages" AS "m"
WHERE "m"."SessionId" = @__sessionId_0
ORDER BY "m"."CreatedUtc" DESC
LIMIT @__p_1
2025-09-03 21:20:53.217 +02:00 [INF] Executed DbCommand (0ms) [Parameters=[@__agentId_0='?' (DbType = Guid)], CommandType='"Text"', CommandTimeout='30']
SELECT "a"."Id", "a"."AgentId", "a"."ConfigJson", "a"."Enabled", "a"."ToolId", "t"."Id", "t"."Description", "t"."Enabled", "t"."InputSchemaJson", "t"."McpServerId", "t"."Name", "t"."Scope", "m"."Id", "m"."AuthType", "m"."BaseUrl", "m"."LastSeenUtc", "m"."MetadataJson", "m"."Name", "m"."Status"
FROM "AgentToolBindings" AS "a"
INNER JOIN "Tools" AS "t" ON "a"."ToolId" = "t"."Id"
INNER JOIN "McpServers" AS "m" ON "t"."McpServerId" = "m"."Id"
WHERE "a"."AgentId" = @__agentId_0 AND "a"."Enabled"
2025-09-03 21:20:53.226 +02:00 [INF] Executed DbCommand (0ms) [Parameters=[@__agentId_0='?' (DbType = Guid)], CommandType='"Text"', CommandTimeout='30']
SELECT "a"."Id", "a"."AgentId", "a"."ConfigJson", "a"."Enabled", "a"."ToolId", "t"."Id", "t"."Description", "t"."Enabled", "t"."InputSchemaJson", "t"."McpServerId", "t"."Name", "t"."Scope", "m"."Id", "m"."AuthType", "m"."BaseUrl", "m"."LastSeenUtc", "m"."MetadataJson", "m"."Name", "m"."Status"
FROM "AgentToolBindings" AS "a"
INNER JOIN "Tools" AS "t" ON "a"."ToolId" = "t"."Id"
INNER JOIN "McpServers" AS "m" ON "t"."McpServerId" = "m"."Id"
WHERE "a"."AgentId" = @__agentId_0 AND "a"."Enabled"
2025-09-03 21:20:54.348 +02:00 [INF] Executed DbCommand (0ms) [Parameters=[@__sessionId_0='?' (DbType = Guid), @__p_1='?' (DbType = Int32)], CommandType='"Text"', CommandTimeout='30']
SELECT "m"."Id", "m"."Content", "m"."CreatedUtc", "m"."Kind", "m"."Role", "m"."SessionId", "m"."TokenUsageJson"
FROM "Messages" AS "m"
WHERE "m"."SessionId" = @__sessionId_0
ORDER BY "m"."CreatedUtc" DESC
LIMIT @__p_1
2025-09-03 21:20:56.377 +02:00 [INF] Executed DbCommand (12ms) [Parameters=[@p0='?' (DbType = Guid), @p1='?' (Size = 836), @p2='?' (DbType = DateTime), @p3='?', @p4='?' (Size = 9), @p5='?' (DbType = Guid), @p6='?'], CommandType='"Text"', CommandTimeout='30']
INSERT INTO "Messages" ("Id", "Content", "CreatedUtc", "Kind", "Role", "SessionId", "TokenUsageJson")
VALUES (@p0, @p1, @p2, @p3, @p4, @p5, @p6);
2025-09-03 21:20:56.386 +02:00 [INF] Executed DbCommand (2ms) [Parameters=[@p0='?' (DbType = Guid), @p1='?' (Size = 836), @p2='?' (DbType = DateTime), @p3='?', @p4='?' (Size = 9), @p5='?' (DbType = Guid), @p6='?'], CommandType='"Text"', CommandTimeout='30']
INSERT INTO "Messages" ("Id", "Content", "CreatedUtc", "Kind", "Role", "SessionId", "TokenUsageJson")
VALUES (@p0, @p1, @p2, @p3, @p4, @p5, @p6);
2025-09-03 21:21:47.345 +02:00 [INF] Request starting HTTP/1.1 OPTIONS http://localhost:5088/hubs/trace/negotiate?negotiateVersion=1 - null null
2025-09-03 21:21:47.347 +02:00 [INF] Executed endpoint '/hubs/trace'
2025-09-03 21:21:47.353 +02:00 [INF] CORS policy execution successful.
2025-09-03 21:21:47.357 +02:00 [INF] Request finished HTTP/1.1 GET http://localhost:5088/hubs/trace?id=xXQe25oro1w9xMXtbxnnlw - 101 null null 56525.6858ms
2025-09-03 21:21:47.361 +02:00 [INF] Request finished HTTP/1.1 OPTIONS http://localhost:5088/hubs/trace/negotiate?negotiateVersion=1 - 204 null null 15.6892ms
2025-09-03 21:21:47.364 +02:00 [INF] Request starting HTTP/1.1 POST http://localhost:5088/hubs/trace/negotiate?negotiateVersion=1 - null 0
2025-09-03 21:21:47.377 +02:00 [INF] CORS policy execution successful.
2025-09-03 21:21:47.382 +02:00 [INF] ApiKey was not authenticated. Failure message: Missing API key
2025-09-03 21:21:47.388 +02:00 [INF] Executing endpoint '/hubs/trace/negotiate'
2025-09-03 21:21:47.392 +02:00 [INF] Executed endpoint '/hubs/trace/negotiate'
2025-09-03 21:21:47.399 +02:00 [INF] Request finished HTTP/1.1 POST http://localhost:5088/hubs/trace/negotiate?negotiateVersion=1 - 200 316 application/json 35.1136ms
2025-09-03 21:21:47.401 +02:00 [INF] Request starting HTTP/1.1 GET http://localhost:5088/hubs/trace?id=1JFjzCaKzVecgh-tX40mYQ - null null
2025-09-03 21:21:47.410 +02:00 [INF] CORS policy execution successful.
2025-09-03 21:21:47.415 +02:00 [INF] ApiKey was not authenticated. Failure message: Missing API key
2025-09-03 21:21:47.420 +02:00 [INF] Executing endpoint '/hubs/trace'
2025-09-03 21:21:51.334 +02:00 [INF] Executed endpoint '/hubs/trace'
2025-09-03 21:21:51.340 +02:00 [INF] Request finished HTTP/1.1 GET http://localhost:5088/hubs/trace?id=1JFjzCaKzVecgh-tX40mYQ - 101 null null 3939.5474ms
2025-09-03 21:21:55.263 +02:00 [INF] Request starting HTTP/1.1 OPTIONS http://localhost:5088/agents/1e3a6b41-b07b-4cde-8612-9188689c9609 - null null
2025-09-03 21:21:55.266 +02:00 [INF] Request starting HTTP/1.1 OPTIONS http://localhost:5088/agents/1e3a6b41-b07b-4cde-8612-9188689c9609/bindings - null null
2025-09-03 21:21:55.275 +02:00 [INF] CORS policy execution successful.
2025-09-03 21:21:55.285 +02:00 [INF] CORS policy execution successful.
2025-09-03 21:21:55.291 +02:00 [INF] Request finished HTTP/1.1 OPTIONS http://localhost:5088/agents/1e3a6b41-b07b-4cde-8612-9188689c9609 - 204 null null 28.4083ms
2025-09-03 21:21:55.299 +02:00 [INF] Request finished HTTP/1.1 OPTIONS http://localhost:5088/agents/1e3a6b41-b07b-4cde-8612-9188689c9609/bindings - 204 null null 32.6538ms
2025-09-03 21:21:55.309 +02:00 [INF] Request starting HTTP/1.1 GET http://localhost:5088/agents/1e3a6b41-b07b-4cde-8612-9188689c9609 - application/json null
2025-09-03 21:21:55.316 +02:00 [INF] Request starting HTTP/1.1 GET http://localhost:5088/agents/1e3a6b41-b07b-4cde-8612-9188689c9609/bindings - application/json null
2025-09-03 21:21:55.323 +02:00 [INF] CORS policy execution successful.
2025-09-03 21:21:55.331 +02:00 [INF] CORS policy execution successful.
2025-09-03 21:21:55.339 +02:00 [INF] Executing endpoint 'HTTP: GET /agents/{id:guid}'
2025-09-03 21:21:55.344 +02:00 [INF] Executing endpoint 'HTTP: GET /agents/{id:guid}/bindings'
2025-09-03 21:21:55.350 +02:00 [INF] Executed DbCommand (0ms) [Parameters=[@__p_0='?' (DbType = Guid)], CommandType='"Text"', CommandTimeout='30']
SELECT "a"."Id", "a"."AllowUnknownTools", "a"."AllowedToolsCsv", "a"."Autonomy", "a"."BlockedToolsCsv", "a"."CreatedUtc", "a"."GuardrailsJson", "a"."Name", "a"."ParamsJson", "a"."PlannerMaxSteps", "a"."PlannerMaxTokens", "a"."PlannerStop", "a"."PlannerTemperature", "a"."PlannerTopP", "a"."Provider", "a"."SystemPrompt", "a"."Temperature", "a"."TemplateRef", "a"."TokenBudget", "a"."ToolBudget", "a"."TopP", "a"."UpdatedUtc"
FROM "Agents" AS "a"
WHERE "a"."Id" = @__p_0
LIMIT 1
2025-09-03 21:21:55.354 +02:00 [INF] Executed DbCommand (0ms) [Parameters=[@__agentId_0='?' (DbType = Guid)], CommandType='"Text"', CommandTimeout='30']
SELECT "a"."Id", "a"."AgentId", "a"."ConfigJson", "a"."Enabled", "a"."ToolId"
FROM "AgentToolBindings" AS "a"
WHERE "a"."AgentId" = @__agentId_0
2025-09-03 21:21:55.365 +02:00 [INF] Setting HTTP status code 200.
2025-09-03 21:21:55.373 +02:00 [INF] Setting HTTP status code 200.
2025-09-03 21:21:55.380 +02:00 [INF] Writing value of type 'AgentResponse' as Json.
2025-09-03 21:21:55.387 +02:00 [INF] Writing value of type 'List`1' as Json.
2025-09-03 21:21:55.397 +02:00 [INF] Executed endpoint 'HTTP: GET /agents/{id:guid}'
2025-09-03 21:21:55.405 +02:00 [INF] Executed endpoint 'HTTP: GET /agents/{id:guid}/bindings'
2025-09-03 21:21:55.413 +02:00 [INF] Request finished HTTP/1.1 GET http://localhost:5088/agents/1e3a6b41-b07b-4cde-8612-9188689c9609 - 200 null application/json; charset=utf-8 103.8453ms
2025-09-03 21:21:55.422 +02:00 [INF] Request finished HTTP/1.1 GET http://localhost:5088/agents/1e3a6b41-b07b-4cde-8612-9188689c9609/bindings - 200 null application/json; charset=utf-8 106.9052ms
2025-09-03 21:21:56.762 +02:00 [INF] Request starting HTTP/1.1 OPTIONS http://localhost:5088/sessions - null null
2025-09-03 21:21:56.768 +02:00 [INF] CORS policy execution successful.
2025-09-03 21:21:56.771 +02:00 [INF] Request finished HTTP/1.1 OPTIONS http://localhost:5088/sessions - 204 null null 9.0927ms
2025-09-03 21:21:56.777 +02:00 [INF] Request starting HTTP/1.1 POST http://localhost:5088/sessions - application/json 50
2025-09-03 21:21:56.782 +02:00 [INF] CORS policy execution successful.
2025-09-03 21:21:56.787 +02:00 [INF] Executing endpoint 'HTTP: POST /sessions/'
2025-09-03 21:21:56.794 +02:00 [INF] Executed DbCommand (0ms) [Parameters=[@__p_0='?' (DbType = Guid)], CommandType='"Text"', CommandTimeout='30']
SELECT "a"."Id", "a"."AllowUnknownTools", "a"."AllowedToolsCsv", "a"."Autonomy", "a"."BlockedToolsCsv", "a"."CreatedUtc", "a"."GuardrailsJson", "a"."Name", "a"."ParamsJson", "a"."PlannerMaxSteps", "a"."PlannerMaxTokens", "a"."PlannerStop", "a"."PlannerTemperature", "a"."PlannerTopP", "a"."Provider", "a"."SystemPrompt", "a"."Temperature", "a"."TemplateRef", "a"."TokenBudget", "a"."ToolBudget", "a"."TopP", "a"."UpdatedUtc"
FROM "Agents" AS "a"
WHERE "a"."Id" = @__p_0
LIMIT 1
2025-09-03 21:21:56.814 +02:00 [INF] Executed DbCommand (12ms) [Parameters=[@p0='?' (DbType = Guid), @p1='?' (DbType = Guid), @p2='?' (DbType = DateTime), @p3='?' (DbType = Int32), @p4='?' (DbType = DateTime), @p5='?' (Size = 7), @p6='?'], CommandType='"Text"', CommandTimeout='30']
INSERT INTO "Sessions" ("Id", "AgentId", "EndedUtc", "LastEventIdx", "StartedUtc", "Status", "UserId")
VALUES (@p0, @p1, @p2, @p3, @p4, @p5, @p6);
2025-09-03 21:21:56.819 +02:00 [INF] Setting HTTP status code 201.
2025-09-03 21:21:56.824 +02:00 [INF] Writing value of type 'SessionCreatedResponse' as Json.
2025-09-03 21:21:56.828 +02:00 [INF] Executed endpoint 'HTTP: POST /sessions/'
2025-09-03 21:21:56.833 +02:00 [INF] Request finished HTTP/1.1 POST http://localhost:5088/sessions - 201 null application/json; charset=utf-8 56.1269ms
2025-09-03 21:21:56.858 +02:00 [INF] Request starting HTTP/1.1 OPTIONS http://localhost:5088/hubs/trace/negotiate?negotiateVersion=1 - null null
2025-09-03 21:21:56.864 +02:00 [INF] CORS policy execution successful.
2025-09-03 21:21:56.870 +02:00 [INF] Request finished HTTP/1.1 OPTIONS http://localhost:5088/hubs/trace/negotiate?negotiateVersion=1 - 204 null null 11.5026ms
2025-09-03 21:21:56.871 +02:00 [INF] Request starting HTTP/1.1 POST http://localhost:5088/hubs/trace/negotiate?negotiateVersion=1 - null 0
2025-09-03 21:21:56.881 +02:00 [INF] CORS policy execution successful.
2025-09-03 21:21:56.885 +02:00 [INF] ApiKey was not authenticated. Failure message: Missing API key
2025-09-03 21:21:56.890 +02:00 [INF] Executing endpoint '/hubs/trace/negotiate'
2025-09-03 21:21:56.895 +02:00 [INF] Executed endpoint '/hubs/trace/negotiate'
2025-09-03 21:21:56.901 +02:00 [INF] Request finished HTTP/1.1 POST http://localhost:5088/hubs/trace/negotiate?negotiateVersion=1 - 200 316 application/json 29.6102ms
2025-09-03 21:21:56.903 +02:00 [INF] Request starting HTTP/1.1 GET http://localhost:5088/hubs/trace?id=U5_7EYUEBUo3qjdR9O5o4w - null null
2025-09-03 21:21:56.914 +02:00 [INF] CORS policy execution successful.
2025-09-03 21:21:56.920 +02:00 [INF] ApiKey was not authenticated. Failure message: Missing API key
2025-09-03 21:21:56.927 +02:00 [INF] Executing endpoint '/hubs/trace'
2025-09-03 21:21:58.259 +02:00 [INF] Request starting HTTP/1.1 OPTIONS http://localhost:5088/sessions/00a35b57-951b-4837-9d4c-6c8532bbe46c/messages - null null
2025-09-03 21:21:58.266 +02:00 [INF] CORS policy execution successful.
2025-09-03 21:21:58.270 +02:00 [INF] Request finished HTTP/1.1 OPTIONS http://localhost:5088/sessions/00a35b57-951b-4837-9d4c-6c8532bbe46c/messages - 204 null null 11.4596ms
2025-09-03 21:21:58.275 +02:00 [INF] Request starting HTTP/1.1 POST http://localhost:5088/sessions/00a35b57-951b-4837-9d4c-6c8532bbe46c/messages - application/json 47
2025-09-03 21:21:58.280 +02:00 [INF] CORS policy execution successful.
2025-09-03 21:21:58.284 +02:00 [INF] Executing endpoint 'HTTP: POST /sessions/{id:guid}/messages'
2025-09-03 21:21:58.291 +02:00 [INF] Executed DbCommand (0ms) [Parameters=[@__p_0='?' (DbType = Guid)], CommandType='"Text"', CommandTimeout='30']
SELECT "s"."Id", "s"."AgentId", "s"."EndedUtc", "s"."LastEventIdx", "s"."StartedUtc", "s"."Status", "s"."UserId"
FROM "Sessions" AS "s"
WHERE "s"."Id" = @__p_0
LIMIT 1
2025-09-03 21:21:58.310 +02:00 [INF] Executed DbCommand (11ms) [Parameters=[@p0='?' (DbType = Guid), @p1='?' (Size = 31), @p2='?' (DbType = DateTime), @p3='?', @p4='?' (Size = 4), @p5='?' (DbType = Guid), @p6='?'], CommandType='"Text"', CommandTimeout='30']
INSERT INTO "Messages" ("Id", "Content", "CreatedUtc", "Kind", "Role", "SessionId", "TokenUsageJson")
VALUES (@p0, @p1, @p2, @p3, @p4, @p5, @p6);
2025-09-03 21:21:58.317 +02:00 [INF] Setting HTTP status code 202.
2025-09-03 21:21:58.318 +02:00 [INF] Executed DbCommand (0ms) [Parameters=[@__p_0='?' (DbType = Guid)], CommandType='"Text"', CommandTimeout='30']
SELECT "a"."Id", "a"."AllowUnknownTools", "a"."AllowedToolsCsv", "a"."Autonomy", "a"."BlockedToolsCsv", "a"."CreatedUtc", "a"."GuardrailsJson", "a"."Name", "a"."ParamsJson", "a"."PlannerMaxSteps", "a"."PlannerMaxTokens", "a"."PlannerStop", "a"."PlannerTemperature", "a"."PlannerTopP", "a"."Provider", "a"."SystemPrompt", "a"."Temperature", "a"."TemplateRef", "a"."TokenBudget", "a"."ToolBudget", "a"."TopP", "a"."UpdatedUtc"
FROM "Agents" AS "a"
WHERE "a"."Id" = @__p_0
LIMIT 1
2025-09-03 21:21:58.323 +02:00 [INF] Writing value of type 'AcceptedResponse' as Json.
2025-09-03 21:21:58.335 +02:00 [INF] Executed DbCommand (3ms) [Parameters=[@p0='?' (DbType = Guid), @p1='?' (Size = 31), @p2='?' (DbType = DateTime), @p3='?', @p4='?' (Size = 4), @p5='?' (DbType = Guid), @p6='?'], CommandType='"Text"', CommandTimeout='30']
INSERT INTO "Messages" ("Id", "Content", "CreatedUtc", "Kind", "Role", "SessionId", "TokenUsageJson")
VALUES (@p0, @p1, @p2, @p3, @p4, @p5, @p6);
2025-09-03 21:21:58.335 +02:00 [INF] Executed endpoint 'HTTP: POST /sessions/{id:guid}/messages'
2025-09-03 21:21:58.343 +02:00 [INF] Executed DbCommand (0ms) [Parameters=[@__agentId_0='?' (DbType = Guid)], CommandType='"Text"', CommandTimeout='30']
SELECT "a"."Id", "a"."AgentId", "a"."ConfigJson", "a"."Enabled", "a"."ToolId", "t"."Id", "t"."Description", "t"."Enabled", "t"."InputSchemaJson", "t"."McpServerId", "t"."Name", "t"."Scope", "m"."Id", "m"."AuthType", "m"."BaseUrl", "m"."LastSeenUtc", "m"."MetadataJson", "m"."Name", "m"."Status"
FROM "AgentToolBindings" AS "a"
INNER JOIN "Tools" AS "t" ON "a"."ToolId" = "t"."Id"
INNER JOIN "McpServers" AS "m" ON "t"."McpServerId" = "m"."Id"
WHERE "a"."AgentId" = @__agentId_0 AND "a"."Enabled"
2025-09-03 21:21:58.346 +02:00 [INF] Request finished HTTP/1.1 POST http://localhost:5088/sessions/00a35b57-951b-4837-9d4c-6c8532bbe46c/messages - 202 null application/json; charset=utf-8 70.6637ms
2025-09-03 21:21:58.354 +02:00 [INF] Executed DbCommand (0ms) [Parameters=[@__agentId_0='?' (DbType = Guid)], CommandType='"Text"', CommandTimeout='30']
SELECT "a"."Id", "a"."AgentId", "a"."ConfigJson", "a"."Enabled", "a"."ToolId", "t"."Id", "t"."Description", "t"."Enabled", "t"."InputSchemaJson", "t"."McpServerId", "t"."Name", "t"."Scope", "m"."Id", "m"."AuthType", "m"."BaseUrl", "m"."LastSeenUtc", "m"."MetadataJson", "m"."Name", "m"."Status"
FROM "AgentToolBindings" AS "a"
INNER JOIN "Tools" AS "t" ON "a"."ToolId" = "t"."Id"
INNER JOIN "McpServers" AS "m" ON "t"."McpServerId" = "m"."Id"
WHERE "a"."AgentId" = @__agentId_0 AND "a"."Enabled"
2025-09-03 21:21:58.369 +02:00 [INF] Executed DbCommand (0ms) [Parameters=[@__sessionId_0='?' (DbType = Guid), @__kind_1='?' (Size = 11), @__p_2='?' (DbType = Int32)], CommandType='"Text"', CommandTimeout='30']
SELECT "m"."Id", "m"."Content", "m"."CreatedUtc", "m"."Kind", "m"."Role", "m"."SessionId", "m"."TokenUsageJson"
FROM "Messages" AS "m"
WHERE "m"."SessionId" = @__sessionId_0 AND "m"."Kind" = @__kind_1
ORDER BY "m"."CreatedUtc" DESC
LIMIT @__p_2
2025-09-03 21:21:58.380 +02:00 [INF] Executed DbCommand (0ms) [Parameters=[@__sessionId_0='?' (DbType = Guid), @__p_1='?' (DbType = Int32)], CommandType='"Text"', CommandTimeout='30']
SELECT "m"."Id", "m"."Content", "m"."CreatedUtc", "m"."Kind", "m"."Role", "m"."SessionId", "m"."TokenUsageJson"
FROM "Messages" AS "m"
WHERE "m"."SessionId" = @__sessionId_0
ORDER BY "m"."CreatedUtc" DESC
LIMIT @__p_1
2025-09-03 21:21:58.390 +02:00 [INF] Executed DbCommand (1ms) [Parameters=[@__agentId_0='?' (DbType = Guid)], CommandType='"Text"', CommandTimeout='30']
SELECT "a"."Id", "a"."AgentId", "a"."ConfigJson", "a"."Enabled", "a"."ToolId", "t"."Id", "t"."Description", "t"."Enabled", "t"."InputSchemaJson", "t"."McpServerId", "t"."Name", "t"."Scope", "m"."Id", "m"."AuthType", "m"."BaseUrl", "m"."LastSeenUtc", "m"."MetadataJson", "m"."Name", "m"."Status"
FROM "AgentToolBindings" AS "a"
INNER JOIN "Tools" AS "t" ON "a"."ToolId" = "t"."Id"
INNER JOIN "McpServers" AS "m" ON "t"."McpServerId" = "m"."Id"
WHERE "a"."AgentId" = @__agentId_0 AND "a"."Enabled"
2025-09-03 21:21:58.399 +02:00 [INF] Executed DbCommand (0ms) [Parameters=[@__agentId_0='?' (DbType = Guid)], CommandType='"Text"', CommandTimeout='30']
SELECT "a"."Id", "a"."AgentId", "a"."ConfigJson", "a"."Enabled", "a"."ToolId", "t"."Id", "t"."Description", "t"."Enabled", "t"."InputSchemaJson", "t"."McpServerId", "t"."Name", "t"."Scope", "m"."Id", "m"."AuthType", "m"."BaseUrl", "m"."LastSeenUtc", "m"."MetadataJson", "m"."Name", "m"."Status"
FROM "AgentToolBindings" AS "a"
INNER JOIN "Tools" AS "t" ON "a"."ToolId" = "t"."Id"
INNER JOIN "McpServers" AS "m" ON "t"."McpServerId" = "m"."Id"
WHERE "a"."AgentId" = @__agentId_0 AND "a"."Enabled"
2025-09-03 21:21:59.112 +02:00 [INF] Executed DbCommand (0ms) [Parameters=[@__sessionId_0='?' (DbType = Guid), @__p_1='?' (DbType = Int32)], CommandType='"Text"', CommandTimeout='30']
SELECT "m"."Id", "m"."Content", "m"."CreatedUtc", "m"."Kind", "m"."Role", "m"."SessionId", "m"."TokenUsageJson"
FROM "Messages" AS "m"
WHERE "m"."SessionId" = @__sessionId_0
ORDER BY "m"."CreatedUtc" DESC
LIMIT @__p_1
2025-09-03 21:22:00.341 +02:00 [INF] Executed DbCommand (3ms) [Parameters=[@p0='?' (DbType = Guid), @p1='?' (Size = 580), @p2='?' (DbType = DateTime), @p3='?', @p4='?' (Size = 9), @p5='?' (DbType = Guid), @p6='?'], CommandType='"Text"', CommandTimeout='30']
INSERT INTO "Messages" ("Id", "Content", "CreatedUtc", "Kind", "Role", "SessionId", "TokenUsageJson")
VALUES (@p0, @p1, @p2, @p3, @p4, @p5, @p6);
2025-09-03 21:22:00.353 +02:00 [INF] Executed DbCommand (2ms) [Parameters=[@p0='?' (DbType = Guid), @p1='?' (Size = 580), @p2='?' (DbType = DateTime), @p3='?', @p4='?' (Size = 9), @p5='?' (DbType = Guid), @p6='?'], CommandType='"Text"', CommandTimeout='30']
INSERT INTO "Messages" ("Id", "Content", "CreatedUtc", "Kind", "Role", "SessionId", "TokenUsageJson")
VALUES (@p0, @p1, @p2, @p3, @p4, @p5, @p6);
2025-09-03 21:22:00.436 +02:00 [INF] Executed endpoint '/hubs/trace'
2025-09-03 21:22:00.444 +02:00 [INF] Request finished HTTP/1.1 GET http://localhost:5088/hubs/trace?id=U5_7EYUEBUo3qjdR9O5o4w - 101 null null 3541.0688ms
2025-09-03 21:22:04.565 +02:00 [INF] Request starting HTTP/1.1 OPTIONS http://localhost:5088/agents/1e3a6b41-b07b-4cde-8612-9188689c9609 - null null
2025-09-03 21:22:04.571 +02:00 [INF] Request starting HTTP/1.1 OPTIONS http://localhost:5088/agents/1e3a6b41-b07b-4cde-8612-9188689c9609/bindings - null null
2025-09-03 21:22:04.571 +02:00 [INF] CORS policy execution successful.
2025-09-03 21:22:04.577 +02:00 [INF] CORS policy execution successful.
2025-09-03 21:22:04.583 +02:00 [INF] Request finished HTTP/1.1 OPTIONS http://localhost:5088/agents/1e3a6b41-b07b-4cde-8612-9188689c9609 - 204 null null 18.1984ms
2025-09-03 21:22:04.588 +02:00 [INF] Request finished HTTP/1.1 OPTIONS http://localhost:5088/agents/1e3a6b41-b07b-4cde-8612-9188689c9609/bindings - 204 null null 16.9029ms
2025-09-03 21:22:04.594 +02:00 [INF] Request starting HTTP/1.1 GET http://localhost:5088/agents/1e3a6b41-b07b-4cde-8612-9188689c9609 - application/json null
2025-09-03 21:22:04.600 +02:00 [INF] Request starting HTTP/1.1 GET http://localhost:5088/agents/1e3a6b41-b07b-4cde-8612-9188689c9609/bindings - application/json null
2025-09-03 21:22:04.605 +02:00 [INF] CORS policy execution successful.
2025-09-03 21:22:04.611 +02:00 [INF] CORS policy execution successful.
2025-09-03 21:22:04.616 +02:00 [INF] Executing endpoint 'HTTP: GET /agents/{id:guid}'
2025-09-03 21:22:04.621 +02:00 [INF] Executing endpoint 'HTTP: GET /agents/{id:guid}/bindings'
2025-09-03 21:22:04.628 +02:00 [INF] Executed DbCommand (1ms) [Parameters=[@__p_0='?' (DbType = Guid)], CommandType='"Text"', CommandTimeout='30']
SELECT "a"."Id", "a"."AllowUnknownTools", "a"."AllowedToolsCsv", "a"."Autonomy", "a"."BlockedToolsCsv", "a"."CreatedUtc", "a"."GuardrailsJson", "a"."Name", "a"."ParamsJson", "a"."PlannerMaxSteps", "a"."PlannerMaxTokens", "a"."PlannerStop", "a"."PlannerTemperature", "a"."PlannerTopP", "a"."Provider", "a"."SystemPrompt", "a"."Temperature", "a"."TemplateRef", "a"."TokenBudget", "a"."ToolBudget", "a"."TopP", "a"."UpdatedUtc"
FROM "Agents" AS "a"
WHERE "a"."Id" = @__p_0
LIMIT 1
2025-09-03 21:22:04.634 +02:00 [INF] Executed DbCommand (0ms) [Parameters=[@__agentId_0='?' (DbType = Guid)], CommandType='"Text"', CommandTimeout='30']
SELECT "a"."Id", "a"."AgentId", "a"."ConfigJson", "a"."Enabled", "a"."ToolId"
FROM "AgentToolBindings" AS "a"
WHERE "a"."AgentId" = @__agentId_0
2025-09-03 21:22:04.640 +02:00 [INF] Setting HTTP status code 200.
2025-09-03 21:22:04.645 +02:00 [INF] Setting HTTP status code 200.
2025-09-03 21:22:04.651 +02:00 [INF] Writing value of type 'AgentResponse' as Json.
2025-09-03 21:22:04.656 +02:00 [INF] Writing value of type 'List`1' as Json.
2025-09-03 21:22:04.662 +02:00 [INF] Executed endpoint 'HTTP: GET /agents/{id:guid}'
2025-09-03 21:22:04.668 +02:00 [INF] Executed endpoint 'HTTP: GET /agents/{id:guid}/bindings'
2025-09-03 21:22:04.674 +02:00 [INF] Request finished HTTP/1.1 GET http://localhost:5088/agents/1e3a6b41-b07b-4cde-8612-9188689c9609 - 200 null application/json; charset=utf-8 79.9177ms
2025-09-03 21:22:04.680 +02:00 [INF] Request finished HTTP/1.1 GET http://localhost:5088/agents/1e3a6b41-b07b-4cde-8612-9188689c9609/bindings - 200 null application/json; charset=utf-8 79.7093ms
2025-09-03 21:22:07.452 +02:00 [INF] Request starting HTTP/1.1 OPTIONS http://localhost:5088/sessions - null null
2025-09-03 21:22:07.459 +02:00 [INF] CORS policy execution successful.
2025-09-03 21:22:07.463 +02:00 [INF] Request finished HTTP/1.1 OPTIONS http://localhost:5088/sessions - 204 null null 11.6855ms
2025-09-03 21:22:07.469 +02:00 [INF] Request starting HTTP/1.1 POST http://localhost:5088/sessions - application/json 50
2025-09-03 21:22:07.473 +02:00 [INF] CORS policy execution successful.
2025-09-03 21:22:07.477 +02:00 [INF] Executing endpoint 'HTTP: POST /sessions/'
2025-09-03 21:22:07.484 +02:00 [INF] Executed DbCommand (0ms) [Parameters=[@__p_0='?' (DbType = Guid)], CommandType='"Text"', CommandTimeout='30']
SELECT "a"."Id", "a"."AllowUnknownTools", "a"."AllowedToolsCsv", "a"."Autonomy", "a"."BlockedToolsCsv", "a"."CreatedUtc", "a"."GuardrailsJson", "a"."Name", "a"."ParamsJson", "a"."PlannerMaxSteps", "a"."PlannerMaxTokens", "a"."PlannerStop", "a"."PlannerTemperature", "a"."PlannerTopP", "a"."Provider", "a"."SystemPrompt", "a"."Temperature", "a"."TemplateRef", "a"."TokenBudget", "a"."ToolBudget", "a"."TopP", "a"."UpdatedUtc"
FROM "Agents" AS "a"
WHERE "a"."Id" = @__p_0
LIMIT 1
2025-09-03 21:22:07.502 +02:00 [INF] Executed DbCommand (12ms) [Parameters=[@p0='?' (DbType = Guid), @p1='?' (DbType = Guid), @p2='?' (DbType = DateTime), @p3='?' (DbType = Int32), @p4='?' (DbType = DateTime), @p5='?' (Size = 7), @p6='?'], CommandType='"Text"', CommandTimeout='30']
INSERT INTO "Sessions" ("Id", "AgentId", "EndedUtc", "LastEventIdx", "StartedUtc", "Status", "UserId")
VALUES (@p0, @p1, @p2, @p3, @p4, @p5, @p6);
2025-09-03 21:22:07.509 +02:00 [INF] Setting HTTP status code 201.
2025-09-03 21:22:07.514 +02:00 [INF] Writing value of type 'SessionCreatedResponse' as Json.
2025-09-03 21:22:07.521 +02:00 [INF] Executed endpoint 'HTTP: POST /sessions/'
2025-09-03 21:22:07.529 +02:00 [INF] Request finished HTTP/1.1 POST http://localhost:5088/sessions - 201 null application/json; charset=utf-8 60.2649ms
2025-09-03 21:22:07.558 +02:00 [INF] Request starting HTTP/1.1 OPTIONS http://localhost:5088/hubs/trace/negotiate?negotiateVersion=1 - null null
2025-09-03 21:22:07.565 +02:00 [INF] CORS policy execution successful.
2025-09-03 21:22:07.571 +02:00 [INF] Request finished HTTP/1.1 OPTIONS http://localhost:5088/hubs/trace/negotiate?negotiateVersion=1 - 204 null null 13.7099ms
2025-09-03 21:22:07.574 +02:00 [INF] Request starting HTTP/1.1 POST http://localhost:5088/hubs/trace/negotiate?negotiateVersion=1 - null 0
2025-09-03 21:22:07.586 +02:00 [INF] CORS policy execution successful.
2025-09-03 21:22:07.592 +02:00 [INF] ApiKey was not authenticated. Failure message: Missing API key
2025-09-03 21:22:07.597 +02:00 [INF] Executing endpoint '/hubs/trace/negotiate'
2025-09-03 21:22:07.605 +02:00 [INF] Executed endpoint '/hubs/trace/negotiate'
2025-09-03 21:22:07.610 +02:00 [INF] Request finished HTTP/1.1 POST http://localhost:5088/hubs/trace/negotiate?negotiateVersion=1 - 200 316 application/json 35.7369ms
2025-09-03 21:22:07.613 +02:00 [INF] Request starting HTTP/1.1 GET http://localhost:5088/hubs/trace?id=7TUHYWscAKlFANFARvnE9Q - null null
2025-09-03 21:22:07.625 +02:00 [INF] CORS policy execution successful.
2025-09-03 21:22:07.630 +02:00 [INF] ApiKey was not authenticated. Failure message: Missing API key
2025-09-03 21:22:07.637 +02:00 [INF] Executing endpoint '/hubs/trace'
2025-09-03 21:22:08.858 +02:00 [INF] Request starting HTTP/1.1 OPTIONS http://localhost:5088/sessions/dd076a92-708a-444a-8acb-881663f6b307/messages - null null
2025-09-03 21:22:08.865 +02:00 [INF] CORS policy execution successful.
2025-09-03 21:22:08.869 +02:00 [INF] Request finished HTTP/1.1 OPTIONS http://localhost:5088/sessions/dd076a92-708a-444a-8acb-881663f6b307/messages - 204 null null 11.3636ms
2025-09-03 21:22:08.875 +02:00 [INF] Request starting HTTP/1.1 POST http://localhost:5088/sessions/dd076a92-708a-444a-8acb-881663f6b307/messages - application/json 47
2025-09-03 21:22:08.880 +02:00 [INF] CORS policy execution successful.
2025-09-03 21:22:08.884 +02:00 [INF] Executing endpoint 'HTTP: POST /sessions/{id:guid}/messages'
2025-09-03 21:22:08.889 +02:00 [INF] Executed DbCommand (0ms) [Parameters=[@__p_0='?' (DbType = Guid)], CommandType='"Text"', CommandTimeout='30']
SELECT "s"."Id", "s"."AgentId", "s"."EndedUtc", "s"."LastEventIdx", "s"."StartedUtc", "s"."Status", "s"."UserId"
FROM "Sessions" AS "s"
WHERE "s"."Id" = @__p_0
LIMIT 1
2025-09-03 21:22:08.907 +02:00 [INF] Executed DbCommand (11ms) [Parameters=[@p0='?' (DbType = Guid), @p1='?' (Size = 31), @p2='?' (DbType = DateTime), @p3='?', @p4='?' (Size = 4), @p5='?' (DbType = Guid), @p6='?'], CommandType='"Text"', CommandTimeout='30']
INSERT INTO "Messages" ("Id", "Content", "CreatedUtc", "Kind", "Role", "SessionId", "TokenUsageJson")
VALUES (@p0, @p1, @p2, @p3, @p4, @p5, @p6);
2025-09-03 21:22:08.914 +02:00 [INF] Setting HTTP status code 202.
2025-09-03 21:22:08.915 +02:00 [INF] Executed DbCommand (0ms) [Parameters=[@__p_0='?' (DbType = Guid)], CommandType='"Text"', CommandTimeout='30']
SELECT "a"."Id", "a"."AllowUnknownTools", "a"."AllowedToolsCsv", "a"."Autonomy", "a"."BlockedToolsCsv", "a"."CreatedUtc", "a"."GuardrailsJson", "a"."Name", "a"."ParamsJson", "a"."PlannerMaxSteps", "a"."PlannerMaxTokens", "a"."PlannerStop", "a"."PlannerTemperature", "a"."PlannerTopP", "a"."Provider", "a"."SystemPrompt", "a"."Temperature", "a"."TemplateRef", "a"."TokenBudget", "a"."ToolBudget", "a"."TopP", "a"."UpdatedUtc"
FROM "Agents" AS "a"
WHERE "a"."Id" = @__p_0
LIMIT 1
2025-09-03 21:22:08.921 +02:00 [INF] Writing value of type 'AcceptedResponse' as Json.
2025-09-03 21:22:08.936 +02:00 [INF] Executed DbCommand (3ms) [Parameters=[@p0='?' (DbType = Guid), @p1='?' (Size = 31), @p2='?' (DbType = DateTime), @p3='?', @p4='?' (Size = 4), @p5='?' (DbType = Guid), @p6='?'], CommandType='"Text"', CommandTimeout='30']
INSERT INTO "Messages" ("Id", "Content", "CreatedUtc", "Kind", "Role", "SessionId", "TokenUsageJson")
VALUES (@p0, @p1, @p2, @p3, @p4, @p5, @p6);
2025-09-03 21:22:08.937 +02:00 [INF] Executed endpoint 'HTTP: POST /sessions/{id:guid}/messages'
2025-09-03 21:22:08.948 +02:00 [INF] Executed DbCommand (0ms) [Parameters=[@__agentId_0='?' (DbType = Guid)], CommandType='"Text"', CommandTimeout='30']
SELECT "a"."Id", "a"."AgentId", "a"."ConfigJson", "a"."Enabled", "a"."ToolId", "t"."Id", "t"."Description", "t"."Enabled", "t"."InputSchemaJson", "t"."McpServerId", "t"."Name", "t"."Scope", "m"."Id", "m"."AuthType", "m"."BaseUrl", "m"."LastSeenUtc", "m"."MetadataJson", "m"."Name", "m"."Status"
FROM "AgentToolBindings" AS "a"
INNER JOIN "Tools" AS "t" ON "a"."ToolId" = "t"."Id"
INNER JOIN "McpServers" AS "m" ON "t"."McpServerId" = "m"."Id"
WHERE "a"."AgentId" = @__agentId_0 AND "a"."Enabled"
2025-09-03 21:22:08.951 +02:00 [INF] Request finished HTTP/1.1 POST http://localhost:5088/sessions/dd076a92-708a-444a-8acb-881663f6b307/messages - 202 null application/json; charset=utf-8 76.7367ms
2025-09-03 21:22:08.959 +02:00 [INF] Executed DbCommand (0ms) [Parameters=[@__agentId_0='?' (DbType = Guid)], CommandType='"Text"', CommandTimeout='30']
SELECT "a"."Id", "a"."AgentId", "a"."ConfigJson", "a"."Enabled", "a"."ToolId", "t"."Id", "t"."Description", "t"."Enabled", "t"."InputSchemaJson", "t"."McpServerId", "t"."Name", "t"."Scope", "m"."Id", "m"."AuthType", "m"."BaseUrl", "m"."LastSeenUtc", "m"."MetadataJson", "m"."Name", "m"."Status"
FROM "AgentToolBindings" AS "a"
INNER JOIN "Tools" AS "t" ON "a"."ToolId" = "t"."Id"
INNER JOIN "McpServers" AS "m" ON "t"."McpServerId" = "m"."Id"
WHERE "a"."AgentId" = @__agentId_0 AND "a"."Enabled"
2025-09-03 21:22:08.972 +02:00 [INF] Executed DbCommand (0ms) [Parameters=[@__sessionId_0='?' (DbType = Guid), @__kind_1='?' (Size = 11), @__p_2='?' (DbType = Int32)], CommandType='"Text"', CommandTimeout='30']
SELECT "m"."Id", "m"."Content", "m"."CreatedUtc", "m"."Kind", "m"."Role", "m"."SessionId", "m"."TokenUsageJson"
FROM "Messages" AS "m"
WHERE "m"."SessionId" = @__sessionId_0 AND "m"."Kind" = @__kind_1
ORDER BY "m"."CreatedUtc" DESC
LIMIT @__p_2
2025-09-03 21:22:08.981 +02:00 [INF] Executed DbCommand (0ms) [Parameters=[@__sessionId_0='?' (DbType = Guid), @__p_1='?' (DbType = Int32)], CommandType='"Text"', CommandTimeout='30']
SELECT "m"."Id", "m"."Content", "m"."CreatedUtc", "m"."Kind", "m"."Role", "m"."SessionId", "m"."TokenUsageJson"
FROM "Messages" AS "m"
WHERE "m"."SessionId" = @__sessionId_0
ORDER BY "m"."CreatedUtc" DESC
LIMIT @__p_1
2025-09-03 21:22:08.991 +02:00 [INF] Executed DbCommand (1ms) [Parameters=[@__agentId_0='?' (DbType = Guid)], CommandType='"Text"', CommandTimeout='30']
SELECT "a"."Id", "a"."AgentId", "a"."ConfigJson", "a"."Enabled", "a"."ToolId", "t"."Id", "t"."Description", "t"."Enabled", "t"."InputSchemaJson", "t"."McpServerId", "t"."Name", "t"."Scope", "m"."Id", "m"."AuthType", "m"."BaseUrl", "m"."LastSeenUtc", "m"."MetadataJson", "m"."Name", "m"."Status"
FROM "AgentToolBindings" AS "a"
INNER JOIN "Tools" AS "t" ON "a"."ToolId" = "t"."Id"
INNER JOIN "McpServers" AS "m" ON "t"."McpServerId" = "m"."Id"
WHERE "a"."AgentId" = @__agentId_0 AND "a"."Enabled"
2025-09-03 21:22:08.997 +02:00 [INF] Executed DbCommand (0ms) [Parameters=[@__agentId_0='?' (DbType = Guid)], CommandType='"Text"', CommandTimeout='30']
SELECT "a"."Id", "a"."AgentId", "a"."ConfigJson", "a"."Enabled", "a"."ToolId", "t"."Id", "t"."Description", "t"."Enabled", "t"."InputSchemaJson", "t"."McpServerId", "t"."Name", "t"."Scope", "m"."Id", "m"."AuthType", "m"."BaseUrl", "m"."LastSeenUtc", "m"."MetadataJson", "m"."Name", "m"."Status"
FROM "AgentToolBindings" AS "a"
INNER JOIN "Tools" AS "t" ON "a"."ToolId" = "t"."Id"
INNER JOIN "McpServers" AS "m" ON "t"."McpServerId" = "m"."Id"
WHERE "a"."AgentId" = @__agentId_0 AND "a"."Enabled"
2025-09-03 21:22:10.075 +02:00 [INF] Executed DbCommand (0ms) [Parameters=[@__sessionId_0='?' (DbType = Guid), @__p_1='?' (DbType = Int32)], CommandType='"Text"', CommandTimeout='30']
SELECT "m"."Id", "m"."Content", "m"."CreatedUtc", "m"."Kind", "m"."Role", "m"."SessionId", "m"."TokenUsageJson"
FROM "Messages" AS "m"
WHERE "m"."SessionId" = @__sessionId_0
ORDER BY "m"."CreatedUtc" DESC
LIMIT @__p_1
2025-09-03 21:22:11.986 +02:00 [INF] Executed DbCommand (11ms) [Parameters=[@p0='?' (DbType = Guid), @p1='?' (Size = 830), @p2='?' (DbType = DateTime), @p3='?', @p4='?' (Size = 9), @p5='?' (DbType = Guid), @p6='?'], CommandType='"Text"', CommandTimeout='30']
INSERT INTO "Messages" ("Id", "Content", "CreatedUtc", "Kind", "Role", "SessionId", "TokenUsageJson")
VALUES (@p0, @p1, @p2, @p3, @p4, @p5, @p6);
2025-09-03 21:22:11.995 +02:00 [INF] Executed DbCommand (2ms) [Parameters=[@p0='?' (DbType = Guid), @p1='?' (Size = 830), @p2='?' (DbType = DateTime), @p3='?', @p4='?' (Size = 9), @p5='?' (DbType = Guid), @p6='?'], CommandType='"Text"', CommandTimeout='30']
INSERT INTO "Messages" ("Id", "Content", "CreatedUtc", "Kind", "Role", "SessionId", "TokenUsageJson")
VALUES (@p0, @p1, @p2, @p3, @p4, @p5, @p6);
2025-09-03 21:22:24.457 +02:00 [INF] Request starting HTTP/1.1 OPTIONS http://localhost:5088/sessions/dd076a92-708a-444a-8acb-881663f6b307/messages - null null
2025-09-03 21:22:24.465 +02:00 [INF] CORS policy execution successful.
2025-09-03 21:22:24.470 +02:00 [INF] Request finished HTTP/1.1 OPTIONS http://localhost:5088/sessions/dd076a92-708a-444a-8acb-881663f6b307/messages - 204 null null 12.4623ms
2025-09-03 21:22:24.475 +02:00 [INF] Request starting HTTP/1.1 POST http://localhost:5088/sessions/dd076a92-708a-444a-8acb-881663f6b307/messages - application/json 41
2025-09-03 21:22:24.479 +02:00 [INF] CORS policy execution successful.
2025-09-03 21:22:24.484 +02:00 [INF] Executing endpoint 'HTTP: POST /sessions/{id:guid}/messages'
2025-09-03 21:22:24.489 +02:00 [INF] Executed DbCommand (0ms) [Parameters=[@__p_0='?' (DbType = Guid)], CommandType='"Text"', CommandTimeout='30']
SELECT "s"."Id", "s"."AgentId", "s"."EndedUtc", "s"."LastEventIdx", "s"."StartedUtc", "s"."Status", "s"."UserId"
FROM "Sessions" AS "s"
WHERE "s"."Id" = @__p_0
LIMIT 1
2025-09-03 21:22:24.509 +02:00 [INF] Executed DbCommand (12ms) [Parameters=[@p0='?' (DbType = Guid), @p1='?' (Size = 27), @p2='?' (DbType = DateTime), @p3='?', @p4='?' (Size = 4), @p5='?' (DbType = Guid), @p6='?'], CommandType='"Text"', CommandTimeout='30']
INSERT INTO "Messages" ("Id", "Content", "CreatedUtc", "Kind", "Role", "SessionId", "TokenUsageJson")
VALUES (@p0, @p1, @p2, @p3, @p4, @p5, @p6);
2025-09-03 21:22:24.515 +02:00 [INF] Setting HTTP status code 202.
2025-09-03 21:22:24.516 +02:00 [INF] Executed DbCommand (0ms) [Parameters=[@__p_0='?' (DbType = Guid)], CommandType='"Text"', CommandTimeout='30']
SELECT "a"."Id", "a"."AllowUnknownTools", "a"."AllowedToolsCsv", "a"."Autonomy", "a"."BlockedToolsCsv", "a"."CreatedUtc", "a"."GuardrailsJson", "a"."Name", "a"."ParamsJson", "a"."PlannerMaxSteps", "a"."PlannerMaxTokens", "a"."PlannerStop", "a"."PlannerTemperature", "a"."PlannerTopP", "a"."Provider", "a"."SystemPrompt", "a"."Temperature", "a"."TemplateRef", "a"."TokenBudget", "a"."ToolBudget", "a"."TopP", "a"."UpdatedUtc"
FROM "Agents" AS "a"
WHERE "a"."Id" = @__p_0
LIMIT 1
2025-09-03 21:22:24.521 +02:00 [INF] Writing value of type 'AcceptedResponse' as Json.
2025-09-03 21:22:24.530 +02:00 [INF] Executed DbCommand (3ms) [Parameters=[@p0='?' (DbType = Guid), @p1='?' (Size = 27), @p2='?' (DbType = DateTime), @p3='?', @p4='?' (Size = 4), @p5='?' (DbType = Guid), @p6='?'], CommandType='"Text"', CommandTimeout='30']
INSERT INTO "Messages" ("Id", "Content", "CreatedUtc", "Kind", "Role", "SessionId", "TokenUsageJson")
VALUES (@p0, @p1, @p2, @p3, @p4, @p5, @p6);
2025-09-03 21:22:24.531 +02:00 [INF] Executed endpoint 'HTTP: POST /sessions/{id:guid}/messages'
2025-09-03 21:22:24.539 +02:00 [INF] Executed DbCommand (0ms) [Parameters=[@__agentId_0='?' (DbType = Guid)], CommandType='"Text"', CommandTimeout='30']
SELECT "a"."Id", "a"."AgentId", "a"."ConfigJson", "a"."Enabled", "a"."ToolId", "t"."Id", "t"."Description", "t"."Enabled", "t"."InputSchemaJson", "t"."McpServerId", "t"."Name", "t"."Scope", "m"."Id", "m"."AuthType", "m"."BaseUrl", "m"."LastSeenUtc", "m"."MetadataJson", "m"."Name", "m"."Status"
FROM "AgentToolBindings" AS "a"
INNER JOIN "Tools" AS "t" ON "a"."ToolId" = "t"."Id"
INNER JOIN "McpServers" AS "m" ON "t"."McpServerId" = "m"."Id"
WHERE "a"."AgentId" = @__agentId_0 AND "a"."Enabled"
2025-09-03 21:22:24.542 +02:00 [INF] Request finished HTTP/1.1 POST http://localhost:5088/sessions/dd076a92-708a-444a-8acb-881663f6b307/messages - 202 null application/json; charset=utf-8 66.9701ms
2025-09-03 21:22:24.552 +02:00 [INF] Executed DbCommand (0ms) [Parameters=[@__agentId_0='?' (DbType = Guid)], CommandType='"Text"', CommandTimeout='30']
SELECT "a"."Id", "a"."AgentId", "a"."ConfigJson", "a"."Enabled", "a"."ToolId", "t"."Id", "t"."Description", "t"."Enabled", "t"."InputSchemaJson", "t"."McpServerId", "t"."Name", "t"."Scope", "m"."Id", "m"."AuthType", "m"."BaseUrl", "m"."LastSeenUtc", "m"."MetadataJson", "m"."Name", "m"."Status"
FROM "AgentToolBindings" AS "a"
INNER JOIN "Tools" AS "t" ON "a"."ToolId" = "t"."Id"
INNER JOIN "McpServers" AS "m" ON "t"."McpServerId" = "m"."Id"
WHERE "a"."AgentId" = @__agentId_0 AND "a"."Enabled"
2025-09-03 21:22:24.568 +02:00 [INF] Executed DbCommand (1ms) [Parameters=[@__sessionId_0='?' (DbType = Guid), @__kind_1='?' (Size = 11), @__p_2='?' (DbType = Int32)], CommandType='"Text"', CommandTimeout='30']
SELECT "m"."Id", "m"."Content", "m"."CreatedUtc", "m"."Kind", "m"."Role", "m"."SessionId", "m"."TokenUsageJson"
FROM "Messages" AS "m"
WHERE "m"."SessionId" = @__sessionId_0 AND "m"."Kind" = @__kind_1
ORDER BY "m"."CreatedUtc" DESC
LIMIT @__p_2
2025-09-03 21:22:24.577 +02:00 [INF] Executed DbCommand (0ms) [Parameters=[@__sessionId_0='?' (DbType = Guid), @__p_1='?' (DbType = Int32)], CommandType='"Text"', CommandTimeout='30']
SELECT "m"."Id", "m"."Content", "m"."CreatedUtc", "m"."Kind", "m"."Role", "m"."SessionId", "m"."TokenUsageJson"
FROM "Messages" AS "m"
WHERE "m"."SessionId" = @__sessionId_0
ORDER BY "m"."CreatedUtc" DESC
LIMIT @__p_1
2025-09-03 21:22:24.590 +02:00 [INF] Executed DbCommand (0ms) [Parameters=[@__agentId_0='?' (DbType = Guid)], CommandType='"Text"', CommandTimeout='30']
SELECT "a"."Id", "a"."AgentId", "a"."ConfigJson", "a"."Enabled", "a"."ToolId", "t"."Id", "t"."Description", "t"."Enabled", "t"."InputSchemaJson", "t"."McpServerId", "t"."Name", "t"."Scope", "m"."Id", "m"."AuthType", "m"."BaseUrl", "m"."LastSeenUtc", "m"."MetadataJson", "m"."Name", "m"."Status"
FROM "AgentToolBindings" AS "a"
INNER JOIN "Tools" AS "t" ON "a"."ToolId" = "t"."Id"
INNER JOIN "McpServers" AS "m" ON "t"."McpServerId" = "m"."Id"
WHERE "a"."AgentId" = @__agentId_0 AND "a"."Enabled"
2025-09-03 21:22:24.599 +02:00 [INF] Executed DbCommand (1ms) [Parameters=[@__agentId_0='?' (DbType = Guid)], CommandType='"Text"', CommandTimeout='30']
SELECT "a"."Id", "a"."AgentId", "a"."ConfigJson", "a"."Enabled", "a"."ToolId", "t"."Id", "t"."Description", "t"."Enabled", "t"."InputSchemaJson", "t"."McpServerId", "t"."Name", "t"."Scope", "m"."Id", "m"."AuthType", "m"."BaseUrl", "m"."LastSeenUtc", "m"."MetadataJson", "m"."Name", "m"."Status"
FROM "AgentToolBindings" AS "a"
INNER JOIN "Tools" AS "t" ON "a"."ToolId" = "t"."Id"
INNER JOIN "McpServers" AS "m" ON "t"."McpServerId" = "m"."Id"
WHERE "a"."AgentId" = @__agentId_0 AND "a"."Enabled"
2025-09-03 21:22:26.660 +02:00 [INF] Executed DbCommand (0ms) [Parameters=[@__sessionId_0='?' (DbType = Guid), @__p_1='?' (DbType = Int32)], CommandType='"Text"', CommandTimeout='30']
SELECT "m"."Id", "m"."Content", "m"."CreatedUtc", "m"."Kind", "m"."Role", "m"."SessionId", "m"."TokenUsageJson"
FROM "Messages" AS "m"
WHERE "m"."SessionId" = @__sessionId_0
ORDER BY "m"."CreatedUtc" DESC
LIMIT @__p_1
2025-09-03 21:22:29.286 +02:00 [INF] Executed DbCommand (12ms) [Parameters=[@p0='?' (DbType = Guid), @p1='?' (Size = 827), @p2='?' (DbType = DateTime), @p3='?', @p4='?' (Size = 9), @p5='?' (DbType = Guid), @p6='?'], CommandType='"Text"', CommandTimeout='30']
INSERT INTO "Messages" ("Id", "Content", "CreatedUtc", "Kind", "Role", "SessionId", "TokenUsageJson")
VALUES (@p0, @p1, @p2, @p3, @p4, @p5, @p6);
2025-09-03 21:22:29.295 +02:00 [INF] Executed DbCommand (3ms) [Parameters=[@p0='?' (DbType = Guid), @p1='?' (Size = 827), @p2='?' (DbType = DateTime), @p3='?', @p4='?' (Size = 9), @p5='?' (DbType = Guid), @p6='?'], CommandType='"Text"', CommandTimeout='30']
INSERT INTO "Messages" ("Id", "Content", "CreatedUtc", "Kind", "Role", "SessionId", "TokenUsageJson")
VALUES (@p0, @p1, @p2, @p3, @p4, @p5, @p6);
2025-09-03 21:22:47.398 +02:00 [INF] Request starting HTTP/1.1 OPTIONS http://localhost:5088/hubs/trace/negotiate?negotiateVersion=1 - null null
2025-09-03 21:22:47.399 +02:00 [INF] Executed endpoint '/hubs/trace'
2025-09-03 21:22:47.406 +02:00 [INF] CORS policy execution successful.
2025-09-03 21:22:47.410 +02:00 [INF] Request finished HTTP/1.1 GET http://localhost:5088/hubs/trace?id=7TUHYWscAKlFANFARvnE9Q - 101 null null 39797.2876ms
2025-09-03 21:22:47.414 +02:00 [INF] Request finished HTTP/1.1 OPTIONS http://localhost:5088/hubs/trace/negotiate?negotiateVersion=1 - 204 null null 16.5713ms
2025-09-03 21:22:47.417 +02:00 [INF] Request starting HTTP/1.1 POST http://localhost:5088/hubs/trace/negotiate?negotiateVersion=1 - null 0
2025-09-03 21:22:47.431 +02:00 [INF] CORS policy execution successful.
2025-09-03 21:22:47.436 +02:00 [INF] ApiKey was not authenticated. Failure message: Missing API key
2025-09-03 21:22:47.440 +02:00 [INF] Executing endpoint '/hubs/trace/negotiate'
2025-09-03 21:22:47.445 +02:00 [INF] Executed endpoint '/hubs/trace/negotiate'
2025-09-03 21:22:47.450 +02:00 [INF] Request finished HTTP/1.1 POST http://localhost:5088/hubs/trace/negotiate?negotiateVersion=1 - 200 316 application/json 32.9832ms
2025-09-03 21:22:47.452 +02:00 [INF] Request starting HTTP/1.1 GET http://localhost:5088/hubs/trace?id=x54JArlJPOYD4VQlJewJmA - null null
2025-09-03 21:22:47.461 +02:00 [INF] CORS policy execution successful.
2025-09-03 21:22:47.465 +02:00 [INF] ApiKey was not authenticated. Failure message: Missing API key
2025-09-03 21:22:47.470 +02:00 [INF] Executing endpoint '/hubs/trace'
2025-09-03 21:23:43.359 +02:00 [INF] Request starting HTTP/1.1 OPTIONS http://localhost:5088/hubs/trace/negotiate?negotiateVersion=1 - null null
2025-09-03 21:23:43.362 +02:00 [INF] Executed endpoint '/hubs/trace'
2025-09-03 21:23:43.368 +02:00 [INF] CORS policy execution successful.
2025-09-03 21:23:43.373 +02:00 [INF] Request finished HTTP/1.1 GET http://localhost:5088/hubs/trace?id=x54JArlJPOYD4VQlJewJmA - 101 null null 55920.473ms
2025-09-03 21:23:43.378 +02:00 [INF] Request finished HTTP/1.1 OPTIONS http://localhost:5088/hubs/trace/negotiate?negotiateVersion=1 - 204 null null 18.6745ms
2025-09-03 21:23:43.380 +02:00 [INF] Request starting HTTP/1.1 POST http://localhost:5088/hubs/trace/negotiate?negotiateVersion=1 - null 0
2025-09-03 21:23:43.393 +02:00 [INF] CORS policy execution successful.
2025-09-03 21:23:43.399 +02:00 [INF] ApiKey was not authenticated. Failure message: Missing API key
2025-09-03 21:23:43.406 +02:00 [INF] Executing endpoint '/hubs/trace/negotiate'
2025-09-03 21:23:43.413 +02:00 [INF] Executed endpoint '/hubs/trace/negotiate'
2025-09-03 21:23:43.418 +02:00 [INF] Request finished HTTP/1.1 POST http://localhost:5088/hubs/trace/negotiate?negotiateVersion=1 - 200 316 application/json 38.3768ms
2025-09-03 21:23:43.423 +02:00 [INF] Request starting HTTP/1.1 GET http://localhost:5088/hubs/trace?id=vMDY7cpTHhHlRwdbPHB6nw - null null
2025-09-03 21:23:43.435 +02:00 [INF] CORS policy execution successful.
2025-09-03 21:23:43.441 +02:00 [INF] ApiKey was not authenticated. Failure message: Missing API key
2025-09-03 21:23:43.448 +02:00 [INF] Executing endpoint '/hubs/trace'
2025-09-03 21:24:16.298 +02:00 [INF] Executed endpoint '/hubs/trace'
2025-09-03 21:24:16.305 +02:00 [INF] Request finished HTTP/1.1 GET http://localhost:5088/hubs/trace?id=vMDY7cpTHhHlRwdbPHB6nw - 101 null null 32881.9016ms
2025-09-03 21:24:17.133 +02:00 [INF] Request starting HTTP/1.1 OPTIONS http://localhost:5088/agents/1e3a6b41-b07b-4cde-8612-9188689c9609 - null null
2025-09-03 21:24:17.138 +02:00 [INF] Request starting HTTP/1.1 OPTIONS http://localhost:5088/agents/1e3a6b41-b07b-4cde-8612-9188689c9609/bindings - null null
2025-09-03 21:24:17.144 +02:00 [INF] CORS policy execution successful.
2025-09-03 21:24:17.152 +02:00 [INF] CORS policy execution successful.
2025-09-03 21:24:17.159 +02:00 [INF] Request finished HTTP/1.1 OPTIONS http://localhost:5088/agents/1e3a6b41-b07b-4cde-8612-9188689c9609 - 204 null null 26.8881ms
2025-09-03 21:24:17.167 +02:00 [INF] Request finished HTTP/1.1 OPTIONS http://localhost:5088/agents/1e3a6b41-b07b-4cde-8612-9188689c9609/bindings - 204 null null 29.4203ms
2025-09-03 21:24:17.186 +02:00 [INF] Request starting HTTP/1.1 GET http://localhost:5088/agents/1e3a6b41-b07b-4cde-8612-9188689c9609 - application/json null
2025-09-03 21:24:17.186 +02:00 [INF] Request starting HTTP/1.1 GET http://localhost:5088/agents/1e3a6b41-b07b-4cde-8612-9188689c9609/bindings - application/json null
2025-09-03 21:24:17.200 +02:00 [INF] CORS policy execution successful.
2025-09-03 21:24:17.207 +02:00 [INF] CORS policy execution successful.
2025-09-03 21:24:17.230 +02:00 [INF] Executing endpoint 'HTTP: GET /agents/{id:guid}'
2025-09-03 21:24:17.235 +02:00 [INF] Executing endpoint 'HTTP: GET /agents/{id:guid}/bindings'
2025-09-03 21:24:17.252 +02:00 [INF] Executed DbCommand (1ms) [Parameters=[@__p_0='?' (DbType = Guid)], CommandType='"Text"', CommandTimeout='30']
SELECT "a"."Id", "a"."AllowUnknownTools", "a"."AllowedToolsCsv", "a"."Autonomy", "a"."BlockedToolsCsv", "a"."CreatedUtc", "a"."GuardrailsJson", "a"."Name", "a"."ParamsJson", "a"."PlannerMaxSteps", "a"."PlannerMaxTokens", "a"."PlannerStop", "a"."PlannerTemperature", "a"."PlannerTopP", "a"."Provider", "a"."SystemPrompt", "a"."Temperature", "a"."TemplateRef", "a"."TokenBudget", "a"."ToolBudget", "a"."TopP", "a"."UpdatedUtc"
FROM "Agents" AS "a"
WHERE "a"."Id" = @__p_0
LIMIT 1
2025-09-03 21:24:17.257 +02:00 [INF] Executed DbCommand (1ms) [Parameters=[@__agentId_0='?' (DbType = Guid)], CommandType='"Text"', CommandTimeout='30']
SELECT "a"."Id", "a"."AgentId", "a"."ConfigJson", "a"."Enabled", "a"."ToolId"
FROM "AgentToolBindings" AS "a"
WHERE "a"."AgentId" = @__agentId_0
2025-09-03 21:24:17.284 +02:00 [INF] Setting HTTP status code 200.
2025-09-03 21:24:17.317 +02:00 [INF] Setting HTTP status code 200.
2025-09-03 21:24:17.321 +02:00 [INF] Writing value of type 'AgentResponse' as Json.
2025-09-03 21:24:17.327 +02:00 [INF] Writing value of type 'List`1' as Json.
2025-09-03 21:24:17.333 +02:00 [INF] Executed endpoint 'HTTP: GET /agents/{id:guid}'
2025-09-03 21:24:17.338 +02:00 [INF] Executed endpoint 'HTTP: GET /agents/{id:guid}/bindings'
2025-09-03 21:24:17.348 +02:00 [INF] Request finished HTTP/1.1 GET http://localhost:5088/agents/1e3a6b41-b07b-4cde-8612-9188689c9609 - 200 null application/json; charset=utf-8 161.9653ms
2025-09-03 21:24:17.354 +02:00 [INF] Request finished HTTP/1.1 GET http://localhost:5088/agents/1e3a6b41-b07b-4cde-8612-9188689c9609/bindings - 200 null application/json; charset=utf-8 168.4406ms
2025-09-03 21:24:18.403 +02:00 [INF] Request starting HTTP/1.1 OPTIONS http://localhost:5088/sessions - null null
2025-09-03 21:24:18.410 +02:00 [INF] CORS policy execution successful.
2025-09-03 21:24:18.416 +02:00 [INF] Request finished HTTP/1.1 OPTIONS http://localhost:5088/sessions - 204 null null 12.7804ms
2025-09-03 21:24:18.421 +02:00 [INF] Request starting HTTP/1.1 POST http://localhost:5088/sessions - application/json 50
2025-09-03 21:24:18.426 +02:00 [INF] CORS policy execution successful.
2025-09-03 21:24:18.432 +02:00 [INF] Executing endpoint 'HTTP: POST /sessions/'
2025-09-03 21:24:18.437 +02:00 [INF] Executed DbCommand (0ms) [Parameters=[@__p_0='?' (DbType = Guid)], CommandType='"Text"', CommandTimeout='30']
SELECT "a"."Id", "a"."AllowUnknownTools", "a"."AllowedToolsCsv", "a"."Autonomy", "a"."BlockedToolsCsv", "a"."CreatedUtc", "a"."GuardrailsJson", "a"."Name", "a"."ParamsJson", "a"."PlannerMaxSteps", "a"."PlannerMaxTokens", "a"."PlannerStop", "a"."PlannerTemperature", "a"."PlannerTopP", "a"."Provider", "a"."SystemPrompt", "a"."Temperature", "a"."TemplateRef", "a"."TokenBudget", "a"."ToolBudget", "a"."TopP", "a"."UpdatedUtc"
FROM "Agents" AS "a"
WHERE "a"."Id" = @__p_0
LIMIT 1
2025-09-03 21:24:18.456 +02:00 [INF] Executed DbCommand (11ms) [Parameters=[@p0='?' (DbType = Guid), @p1='?' (DbType = Guid), @p2='?' (DbType = DateTime), @p3='?' (DbType = Int32), @p4='?' (DbType = DateTime), @p5='?' (Size = 7), @p6='?'], CommandType='"Text"', CommandTimeout='30']
INSERT INTO "Sessions" ("Id", "AgentId", "EndedUtc", "LastEventIdx", "StartedUtc", "Status", "UserId")
VALUES (@p0, @p1, @p2, @p3, @p4, @p5, @p6);
2025-09-03 21:24:18.465 +02:00 [INF] Setting HTTP status code 201.
2025-09-03 21:24:18.469 +02:00 [INF] Writing value of type 'SessionCreatedResponse' as Json.
2025-09-03 21:24:18.474 +02:00 [INF] Executed endpoint 'HTTP: POST /sessions/'
2025-09-03 21:24:18.482 +02:00 [INF] Request finished HTTP/1.1 POST http://localhost:5088/sessions - 201 null application/json; charset=utf-8 60.5239ms
2025-09-03 21:24:18.505 +02:00 [INF] Request starting HTTP/1.1 OPTIONS http://localhost:5088/hubs/trace/negotiate?negotiateVersion=1 - null null
2025-09-03 21:24:18.514 +02:00 [INF] CORS policy execution successful.
2025-09-03 21:24:18.520 +02:00 [INF] Request finished HTTP/1.1 OPTIONS http://localhost:5088/hubs/trace/negotiate?negotiateVersion=1 - 204 null null 14.9805ms
2025-09-03 21:24:18.523 +02:00 [INF] Request starting HTTP/1.1 POST http://localhost:5088/hubs/trace/negotiate?negotiateVersion=1 - null 0
2025-09-03 21:24:18.534 +02:00 [INF] CORS policy execution successful.
2025-09-03 21:24:18.539 +02:00 [INF] ApiKey was not authenticated. Failure message: Missing API key
2025-09-03 21:24:18.545 +02:00 [INF] Executing endpoint '/hubs/trace/negotiate'
2025-09-03 21:24:18.551 +02:00 [INF] Executed endpoint '/hubs/trace/negotiate'
2025-09-03 21:24:18.557 +02:00 [INF] Request finished HTTP/1.1 POST http://localhost:5088/hubs/trace/negotiate?negotiateVersion=1 - 200 316 application/json 34.5722ms
2025-09-03 21:24:18.561 +02:00 [INF] Request starting HTTP/1.1 GET http://localhost:5088/hubs/trace?id=1Bd5xS_XJOAOqJOjvF3eiw - null null
2025-09-03 21:24:18.570 +02:00 [INF] CORS policy execution successful.
2025-09-03 21:24:18.576 +02:00 [INF] ApiKey was not authenticated. Failure message: Missing API key
2025-09-03 21:24:18.582 +02:00 [INF] Executing endpoint '/hubs/trace'
2025-09-03 21:24:19.870 +02:00 [INF] Request starting HTTP/1.1 OPTIONS http://localhost:5088/sessions/d1580476-b45f-43df-ad06-b2a8c0f2c2c0/messages - null null
2025-09-03 21:24:19.877 +02:00 [INF] CORS policy execution successful.
2025-09-03 21:24:19.882 +02:00 [INF] Request finished HTTP/1.1 OPTIONS http://localhost:5088/sessions/d1580476-b45f-43df-ad06-b2a8c0f2c2c0/messages - 204 null null 12.3684ms
2025-09-03 21:24:19.888 +02:00 [INF] Request starting HTTP/1.1 POST http://localhost:5088/sessions/d1580476-b45f-43df-ad06-b2a8c0f2c2c0/messages - application/json 47
2025-09-03 21:24:19.893 +02:00 [INF] CORS policy execution successful.
2025-09-03 21:24:19.899 +02:00 [INF] Executing endpoint 'HTTP: POST /sessions/{id:guid}/messages'
2025-09-03 21:24:19.905 +02:00 [INF] Executed DbCommand (0ms) [Parameters=[@__p_0='?' (DbType = Guid)], CommandType='"Text"', CommandTimeout='30']
SELECT "s"."Id", "s"."AgentId", "s"."EndedUtc", "s"."LastEventIdx", "s"."StartedUtc", "s"."Status", "s"."UserId"
FROM "Sessions" AS "s"
WHERE "s"."Id" = @__p_0
LIMIT 1
2025-09-03 21:24:19.927 +02:00 [INF] Executed DbCommand (12ms) [Parameters=[@p0='?' (DbType = Guid), @p1='?' (Size = 31), @p2='?' (DbType = DateTime), @p3='?', @p4='?' (Size = 4), @p5='?' (DbType = Guid), @p6='?'], CommandType='"Text"', CommandTimeout='30']
INSERT INTO "Messages" ("Id", "Content", "CreatedUtc", "Kind", "Role", "SessionId", "TokenUsageJson")
VALUES (@p0, @p1, @p2, @p3, @p4, @p5, @p6);
2025-09-03 21:24:19.936 +02:00 [INF] Setting HTTP status code 202.
2025-09-03 21:24:19.937 +02:00 [INF] Executed DbCommand (0ms) [Parameters=[@__p_0='?' (DbType = Guid)], CommandType='"Text"', CommandTimeout='30']
SELECT "a"."Id", "a"."AllowUnknownTools", "a"."AllowedToolsCsv", "a"."Autonomy", "a"."BlockedToolsCsv", "a"."CreatedUtc", "a"."GuardrailsJson", "a"."Name", "a"."ParamsJson", "a"."PlannerMaxSteps", "a"."PlannerMaxTokens", "a"."PlannerStop", "a"."PlannerTemperature", "a"."PlannerTopP", "a"."Provider", "a"."SystemPrompt", "a"."Temperature", "a"."TemplateRef", "a"."TokenBudget", "a"."ToolBudget", "a"."TopP", "a"."UpdatedUtc"
FROM "Agents" AS "a"
WHERE "a"."Id" = @__p_0
LIMIT 1
2025-09-03 21:24:19.941 +02:00 [INF] Writing value of type 'AcceptedResponse' as Json.
2025-09-03 21:24:19.955 +02:00 [INF] Executed DbCommand (3ms) [Parameters=[@p0='?' (DbType = Guid), @p1='?' (Size = 31), @p2='?' (DbType = DateTime), @p3='?', @p4='?' (Size = 4), @p5='?' (DbType = Guid), @p6='?'], CommandType='"Text"', CommandTimeout='30']
INSERT INTO "Messages" ("Id", "Content", "CreatedUtc", "Kind", "Role", "SessionId", "TokenUsageJson")
VALUES (@p0, @p1, @p2, @p3, @p4, @p5, @p6);
2025-09-03 21:24:19.955 +02:00 [INF] Executed endpoint 'HTTP: POST /sessions/{id:guid}/messages'
2025-09-03 21:24:19.967 +02:00 [INF] Executed DbCommand (0ms) [Parameters=[@__agentId_0='?' (DbType = Guid)], CommandType='"Text"', CommandTimeout='30']
SELECT "a"."Id", "a"."AgentId", "a"."ConfigJson", "a"."Enabled", "a"."ToolId", "t"."Id", "t"."Description", "t"."Enabled", "t"."InputSchemaJson", "t"."McpServerId", "t"."Name", "t"."Scope", "m"."Id", "m"."AuthType", "m"."BaseUrl", "m"."LastSeenUtc", "m"."MetadataJson", "m"."Name", "m"."Status"
FROM "AgentToolBindings" AS "a"
INNER JOIN "Tools" AS "t" ON "a"."ToolId" = "t"."Id"
INNER JOIN "McpServers" AS "m" ON "t"."McpServerId" = "m"."Id"
WHERE "a"."AgentId" = @__agentId_0 AND "a"."Enabled"
2025-09-03 21:24:19.971 +02:00 [INF] Request finished HTTP/1.1 POST http://localhost:5088/sessions/d1580476-b45f-43df-ad06-b2a8c0f2c2c0/messages - 202 null application/json; charset=utf-8 83.1494ms
2025-09-03 21:24:19.981 +02:00 [INF] Executed DbCommand (0ms) [Parameters=[@__agentId_0='?' (DbType = Guid)], CommandType='"Text"', CommandTimeout='30']
SELECT "a"."Id", "a"."AgentId", "a"."ConfigJson", "a"."Enabled", "a"."ToolId", "t"."Id", "t"."Description", "t"."Enabled", "t"."InputSchemaJson", "t"."McpServerId", "t"."Name", "t"."Scope", "m"."Id", "m"."AuthType", "m"."BaseUrl", "m"."LastSeenUtc", "m"."MetadataJson", "m"."Name", "m"."Status"
FROM "AgentToolBindings" AS "a"
INNER JOIN "Tools" AS "t" ON "a"."ToolId" = "t"."Id"
INNER JOIN "McpServers" AS "m" ON "t"."McpServerId" = "m"."Id"
WHERE "a"."AgentId" = @__agentId_0 AND "a"."Enabled"
2025-09-03 21:24:19.994 +02:00 [INF] Executed DbCommand (0ms) [Parameters=[@__sessionId_0='?' (DbType = Guid), @__kind_1='?' (Size = 11), @__p_2='?' (DbType = Int32)], CommandType='"Text"', CommandTimeout='30']
SELECT "m"."Id", "m"."Content", "m"."CreatedUtc", "m"."Kind", "m"."Role", "m"."SessionId", "m"."TokenUsageJson"
FROM "Messages" AS "m"
WHERE "m"."SessionId" = @__sessionId_0 AND "m"."Kind" = @__kind_1
ORDER BY "m"."CreatedUtc" DESC
LIMIT @__p_2
2025-09-03 21:24:20.003 +02:00 [INF] Executed DbCommand (0ms) [Parameters=[@__sessionId_0='?' (DbType = Guid), @__p_1='?' (DbType = Int32)], CommandType='"Text"', CommandTimeout='30']
SELECT "m"."Id", "m"."Content", "m"."CreatedUtc", "m"."Kind", "m"."Role", "m"."SessionId", "m"."TokenUsageJson"
FROM "Messages" AS "m"
WHERE "m"."SessionId" = @__sessionId_0
ORDER BY "m"."CreatedUtc" DESC
LIMIT @__p_1
2025-09-03 21:24:20.015 +02:00 [INF] Executed DbCommand (0ms) [Parameters=[@__agentId_0='?' (DbType = Guid)], CommandType='"Text"', CommandTimeout='30']
SELECT "a"."Id", "a"."AgentId", "a"."ConfigJson", "a"."Enabled", "a"."ToolId", "t"."Id", "t"."Description", "t"."Enabled", "t"."InputSchemaJson", "t"."McpServerId", "t"."Name", "t"."Scope", "m"."Id", "m"."AuthType", "m"."BaseUrl", "m"."LastSeenUtc", "m"."MetadataJson", "m"."Name", "m"."Status"
FROM "AgentToolBindings" AS "a"
INNER JOIN "Tools" AS "t" ON "a"."ToolId" = "t"."Id"
INNER JOIN "McpServers" AS "m" ON "t"."McpServerId" = "m"."Id"
WHERE "a"."AgentId" = @__agentId_0 AND "a"."Enabled"
2025-09-03 21:24:20.026 +02:00 [INF] Executed DbCommand (1ms) [Parameters=[@__agentId_0='?' (DbType = Guid)], CommandType='"Text"', CommandTimeout='30']
SELECT "a"."Id", "a"."AgentId", "a"."ConfigJson", "a"."Enabled", "a"."ToolId", "t"."Id", "t"."Description", "t"."Enabled", "t"."InputSchemaJson", "t"."McpServerId", "t"."Name", "t"."Scope", "m"."Id", "m"."AuthType", "m"."BaseUrl", "m"."LastSeenUtc", "m"."MetadataJson", "m"."Name", "m"."Status"
FROM "AgentToolBindings" AS "a"
INNER JOIN "Tools" AS "t" ON "a"."ToolId" = "t"."Id"
INNER JOIN "McpServers" AS "m" ON "t"."McpServerId" = "m"."Id"
WHERE "a"."AgentId" = @__agentId_0 AND "a"."Enabled"
2025-09-03 21:24:21.175 +02:00 [INF] Executed DbCommand (0ms) [Parameters=[@__sessionId_0='?' (DbType = Guid), @__p_1='?' (DbType = Int32)], CommandType='"Text"', CommandTimeout='30']
SELECT "m"."Id", "m"."Content", "m"."CreatedUtc", "m"."Kind", "m"."Role", "m"."SessionId", "m"."TokenUsageJson"
FROM "Messages" AS "m"
WHERE "m"."SessionId" = @__sessionId_0
ORDER BY "m"."CreatedUtc" DESC
LIMIT @__p_1
2025-09-03 21:24:23.545 +02:00 [INF] Executed DbCommand (12ms) [Parameters=[@p0='?' (DbType = Guid), @p1='?' (Size = 876), @p2='?' (DbType = DateTime), @p3='?', @p4='?' (Size = 9), @p5='?' (DbType = Guid), @p6='?'], CommandType='"Text"', CommandTimeout='30']
INSERT INTO "Messages" ("Id", "Content", "CreatedUtc", "Kind", "Role", "SessionId", "TokenUsageJson")
VALUES (@p0, @p1, @p2, @p3, @p4, @p5, @p6);
2025-09-03 21:24:23.558 +02:00 [INF] Executed DbCommand (3ms) [Parameters=[@p0='?' (DbType = Guid), @p1='?' (Size = 876), @p2='?' (DbType = DateTime), @p3='?', @p4='?' (Size = 9), @p5='?' (DbType = Guid), @p6='?'], CommandType='"Text"', CommandTimeout='30']
INSERT INTO "Messages" ("Id", "Content", "CreatedUtc", "Kind", "Role", "SessionId", "TokenUsageJson")
VALUES (@p0, @p1, @p2, @p3, @p4, @p5, @p6);
2025-09-03 21:24:26.343 +02:00 [INF] Request starting HTTP/1.1 OPTIONS http://localhost:5088/hubs/trace/negotiate?negotiateVersion=1 - null null
2025-09-03 21:24:26.343 +02:00 [INF] Executed endpoint '/hubs/trace'
2025-09-03 21:24:26.349 +02:00 [INF] CORS policy execution successful.
2025-09-03 21:24:26.354 +02:00 [INF] Request finished HTTP/1.1 GET http://localhost:5088/hubs/trace?id=1Bd5xS_XJOAOqJOjvF3eiw - 101 null null 7793.359ms
2025-09-03 21:24:26.358 +02:00 [INF] Request finished HTTP/1.1 OPTIONS http://localhost:5088/hubs/trace/negotiate?negotiateVersion=1 - 204 null null 15.2818ms
2025-09-03 21:24:26.360 +02:00 [INF] Request starting HTTP/1.1 POST http://localhost:5088/hubs/trace/negotiate?negotiateVersion=1 - null 0
2025-09-03 21:24:26.375 +02:00 [INF] CORS policy execution successful.
2025-09-03 21:24:26.380 +02:00 [INF] ApiKey was not authenticated. Failure message: Missing API key
2025-09-03 21:24:26.387 +02:00 [INF] Executing endpoint '/hubs/trace/negotiate'
2025-09-03 21:24:26.392 +02:00 [INF] Executed endpoint '/hubs/trace/negotiate'
2025-09-03 21:24:26.398 +02:00 [INF] Request finished HTTP/1.1 POST http://localhost:5088/hubs/trace/negotiate?negotiateVersion=1 - 200 316 application/json 38.2007ms
2025-09-03 21:24:26.401 +02:00 [INF] Request starting HTTP/1.1 GET http://localhost:5088/hubs/trace?id=RiQ5lOVFrgFo-uPuQE7gTA - null null
2025-09-03 21:24:26.410 +02:00 [INF] CORS policy execution successful.
2025-09-03 21:24:26.416 +02:00 [INF] ApiKey was not authenticated. Failure message: Missing API key
2025-09-03 21:24:26.421 +02:00 [INF] Executing endpoint '/hubs/trace'
2025-09-03 21:25:06.356 +02:00 [INF] Request starting HTTP/1.1 OPTIONS http://localhost:5088/hubs/trace/negotiate?negotiateVersion=1 - null null
2025-09-03 21:25:06.358 +02:00 [INF] Executed endpoint '/hubs/trace'
2025-09-03 21:25:06.365 +02:00 [INF] CORS policy execution successful.
2025-09-03 21:25:06.371 +02:00 [INF] Request finished HTTP/1.1 GET http://localhost:5088/hubs/trace?id=RiQ5lOVFrgFo-uPuQE7gTA - 101 null null 39970.8995ms
2025-09-03 21:25:06.377 +02:00 [INF] Request finished HTTP/1.1 OPTIONS http://localhost:5088/hubs/trace/negotiate?negotiateVersion=1 - 204 null null 21.8884ms
2025-09-03 21:25:06.380 +02:00 [INF] Request starting HTTP/1.1 POST http://localhost:5088/hubs/trace/negotiate?negotiateVersion=1 - null 0
2025-09-03 21:25:06.397 +02:00 [INF] CORS policy execution successful.
2025-09-03 21:25:06.403 +02:00 [INF] ApiKey was not authenticated. Failure message: Missing API key
2025-09-03 21:25:06.409 +02:00 [INF] Executing endpoint '/hubs/trace/negotiate'
2025-09-03 21:25:06.416 +02:00 [INF] Executed endpoint '/hubs/trace/negotiate'
2025-09-03 21:25:06.422 +02:00 [INF] Request finished HTTP/1.1 POST http://localhost:5088/hubs/trace/negotiate?negotiateVersion=1 - 200 316 application/json 42.0741ms
2025-09-03 21:25:06.425 +02:00 [INF] Request starting HTTP/1.1 GET http://localhost:5088/hubs/trace?id=TQZ3UbqvVezXdgruFUtS5Q - null null
2025-09-03 21:25:06.435 +02:00 [INF] CORS policy execution successful.
2025-09-03 21:25:06.441 +02:00 [INF] ApiKey was not authenticated. Failure message: Missing API key
2025-09-03 21:25:06.446 +02:00 [INF] Executing endpoint '/hubs/trace'
2025-09-03 21:25:16.342 +02:00 [INF] Request starting HTTP/1.1 OPTIONS http://localhost:5088/hubs/trace/negotiate?negotiateVersion=1 - null null
2025-09-03 21:25:16.342 +02:00 [INF] Executed endpoint '/hubs/trace'
2025-09-03 21:25:16.348 +02:00 [INF] CORS policy execution successful.
2025-09-03 21:25:16.354 +02:00 [INF] Request finished HTTP/1.1 GET http://localhost:5088/hubs/trace?id=TQZ3UbqvVezXdgruFUtS5Q - 101 null null 9928.3702ms
2025-09-03 21:25:16.358 +02:00 [INF] Request finished HTTP/1.1 OPTIONS http://localhost:5088/hubs/trace/negotiate?negotiateVersion=1 - 204 null null 17.156ms
2025-09-03 21:25:16.361 +02:00 [INF] Request starting HTTP/1.1 POST http://localhost:5088/hubs/trace/negotiate?negotiateVersion=1 - null 0
2025-09-03 21:25:16.373 +02:00 [INF] CORS policy execution successful.
2025-09-03 21:25:16.378 +02:00 [INF] ApiKey was not authenticated. Failure message: Missing API key
2025-09-03 21:25:16.382 +02:00 [INF] Executing endpoint '/hubs/trace/negotiate'
2025-09-03 21:25:16.386 +02:00 [INF] Executed endpoint '/hubs/trace/negotiate'
2025-09-03 21:25:16.392 +02:00 [INF] Request finished HTTP/1.1 POST http://localhost:5088/hubs/trace/negotiate?negotiateVersion=1 - 200 316 application/json 31.0244ms
2025-09-03 21:25:16.395 +02:00 [INF] Request starting HTTP/1.1 GET http://localhost:5088/hubs/trace?id=e3oUgbfB2ZsJQ64j8tGpWA - null null
2025-09-03 21:25:16.404 +02:00 [INF] CORS policy execution successful.
2025-09-03 21:25:16.409 +02:00 [INF] ApiKey was not authenticated. Failure message: Missing API key
2025-09-03 21:25:16.414 +02:00 [INF] Executing endpoint '/hubs/trace'
2025-09-03 21:25:30.349 +02:00 [INF] Request starting HTTP/1.1 OPTIONS http://localhost:5088/hubs/trace/negotiate?negotiateVersion=1 - null null
2025-09-03 21:25:30.349 +02:00 [INF] Executed endpoint '/hubs/trace'
2025-09-03 21:25:30.355 +02:00 [INF] CORS policy execution successful.
2025-09-03 21:25:30.359 +02:00 [INF] Request finished HTTP/1.1 GET http://localhost:5088/hubs/trace?id=e3oUgbfB2ZsJQ64j8tGpWA - 101 null null 13964.7939ms
2025-09-03 21:25:30.363 +02:00 [INF] Request finished HTTP/1.1 OPTIONS http://localhost:5088/hubs/trace/negotiate?negotiateVersion=1 - 204 null null 14.6684ms
2025-09-03 21:25:30.365 +02:00 [INF] Request starting HTTP/1.1 POST http://localhost:5088/hubs/trace/negotiate?negotiateVersion=1 - null 0
2025-09-03 21:25:30.379 +02:00 [INF] CORS policy execution successful.
2025-09-03 21:25:30.385 +02:00 [INF] ApiKey was not authenticated. Failure message: Missing API key
2025-09-03 21:25:30.389 +02:00 [INF] Executing endpoint '/hubs/trace/negotiate'
2025-09-03 21:25:30.394 +02:00 [INF] Executed endpoint '/hubs/trace/negotiate'
2025-09-03 21:25:30.399 +02:00 [INF] Request finished HTTP/1.1 POST http://localhost:5088/hubs/trace/negotiate?negotiateVersion=1 - 200 316 application/json 33.9693ms
2025-09-03 21:25:30.401 +02:00 [INF] Request starting HTTP/1.1 GET http://localhost:5088/hubs/trace?id=csQTYBwluFnTw0b5GQQD_A - null null
2025-09-03 21:25:30.410 +02:00 [INF] CORS policy execution successful.
2025-09-03 21:25:30.414 +02:00 [INF] ApiKey was not authenticated. Failure message: Missing API key
2025-09-03 21:25:30.419 +02:00 [INF] Executing endpoint '/hubs/trace'
2025-09-03 21:25:40.386 +02:00 [INF] Executed endpoint '/hubs/trace'
2025-09-03 21:25:40.393 +02:00 [INF] Request finished HTTP/1.1 GET http://localhost:5088/hubs/trace?id=csQTYBwluFnTw0b5GQQD_A - 101 null null 9991.5686ms
2025-09-03 21:25:41.036 +02:00 [INF] Request starting HTTP/1.1 OPTIONS http://localhost:5088/agents/1e3a6b41-b07b-4cde-8612-9188689c9609 - null null
2025-09-03 21:25:41.039 +02:00 [INF] Request starting HTTP/1.1 OPTIONS http://localhost:5088/agents/1e3a6b41-b07b-4cde-8612-9188689c9609/bindings - null null
2025-09-03 21:25:41.045 +02:00 [INF] CORS policy execution successful.
2025-09-03 21:25:41.052 +02:00 [INF] CORS policy execution successful.
2025-09-03 21:25:41.058 +02:00 [INF] Request finished HTTP/1.1 OPTIONS http://localhost:5088/agents/1e3a6b41-b07b-4cde-8612-9188689c9609 - 204 null null 21.9868ms
2025-09-03 21:25:41.065 +02:00 [INF] Request finished HTTP/1.1 OPTIONS http://localhost:5088/agents/1e3a6b41-b07b-4cde-8612-9188689c9609/bindings - 204 null null 26.5992ms
2025-09-03 21:25:41.073 +02:00 [INF] Request starting HTTP/1.1 GET http://localhost:5088/agents/1e3a6b41-b07b-4cde-8612-9188689c9609 - application/json null
2025-09-03 21:25:41.083 +02:00 [INF] Request starting HTTP/1.1 GET http://localhost:5088/agents/1e3a6b41-b07b-4cde-8612-9188689c9609/bindings - application/json null
2025-09-03 21:25:41.090 +02:00 [INF] CORS policy execution successful.
2025-09-03 21:25:41.099 +02:00 [INF] CORS policy execution successful.
2025-09-03 21:25:41.106 +02:00 [INF] Executing endpoint 'HTTP: GET /agents/{id:guid}'
2025-09-03 21:25:41.114 +02:00 [INF] Executing endpoint 'HTTP: GET /agents/{id:guid}/bindings'
2025-09-03 21:25:41.122 +02:00 [INF] Executed DbCommand (0ms) [Parameters=[@__p_0='?' (DbType = Guid)], CommandType='"Text"', CommandTimeout='30']
SELECT "a"."Id", "a"."AllowUnknownTools", "a"."AllowedToolsCsv", "a"."Autonomy", "a"."BlockedToolsCsv", "a"."CreatedUtc", "a"."GuardrailsJson", "a"."Name", "a"."ParamsJson", "a"."PlannerMaxSteps", "a"."PlannerMaxTokens", "a"."PlannerStop", "a"."PlannerTemperature", "a"."PlannerTopP", "a"."Provider", "a"."SystemPrompt", "a"."Temperature", "a"."TemplateRef", "a"."TokenBudget", "a"."ToolBudget", "a"."TopP", "a"."UpdatedUtc"
FROM "Agents" AS "a"
WHERE "a"."Id" = @__p_0
LIMIT 1
2025-09-03 21:25:41.127 +02:00 [INF] Executed DbCommand (0ms) [Parameters=[@__agentId_0='?' (DbType = Guid)], CommandType='"Text"', CommandTimeout='30']
SELECT "a"."Id", "a"."AgentId", "a"."ConfigJson", "a"."Enabled", "a"."ToolId"
FROM "AgentToolBindings" AS "a"
WHERE "a"."AgentId" = @__agentId_0
2025-09-03 21:25:41.133 +02:00 [INF] Setting HTTP status code 200.
2025-09-03 21:25:41.140 +02:00 [INF] Setting HTTP status code 200.
2025-09-03 21:25:41.145 +02:00 [INF] Writing value of type 'AgentResponse' as Json.
2025-09-03 21:25:41.154 +02:00 [INF] Writing value of type 'List`1' as Json.
2025-09-03 21:25:41.160 +02:00 [INF] Executed endpoint 'HTTP: GET /agents/{id:guid}'
2025-09-03 21:25:41.167 +02:00 [INF] Executed endpoint 'HTTP: GET /agents/{id:guid}/bindings'
2025-09-03 21:25:41.173 +02:00 [INF] Request finished HTTP/1.1 GET http://localhost:5088/agents/1e3a6b41-b07b-4cde-8612-9188689c9609 - 200 null application/json; charset=utf-8 99.9576ms
2025-09-03 21:25:41.180 +02:00 [INF] Request finished HTTP/1.1 GET http://localhost:5088/agents/1e3a6b41-b07b-4cde-8612-9188689c9609/bindings - 200 null application/json; charset=utf-8 96.6769ms
2025-09-03 21:25:42.734 +02:00 [INF] Request starting HTTP/1.1 OPTIONS http://localhost:5088/sessions - null null
2025-09-03 21:25:42.743 +02:00 [INF] CORS policy execution successful.
2025-09-03 21:25:42.750 +02:00 [INF] Request finished HTTP/1.1 OPTIONS http://localhost:5088/sessions - 204 null null 16.4258ms
2025-09-03 21:25:42.757 +02:00 [INF] Request starting HTTP/1.1 POST http://localhost:5088/sessions - application/json 50
2025-09-03 21:25:42.763 +02:00 [INF] CORS policy execution successful.
2025-09-03 21:25:42.771 +02:00 [INF] Executing endpoint 'HTTP: POST /sessions/'
2025-09-03 21:25:42.781 +02:00 [INF] Executed DbCommand (1ms) [Parameters=[@__p_0='?' (DbType = Guid)], CommandType='"Text"', CommandTimeout='30']
SELECT "a"."Id", "a"."AllowUnknownTools", "a"."AllowedToolsCsv", "a"."Autonomy", "a"."BlockedToolsCsv", "a"."CreatedUtc", "a"."GuardrailsJson", "a"."Name", "a"."ParamsJson", "a"."PlannerMaxSteps", "a"."PlannerMaxTokens", "a"."PlannerStop", "a"."PlannerTemperature", "a"."PlannerTopP", "a"."Provider", "a"."SystemPrompt", "a"."Temperature", "a"."TemplateRef", "a"."TokenBudget", "a"."ToolBudget", "a"."TopP", "a"."UpdatedUtc"
FROM "Agents" AS "a"
WHERE "a"."Id" = @__p_0
LIMIT 1
2025-09-03 21:25:42.804 +02:00 [INF] Executed DbCommand (12ms) [Parameters=[@p0='?' (DbType = Guid), @p1='?' (DbType = Guid), @p2='?' (DbType = DateTime), @p3='?' (DbType = Int32), @p4='?' (DbType = DateTime), @p5='?' (Size = 7), @p6='?'], CommandType='"Text"', CommandTimeout='30']
INSERT INTO "Sessions" ("Id", "AgentId", "EndedUtc", "LastEventIdx", "StartedUtc", "Status", "UserId")
VALUES (@p0, @p1, @p2, @p3, @p4, @p5, @p6);
2025-09-03 21:25:42.811 +02:00 [INF] Setting HTTP status code 201.
2025-09-03 21:25:42.817 +02:00 [INF] Writing value of type 'SessionCreatedResponse' as Json.
2025-09-03 21:25:42.822 +02:00 [INF] Executed endpoint 'HTTP: POST /sessions/'
2025-09-03 21:25:42.828 +02:00 [INF] Request finished HTTP/1.1 POST http://localhost:5088/sessions - 201 null application/json; charset=utf-8 70.8301ms
2025-09-03 21:25:42.860 +02:00 [INF] Request starting HTTP/1.1 OPTIONS http://localhost:5088/hubs/trace/negotiate?negotiateVersion=1 - null null
2025-09-03 21:25:42.873 +02:00 [INF] CORS policy execution successful.
2025-09-03 21:25:42.880 +02:00 [INF] Request finished HTTP/1.1 OPTIONS http://localhost:5088/hubs/trace/negotiate?negotiateVersion=1 - 204 null null 20.2908ms
2025-09-03 21:25:42.885 +02:00 [INF] Request starting HTTP/1.1 POST http://localhost:5088/hubs/trace/negotiate?negotiateVersion=1 - null 0
2025-09-03 21:25:42.902 +02:00 [INF] CORS policy execution successful.
2025-09-03 21:25:42.909 +02:00 [INF] ApiKey was not authenticated. Failure message: Missing API key
2025-09-03 21:25:42.918 +02:00 [INF] Executing endpoint '/hubs/trace/negotiate'
2025-09-03 21:25:42.923 +02:00 [INF] Executed endpoint '/hubs/trace/negotiate'
2025-09-03 21:25:42.930 +02:00 [INF] Request finished HTTP/1.1 POST http://localhost:5088/hubs/trace/negotiate?negotiateVersion=1 - 200 316 application/json 45.6486ms
2025-09-03 21:25:42.938 +02:00 [INF] Request starting HTTP/1.1 GET http://localhost:5088/hubs/trace?id=3-qdhxPDpwPG72Pwqedpmw - null null
2025-09-03 21:25:42.945 +02:00 [INF] CORS policy execution successful.
2025-09-03 21:25:42.952 +02:00 [INF] ApiKey was not authenticated. Failure message: Missing API key
2025-09-03 21:25:42.958 +02:00 [INF] Executing endpoint '/hubs/trace'
2025-09-03 21:25:44.322 +02:00 [INF] Request starting HTTP/1.1 OPTIONS http://localhost:5088/sessions/41c0fd29-d244-467c-8405-c48301101a36/messages - null null
2025-09-03 21:25:44.333 +02:00 [INF] CORS policy execution successful.
2025-09-03 21:25:44.338 +02:00 [INF] Request finished HTTP/1.1 OPTIONS http://localhost:5088/sessions/41c0fd29-d244-467c-8405-c48301101a36/messages - 204 null null 15.3836ms
2025-09-03 21:25:44.346 +02:00 [INF] Request starting HTTP/1.1 POST http://localhost:5088/sessions/41c0fd29-d244-467c-8405-c48301101a36/messages - application/json 47
2025-09-03 21:25:44.353 +02:00 [INF] CORS policy execution successful.
2025-09-03 21:25:44.359 +02:00 [INF] Executing endpoint 'HTTP: POST /sessions/{id:guid}/messages'
2025-09-03 21:25:44.377 +02:00 [INF] Executed DbCommand (0ms) [Parameters=[@__p_0='?' (DbType = Guid)], CommandType='"Text"', CommandTimeout='30']
SELECT "s"."Id", "s"."AgentId", "s"."EndedUtc", "s"."LastEventIdx", "s"."StartedUtc", "s"."Status", "s"."UserId"
FROM "Sessions" AS "s"
WHERE "s"."Id" = @__p_0
LIMIT 1
2025-09-03 21:25:44.400 +02:00 [INF] Executed DbCommand (12ms) [Parameters=[@p0='?' (DbType = Guid), @p1='?' (Size = 31), @p2='?' (DbType = DateTime), @p3='?', @p4='?' (Size = 4), @p5='?' (DbType = Guid), @p6='?'], CommandType='"Text"', CommandTimeout='30']
INSERT INTO "Messages" ("Id", "Content", "CreatedUtc", "Kind", "Role", "SessionId", "TokenUsageJson")
VALUES (@p0, @p1, @p2, @p3, @p4, @p5, @p6);
2025-09-03 21:25:44.408 +02:00 [INF] Setting HTTP status code 202.
2025-09-03 21:25:44.409 +02:00 [INF] Executed DbCommand (0ms) [Parameters=[@__p_0='?' (DbType = Guid)], CommandType='"Text"', CommandTimeout='30']
SELECT "a"."Id", "a"."AllowUnknownTools", "a"."AllowedToolsCsv", "a"."Autonomy", "a"."BlockedToolsCsv", "a"."CreatedUtc", "a"."GuardrailsJson", "a"."Name", "a"."ParamsJson", "a"."PlannerMaxSteps", "a"."PlannerMaxTokens", "a"."PlannerStop", "a"."PlannerTemperature", "a"."PlannerTopP", "a"."Provider", "a"."SystemPrompt", "a"."Temperature", "a"."TemplateRef", "a"."TokenBudget", "a"."ToolBudget", "a"."TopP", "a"."UpdatedUtc"
FROM "Agents" AS "a"
WHERE "a"."Id" = @__p_0
LIMIT 1
2025-09-03 21:25:44.413 +02:00 [INF] Writing value of type 'AcceptedResponse' as Json.
2025-09-03 21:25:44.426 +02:00 [INF] Executed endpoint 'HTTP: POST /sessions/{id:guid}/messages'
2025-09-03 21:25:44.428 +02:00 [INF] Executed DbCommand (3ms) [Parameters=[@p0='?' (DbType = Guid), @p1='?' (Size = 31), @p2='?' (DbType = DateTime), @p3='?', @p4='?' (Size = 4), @p5='?' (DbType = Guid), @p6='?'], CommandType='"Text"', CommandTimeout='30']
INSERT INTO "Messages" ("Id", "Content", "CreatedUtc", "Kind", "Role", "SessionId", "TokenUsageJson")
VALUES (@p0, @p1, @p2, @p3, @p4, @p5, @p6);
2025-09-03 21:25:44.439 +02:00 [INF] Request finished HTTP/1.1 POST http://localhost:5088/sessions/41c0fd29-d244-467c-8405-c48301101a36/messages - 202 null application/json; charset=utf-8 93.735ms
2025-09-03 21:25:44.448 +02:00 [INF] Executed DbCommand (1ms) [Parameters=[@__agentId_0='?' (DbType = Guid)], CommandType='"Text"', CommandTimeout='30']
SELECT "a"."Id", "a"."AgentId", "a"."ConfigJson", "a"."Enabled", "a"."ToolId", "t"."Id", "t"."Description", "t"."Enabled", "t"."InputSchemaJson", "t"."McpServerId", "t"."Name", "t"."Scope", "m"."Id", "m"."AuthType", "m"."BaseUrl", "m"."LastSeenUtc", "m"."MetadataJson", "m"."Name", "m"."Status"
FROM "AgentToolBindings" AS "a"
INNER JOIN "Tools" AS "t" ON "a"."ToolId" = "t"."Id"
INNER JOIN "McpServers" AS "m" ON "t"."McpServerId" = "m"."Id"
WHERE "a"."AgentId" = @__agentId_0 AND "a"."Enabled"
2025-09-03 21:25:44.465 +02:00 [INF] Executed DbCommand (1ms) [Parameters=[@__agentId_0='?' (DbType = Guid)], CommandType='"Text"', CommandTimeout='30']
SELECT "a"."Id", "a"."AgentId", "a"."ConfigJson", "a"."Enabled", "a"."ToolId", "t"."Id", "t"."Description", "t"."Enabled", "t"."InputSchemaJson", "t"."McpServerId", "t"."Name", "t"."Scope", "m"."Id", "m"."AuthType", "m"."BaseUrl", "m"."LastSeenUtc", "m"."MetadataJson", "m"."Name", "m"."Status"
FROM "AgentToolBindings" AS "a"
INNER JOIN "Tools" AS "t" ON "a"."ToolId" = "t"."Id"
INNER JOIN "McpServers" AS "m" ON "t"."McpServerId" = "m"."Id"
WHERE "a"."AgentId" = @__agentId_0 AND "a"."Enabled"
2025-09-03 21:25:44.478 +02:00 [INF] Executed DbCommand (1ms) [Parameters=[@__sessionId_0='?' (DbType = Guid), @__kind_1='?' (Size = 11), @__p_2='?' (DbType = Int32)], CommandType='"Text"', CommandTimeout='30']
SELECT "m"."Id", "m"."Content", "m"."CreatedUtc", "m"."Kind", "m"."Role", "m"."SessionId", "m"."TokenUsageJson"
FROM "Messages" AS "m"
WHERE "m"."SessionId" = @__sessionId_0 AND "m"."Kind" = @__kind_1
ORDER BY "m"."CreatedUtc" DESC
LIMIT @__p_2
2025-09-03 21:25:44.491 +02:00 [INF] Executed DbCommand (0ms) [Parameters=[@__sessionId_0='?' (DbType = Guid), @__p_1='?' (DbType = Int32)], CommandType='"Text"', CommandTimeout='30']
SELECT "m"."Id", "m"."Content", "m"."CreatedUtc", "m"."Kind", "m"."Role", "m"."SessionId", "m"."TokenUsageJson"
FROM "Messages" AS "m"
WHERE "m"."SessionId" = @__sessionId_0
ORDER BY "m"."CreatedUtc" DESC
LIMIT @__p_1
2025-09-03 21:25:44.502 +02:00 [INF] Executed DbCommand (1ms) [Parameters=[@__agentId_0='?' (DbType = Guid)], CommandType='"Text"', CommandTimeout='30']
SELECT "a"."Id", "a"."AgentId", "a"."ConfigJson", "a"."Enabled", "a"."ToolId", "t"."Id", "t"."Description", "t"."Enabled", "t"."InputSchemaJson", "t"."McpServerId", "t"."Name", "t"."Scope", "m"."Id", "m"."AuthType", "m"."BaseUrl", "m"."LastSeenUtc", "m"."MetadataJson", "m"."Name", "m"."Status"
FROM "AgentToolBindings" AS "a"
INNER JOIN "Tools" AS "t" ON "a"."ToolId" = "t"."Id"
INNER JOIN "McpServers" AS "m" ON "t"."McpServerId" = "m"."Id"
WHERE "a"."AgentId" = @__agentId_0 AND "a"."Enabled"
2025-09-03 21:25:44.512 +02:00 [INF] Executed DbCommand (1ms) [Parameters=[@__agentId_0='?' (DbType = Guid)], CommandType='"Text"', CommandTimeout='30']
SELECT "a"."Id", "a"."AgentId", "a"."ConfigJson", "a"."Enabled", "a"."ToolId", "t"."Id", "t"."Description", "t"."Enabled", "t"."InputSchemaJson", "t"."McpServerId", "t"."Name", "t"."Scope", "m"."Id", "m"."AuthType", "m"."BaseUrl", "m"."LastSeenUtc", "m"."MetadataJson", "m"."Name", "m"."Status"
FROM "AgentToolBindings" AS "a"
INNER JOIN "Tools" AS "t" ON "a"."ToolId" = "t"."Id"
INNER JOIN "McpServers" AS "m" ON "t"."McpServerId" = "m"."Id"
WHERE "a"."AgentId" = @__agentId_0 AND "a"."Enabled"
2025-09-03 21:25:46.105 +02:00 [INF] Executed DbCommand (0ms) [Parameters=[@__sessionId_0='?' (DbType = Guid), @__p_1='?' (DbType = Int32)], CommandType='"Text"', CommandTimeout='30']
SELECT "m"."Id", "m"."Content", "m"."CreatedUtc", "m"."Kind", "m"."Role", "m"."SessionId", "m"."TokenUsageJson"
FROM "Messages" AS "m"
WHERE "m"."SessionId" = @__sessionId_0
ORDER BY "m"."CreatedUtc" DESC
LIMIT @__p_1
2025-09-03 21:25:47.971 +02:00 [INF] Executed DbCommand (12ms) [Parameters=[@p0='?' (DbType = Guid), @p1='?' (Size = 684), @p2='?' (DbType = DateTime), @p3='?', @p4='?' (Size = 9), @p5='?' (DbType = Guid), @p6='?'], CommandType='"Text"', CommandTimeout='30']
INSERT INTO "Messages" ("Id", "Content", "CreatedUtc", "Kind", "Role", "SessionId", "TokenUsageJson")
VALUES (@p0, @p1, @p2, @p3, @p4, @p5, @p6);
2025-09-03 21:25:47.981 +02:00 [INF] Executed DbCommand (3ms) [Parameters=[@p0='?' (DbType = Guid), @p1='?' (Size = 684), @p2='?' (DbType = DateTime), @p3='?', @p4='?' (Size = 9), @p5='?' (DbType = Guid), @p6='?'], CommandType='"Text"', CommandTimeout='30']
INSERT INTO "Messages" ("Id", "Content", "CreatedUtc", "Kind", "Role", "SessionId", "TokenUsageJson")
VALUES (@p0, @p1, @p2, @p3, @p4, @p5, @p6);
2025-09-03 21:25:51.145 +02:00 [INF] Executed endpoint '/hubs/trace'
2025-09-03 21:25:51.154 +02:00 [INF] Request finished HTTP/1.1 GET http://localhost:5088/hubs/trace?id=3-qdhxPDpwPG72Pwqedpmw - 101 null null 8215.7361ms
