2025-09-04 17:21:03.860 +02:00 [INF] User profile is available. Using 'C:\Users\Usuario\AppData\Local\ASP.NET\DataProtection-Keys' as key repository and Windows DPAPI to encrypt keys at rest.
2025-09-04 17:21:04.550 +02:00 [INF] Now listening on: http://localhost:5088
2025-09-04 17:21:04.557 +02:00 [INF] Application started. Press Ctrl+C to shut down.
2025-09-04 17:21:04.558 +02:00 [INF] Hosting environment: Development
2025-09-04 17:21:04.559 +02:00 [INF] Content root path: D:\BearDevelopment\AutoAgent\autoagent_back\src\AutoAgentes.Api
2025-09-04 17:21:30.091 +02:00 [INF] Request starting HTTP/1.1 OPTIONS http://localhost:5088/agents/1e3a6b41-b07b-4cde-8612-9188689c9609/bindings - null null
2025-09-04 17:21:30.091 +02:00 [INF] Request starting HTTP/1.1 OPTIONS http://localhost:5088/agents/1e3a6b41-b07b-4cde-8612-9188689c9609 - null null
2025-09-04 17:21:30.379 +02:00 [INF] CORS policy execution successful.
2025-09-04 17:21:30.379 +02:00 [INF] CORS policy execution successful.
2025-09-04 17:21:30.404 +02:00 [INF] Request finished HTTP/1.1 OPTIONS http://localhost:5088/agents/1e3a6b41-b07b-4cde-8612-9188689c9609/bindings - 204 null null 364.0496ms
2025-09-04 17:21:30.404 +02:00 [INF] Request finished HTTP/1.1 OPTIONS http://localhost:5088/agents/1e3a6b41-b07b-4cde-8612-9188689c9609 - 204 null null 365.0458ms
2025-09-04 17:21:33.479 +02:00 [INF] Request starting HTTP/1.1 OPTIONS http://localhost:5088/agents/1e3a6b41-b07b-4cde-8612-9188689c9609/bindings - null null
2025-09-04 17:21:33.479 +02:00 [INF] Request starting HTTP/1.1 OPTIONS http://localhost:5088/agents/1e3a6b41-b07b-4cde-8612-9188689c9609 - null null
2025-09-04 17:21:33.490 +02:00 [INF] CORS policy execution successful.
2025-09-04 17:21:33.492 +02:00 [INF] CORS policy execution successful.
2025-09-04 17:21:33.496 +02:00 [INF] Request finished HTTP/1.1 OPTIONS http://localhost:5088/agents/1e3a6b41-b07b-4cde-8612-9188689c9609/bindings - 204 null null 17.1548ms
2025-09-04 17:21:33.501 +02:00 [INF] Request finished HTTP/1.1 OPTIONS http://localhost:5088/agents/1e3a6b41-b07b-4cde-8612-9188689c9609 - 204 null null 22.2815ms
2025-09-04 17:21:33.508 +02:00 [INF] Request starting HTTP/1.1 GET http://localhost:5088/agents/1e3a6b41-b07b-4cde-8612-9188689c9609/bindings - application/json null
2025-09-04 17:21:33.512 +02:00 [INF] Request starting HTTP/1.1 GET http://localhost:5088/agents/1e3a6b41-b07b-4cde-8612-9188689c9609 - application/json null
2025-09-04 17:21:33.525 +02:00 [INF] CORS policy execution successful.
2025-09-04 17:21:33.526 +02:00 [INF] CORS policy execution successful.
2025-09-04 17:21:33.558 +02:00 [INF] Executing endpoint 'HTTP: GET /agents/{id:guid}'
2025-09-04 17:21:33.558 +02:00 [INF] Executing endpoint 'HTTP: GET /agents/{id:guid}/bindings'
2025-09-04 17:21:36.286 +02:00 [INF] Executed DbCommand (29ms) [Parameters=[@__p_0='?' (DbType = Guid)], CommandType='"Text"', CommandTimeout='30']
SELECT "a"."Id", "a"."AllowUnknownTools", "a"."AllowedToolsCsv", "a"."Autonomy", "a"."BlockedToolsCsv", "a"."CreatedUtc", "a"."GuardrailsJson", "a"."Name", "a"."ParamsJson", "a"."PlannerMaxSteps", "a"."PlannerMaxTokens", "a"."PlannerStop", "a"."PlannerTemperature", "a"."PlannerTopP", "a"."Provider", "a"."SystemPrompt", "a"."Temperature", "a"."TemplateRef", "a"."TokenBudget", "a"."ToolBudget", "a"."TopP", "a"."UpdatedUtc"
FROM "Agents" AS "a"
WHERE "a"."Id" = @__p_0
LIMIT 1
2025-09-04 17:21:36.286 +02:00 [INF] Executed DbCommand (29ms) [Parameters=[@__agentId_0='?' (DbType = Guid)], CommandType='"Text"', CommandTimeout='30']
SELECT "a"."Id", "a"."AgentId", "a"."ConfigJson", "a"."Enabled", "a"."ToolId"
FROM "AgentToolBindings" AS "a"
WHERE "a"."AgentId" = @__agentId_0
2025-09-04 17:21:36.338 +02:00 [INF] Setting HTTP status code 200.
2025-09-04 17:21:36.362 +02:00 [INF] Writing value of type 'List`1' as Json.
2025-09-04 17:21:36.400 +02:00 [INF] Executed endpoint 'HTTP: GET /agents/{id:guid}/bindings'
2025-09-04 17:21:36.419 +02:00 [INF] Request finished HTTP/1.1 GET http://localhost:5088/agents/1e3a6b41-b07b-4cde-8612-9188689c9609/bindings - 200 null application/json; charset=utf-8 2910.7877ms
2025-09-04 17:21:36.500 +02:00 [INF] Setting HTTP status code 200.
2025-09-04 17:21:36.516 +02:00 [INF] Writing value of type 'AgentResponse' as Json.
2025-09-04 17:21:36.532 +02:00 [INF] Executed endpoint 'HTTP: GET /agents/{id:guid}'
2025-09-04 17:21:36.543 +02:00 [INF] Request finished HTTP/1.1 GET http://localhost:5088/agents/1e3a6b41-b07b-4cde-8612-9188689c9609 - 200 null application/json; charset=utf-8 3030.291ms
2025-09-04 17:21:38.069 +02:00 [INF] Request starting HTTP/1.1 OPTIONS http://localhost:5088/sessions - null null
2025-09-04 17:21:38.077 +02:00 [INF] CORS policy execution successful.
2025-09-04 17:21:38.084 +02:00 [INF] Request finished HTTP/1.1 OPTIONS http://localhost:5088/sessions - 204 null null 15.307ms
2025-09-04 17:21:38.094 +02:00 [INF] Request starting HTTP/1.1 POST http://localhost:5088/sessions - application/json 50
2025-09-04 17:21:38.103 +02:00 [INF] CORS policy execution successful.
2025-09-04 17:21:38.118 +02:00 [INF] Executing endpoint 'HTTP: POST /sessions/'
2025-09-04 17:21:38.252 +02:00 [INF] Executed DbCommand (1ms) [Parameters=[@__p_0='?' (DbType = Guid)], CommandType='"Text"', CommandTimeout='30']
SELECT "a"."Id", "a"."AllowUnknownTools", "a"."AllowedToolsCsv", "a"."Autonomy", "a"."BlockedToolsCsv", "a"."CreatedUtc", "a"."GuardrailsJson", "a"."Name", "a"."ParamsJson", "a"."PlannerMaxSteps", "a"."PlannerMaxTokens", "a"."PlannerStop", "a"."PlannerTemperature", "a"."PlannerTopP", "a"."Provider", "a"."SystemPrompt", "a"."Temperature", "a"."TemplateRef", "a"."TokenBudget", "a"."ToolBudget", "a"."TopP", "a"."UpdatedUtc"
FROM "Agents" AS "a"
WHERE "a"."Id" = @__p_0
LIMIT 1
2025-09-04 17:21:38.479 +02:00 [INF] Executed DbCommand (8ms) [Parameters=[@p0='?' (DbType = Guid), @p1='?' (DbType = Guid), @p2='?' (DbType = DateTime), @p3='?' (DbType = Int32), @p4='?' (DbType = DateTime), @p5='?' (Size = 7), @p6='?'], CommandType='"Text"', CommandTimeout='30']
INSERT INTO "Sessions" ("Id", "AgentId", "EndedUtc", "LastEventIdx", "StartedUtc", "Status", "UserId")
VALUES (@p0, @p1, @p2, @p3, @p4, @p5, @p6);
2025-09-04 17:21:38.494 +02:00 [INF] Setting HTTP status code 201.
2025-09-04 17:21:38.502 +02:00 [INF] Writing value of type 'SessionCreatedResponse' as Json.
2025-09-04 17:21:38.513 +02:00 [INF] Executed endpoint 'HTTP: POST /sessions/'
2025-09-04 17:21:38.520 +02:00 [INF] Request finished HTTP/1.1 POST http://localhost:5088/sessions - 201 null application/json; charset=utf-8 426.4879ms
2025-09-04 17:21:38.545 +02:00 [INF] Request starting HTTP/1.1 OPTIONS http://localhost:5088/hubs/trace/negotiate?negotiateVersion=1 - null null
2025-09-04 17:21:38.552 +02:00 [INF] CORS policy execution successful.
2025-09-04 17:21:38.558 +02:00 [INF] Request finished HTTP/1.1 OPTIONS http://localhost:5088/hubs/trace/negotiate?negotiateVersion=1 - 204 null null 14.2815ms
2025-09-04 17:21:38.563 +02:00 [INF] Request starting HTTP/1.1 POST http://localhost:5088/hubs/trace/negotiate?negotiateVersion=1 - null 0
2025-09-04 17:21:38.572 +02:00 [INF] CORS policy execution successful.
2025-09-04 17:21:38.583 +02:00 [INF] ApiKey was not authenticated. Failure message: Missing API key
2025-09-04 17:21:38.589 +02:00 [INF] Executing endpoint '/hubs/trace/negotiate'
2025-09-04 17:21:38.603 +02:00 [INF] Executed endpoint '/hubs/trace/negotiate'
2025-09-04 17:21:38.611 +02:00 [INF] Request finished HTTP/1.1 POST http://localhost:5088/hubs/trace/negotiate?negotiateVersion=1 - 200 316 application/json 47.9274ms
2025-09-04 17:21:38.612 +02:00 [INF] Request starting HTTP/1.1 GET http://localhost:5088/hubs/trace?id=S7tqIqIfHEN6YuL080Znaw - null null
2025-09-04 17:21:38.622 +02:00 [INF] CORS policy execution successful.
2025-09-04 17:21:38.627 +02:00 [INF] ApiKey was not authenticated. Failure message: Missing API key
2025-09-04 17:21:38.632 +02:00 [INF] Executing endpoint '/hubs/trace'
2025-09-04 17:21:44.758 +02:00 [INF] Request starting HTTP/1.1 OPTIONS http://localhost:5088/sessions/89e9577e-95e1-4eb9-b838-577209b7597f/messages - null null
2025-09-04 17:21:44.766 +02:00 [INF] CORS policy execution successful.
2025-09-04 17:21:44.772 +02:00 [INF] Request finished HTTP/1.1 OPTIONS http://localhost:5088/sessions/89e9577e-95e1-4eb9-b838-577209b7597f/messages - 204 null null 14.0246ms
2025-09-04 17:21:44.779 +02:00 [INF] Request starting HTTP/1.1 POST http://localhost:5088/sessions/89e9577e-95e1-4eb9-b838-577209b7597f/messages - application/json 44
2025-09-04 17:21:44.787 +02:00 [INF] CORS policy execution successful.
2025-09-04 17:21:44.793 +02:00 [INF] Executing endpoint 'HTTP: POST /sessions/{id:guid}/messages'
2025-09-04 17:21:44.826 +02:00 [INF] Executed DbCommand (0ms) [Parameters=[@__p_0='?' (DbType = Guid)], CommandType='"Text"', CommandTimeout='30']
SELECT "s"."Id", "s"."AgentId", "s"."EndedUtc", "s"."LastEventIdx", "s"."StartedUtc", "s"."Status", "s"."UserId"
FROM "Sessions" AS "s"
WHERE "s"."Id" = @__p_0
LIMIT 1
2025-09-04 17:21:44.888 +02:00 [INF] Executed DbCommand (13ms) [Parameters=[@p0='?' (DbType = Guid), @p1='?' (Size = 30), @p2='?' (DbType = DateTime), @p3='?', @p4='?' (Size = 4), @p5='?' (DbType = Guid), @p6='?'], CommandType='"Text"', CommandTimeout='30']
INSERT INTO "Messages" ("Id", "Content", "CreatedUtc", "Kind", "Role", "SessionId", "TokenUsageJson")
VALUES (@p0, @p1, @p2, @p3, @p4, @p5, @p6);
2025-09-04 17:21:44.920 +02:00 [INF] Setting HTTP status code 202.
2025-09-04 17:21:44.931 +02:00 [INF] Writing value of type 'AcceptedResponse' as Json.
2025-09-04 17:21:44.932 +02:00 [INF] Executed DbCommand (0ms) [Parameters=[@__p_0='?' (DbType = Guid)], CommandType='"Text"', CommandTimeout='30']
SELECT "a"."Id", "a"."AllowUnknownTools", "a"."AllowedToolsCsv", "a"."Autonomy", "a"."BlockedToolsCsv", "a"."CreatedUtc", "a"."GuardrailsJson", "a"."Name", "a"."ParamsJson", "a"."PlannerMaxSteps", "a"."PlannerMaxTokens", "a"."PlannerStop", "a"."PlannerTemperature", "a"."PlannerTopP", "a"."Provider", "a"."SystemPrompt", "a"."Temperature", "a"."TemplateRef", "a"."TokenBudget", "a"."ToolBudget", "a"."TopP", "a"."UpdatedUtc"
FROM "Agents" AS "a"
WHERE "a"."Id" = @__p_0
LIMIT 1
2025-09-04 17:21:44.940 +02:00 [INF] Executed endpoint 'HTTP: POST /sessions/{id:guid}/messages'
2025-09-04 17:21:44.949 +02:00 [INF] Request finished HTTP/1.1 POST http://localhost:5088/sessions/89e9577e-95e1-4eb9-b838-577209b7597f/messages - 202 null application/json; charset=utf-8 170.823ms
2025-09-04 17:21:44.969 +02:00 [ERR] An exception occurred while iterating over the results of a query for context type 'AutoAgentes.Infrastructure.AppDbContext'.
System.InvalidOperationException: Invalid attempt to call Read when reader is closed.
   at Microsoft.Data.Sqlite.SqliteDataReader.Read()
   at System.Data.Common.DbDataReader.ReadAsync(CancellationToken cancellationToken)
--- End of stack trace from previous location ---
   at Microsoft.EntityFrameworkCore.Query.Internal.SingleQueryingEnumerable`1.AsyncEnumerator.MoveNextAsync()
System.InvalidOperationException: Invalid attempt to call Read when reader is closed.
   at Microsoft.Data.Sqlite.SqliteDataReader.Read()
   at System.Data.Common.DbDataReader.ReadAsync(CancellationToken cancellationToken)
--- End of stack trace from previous location ---
   at Microsoft.EntityFrameworkCore.Query.Internal.SingleQueryingEnumerable`1.AsyncEnumerator.MoveNextAsync()
2025-09-04 17:21:49.437 +02:00 [INF] Request starting HTTP/1.1 GET http://localhost:5088/swagger/v1/swagger.json - null null
2025-09-04 17:21:49.469 +02:00 [INF] No action descriptors found. This may indicate an incorrectly configured application or missing application parts. To learn more, visit https://aka.ms/aspnet/mvc/app-parts
2025-09-04 17:21:49.671 +02:00 [INF] Request finished HTTP/1.1 GET http://localhost:5088/swagger/v1/swagger.json - 200 null application/json;charset=utf-8 235.0493ms
2025-09-04 17:21:55.858 +02:00 [INF] Executed endpoint '/hubs/trace'
2025-09-04 17:21:55.867 +02:00 [INF] Request finished HTTP/1.1 GET http://localhost:5088/hubs/trace?id=S7tqIqIfHEN6YuL080Znaw - 101 null null 17254.4581ms
2025-09-04 17:21:56.050 +02:00 [INF] Request starting HTTP/1.1 OPTIONS http://localhost:5088/agents/1e3a6b41-b07b-4cde-8612-9188689c9609 - null null
2025-09-04 17:21:56.051 +02:00 [INF] Request starting HTTP/1.1 OPTIONS http://localhost:5088/agents/1e3a6b41-b07b-4cde-8612-9188689c9609/bindings - null null
2025-09-04 17:21:56.056 +02:00 [INF] CORS policy execution successful.
2025-09-04 17:21:56.060 +02:00 [INF] CORS policy execution successful.
2025-09-04 17:21:56.064 +02:00 [INF] Request finished HTTP/1.1 OPTIONS http://localhost:5088/agents/1e3a6b41-b07b-4cde-8612-9188689c9609 - 204 null null 14.3453ms
2025-09-04 17:21:56.068 +02:00 [INF] Request finished HTTP/1.1 OPTIONS http://localhost:5088/agents/1e3a6b41-b07b-4cde-8612-9188689c9609/bindings - 204 null null 17.3134ms
2025-09-04 17:21:56.075 +02:00 [INF] Request starting HTTP/1.1 GET http://localhost:5088/agents/1e3a6b41-b07b-4cde-8612-9188689c9609 - application/json null
2025-09-04 17:21:56.080 +02:00 [INF] Request starting HTTP/1.1 GET http://localhost:5088/agents/1e3a6b41-b07b-4cde-8612-9188689c9609/bindings - application/json null
2025-09-04 17:21:56.084 +02:00 [INF] CORS policy execution successful.
2025-09-04 17:21:56.090 +02:00 [INF] CORS policy execution successful.
2025-09-04 17:21:56.095 +02:00 [INF] Executing endpoint 'HTTP: GET /agents/{id:guid}'
2025-09-04 17:21:56.101 +02:00 [INF] Executing endpoint 'HTTP: GET /agents/{id:guid}/bindings'
2025-09-04 17:21:56.114 +02:00 [INF] Executed DbCommand (0ms) [Parameters=[@__p_0='?' (DbType = Guid)], CommandType='"Text"', CommandTimeout='30']
SELECT "a"."Id", "a"."AllowUnknownTools", "a"."AllowedToolsCsv", "a"."Autonomy", "a"."BlockedToolsCsv", "a"."CreatedUtc", "a"."GuardrailsJson", "a"."Name", "a"."ParamsJson", "a"."PlannerMaxSteps", "a"."PlannerMaxTokens", "a"."PlannerStop", "a"."PlannerTemperature", "a"."PlannerTopP", "a"."Provider", "a"."SystemPrompt", "a"."Temperature", "a"."TemplateRef", "a"."TokenBudget", "a"."ToolBudget", "a"."TopP", "a"."UpdatedUtc"
FROM "Agents" AS "a"
WHERE "a"."Id" = @__p_0
LIMIT 1
2025-09-04 17:21:56.114 +02:00 [INF] Executed DbCommand (0ms) [Parameters=[@__agentId_0='?' (DbType = Guid)], CommandType='"Text"', CommandTimeout='30']
SELECT "a"."Id", "a"."AgentId", "a"."ConfigJson", "a"."Enabled", "a"."ToolId"
FROM "AgentToolBindings" AS "a"
WHERE "a"."AgentId" = @__agentId_0
2025-09-04 17:21:56.123 +02:00 [INF] Setting HTTP status code 200.
2025-09-04 17:21:56.129 +02:00 [INF] Setting HTTP status code 200.
2025-09-04 17:21:56.133 +02:00 [INF] Writing value of type 'AgentResponse' as Json.
2025-09-04 17:21:56.138 +02:00 [INF] Writing value of type 'List`1' as Json.
2025-09-04 17:21:56.144 +02:00 [INF] Executed endpoint 'HTTP: GET /agents/{id:guid}'
2025-09-04 17:21:56.148 +02:00 [INF] Executed endpoint 'HTTP: GET /agents/{id:guid}/bindings'
2025-09-04 17:21:56.152 +02:00 [INF] Request finished HTTP/1.1 GET http://localhost:5088/agents/1e3a6b41-b07b-4cde-8612-9188689c9609 - 200 null application/json; charset=utf-8 77.5465ms
2025-09-04 17:21:56.158 +02:00 [INF] Request finished HTTP/1.1 GET http://localhost:5088/agents/1e3a6b41-b07b-4cde-8612-9188689c9609/bindings - 200 null application/json; charset=utf-8 78.8875ms
2025-09-04 17:21:57.318 +02:00 [INF] Request starting HTTP/1.1 OPTIONS http://localhost:5088/sessions - null null
2025-09-04 17:21:57.324 +02:00 [INF] CORS policy execution successful.
2025-09-04 17:21:57.329 +02:00 [INF] Request finished HTTP/1.1 OPTIONS http://localhost:5088/sessions - 204 null null 11.346ms
2025-09-04 17:21:57.334 +02:00 [INF] Request starting HTTP/1.1 POST http://localhost:5088/sessions - application/json 50
2025-09-04 17:21:57.340 +02:00 [INF] CORS policy execution successful.
2025-09-04 17:21:57.347 +02:00 [INF] Executing endpoint 'HTTP: POST /sessions/'
2025-09-04 17:21:57.359 +02:00 [INF] Executed DbCommand (0ms) [Parameters=[@__p_0='?' (DbType = Guid)], CommandType='"Text"', CommandTimeout='30']
SELECT "a"."Id", "a"."AllowUnknownTools", "a"."AllowedToolsCsv", "a"."Autonomy", "a"."BlockedToolsCsv", "a"."CreatedUtc", "a"."GuardrailsJson", "a"."Name", "a"."ParamsJson", "a"."PlannerMaxSteps", "a"."PlannerMaxTokens", "a"."PlannerStop", "a"."PlannerTemperature", "a"."PlannerTopP", "a"."Provider", "a"."SystemPrompt", "a"."Temperature", "a"."TemplateRef", "a"."TokenBudget", "a"."ToolBudget", "a"."TopP", "a"."UpdatedUtc"
FROM "Agents" AS "a"
WHERE "a"."Id" = @__p_0
LIMIT 1
2025-09-04 17:21:57.383 +02:00 [INF] Executed DbCommand (13ms) [Parameters=[@p0='?' (DbType = Guid), @p1='?' (DbType = Guid), @p2='?' (DbType = DateTime), @p3='?' (DbType = Int32), @p4='?' (DbType = DateTime), @p5='?' (Size = 7), @p6='?'], CommandType='"Text"', CommandTimeout='30']
INSERT INTO "Sessions" ("Id", "AgentId", "EndedUtc", "LastEventIdx", "StartedUtc", "Status", "UserId")
VALUES (@p0, @p1, @p2, @p3, @p4, @p5, @p6);
2025-09-04 17:21:57.394 +02:00 [INF] Setting HTTP status code 201.
2025-09-04 17:21:57.400 +02:00 [INF] Writing value of type 'SessionCreatedResponse' as Json.
2025-09-04 17:21:57.405 +02:00 [INF] Executed endpoint 'HTTP: POST /sessions/'
2025-09-04 17:21:57.411 +02:00 [INF] Request finished HTTP/1.1 POST http://localhost:5088/sessions - 201 null application/json; charset=utf-8 76.6681ms
2025-09-04 17:21:57.423 +02:00 [INF] Request starting HTTP/1.1 OPTIONS http://localhost:5088/hubs/trace/negotiate?negotiateVersion=1 - null null
2025-09-04 17:21:57.430 +02:00 [INF] CORS policy execution successful.
2025-09-04 17:21:57.435 +02:00 [INF] Request finished HTTP/1.1 OPTIONS http://localhost:5088/hubs/trace/negotiate?negotiateVersion=1 - 204 null null 12.7068ms
2025-09-04 17:21:57.438 +02:00 [INF] Request starting HTTP/1.1 POST http://localhost:5088/hubs/trace/negotiate?negotiateVersion=1 - null 0
2025-09-04 17:21:57.447 +02:00 [INF] CORS policy execution successful.
2025-09-04 17:21:57.452 +02:00 [INF] ApiKey was not authenticated. Failure message: Missing API key
2025-09-04 17:21:57.457 +02:00 [INF] Executing endpoint '/hubs/trace/negotiate'
2025-09-04 17:21:57.463 +02:00 [INF] Executed endpoint '/hubs/trace/negotiate'
2025-09-04 17:21:57.468 +02:00 [INF] Request finished HTTP/1.1 POST http://localhost:5088/hubs/trace/negotiate?negotiateVersion=1 - 200 316 application/json 30.6408ms
2025-09-04 17:21:57.468 +02:00 [INF] Request starting HTTP/1.1 GET http://localhost:5088/hubs/trace?id=Rg9tMN6tgYpGiTjwqB0_Xw - null null
2025-09-04 17:21:57.479 +02:00 [INF] CORS policy execution successful.
2025-09-04 17:21:57.483 +02:00 [INF] ApiKey was not authenticated. Failure message: Missing API key
2025-09-04 17:21:57.487 +02:00 [INF] Executing endpoint '/hubs/trace'
2025-09-04 17:22:09.454 +02:00 [INF] Request starting HTTP/1.1 OPTIONS http://localhost:5088/sessions/cd822a85-ea2d-4761-8440-e536c2a01809/messages - null null
2025-09-04 17:22:09.461 +02:00 [INF] CORS policy execution successful.
2025-09-04 17:22:09.467 +02:00 [INF] Request finished HTTP/1.1 OPTIONS http://localhost:5088/sessions/cd822a85-ea2d-4761-8440-e536c2a01809/messages - 204 null null 13.4909ms
2025-09-04 17:22:09.473 +02:00 [INF] Request starting HTTP/1.1 POST http://localhost:5088/sessions/cd822a85-ea2d-4761-8440-e536c2a01809/messages - application/json 44
2025-09-04 17:22:09.477 +02:00 [INF] CORS policy execution successful.
2025-09-04 17:22:09.482 +02:00 [INF] Executing endpoint 'HTTP: POST /sessions/{id:guid}/messages'
2025-09-04 17:22:09.488 +02:00 [INF] Executed DbCommand (0ms) [Parameters=[@__p_0='?' (DbType = Guid)], CommandType='"Text"', CommandTimeout='30']
SELECT "s"."Id", "s"."AgentId", "s"."EndedUtc", "s"."LastEventIdx", "s"."StartedUtc", "s"."Status", "s"."UserId"
FROM "Sessions" AS "s"
WHERE "s"."Id" = @__p_0
LIMIT 1
2025-09-04 17:22:09.506 +02:00 [INF] Executed DbCommand (12ms) [Parameters=[@p0='?' (DbType = Guid), @p1='?' (Size = 30), @p2='?' (DbType = DateTime), @p3='?', @p4='?' (Size = 4), @p5='?' (DbType = Guid), @p6='?'], CommandType='"Text"', CommandTimeout='30']
INSERT INTO "Messages" ("Id", "Content", "CreatedUtc", "Kind", "Role", "SessionId", "TokenUsageJson")
VALUES (@p0, @p1, @p2, @p3, @p4, @p5, @p6);
2025-09-04 17:22:09.512 +02:00 [INF] Setting HTTP status code 202.
2025-09-04 17:22:09.513 +02:00 [INF] Executed DbCommand (0ms) [Parameters=[@__p_0='?' (DbType = Guid)], CommandType='"Text"', CommandTimeout='30']
SELECT "a"."Id", "a"."AllowUnknownTools", "a"."AllowedToolsCsv", "a"."Autonomy", "a"."BlockedToolsCsv", "a"."CreatedUtc", "a"."GuardrailsJson", "a"."Name", "a"."ParamsJson", "a"."PlannerMaxSteps", "a"."PlannerMaxTokens", "a"."PlannerStop", "a"."PlannerTemperature", "a"."PlannerTopP", "a"."Provider", "a"."SystemPrompt", "a"."Temperature", "a"."TemplateRef", "a"."TokenBudget", "a"."ToolBudget", "a"."TopP", "a"."UpdatedUtc"
FROM "Agents" AS "a"
WHERE "a"."Id" = @__p_0
LIMIT 1
2025-09-04 17:22:09.517 +02:00 [INF] Writing value of type 'AcceptedResponse' as Json.
2025-09-04 17:22:09.526 +02:00 [INF] Executed endpoint 'HTTP: POST /sessions/{id:guid}/messages'
2025-09-04 17:22:09.532 +02:00 [INF] Request finished HTTP/1.1 POST http://localhost:5088/sessions/cd822a85-ea2d-4761-8440-e536c2a01809/messages - 202 null application/json; charset=utf-8 59.615ms
2025-09-04 17:22:09.660 +02:00 [INF] Executed DbCommand (2ms) [Parameters=[@p0='?' (DbType = Guid), @p1='?' (Size = 30), @p2='?' (DbType = DateTime), @p3='?', @p4='?' (Size = 4), @p5='?' (DbType = Guid), @p6='?'], CommandType='"Text"', CommandTimeout='30']
INSERT INTO "Messages" ("Id", "Content", "CreatedUtc", "Kind", "Role", "SessionId", "TokenUsageJson")
VALUES (@p0, @p1, @p2, @p3, @p4, @p5, @p6);
2025-09-04 17:22:09.716 +02:00 [INF] Executed DbCommand (1ms) [Parameters=[@__agentId_0='?' (DbType = Guid)], CommandType='"Text"', CommandTimeout='30']
SELECT "a"."Id", "a"."AgentId", "a"."ConfigJson", "a"."Enabled", "a"."ToolId", "t"."Id", "t"."Description", "t"."Enabled", "t"."InputSchemaJson", "t"."McpServerId", "t"."Name", "t"."Scope", "m"."Id", "m"."AuthType", "m"."BaseUrl", "m"."LastSeenUtc", "m"."MetadataJson", "m"."Name", "m"."Status"
FROM "AgentToolBindings" AS "a"
INNER JOIN "Tools" AS "t" ON "a"."ToolId" = "t"."Id"
INNER JOIN "McpServers" AS "m" ON "t"."McpServerId" = "m"."Id"
WHERE "a"."AgentId" = @__agentId_0 AND "a"."Enabled"
2025-09-04 17:22:10.183 +02:00 [INF] Executed DbCommand (0ms) [Parameters=[@__agentId_0='?' (DbType = Guid)], CommandType='"Text"', CommandTimeout='30']
SELECT "a"."Id", "a"."AgentId", "a"."ConfigJson", "a"."Enabled", "a"."ToolId", "t"."Id", "t"."Description", "t"."Enabled", "t"."InputSchemaJson", "t"."McpServerId", "t"."Name", "t"."Scope", "m"."Id", "m"."AuthType", "m"."BaseUrl", "m"."LastSeenUtc", "m"."MetadataJson", "m"."Name", "m"."Status"
FROM "AgentToolBindings" AS "a"
INNER JOIN "Tools" AS "t" ON "a"."ToolId" = "t"."Id"
INNER JOIN "McpServers" AS "m" ON "t"."McpServerId" = "m"."Id"
WHERE "a"."AgentId" = @__agentId_0 AND "a"."Enabled"
2025-09-04 17:22:10.215 +02:00 [INF] Executed DbCommand (1ms) [Parameters=[@__sessionId_0='?' (DbType = Guid), @__kind_1='?' (Size = 11), @__p_2='?' (DbType = Int32)], CommandType='"Text"', CommandTimeout='30']
SELECT "m"."Id", "m"."Content", "m"."CreatedUtc", "m"."Kind", "m"."Role", "m"."SessionId", "m"."TokenUsageJson"
FROM "Messages" AS "m"
WHERE "m"."SessionId" = @__sessionId_0 AND "m"."Kind" = @__kind_1
ORDER BY "m"."CreatedUtc" DESC
LIMIT @__p_2
2025-09-04 17:22:10.231 +02:00 [INF] Executed DbCommand (0ms) [Parameters=[@__sessionId_0='?' (DbType = Guid), @__p_1='?' (DbType = Int32)], CommandType='"Text"', CommandTimeout='30']
SELECT "m"."Id", "m"."Content", "m"."CreatedUtc", "m"."Kind", "m"."Role", "m"."SessionId", "m"."TokenUsageJson"
FROM "Messages" AS "m"
WHERE "m"."SessionId" = @__sessionId_0
ORDER BY "m"."CreatedUtc" DESC
LIMIT @__p_1
2025-09-04 17:22:10.858 +02:00 [INF] Executed DbCommand (0ms) [Parameters=[@__agentId_0='?' (DbType = Guid)], CommandType='"Text"', CommandTimeout='30']
SELECT "a"."Id", "a"."AgentId", "a"."ConfigJson", "a"."Enabled", "a"."ToolId", "t"."Id", "t"."Description", "t"."Enabled", "t"."InputSchemaJson", "t"."McpServerId", "t"."Name", "t"."Scope", "m"."Id", "m"."AuthType", "m"."BaseUrl", "m"."LastSeenUtc", "m"."MetadataJson", "m"."Name", "m"."Status"
FROM "AgentToolBindings" AS "a"
INNER JOIN "Tools" AS "t" ON "a"."ToolId" = "t"."Id"
INNER JOIN "McpServers" AS "m" ON "t"."McpServerId" = "m"."Id"
WHERE "a"."AgentId" = @__agentId_0 AND "a"."Enabled"
2025-09-04 17:22:10.868 +02:00 [INF] Executed DbCommand (0ms) [Parameters=[@__agentId_0='?' (DbType = Guid)], CommandType='"Text"', CommandTimeout='30']
SELECT "a"."Id", "a"."AgentId", "a"."ConfigJson", "a"."Enabled", "a"."ToolId", "t"."Id", "t"."Description", "t"."Enabled", "t"."InputSchemaJson", "t"."McpServerId", "t"."Name", "t"."Scope", "m"."Id", "m"."AuthType", "m"."BaseUrl", "m"."LastSeenUtc", "m"."MetadataJson", "m"."Name", "m"."Status"
FROM "AgentToolBindings" AS "a"
INNER JOIN "Tools" AS "t" ON "a"."ToolId" = "t"."Id"
INNER JOIN "McpServers" AS "m" ON "t"."McpServerId" = "m"."Id"
WHERE "a"."AgentId" = @__agentId_0 AND "a"."Enabled"
2025-09-04 17:22:12.148 +02:00 [INF] Executed DbCommand (0ms) [Parameters=[@__sessionId_0='?' (DbType = Guid), @__p_1='?' (DbType = Int32)], CommandType='"Text"', CommandTimeout='30']
SELECT "m"."Id", "m"."Content", "m"."CreatedUtc", "m"."Kind", "m"."Role", "m"."SessionId", "m"."TokenUsageJson"
FROM "Messages" AS "m"
WHERE "m"."SessionId" = @__sessionId_0
ORDER BY "m"."CreatedUtc" DESC
LIMIT @__p_1
2025-09-04 17:22:14.835 +02:00 [INF] Executed DbCommand (12ms) [Parameters=[@p0='?' (DbType = Guid), @p1='?' (Size = 956), @p2='?' (DbType = DateTime), @p3='?', @p4='?' (Size = 9), @p5='?' (DbType = Guid), @p6='?'], CommandType='"Text"', CommandTimeout='30']
INSERT INTO "Messages" ("Id", "Content", "CreatedUtc", "Kind", "Role", "SessionId", "TokenUsageJson")
VALUES (@p0, @p1, @p2, @p3, @p4, @p5, @p6);
2025-09-04 17:22:14.849 +02:00 [INF] Executed DbCommand (2ms) [Parameters=[@p0='?' (DbType = Guid), @p1='?' (Size = 956), @p2='?' (DbType = DateTime), @p3='?', @p4='?' (Size = 9), @p5='?' (DbType = Guid), @p6='?'], CommandType='"Text"', CommandTimeout='30']
INSERT INTO "Messages" ("Id", "Content", "CreatedUtc", "Kind", "Role", "SessionId", "TokenUsageJson")
VALUES (@p0, @p1, @p2, @p3, @p4, @p5, @p6);
2025-09-04 17:24:25.276 +02:00 [INF] Executed endpoint '/hubs/trace'
2025-09-04 17:24:25.285 +02:00 [INF] Request finished HTTP/1.1 GET http://localhost:5088/hubs/trace?id=Rg9tMN6tgYpGiTjwqB0_Xw - 101 null null 147816.5309ms
2025-09-04 17:24:25.300 +02:00 [INF] Request starting HTTP/1.1 OPTIONS http://localhost:5088/hubs/trace/negotiate?negotiateVersion=1 - null null
2025-09-04 17:24:25.308 +02:00 [INF] CORS policy execution successful.
2025-09-04 17:24:25.318 +02:00 [INF] Request finished HTTP/1.1 OPTIONS http://localhost:5088/hubs/trace/negotiate?negotiateVersion=1 - 204 null null 17.6669ms
2025-09-04 17:24:25.323 +02:00 [INF] Request starting HTTP/1.1 POST http://localhost:5088/hubs/trace/negotiate?negotiateVersion=1 - null 0
2025-09-04 17:24:25.332 +02:00 [INF] CORS policy execution successful.
2025-09-04 17:24:25.339 +02:00 [INF] ApiKey was not authenticated. Failure message: Missing API key
2025-09-04 17:24:25.345 +02:00 [INF] Executing endpoint '/hubs/trace/negotiate'
2025-09-04 17:24:25.351 +02:00 [INF] Executed endpoint '/hubs/trace/negotiate'
2025-09-04 17:24:25.356 +02:00 [INF] Request finished HTTP/1.1 POST http://localhost:5088/hubs/trace/negotiate?negotiateVersion=1 - 200 316 application/json 34.2036ms
2025-09-04 17:24:26.921 +02:00 [INF] Request starting HTTP/1.1 OPTIONS http://localhost:5088/agents/1e3a6b41-b07b-4cde-8612-9188689c9609 - null null
2025-09-04 17:24:26.923 +02:00 [INF] Request starting HTTP/1.1 OPTIONS http://localhost:5088/agents/1e3a6b41-b07b-4cde-8612-9188689c9609/bindings - null null
2025-09-04 17:24:26.932 +02:00 [INF] Request starting HTTP/1.1 OPTIONS http://localhost:5088/agents/57625e22-774b-470d-8ba6-785bc04f15f5 - null null
2025-09-04 17:24:26.933 +02:00 [INF] CORS policy execution successful.
2025-09-04 17:24:26.940 +02:00 [INF] Request starting HTTP/1.1 OPTIONS http://localhost:5088/agents/57625e22-774b-470d-8ba6-785bc04f15f5/bindings - null null
2025-09-04 17:24:26.941 +02:00 [INF] CORS policy execution successful.
2025-09-04 17:24:26.943 +02:00 [INF] Request starting HTTP/1.1 OPTIONS http://localhost:5088/agents/57625e22-774b-470d-8ba6-785bc04f15f5 - null null
2025-09-04 17:24:26.943 +02:00 [INF] Request starting HTTP/1.1 OPTIONS http://localhost:5088/agents/57625e22-774b-470d-8ba6-785bc04f15f5/bindings - null null
2025-09-04 17:24:26.952 +02:00 [INF] CORS policy execution successful.
2025-09-04 17:24:26.958 +02:00 [INF] Request finished HTTP/1.1 OPTIONS http://localhost:5088/agents/1e3a6b41-b07b-4cde-8612-9188689c9609 - 204 null null 38.1669ms
2025-09-04 17:24:26.967 +02:00 [INF] CORS policy execution successful.
2025-09-04 17:24:26.971 +02:00 [INF] Request finished HTTP/1.1 OPTIONS http://localhost:5088/agents/1e3a6b41-b07b-4cde-8612-9188689c9609/bindings - 204 null null 48.6012ms
2025-09-04 17:24:26.978 +02:00 [INF] CORS policy execution successful.
2025-09-04 17:24:26.987 +02:00 [INF] CORS policy execution successful.
2025-09-04 17:24:26.992 +02:00 [INF] Request finished HTTP/1.1 OPTIONS http://localhost:5088/agents/57625e22-774b-470d-8ba6-785bc04f15f5 - 204 null null 59.7712ms
2025-09-04 17:24:27.002 +02:00 [INF] Request starting HTTP/1.1 GET http://localhost:5088/agents/1e3a6b41-b07b-4cde-8612-9188689c9609 - application/json null
2025-09-04 17:24:27.006 +02:00 [INF] Request finished HTTP/1.1 OPTIONS http://localhost:5088/agents/57625e22-774b-470d-8ba6-785bc04f15f5/bindings - 204 null null 66.2623ms
2025-09-04 17:24:27.012 +02:00 [INF] Request starting HTTP/1.1 GET http://localhost:5088/agents/1e3a6b41-b07b-4cde-8612-9188689c9609/bindings - application/json null
2025-09-04 17:24:27.017 +02:00 [INF] Request finished HTTP/1.1 OPTIONS http://localhost:5088/agents/57625e22-774b-470d-8ba6-785bc04f15f5 - 204 null null 74.6894ms
2025-09-04 17:24:27.025 +02:00 [INF] Request finished HTTP/1.1 OPTIONS http://localhost:5088/agents/57625e22-774b-470d-8ba6-785bc04f15f5/bindings - 204 null null 82.2545ms
2025-09-04 17:24:27.032 +02:00 [INF] Request starting HTTP/1.1 GET http://localhost:5088/agents/57625e22-774b-470d-8ba6-785bc04f15f5 - application/json null
2025-09-04 17:24:27.038 +02:00 [INF] CORS policy execution successful.
2025-09-04 17:24:27.044 +02:00 [INF] Request starting HTTP/1.1 GET http://localhost:5088/agents/57625e22-774b-470d-8ba6-785bc04f15f5/bindings - application/json null
2025-09-04 17:24:27.050 +02:00 [INF] CORS policy execution successful.
2025-09-04 17:24:27.067 +02:00 [INF] CORS policy execution successful.
2025-09-04 17:24:27.072 +02:00 [INF] Executing endpoint 'HTTP: GET /agents/{id:guid}'
2025-09-04 17:24:27.077 +02:00 [INF] CORS policy execution successful.
2025-09-04 17:24:27.083 +02:00 [INF] Executing endpoint 'HTTP: GET /agents/{id:guid}/bindings'
2025-09-04 17:24:27.089 +02:00 [INF] Executing endpoint 'HTTP: GET /agents/{id:guid}'
2025-09-04 17:24:27.098 +02:00 [INF] Executed DbCommand (1ms) [Parameters=[@__p_0='?' (DbType = Guid)], CommandType='"Text"', CommandTimeout='30']
SELECT "a"."Id", "a"."AllowUnknownTools", "a"."AllowedToolsCsv", "a"."Autonomy", "a"."BlockedToolsCsv", "a"."CreatedUtc", "a"."GuardrailsJson", "a"."Name", "a"."ParamsJson", "a"."PlannerMaxSteps", "a"."PlannerMaxTokens", "a"."PlannerStop", "a"."PlannerTemperature", "a"."PlannerTopP", "a"."Provider", "a"."SystemPrompt", "a"."Temperature", "a"."TemplateRef", "a"."TokenBudget", "a"."ToolBudget", "a"."TopP", "a"."UpdatedUtc"
FROM "Agents" AS "a"
WHERE "a"."Id" = @__p_0
LIMIT 1
2025-09-04 17:24:27.099 +02:00 [INF] Executing endpoint 'HTTP: GET /agents/{id:guid}/bindings'
2025-09-04 17:24:27.107 +02:00 [INF] Executed DbCommand (0ms) [Parameters=[@__agentId_0='?' (DbType = Guid)], CommandType='"Text"', CommandTimeout='30']
SELECT "a"."Id", "a"."AgentId", "a"."ConfigJson", "a"."Enabled", "a"."ToolId"
FROM "AgentToolBindings" AS "a"
WHERE "a"."AgentId" = @__agentId_0
2025-09-04 17:24:27.120 +02:00 [INF] Setting HTTP status code 200.
2025-09-04 17:24:27.129 +02:00 [INF] Executed DbCommand (1ms) [Parameters=[@__agentId_0='?' (DbType = Guid)], CommandType='"Text"', CommandTimeout='30']
SELECT "a"."Id", "a"."AgentId", "a"."ConfigJson", "a"."Enabled", "a"."ToolId"
FROM "AgentToolBindings" AS "a"
WHERE "a"."AgentId" = @__agentId_0
2025-09-04 17:24:27.132 +02:00 [INF] Setting HTTP status code 200.
2025-09-04 17:24:27.140 +02:00 [INF] Writing value of type 'AgentResponse' as Json.
2025-09-04 17:24:27.150 +02:00 [INF] Setting HTTP status code 200.
2025-09-04 17:24:27.156 +02:00 [INF] Writing value of type 'List`1' as Json.
2025-09-04 17:24:27.158 +02:00 [INF] Executed DbCommand (45ms) [Parameters=[@__p_0='?' (DbType = Guid)], CommandType='"Text"', CommandTimeout='30']
SELECT "a"."Id", "a"."AllowUnknownTools", "a"."AllowedToolsCsv", "a"."Autonomy", "a"."BlockedToolsCsv", "a"."CreatedUtc", "a"."GuardrailsJson", "a"."Name", "a"."ParamsJson", "a"."PlannerMaxSteps", "a"."PlannerMaxTokens", "a"."PlannerStop", "a"."PlannerTemperature", "a"."PlannerTopP", "a"."Provider", "a"."SystemPrompt", "a"."Temperature", "a"."TemplateRef", "a"."TokenBudget", "a"."ToolBudget", "a"."TopP", "a"."UpdatedUtc"
FROM "Agents" AS "a"
WHERE "a"."Id" = @__p_0
LIMIT 1
2025-09-04 17:24:27.165 +02:00 [INF] Executed endpoint 'HTTP: GET /agents/{id:guid}'
2025-09-04 17:24:27.176 +02:00 [INF] Writing value of type 'List`1' as Json.
2025-09-04 17:24:27.183 +02:00 [INF] Executed endpoint 'HTTP: GET /agents/{id:guid}/bindings'
2025-09-04 17:24:27.191 +02:00 [INF] Setting HTTP status code 404.
2025-09-04 17:24:27.200 +02:00 [INF] Request finished HTTP/1.1 GET http://localhost:5088/agents/1e3a6b41-b07b-4cde-8612-9188689c9609 - 200 null application/json; charset=utf-8 198.0832ms
2025-09-04 17:24:27.214 +02:00 [INF] Executed endpoint 'HTTP: GET /agents/{id:guid}/bindings'
2025-09-04 17:24:27.221 +02:00 [INF] Request finished HTTP/1.1 GET http://localhost:5088/agents/1e3a6b41-b07b-4cde-8612-9188689c9609/bindings - 200 null application/json; charset=utf-8 208.3486ms
2025-09-04 17:24:27.227 +02:00 [INF] Executed endpoint 'HTTP: GET /agents/{id:guid}'
2025-09-04 17:24:27.238 +02:00 [INF] Request starting HTTP/1.1 GET http://localhost:5088/agents/57625e22-774b-470d-8ba6-785bc04f15f5/bindings - application/json null
2025-09-04 17:24:27.242 +02:00 [INF] Request finished HTTP/1.1 GET http://localhost:5088/agents/57625e22-774b-470d-8ba6-785bc04f15f5/bindings - 200 null application/json; charset=utf-8 198.3145ms
2025-09-04 17:24:27.256 +02:00 [INF] Request finished HTTP/1.1 GET http://localhost:5088/agents/57625e22-774b-470d-8ba6-785bc04f15f5 - 404 0 null 224.6523ms
2025-09-04 17:24:27.265 +02:00 [INF] CORS policy execution successful.
2025-09-04 17:24:27.282 +02:00 [INF] Request starting HTTP/1.1 GET http://localhost:5088/agents/57625e22-774b-470d-8ba6-785bc04f15f5 - application/json null
2025-09-04 17:24:27.289 +02:00 [INF] Executing endpoint 'HTTP: GET /agents/{id:guid}/bindings'
2025-09-04 17:24:27.295 +02:00 [INF] CORS policy execution successful.
2025-09-04 17:24:27.306 +02:00 [INF] Executed DbCommand (1ms) [Parameters=[@__agentId_0='?' (DbType = Guid)], CommandType='"Text"', CommandTimeout='30']
SELECT "a"."Id", "a"."AgentId", "a"."ConfigJson", "a"."Enabled", "a"."ToolId"
FROM "AgentToolBindings" AS "a"
WHERE "a"."AgentId" = @__agentId_0
2025-09-04 17:24:27.308 +02:00 [INF] Executing endpoint 'HTTP: GET /agents/{id:guid}'
2025-09-04 17:24:27.318 +02:00 [INF] Setting HTTP status code 200.
2025-09-04 17:24:27.329 +02:00 [INF] Executed DbCommand (1ms) [Parameters=[@__p_0='?' (DbType = Guid)], CommandType='"Text"', CommandTimeout='30']
SELECT "a"."Id", "a"."AllowUnknownTools", "a"."AllowedToolsCsv", "a"."Autonomy", "a"."BlockedToolsCsv", "a"."CreatedUtc", "a"."GuardrailsJson", "a"."Name", "a"."ParamsJson", "a"."PlannerMaxSteps", "a"."PlannerMaxTokens", "a"."PlannerStop", "a"."PlannerTemperature", "a"."PlannerTopP", "a"."Provider", "a"."SystemPrompt", "a"."Temperature", "a"."TemplateRef", "a"."TokenBudget", "a"."ToolBudget", "a"."TopP", "a"."UpdatedUtc"
FROM "Agents" AS "a"
WHERE "a"."Id" = @__p_0
LIMIT 1
2025-09-04 17:24:27.333 +02:00 [INF] Writing value of type 'List`1' as Json.
2025-09-04 17:24:27.341 +02:00 [INF] Setting HTTP status code 404.
2025-09-04 17:24:27.361 +02:00 [INF] Executed endpoint 'HTTP: GET /agents/{id:guid}'
2025-09-04 17:24:27.370 +02:00 [INF] Request finished HTTP/1.1 GET http://localhost:5088/agents/57625e22-774b-470d-8ba6-785bc04f15f5 - 404 0 null 88.5465ms
2025-09-04 17:24:27.355 +02:00 [INF] Executed endpoint 'HTTP: GET /agents/{id:guid}/bindings'
2025-09-04 17:24:27.395 +02:00 [INF] Request finished HTTP/1.1 GET http://localhost:5088/agents/57625e22-774b-470d-8ba6-785bc04f15f5/bindings - 200 null application/json; charset=utf-8 157.4627ms
2025-09-04 17:24:32.541 +02:00 [INF] Request starting HTTP/1.1 OPTIONS http://localhost:5088/agents/57625e22-774b-470d-8ba6-785bc04f15f5/bindings - null null
2025-09-04 17:24:32.541 +02:00 [INF] Request starting HTTP/1.1 OPTIONS http://localhost:5088/agents/57625e22-774b-470d-8ba6-785bc04f15f5 - null null
2025-09-04 17:24:32.545 +02:00 [INF] Request starting HTTP/1.1 OPTIONS http://localhost:5088/agents/57625e22-774b-470d-8ba6-785bc04f15f5 - null null
2025-09-04 17:24:32.546 +02:00 [INF] Request starting HTTP/1.1 OPTIONS http://localhost:5088/agents/57625e22-774b-470d-8ba6-785bc04f15f5/bindings - null null
2025-09-04 17:24:32.550 +02:00 [INF] CORS policy execution successful.
2025-09-04 17:24:32.558 +02:00 [INF] CORS policy execution successful.
2025-09-04 17:24:32.565 +02:00 [INF] CORS policy execution successful.
2025-09-04 17:24:32.569 +02:00 [INF] Request starting HTTP/1.1 OPTIONS http://localhost:5088/agents/1e3a6b41-b07b-4cde-8612-9188689c9609 - null null
2025-09-04 17:24:32.575 +02:00 [INF] Request starting HTTP/1.1 OPTIONS http://localhost:5088/agents/1e3a6b41-b07b-4cde-8612-9188689c9609/bindings - null null
2025-09-04 17:24:32.578 +02:00 [INF] CORS policy execution successful.
2025-09-04 17:24:32.585 +02:00 [INF] Request finished HTTP/1.1 OPTIONS http://localhost:5088/agents/57625e22-774b-470d-8ba6-785bc04f15f5/bindings - 204 null null 43.4459ms
2025-09-04 17:24:32.590 +02:00 [INF] Request finished HTTP/1.1 OPTIONS http://localhost:5088/agents/57625e22-774b-470d-8ba6-785bc04f15f5 - 204 null null 48.7307ms
2025-09-04 17:24:32.597 +02:00 [INF] Request finished HTTP/1.1 OPTIONS http://localhost:5088/agents/57625e22-774b-470d-8ba6-785bc04f15f5 - 204 null null 51.3776ms
2025-09-04 17:24:32.606 +02:00 [INF] CORS policy execution successful.
2025-09-04 17:24:32.614 +02:00 [INF] CORS policy execution successful.
2025-09-04 17:24:32.619 +02:00 [INF] Request finished HTTP/1.1 OPTIONS http://localhost:5088/agents/57625e22-774b-470d-8ba6-785bc04f15f5/bindings - 204 null null 73.0026ms
2025-09-04 17:24:32.625 +02:00 [INF] Request starting HTTP/1.1 GET http://localhost:5088/agents/57625e22-774b-470d-8ba6-785bc04f15f5/bindings - application/json null
2025-09-04 17:24:32.631 +02:00 [INF] Request starting HTTP/1.1 GET http://localhost:5088/agents/57625e22-774b-470d-8ba6-785bc04f15f5 - application/json null
2025-09-04 17:24:32.645 +02:00 [INF] Request finished HTTP/1.1 OPTIONS http://localhost:5088/agents/1e3a6b41-b07b-4cde-8612-9188689c9609 - 204 null null 77.0128ms
2025-09-04 17:24:32.650 +02:00 [INF] Request finished HTTP/1.1 OPTIONS http://localhost:5088/agents/1e3a6b41-b07b-4cde-8612-9188689c9609/bindings - 204 null null 75.3509ms
2025-09-04 17:24:32.664 +02:00 [INF] CORS policy execution successful.
2025-09-04 17:24:32.670 +02:00 [INF] CORS policy execution successful.
2025-09-04 17:24:32.683 +02:00 [INF] Request starting HTTP/1.1 GET http://localhost:5088/agents/1e3a6b41-b07b-4cde-8612-9188689c9609 - application/json null
2025-09-04 17:24:32.691 +02:00 [INF] Request starting HTTP/1.1 GET http://localhost:5088/agents/1e3a6b41-b07b-4cde-8612-9188689c9609/bindings - application/json null
2025-09-04 17:24:32.697 +02:00 [INF] Executing endpoint 'HTTP: GET /agents/{id:guid}/bindings'
2025-09-04 17:24:32.703 +02:00 [INF] Executing endpoint 'HTTP: GET /agents/{id:guid}'
2025-09-04 17:24:32.711 +02:00 [INF] CORS policy execution successful.
2025-09-04 17:24:32.718 +02:00 [INF] CORS policy execution successful.
2025-09-04 17:24:32.727 +02:00 [INF] Executed DbCommand (0ms) [Parameters=[@__agentId_0='?' (DbType = Guid)], CommandType='"Text"', CommandTimeout='30']
SELECT "a"."Id", "a"."AgentId", "a"."ConfigJson", "a"."Enabled", "a"."ToolId"
FROM "AgentToolBindings" AS "a"
WHERE "a"."AgentId" = @__agentId_0
2025-09-04 17:24:32.732 +02:00 [INF] Executed DbCommand (1ms) [Parameters=[@__p_0='?' (DbType = Guid)], CommandType='"Text"', CommandTimeout='30']
SELECT "a"."Id", "a"."AllowUnknownTools", "a"."AllowedToolsCsv", "a"."Autonomy", "a"."BlockedToolsCsv", "a"."CreatedUtc", "a"."GuardrailsJson", "a"."Name", "a"."ParamsJson", "a"."PlannerMaxSteps", "a"."PlannerMaxTokens", "a"."PlannerStop", "a"."PlannerTemperature", "a"."PlannerTopP", "a"."Provider", "a"."SystemPrompt", "a"."Temperature", "a"."TemplateRef", "a"."TokenBudget", "a"."ToolBudget", "a"."TopP", "a"."UpdatedUtc"
FROM "Agents" AS "a"
WHERE "a"."Id" = @__p_0
LIMIT 1
2025-09-04 17:24:32.745 +02:00 [INF] Executing endpoint 'HTTP: GET /agents/{id:guid}'
2025-09-04 17:24:32.751 +02:00 [INF] Executing endpoint 'HTTP: GET /agents/{id:guid}/bindings'
2025-09-04 17:24:32.758 +02:00 [INF] Setting HTTP status code 200.
2025-09-04 17:24:32.767 +02:00 [INF] Setting HTTP status code 404.
2025-09-04 17:24:32.780 +02:00 [INF] Executed DbCommand (1ms) [Parameters=[@__p_0='?' (DbType = Guid)], CommandType='"Text"', CommandTimeout='30']
SELECT "a"."Id", "a"."AllowUnknownTools", "a"."AllowedToolsCsv", "a"."Autonomy", "a"."BlockedToolsCsv", "a"."CreatedUtc", "a"."GuardrailsJson", "a"."Name", "a"."ParamsJson", "a"."PlannerMaxSteps", "a"."PlannerMaxTokens", "a"."PlannerStop", "a"."PlannerTemperature", "a"."PlannerTopP", "a"."Provider", "a"."SystemPrompt", "a"."Temperature", "a"."TemplateRef", "a"."TokenBudget", "a"."ToolBudget", "a"."TopP", "a"."UpdatedUtc"
FROM "Agents" AS "a"
WHERE "a"."Id" = @__p_0
LIMIT 1
2025-09-04 17:24:32.787 +02:00 [INF] Writing value of type 'List`1' as Json.
2025-09-04 17:24:32.787 +02:00 [INF] Executed DbCommand (0ms) [Parameters=[@__agentId_0='?' (DbType = Guid)], CommandType='"Text"', CommandTimeout='30']
SELECT "a"."Id", "a"."AgentId", "a"."ConfigJson", "a"."Enabled", "a"."ToolId"
FROM "AgentToolBindings" AS "a"
WHERE "a"."AgentId" = @__agentId_0
2025-09-04 17:24:32.793 +02:00 [INF] Executed endpoint 'HTTP: GET /agents/{id:guid}'
2025-09-04 17:24:32.805 +02:00 [INF] Setting HTTP status code 200.
2025-09-04 17:24:32.809 +02:00 [INF] Executed endpoint 'HTTP: GET /agents/{id:guid}/bindings'
2025-09-04 17:24:32.813 +02:00 [INF] Request starting HTTP/1.1 GET http://localhost:5088/agents/57625e22-774b-470d-8ba6-785bc04f15f5/bindings - application/json null
2025-09-04 17:24:32.819 +02:00 [INF] Setting HTTP status code 200.
2025-09-04 17:24:32.825 +02:00 [INF] Request finished HTTP/1.1 GET http://localhost:5088/agents/57625e22-774b-470d-8ba6-785bc04f15f5 - 404 0 null 193.8067ms
2025-09-04 17:24:32.832 +02:00 [INF] Writing value of type 'AgentResponse' as Json.
2025-09-04 17:24:32.838 +02:00 [INF] Request finished HTTP/1.1 GET http://localhost:5088/agents/57625e22-774b-470d-8ba6-785bc04f15f5/bindings - 200 null application/json; charset=utf-8 213.0374ms
2025-09-04 17:24:32.847 +02:00 [INF] CORS policy execution successful.
2025-09-04 17:24:32.853 +02:00 [INF] Writing value of type 'List`1' as Json.
2025-09-04 17:24:32.862 +02:00 [INF] Request starting HTTP/1.1 GET http://localhost:5088/agents/57625e22-774b-470d-8ba6-785bc04f15f5 - application/json null
2025-09-04 17:24:32.884 +02:00 [INF] Executed endpoint 'HTTP: GET /agents/{id:guid}'
2025-09-04 17:24:32.901 +02:00 [INF] Executing endpoint 'HTTP: GET /agents/{id:guid}/bindings'
2025-09-04 17:24:32.908 +02:00 [INF] Executed endpoint 'HTTP: GET /agents/{id:guid}/bindings'
2025-09-04 17:24:32.914 +02:00 [INF] CORS policy execution successful.
2025-09-04 17:24:32.922 +02:00 [INF] Request finished HTTP/1.1 GET http://localhost:5088/agents/1e3a6b41-b07b-4cde-8612-9188689c9609 - 200 null application/json; charset=utf-8 239.6419ms
2025-09-04 17:24:32.932 +02:00 [INF] Executed DbCommand (0ms) [Parameters=[@__agentId_0='?' (DbType = Guid)], CommandType='"Text"', CommandTimeout='30']
SELECT "a"."Id", "a"."AgentId", "a"."ConfigJson", "a"."Enabled", "a"."ToolId"
FROM "AgentToolBindings" AS "a"
WHERE "a"."AgentId" = @__agentId_0
2025-09-04 17:24:32.933 +02:00 [INF] Request finished HTTP/1.1 GET http://localhost:5088/agents/1e3a6b41-b07b-4cde-8612-9188689c9609/bindings - 200 null application/json; charset=utf-8 242.0446ms
2025-09-04 17:24:32.939 +02:00 [INF] Executing endpoint 'HTTP: GET /agents/{id:guid}'
2025-09-04 17:24:32.957 +02:00 [INF] Setting HTTP status code 200.
2025-09-04 17:24:32.975 +02:00 [INF] Executed DbCommand (0ms) [Parameters=[@__p_0='?' (DbType = Guid)], CommandType='"Text"', CommandTimeout='30']
SELECT "a"."Id", "a"."AllowUnknownTools", "a"."AllowedToolsCsv", "a"."Autonomy", "a"."BlockedToolsCsv", "a"."CreatedUtc", "a"."GuardrailsJson", "a"."Name", "a"."ParamsJson", "a"."PlannerMaxSteps", "a"."PlannerMaxTokens", "a"."PlannerStop", "a"."PlannerTemperature", "a"."PlannerTopP", "a"."Provider", "a"."SystemPrompt", "a"."Temperature", "a"."TemplateRef", "a"."TokenBudget", "a"."ToolBudget", "a"."TopP", "a"."UpdatedUtc"
FROM "Agents" AS "a"
WHERE "a"."Id" = @__p_0
LIMIT 1
2025-09-04 17:24:32.978 +02:00 [INF] Writing value of type 'List`1' as Json.
2025-09-04 17:24:32.983 +02:00 [INF] Setting HTTP status code 404.
2025-09-04 17:24:32.989 +02:00 [INF] Executed endpoint 'HTTP: GET /agents/{id:guid}/bindings'
2025-09-04 17:24:32.995 +02:00 [INF] Executed endpoint 'HTTP: GET /agents/{id:guid}'
2025-09-04 17:24:33.000 +02:00 [INF] Request finished HTTP/1.1 GET http://localhost:5088/agents/57625e22-774b-470d-8ba6-785bc04f15f5/bindings - 200 null application/json; charset=utf-8 187.1881ms
2025-09-04 17:24:33.007 +02:00 [INF] Request finished HTTP/1.1 GET http://localhost:5088/agents/57625e22-774b-470d-8ba6-785bc04f15f5 - 404 0 null 144.4517ms
2025-09-04 17:24:52.829 +02:00 [INF] Request starting HTTP/1.1 OPTIONS http://localhost:5088/sessions - null null
2025-09-04 17:24:52.836 +02:00 [INF] CORS policy execution successful.
2025-09-04 17:24:52.840 +02:00 [INF] Request finished HTTP/1.1 OPTIONS http://localhost:5088/sessions - 204 null null 11.6021ms
2025-09-04 17:24:52.846 +02:00 [INF] Request starting HTTP/1.1 POST http://localhost:5088/sessions - application/json 50
2025-09-04 17:24:52.851 +02:00 [INF] CORS policy execution successful.
2025-09-04 17:24:52.857 +02:00 [INF] Executing endpoint 'HTTP: POST /sessions/'
2025-09-04 17:24:52.863 +02:00 [INF] Executed DbCommand (0ms) [Parameters=[@__p_0='?' (DbType = Guid)], CommandType='"Text"', CommandTimeout='30']
SELECT "a"."Id", "a"."AllowUnknownTools", "a"."AllowedToolsCsv", "a"."Autonomy", "a"."BlockedToolsCsv", "a"."CreatedUtc", "a"."GuardrailsJson", "a"."Name", "a"."ParamsJson", "a"."PlannerMaxSteps", "a"."PlannerMaxTokens", "a"."PlannerStop", "a"."PlannerTemperature", "a"."PlannerTopP", "a"."Provider", "a"."SystemPrompt", "a"."Temperature", "a"."TemplateRef", "a"."TokenBudget", "a"."ToolBudget", "a"."TopP", "a"."UpdatedUtc"
FROM "Agents" AS "a"
WHERE "a"."Id" = @__p_0
LIMIT 1
2025-09-04 17:24:52.877 +02:00 [INF] Executed DbCommand (4ms) [Parameters=[@p0='?' (DbType = Guid), @p1='?' (DbType = Guid), @p2='?' (DbType = DateTime), @p3='?' (DbType = Int32), @p4='?' (DbType = DateTime), @p5='?' (Size = 7), @p6='?'], CommandType='"Text"', CommandTimeout='30']
INSERT INTO "Sessions" ("Id", "AgentId", "EndedUtc", "LastEventIdx", "StartedUtc", "Status", "UserId")
VALUES (@p0, @p1, @p2, @p3, @p4, @p5, @p6);
2025-09-04 17:24:52.884 +02:00 [INF] Setting HTTP status code 201.
2025-09-04 17:24:52.890 +02:00 [INF] Writing value of type 'SessionCreatedResponse' as Json.
2025-09-04 17:24:52.896 +02:00 [INF] Executed endpoint 'HTTP: POST /sessions/'
2025-09-04 17:24:52.901 +02:00 [INF] Request finished HTTP/1.1 POST http://localhost:5088/sessions - 201 null application/json; charset=utf-8 55.2928ms
2025-09-04 17:24:52.919 +02:00 [INF] Request starting HTTP/1.1 OPTIONS http://localhost:5088/hubs/trace/negotiate?negotiateVersion=1 - null null
2025-09-04 17:24:52.925 +02:00 [INF] CORS policy execution successful.
2025-09-04 17:24:52.930 +02:00 [INF] Request finished HTTP/1.1 OPTIONS http://localhost:5088/hubs/trace/negotiate?negotiateVersion=1 - 204 null null 11.0097ms
2025-09-04 17:24:52.933 +02:00 [INF] Request starting HTTP/1.1 POST http://localhost:5088/hubs/trace/negotiate?negotiateVersion=1 - null 0
2025-09-04 17:24:52.945 +02:00 [INF] CORS policy execution successful.
2025-09-04 17:24:52.949 +02:00 [INF] ApiKey was not authenticated. Failure message: Missing API key
2025-09-04 17:24:52.954 +02:00 [INF] Executing endpoint '/hubs/trace/negotiate'
2025-09-04 17:24:52.959 +02:00 [INF] Executed endpoint '/hubs/trace/negotiate'
2025-09-04 17:24:52.963 +02:00 [INF] Request finished HTTP/1.1 POST http://localhost:5088/hubs/trace/negotiate?negotiateVersion=1 - 200 316 application/json 30.1948ms
2025-09-04 17:24:52.964 +02:00 [INF] Request starting HTTP/1.1 GET http://localhost:5088/hubs/trace?id=4OJp4NML4mOP6jb4xYenQA - null null
2025-09-04 17:24:52.975 +02:00 [INF] CORS policy execution successful.
2025-09-04 17:24:52.981 +02:00 [INF] ApiKey was not authenticated. Failure message: Missing API key
2025-09-04 17:24:52.986 +02:00 [INF] Executing endpoint '/hubs/trace'
2025-09-04 17:25:01.803 +02:00 [INF] Request starting HTTP/1.1 OPTIONS http://localhost:5088/sessions/14ba5ba6-a904-4f2f-be5a-d7fe0f3abc49/messages - null null
2025-09-04 17:25:01.810 +02:00 [INF] CORS policy execution successful.
2025-09-04 17:25:01.814 +02:00 [INF] Request finished HTTP/1.1 OPTIONS http://localhost:5088/sessions/14ba5ba6-a904-4f2f-be5a-d7fe0f3abc49/messages - 204 null null 11.3912ms
2025-09-04 17:25:01.820 +02:00 [INF] Request starting HTTP/1.1 POST http://localhost:5088/sessions/14ba5ba6-a904-4f2f-be5a-d7fe0f3abc49/messages - application/json 44
2025-09-04 17:25:01.826 +02:00 [INF] CORS policy execution successful.
2025-09-04 17:25:01.832 +02:00 [INF] Executing endpoint 'HTTP: POST /sessions/{id:guid}/messages'
2025-09-04 17:25:01.838 +02:00 [INF] Executed DbCommand (0ms) [Parameters=[@__p_0='?' (DbType = Guid)], CommandType='"Text"', CommandTimeout='30']
SELECT "s"."Id", "s"."AgentId", "s"."EndedUtc", "s"."LastEventIdx", "s"."StartedUtc", "s"."Status", "s"."UserId"
FROM "Sessions" AS "s"
WHERE "s"."Id" = @__p_0
LIMIT 1
2025-09-04 17:25:01.860 +02:00 [INF] Executed DbCommand (13ms) [Parameters=[@p0='?' (DbType = Guid), @p1='?' (Size = 30), @p2='?' (DbType = DateTime), @p3='?', @p4='?' (Size = 4), @p5='?' (DbType = Guid), @p6='?'], CommandType='"Text"', CommandTimeout='30']
INSERT INTO "Messages" ("Id", "Content", "CreatedUtc", "Kind", "Role", "SessionId", "TokenUsageJson")
VALUES (@p0, @p1, @p2, @p3, @p4, @p5, @p6);
2025-09-04 17:25:01.869 +02:00 [INF] Setting HTTP status code 202.
2025-09-04 17:25:01.870 +02:00 [INF] Executed DbCommand (0ms) [Parameters=[@__p_0='?' (DbType = Guid)], CommandType='"Text"', CommandTimeout='30']
SELECT "a"."Id", "a"."AllowUnknownTools", "a"."AllowedToolsCsv", "a"."Autonomy", "a"."BlockedToolsCsv", "a"."CreatedUtc", "a"."GuardrailsJson", "a"."Name", "a"."ParamsJson", "a"."PlannerMaxSteps", "a"."PlannerMaxTokens", "a"."PlannerStop", "a"."PlannerTemperature", "a"."PlannerTopP", "a"."Provider", "a"."SystemPrompt", "a"."Temperature", "a"."TemplateRef", "a"."TokenBudget", "a"."ToolBudget", "a"."TopP", "a"."UpdatedUtc"
FROM "Agents" AS "a"
WHERE "a"."Id" = @__p_0
LIMIT 1
2025-09-04 17:25:01.873 +02:00 [INF] Writing value of type 'AcceptedResponse' as Json.
2025-09-04 17:25:01.884 +02:00 [INF] Executed endpoint 'HTTP: POST /sessions/{id:guid}/messages'
2025-09-04 17:25:01.888 +02:00 [INF] Executed DbCommand (3ms) [Parameters=[@p0='?' (DbType = Guid), @p1='?' (Size = 30), @p2='?' (DbType = DateTime), @p3='?', @p4='?' (Size = 4), @p5='?' (DbType = Guid), @p6='?'], CommandType='"Text"', CommandTimeout='30']
INSERT INTO "Messages" ("Id", "Content", "CreatedUtc", "Kind", "Role", "SessionId", "TokenUsageJson")
VALUES (@p0, @p1, @p2, @p3, @p4, @p5, @p6);
2025-09-04 17:25:01.890 +02:00 [INF] Request finished HTTP/1.1 POST http://localhost:5088/sessions/14ba5ba6-a904-4f2f-be5a-d7fe0f3abc49/messages - 202 null application/json; charset=utf-8 69.6626ms
2025-09-04 17:25:01.903 +02:00 [INF] Executed DbCommand (1ms) [Parameters=[@__agentId_0='?' (DbType = Guid)], CommandType='"Text"', CommandTimeout='30']
SELECT "a"."Id", "a"."AgentId", "a"."ConfigJson", "a"."Enabled", "a"."ToolId", "t"."Id", "t"."Description", "t"."Enabled", "t"."InputSchemaJson", "t"."McpServerId", "t"."Name", "t"."Scope", "m"."Id", "m"."AuthType", "m"."BaseUrl", "m"."LastSeenUtc", "m"."MetadataJson", "m"."Name", "m"."Status"
FROM "AgentToolBindings" AS "a"
INNER JOIN "Tools" AS "t" ON "a"."ToolId" = "t"."Id"
INNER JOIN "McpServers" AS "m" ON "t"."McpServerId" = "m"."Id"
WHERE "a"."AgentId" = @__agentId_0 AND "a"."Enabled"
2025-09-04 17:25:01.915 +02:00 [INF] Executed DbCommand (0ms) [Parameters=[@__agentId_0='?' (DbType = Guid)], CommandType='"Text"', CommandTimeout='30']
SELECT "a"."Id", "a"."AgentId", "a"."ConfigJson", "a"."Enabled", "a"."ToolId", "t"."Id", "t"."Description", "t"."Enabled", "t"."InputSchemaJson", "t"."McpServerId", "t"."Name", "t"."Scope", "m"."Id", "m"."AuthType", "m"."BaseUrl", "m"."LastSeenUtc", "m"."MetadataJson", "m"."Name", "m"."Status"
FROM "AgentToolBindings" AS "a"
INNER JOIN "Tools" AS "t" ON "a"."ToolId" = "t"."Id"
INNER JOIN "McpServers" AS "m" ON "t"."McpServerId" = "m"."Id"
WHERE "a"."AgentId" = @__agentId_0 AND "a"."Enabled"
2025-09-04 17:25:01.926 +02:00 [INF] Executed DbCommand (0ms) [Parameters=[@__sessionId_0='?' (DbType = Guid), @__kind_1='?' (Size = 11), @__p_2='?' (DbType = Int32)], CommandType='"Text"', CommandTimeout='30']
SELECT "m"."Id", "m"."Content", "m"."CreatedUtc", "m"."Kind", "m"."Role", "m"."SessionId", "m"."TokenUsageJson"
FROM "Messages" AS "m"
WHERE "m"."SessionId" = @__sessionId_0 AND "m"."Kind" = @__kind_1
ORDER BY "m"."CreatedUtc" DESC
LIMIT @__p_2
2025-09-04 17:25:01.935 +02:00 [INF] Executed DbCommand (0ms) [Parameters=[@__sessionId_0='?' (DbType = Guid), @__p_1='?' (DbType = Int32)], CommandType='"Text"', CommandTimeout='30']
SELECT "m"."Id", "m"."Content", "m"."CreatedUtc", "m"."Kind", "m"."Role", "m"."SessionId", "m"."TokenUsageJson"
FROM "Messages" AS "m"
WHERE "m"."SessionId" = @__sessionId_0
ORDER BY "m"."CreatedUtc" DESC
LIMIT @__p_1
2025-09-04 17:25:01.945 +02:00 [INF] Executed DbCommand (0ms) [Parameters=[@__agentId_0='?' (DbType = Guid)], CommandType='"Text"', CommandTimeout='30']
SELECT "a"."Id", "a"."AgentId", "a"."ConfigJson", "a"."Enabled", "a"."ToolId", "t"."Id", "t"."Description", "t"."Enabled", "t"."InputSchemaJson", "t"."McpServerId", "t"."Name", "t"."Scope", "m"."Id", "m"."AuthType", "m"."BaseUrl", "m"."LastSeenUtc", "m"."MetadataJson", "m"."Name", "m"."Status"
FROM "AgentToolBindings" AS "a"
INNER JOIN "Tools" AS "t" ON "a"."ToolId" = "t"."Id"
INNER JOIN "McpServers" AS "m" ON "t"."McpServerId" = "m"."Id"
WHERE "a"."AgentId" = @__agentId_0 AND "a"."Enabled"
2025-09-04 17:25:01.953 +02:00 [INF] Executed DbCommand (0ms) [Parameters=[@__agentId_0='?' (DbType = Guid)], CommandType='"Text"', CommandTimeout='30']
SELECT "a"."Id", "a"."AgentId", "a"."ConfigJson", "a"."Enabled", "a"."ToolId", "t"."Id", "t"."Description", "t"."Enabled", "t"."InputSchemaJson", "t"."McpServerId", "t"."Name", "t"."Scope", "m"."Id", "m"."AuthType", "m"."BaseUrl", "m"."LastSeenUtc", "m"."MetadataJson", "m"."Name", "m"."Status"
FROM "AgentToolBindings" AS "a"
INNER JOIN "Tools" AS "t" ON "a"."ToolId" = "t"."Id"
INNER JOIN "McpServers" AS "m" ON "t"."McpServerId" = "m"."Id"
WHERE "a"."AgentId" = @__agentId_0 AND "a"."Enabled"
2025-09-04 17:25:02.932 +02:00 [INF] Executed DbCommand (0ms) [Parameters=[@__sessionId_0='?' (DbType = Guid), @__p_1='?' (DbType = Int32)], CommandType='"Text"', CommandTimeout='30']
SELECT "m"."Id", "m"."Content", "m"."CreatedUtc", "m"."Kind", "m"."Role", "m"."SessionId", "m"."TokenUsageJson"
FROM "Messages" AS "m"
WHERE "m"."SessionId" = @__sessionId_0
ORDER BY "m"."CreatedUtc" DESC
LIMIT @__p_1
2025-09-04 17:25:04.874 +02:00 [INF] Executed DbCommand (11ms) [Parameters=[@p0='?' (DbType = Guid), @p1='?' (Size = 831), @p2='?' (DbType = DateTime), @p3='?', @p4='?' (Size = 9), @p5='?' (DbType = Guid), @p6='?'], CommandType='"Text"', CommandTimeout='30']
INSERT INTO "Messages" ("Id", "Content", "CreatedUtc", "Kind", "Role", "SessionId", "TokenUsageJson")
VALUES (@p0, @p1, @p2, @p3, @p4, @p5, @p6);
2025-09-04 17:25:04.886 +02:00 [INF] Executed DbCommand (2ms) [Parameters=[@p0='?' (DbType = Guid), @p1='?' (Size = 831), @p2='?' (DbType = DateTime), @p3='?', @p4='?' (Size = 9), @p5='?' (DbType = Guid), @p6='?'], CommandType='"Text"', CommandTimeout='30']
INSERT INTO "Messages" ("Id", "Content", "CreatedUtc", "Kind", "Role", "SessionId", "TokenUsageJson")
VALUES (@p0, @p1, @p2, @p3, @p4, @p5, @p6);
2025-09-04 17:25:50.258 +02:00 [INF] Request starting HTTP/1.1 OPTIONS http://localhost:5088/hubs/trace/negotiate?negotiateVersion=1 - null null
2025-09-04 17:25:50.259 +02:00 [INF] Executed endpoint '/hubs/trace'
2025-09-04 17:25:50.269 +02:00 [INF] CORS policy execution successful.
2025-09-04 17:25:50.273 +02:00 [INF] Request finished HTTP/1.1 GET http://localhost:5088/hubs/trace?id=4OJp4NML4mOP6jb4xYenQA - 101 null null 57308.9033ms
2025-09-04 17:25:50.277 +02:00 [INF] Request finished HTTP/1.1 OPTIONS http://localhost:5088/hubs/trace/negotiate?negotiateVersion=1 - 204 null null 18.8904ms
2025-09-04 17:25:50.278 +02:00 [INF] Request starting HTTP/1.1 POST http://localhost:5088/hubs/trace/negotiate?negotiateVersion=1 - null 0
2025-09-04 17:25:50.295 +02:00 [INF] CORS policy execution successful.
2025-09-04 17:25:50.300 +02:00 [INF] ApiKey was not authenticated. Failure message: Missing API key
2025-09-04 17:25:50.305 +02:00 [INF] Executing endpoint '/hubs/trace/negotiate'
2025-09-04 17:25:50.310 +02:00 [INF] Executed endpoint '/hubs/trace/negotiate'
2025-09-04 17:25:50.315 +02:00 [INF] Request finished HTTP/1.1 POST http://localhost:5088/hubs/trace/negotiate?negotiateVersion=1 - 200 316 application/json 36.8285ms
2025-09-04 17:25:50.316 +02:00 [INF] Request starting HTTP/1.1 GET http://localhost:5088/hubs/trace?id=cgZ5TwNE-OF6Q4zoOlB3vg - null null
2025-09-04 17:25:50.326 +02:00 [INF] CORS policy execution successful.
2025-09-04 17:25:50.332 +02:00 [INF] ApiKey was not authenticated. Failure message: Missing API key
2025-09-04 17:25:50.337 +02:00 [INF] Executing endpoint '/hubs/trace'
2025-09-04 17:25:57.262 +02:00 [INF] Request starting HTTP/1.1 OPTIONS http://localhost:5088/hubs/trace/negotiate?negotiateVersion=1 - null null
2025-09-04 17:25:57.262 +02:00 [INF] Executed endpoint '/hubs/trace'
2025-09-04 17:25:57.269 +02:00 [INF] CORS policy execution successful.
2025-09-04 17:25:57.273 +02:00 [INF] Request finished HTTP/1.1 GET http://localhost:5088/hubs/trace?id=cgZ5TwNE-OF6Q4zoOlB3vg - 101 null null 6957.763ms
2025-09-04 17:25:57.277 +02:00 [INF] Request finished HTTP/1.1 OPTIONS http://localhost:5088/hubs/trace/negotiate?negotiateVersion=1 - 204 null null 15.9581ms
2025-09-04 17:25:57.280 +02:00 [INF] Request starting HTTP/1.1 POST http://localhost:5088/hubs/trace/negotiate?negotiateVersion=1 - null 0
2025-09-04 17:25:57.294 +02:00 [INF] CORS policy execution successful.
2025-09-04 17:25:57.299 +02:00 [INF] ApiKey was not authenticated. Failure message: Missing API key
2025-09-04 17:25:57.305 +02:00 [INF] Executing endpoint '/hubs/trace/negotiate'
2025-09-04 17:25:57.310 +02:00 [INF] Executed endpoint '/hubs/trace/negotiate'
2025-09-04 17:25:57.315 +02:00 [INF] Request finished HTTP/1.1 POST http://localhost:5088/hubs/trace/negotiate?negotiateVersion=1 - 200 316 application/json 35.7734ms
2025-09-04 17:25:57.316 +02:00 [INF] Request starting HTTP/1.1 GET http://localhost:5088/hubs/trace?id=6I8-41WFkQ3GCv3FqE9KEQ - null null
2025-09-04 17:25:57.326 +02:00 [INF] CORS policy execution successful.
2025-09-04 17:25:57.332 +02:00 [INF] ApiKey was not authenticated. Failure message: Missing API key
2025-09-04 17:25:57.336 +02:00 [INF] Executing endpoint '/hubs/trace'
2025-09-04 17:26:05.292 +02:00 [INF] Executed endpoint '/hubs/trace'
2025-09-04 17:26:05.300 +02:00 [INF] Request finished HTTP/1.1 GET http://localhost:5088/hubs/trace?id=6I8-41WFkQ3GCv3FqE9KEQ - 101 null null 7983.7333ms
2025-09-04 17:26:06.786 +02:00 [INF] Request starting HTTP/1.1 OPTIONS http://localhost:5088/agents/1e3a6b41-b07b-4cde-8612-9188689c9609 - null null
2025-09-04 17:26:06.787 +02:00 [INF] Request starting HTTP/1.1 OPTIONS http://localhost:5088/agents/1e3a6b41-b07b-4cde-8612-9188689c9609/bindings - null null
2025-09-04 17:26:06.791 +02:00 [INF] Request starting HTTP/1.1 OPTIONS http://localhost:5088/agents/57625e22-774b-470d-8ba6-785bc04f15f5 - null null
2025-09-04 17:26:06.792 +02:00 [INF] Request starting HTTP/1.1 OPTIONS http://localhost:5088/agents/57625e22-774b-470d-8ba6-785bc04f15f5 - null null
2025-09-04 17:26:06.793 +02:00 [INF] Request starting HTTP/1.1 OPTIONS http://localhost:5088/agents/57625e22-774b-470d-8ba6-785bc04f15f5/bindings - null null
2025-09-04 17:26:06.794 +02:00 [INF] Request starting HTTP/1.1 OPTIONS http://localhost:5088/agents/57625e22-774b-470d-8ba6-785bc04f15f5/bindings - null null
2025-09-04 17:26:06.800 +02:00 [INF] CORS policy execution successful.
2025-09-04 17:26:06.812 +02:00 [INF] CORS policy execution successful.
2025-09-04 17:26:06.822 +02:00 [INF] CORS policy execution successful.
2025-09-04 17:26:06.829 +02:00 [INF] CORS policy execution successful.
2025-09-04 17:26:06.838 +02:00 [INF] CORS policy execution successful.
2025-09-04 17:26:06.847 +02:00 [INF] CORS policy execution successful.
2025-09-04 17:26:06.854 +02:00 [INF] Request finished HTTP/1.1 OPTIONS http://localhost:5088/agents/1e3a6b41-b07b-4cde-8612-9188689c9609 - 204 null null 68.3227ms
2025-09-04 17:26:06.864 +02:00 [INF] Request finished HTTP/1.1 OPTIONS http://localhost:5088/agents/1e3a6b41-b07b-4cde-8612-9188689c9609/bindings - 204 null null 77.5628ms
2025-09-04 17:26:06.871 +02:00 [INF] Request finished HTTP/1.1 OPTIONS http://localhost:5088/agents/57625e22-774b-470d-8ba6-785bc04f15f5 - 204 null null 79.6638ms
2025-09-04 17:26:06.877 +02:00 [INF] Request finished HTTP/1.1 OPTIONS http://localhost:5088/agents/57625e22-774b-470d-8ba6-785bc04f15f5 - 204 null null 85.1891ms
2025-09-04 17:26:06.886 +02:00 [INF] Request finished HTTP/1.1 OPTIONS http://localhost:5088/agents/57625e22-774b-470d-8ba6-785bc04f15f5/bindings - 204 null null 92.7847ms
2025-09-04 17:26:06.894 +02:00 [INF] Request finished HTTP/1.1 OPTIONS http://localhost:5088/agents/57625e22-774b-470d-8ba6-785bc04f15f5/bindings - 204 null null 99.8135ms
2025-09-04 17:26:06.905 +02:00 [INF] Request starting HTTP/1.1 GET http://localhost:5088/agents/1e3a6b41-b07b-4cde-8612-9188689c9609 - application/json null
2025-09-04 17:26:06.912 +02:00 [INF] Request starting HTTP/1.1 GET http://localhost:5088/agents/1e3a6b41-b07b-4cde-8612-9188689c9609/bindings - application/json null
2025-09-04 17:26:06.921 +02:00 [INF] Request starting HTTP/1.1 GET http://localhost:5088/agents/57625e22-774b-470d-8ba6-785bc04f15f5 - application/json null
2025-09-04 17:26:06.967 +02:00 [INF] CORS policy execution successful.
2025-09-04 17:26:06.949 +02:00 [INF] CORS policy execution successful.
2025-09-04 17:26:06.959 +02:00 [INF] CORS policy execution successful.
2025-09-04 17:26:06.935 +02:00 [INF] Request starting HTTP/1.1 GET http://localhost:5088/agents/57625e22-774b-470d-8ba6-785bc04f15f5/bindings - application/json null
2025-09-04 17:26:06.975 +02:00 [INF] Executing endpoint 'HTTP: GET /agents/{id:guid}'
2025-09-04 17:26:06.988 +02:00 [INF] Executing endpoint 'HTTP: GET /agents/{id:guid}'
2025-09-04 17:26:06.995 +02:00 [INF] Executing endpoint 'HTTP: GET /agents/{id:guid}/bindings'
2025-09-04 17:26:07.010 +02:00 [INF] CORS policy execution successful.
2025-09-04 17:26:07.021 +02:00 [INF] Executed DbCommand (1ms) [Parameters=[@__p_0='?' (DbType = Guid)], CommandType='"Text"', CommandTimeout='30']
SELECT "a"."Id", "a"."AllowUnknownTools", "a"."AllowedToolsCsv", "a"."Autonomy", "a"."BlockedToolsCsv", "a"."CreatedUtc", "a"."GuardrailsJson", "a"."Name", "a"."ParamsJson", "a"."PlannerMaxSteps", "a"."PlannerMaxTokens", "a"."PlannerStop", "a"."PlannerTemperature", "a"."PlannerTopP", "a"."Provider", "a"."SystemPrompt", "a"."Temperature", "a"."TemplateRef", "a"."TokenBudget", "a"."ToolBudget", "a"."TopP", "a"."UpdatedUtc"
FROM "Agents" AS "a"
WHERE "a"."Id" = @__p_0
LIMIT 1
2025-09-04 17:26:07.030 +02:00 [INF] Executed DbCommand (1ms) [Parameters=[@__p_0='?' (DbType = Guid)], CommandType='"Text"', CommandTimeout='30']
SELECT "a"."Id", "a"."AllowUnknownTools", "a"."AllowedToolsCsv", "a"."Autonomy", "a"."BlockedToolsCsv", "a"."CreatedUtc", "a"."GuardrailsJson", "a"."Name", "a"."ParamsJson", "a"."PlannerMaxSteps", "a"."PlannerMaxTokens", "a"."PlannerStop", "a"."PlannerTemperature", "a"."PlannerTopP", "a"."Provider", "a"."SystemPrompt", "a"."Temperature", "a"."TemplateRef", "a"."TokenBudget", "a"."ToolBudget", "a"."TopP", "a"."UpdatedUtc"
FROM "Agents" AS "a"
WHERE "a"."Id" = @__p_0
LIMIT 1
2025-09-04 17:26:07.039 +02:00 [INF] Executed DbCommand (0ms) [Parameters=[@__agentId_0='?' (DbType = Guid)], CommandType='"Text"', CommandTimeout='30']
SELECT "a"."Id", "a"."AgentId", "a"."ConfigJson", "a"."Enabled", "a"."ToolId"
FROM "AgentToolBindings" AS "a"
WHERE "a"."AgentId" = @__agentId_0
2025-09-04 17:26:07.044 +02:00 [INF] Executing endpoint 'HTTP: GET /agents/{id:guid}/bindings'
2025-09-04 17:26:07.056 +02:00 [INF] Setting HTTP status code 404.
2025-09-04 17:26:07.068 +02:00 [INF] Setting HTTP status code 200.
2025-09-04 17:26:07.076 +02:00 [INF] Setting HTTP status code 200.
2025-09-04 17:26:07.084 +02:00 [INF] Executed DbCommand (0ms) [Parameters=[@__agentId_0='?' (DbType = Guid)], CommandType='"Text"', CommandTimeout='30']
SELECT "a"."Id", "a"."AgentId", "a"."ConfigJson", "a"."Enabled", "a"."ToolId"
FROM "AgentToolBindings" AS "a"
WHERE "a"."AgentId" = @__agentId_0
2025-09-04 17:26:07.087 +02:00 [INF] Executed endpoint 'HTTP: GET /agents/{id:guid}'
2025-09-04 17:26:07.093 +02:00 [INF] Writing value of type 'AgentResponse' as Json.
2025-09-04 17:26:07.103 +02:00 [INF] Writing value of type 'List`1' as Json.
2025-09-04 17:26:07.111 +02:00 [INF] Setting HTTP status code 200.
2025-09-04 17:26:07.118 +02:00 [INF] Request finished HTTP/1.1 GET http://localhost:5088/agents/57625e22-774b-470d-8ba6-785bc04f15f5 - 404 0 null 197.8592ms
2025-09-04 17:26:07.128 +02:00 [INF] Executed endpoint 'HTTP: GET /agents/{id:guid}'
2025-09-04 17:26:07.151 +02:00 [INF] Executed endpoint 'HTTP: GET /agents/{id:guid}/bindings'
2025-09-04 17:26:07.160 +02:00 [INF] Writing value of type 'List`1' as Json.
2025-09-04 17:26:07.169 +02:00 [INF] Request starting HTTP/1.1 GET http://localhost:5088/agents/57625e22-774b-470d-8ba6-785bc04f15f5 - application/json null
2025-09-04 17:26:07.176 +02:00 [INF] Request finished HTTP/1.1 GET http://localhost:5088/agents/1e3a6b41-b07b-4cde-8612-9188689c9609 - 200 null application/json; charset=utf-8 271.1404ms
2025-09-04 17:26:07.184 +02:00 [INF] Request finished HTTP/1.1 GET http://localhost:5088/agents/1e3a6b41-b07b-4cde-8612-9188689c9609/bindings - 200 null application/json; charset=utf-8 271.2716ms
2025-09-04 17:26:07.189 +02:00 [INF] Executed endpoint 'HTTP: GET /agents/{id:guid}/bindings'
2025-09-04 17:26:07.195 +02:00 [INF] CORS policy execution successful.
2025-09-04 17:26:07.209 +02:00 [INF] Request starting HTTP/1.1 GET http://localhost:5088/agents/57625e22-774b-470d-8ba6-785bc04f15f5/bindings - application/json null
2025-09-04 17:26:07.215 +02:00 [INF] Request finished HTTP/1.1 GET http://localhost:5088/agents/57625e22-774b-470d-8ba6-785bc04f15f5/bindings - 200 null application/json; charset=utf-8 279.9719ms
2025-09-04 17:26:07.220 +02:00 [INF] Executing endpoint 'HTTP: GET /agents/{id:guid}'
2025-09-04 17:26:07.225 +02:00 [INF] CORS policy execution successful.
2025-09-04 17:26:07.240 +02:00 [INF] Executed DbCommand (0ms) [Parameters=[@__p_0='?' (DbType = Guid)], CommandType='"Text"', CommandTimeout='30']
SELECT "a"."Id", "a"."AllowUnknownTools", "a"."AllowedToolsCsv", "a"."Autonomy", "a"."BlockedToolsCsv", "a"."CreatedUtc", "a"."GuardrailsJson", "a"."Name", "a"."ParamsJson", "a"."PlannerMaxSteps", "a"."PlannerMaxTokens", "a"."PlannerStop", "a"."PlannerTemperature", "a"."PlannerTopP", "a"."Provider", "a"."SystemPrompt", "a"."Temperature", "a"."TemplateRef", "a"."TokenBudget", "a"."ToolBudget", "a"."TopP", "a"."UpdatedUtc"
FROM "Agents" AS "a"
WHERE "a"."Id" = @__p_0
LIMIT 1
2025-09-04 17:26:07.242 +02:00 [INF] Executing endpoint 'HTTP: GET /agents/{id:guid}/bindings'
2025-09-04 17:26:07.248 +02:00 [INF] Setting HTTP status code 404.
2025-09-04 17:26:07.255 +02:00 [INF] Executed DbCommand (0ms) [Parameters=[@__agentId_0='?' (DbType = Guid)], CommandType='"Text"', CommandTimeout='30']
SELECT "a"."Id", "a"."AgentId", "a"."ConfigJson", "a"."Enabled", "a"."ToolId"
FROM "AgentToolBindings" AS "a"
WHERE "a"."AgentId" = @__agentId_0
2025-09-04 17:26:07.257 +02:00 [INF] Executed endpoint 'HTTP: GET /agents/{id:guid}'
2025-09-04 17:26:07.263 +02:00 [INF] Setting HTTP status code 200.
2025-09-04 17:26:07.268 +02:00 [INF] Request finished HTTP/1.1 GET http://localhost:5088/agents/57625e22-774b-470d-8ba6-785bc04f15f5 - 404 0 null 99.3801ms
2025-09-04 17:26:07.272 +02:00 [INF] Writing value of type 'List`1' as Json.
2025-09-04 17:26:07.283 +02:00 [INF] Executed endpoint 'HTTP: GET /agents/{id:guid}/bindings'
2025-09-04 17:26:07.290 +02:00 [INF] Request finished HTTP/1.1 GET http://localhost:5088/agents/57625e22-774b-470d-8ba6-785bc04f15f5/bindings - 200 null application/json; charset=utf-8 80.8485ms
2025-09-04 17:26:36.935 +02:00 [INF] Request starting HTTP/1.1 OPTIONS http://localhost:5088/sessions - null null
2025-09-04 17:26:36.949 +02:00 [INF] CORS policy execution successful.
2025-09-04 17:26:36.956 +02:00 [INF] Request finished HTTP/1.1 OPTIONS http://localhost:5088/sessions - 204 null null 20.571ms
2025-09-04 17:26:36.962 +02:00 [INF] Request starting HTTP/1.1 POST http://localhost:5088/sessions - application/json 50
2025-09-04 17:26:36.966 +02:00 [INF] CORS policy execution successful.
2025-09-04 17:26:36.974 +02:00 [INF] Executing endpoint 'HTTP: POST /sessions/'
2025-09-04 17:26:36.982 +02:00 [INF] Executed DbCommand (0ms) [Parameters=[@__p_0='?' (DbType = Guid)], CommandType='"Text"', CommandTimeout='30']
SELECT "a"."Id", "a"."AllowUnknownTools", "a"."AllowedToolsCsv", "a"."Autonomy", "a"."BlockedToolsCsv", "a"."CreatedUtc", "a"."GuardrailsJson", "a"."Name", "a"."ParamsJson", "a"."PlannerMaxSteps", "a"."PlannerMaxTokens", "a"."PlannerStop", "a"."PlannerTemperature", "a"."PlannerTopP", "a"."Provider", "a"."SystemPrompt", "a"."Temperature", "a"."TemplateRef", "a"."TokenBudget", "a"."ToolBudget", "a"."TopP", "a"."UpdatedUtc"
FROM "Agents" AS "a"
WHERE "a"."Id" = @__p_0
LIMIT 1
2025-09-04 17:26:37.007 +02:00 [INF] Executed DbCommand (12ms) [Parameters=[@p0='?' (DbType = Guid), @p1='?' (DbType = Guid), @p2='?' (DbType = DateTime), @p3='?' (DbType = Int32), @p4='?' (DbType = DateTime), @p5='?' (Size = 7), @p6='?'], CommandType='"Text"', CommandTimeout='30']
INSERT INTO "Sessions" ("Id", "AgentId", "EndedUtc", "LastEventIdx", "StartedUtc", "Status", "UserId")
VALUES (@p0, @p1, @p2, @p3, @p4, @p5, @p6);
2025-09-04 17:26:37.017 +02:00 [INF] Setting HTTP status code 201.
2025-09-04 17:26:37.024 +02:00 [INF] Writing value of type 'SessionCreatedResponse' as Json.
2025-09-04 17:26:37.031 +02:00 [INF] Executed endpoint 'HTTP: POST /sessions/'
2025-09-04 17:26:37.039 +02:00 [INF] Request finished HTTP/1.1 POST http://localhost:5088/sessions - 201 null application/json; charset=utf-8 76.9922ms
2025-09-04 17:26:37.058 +02:00 [INF] Request starting HTTP/1.1 OPTIONS http://localhost:5088/hubs/trace/negotiate?negotiateVersion=1 - null null
2025-09-04 17:26:37.067 +02:00 [INF] CORS policy execution successful.
2025-09-04 17:26:37.074 +02:00 [INF] Request finished HTTP/1.1 OPTIONS http://localhost:5088/hubs/trace/negotiate?negotiateVersion=1 - 204 null null 16.4232ms
2025-09-04 17:26:37.078 +02:00 [INF] Request starting HTTP/1.1 POST http://localhost:5088/hubs/trace/negotiate?negotiateVersion=1 - null 0
2025-09-04 17:26:37.092 +02:00 [INF] CORS policy execution successful.
2025-09-04 17:26:37.100 +02:00 [INF] ApiKey was not authenticated. Failure message: Missing API key
2025-09-04 17:26:37.109 +02:00 [INF] Executing endpoint '/hubs/trace/negotiate'
2025-09-04 17:26:37.119 +02:00 [INF] Executed endpoint '/hubs/trace/negotiate'
2025-09-04 17:26:37.130 +02:00 [INF] Request finished HTTP/1.1 POST http://localhost:5088/hubs/trace/negotiate?negotiateVersion=1 - 200 316 application/json 52.2391ms
2025-09-04 17:26:37.131 +02:00 [INF] Request starting HTTP/1.1 GET http://localhost:5088/hubs/trace?id=9bbCRS1iAcSWZkRGkL-lxg - null null
2025-09-04 17:26:37.146 +02:00 [INF] CORS policy execution successful.
2025-09-04 17:26:37.154 +02:00 [INF] ApiKey was not authenticated. Failure message: Missing API key
2025-09-04 17:26:37.162 +02:00 [INF] Executing endpoint '/hubs/trace'
2025-09-04 17:26:44.409 +02:00 [INF] Request starting HTTP/1.1 OPTIONS http://localhost:5088/sessions/d40382e5-f43a-42ca-8fcb-d501135e5d68/messages - null null
2025-09-04 17:26:44.418 +02:00 [INF] CORS policy execution successful.
2025-09-04 17:26:44.422 +02:00 [INF] Request finished HTTP/1.1 OPTIONS http://localhost:5088/sessions/d40382e5-f43a-42ca-8fcb-d501135e5d68/messages - 204 null null 13.3049ms
2025-09-04 17:26:44.428 +02:00 [INF] Request starting HTTP/1.1 POST http://localhost:5088/sessions/d40382e5-f43a-42ca-8fcb-d501135e5d68/messages - application/json 45
2025-09-04 17:26:44.433 +02:00 [INF] CORS policy execution successful.
2025-09-04 17:26:44.438 +02:00 [INF] Executing endpoint 'HTTP: POST /sessions/{id:guid}/messages'
2025-09-04 17:26:44.445 +02:00 [INF] Executed DbCommand (0ms) [Parameters=[@__p_0='?' (DbType = Guid)], CommandType='"Text"', CommandTimeout='30']
SELECT "s"."Id", "s"."AgentId", "s"."EndedUtc", "s"."LastEventIdx", "s"."StartedUtc", "s"."Status", "s"."UserId"
FROM "Sessions" AS "s"
WHERE "s"."Id" = @__p_0
LIMIT 1
2025-09-04 17:26:44.458 +02:00 [INF] Executed DbCommand (5ms) [Parameters=[@p0='?' (DbType = Guid), @p1='?' (Size = 31), @p2='?' (DbType = DateTime), @p3='?', @p4='?' (Size = 4), @p5='?' (DbType = Guid), @p6='?'], CommandType='"Text"', CommandTimeout='30']
INSERT INTO "Messages" ("Id", "Content", "CreatedUtc", "Kind", "Role", "SessionId", "TokenUsageJson")
VALUES (@p0, @p1, @p2, @p3, @p4, @p5, @p6);
2025-09-04 17:26:44.465 +02:00 [INF] Setting HTTP status code 202.
2025-09-04 17:26:44.466 +02:00 [INF] Executed DbCommand (0ms) [Parameters=[@__p_0='?' (DbType = Guid)], CommandType='"Text"', CommandTimeout='30']
SELECT "a"."Id", "a"."AllowUnknownTools", "a"."AllowedToolsCsv", "a"."Autonomy", "a"."BlockedToolsCsv", "a"."CreatedUtc", "a"."GuardrailsJson", "a"."Name", "a"."ParamsJson", "a"."PlannerMaxSteps", "a"."PlannerMaxTokens", "a"."PlannerStop", "a"."PlannerTemperature", "a"."PlannerTopP", "a"."Provider", "a"."SystemPrompt", "a"."Temperature", "a"."TemplateRef", "a"."TokenBudget", "a"."ToolBudget", "a"."TopP", "a"."UpdatedUtc"
FROM "Agents" AS "a"
WHERE "a"."Id" = @__p_0
LIMIT 1
2025-09-04 17:26:44.470 +02:00 [INF] Writing value of type 'AcceptedResponse' as Json.
2025-09-04 17:26:44.481 +02:00 [INF] Executed endpoint 'HTTP: POST /sessions/{id:guid}/messages'
2025-09-04 17:26:44.486 +02:00 [INF] Executed DbCommand (3ms) [Parameters=[@p0='?' (DbType = Guid), @p1='?' (Size = 31), @p2='?' (DbType = DateTime), @p3='?', @p4='?' (Size = 4), @p5='?' (DbType = Guid), @p6='?'], CommandType='"Text"', CommandTimeout='30']
INSERT INTO "Messages" ("Id", "Content", "CreatedUtc", "Kind", "Role", "SessionId", "TokenUsageJson")
VALUES (@p0, @p1, @p2, @p3, @p4, @p5, @p6);
2025-09-04 17:26:44.486 +02:00 [INF] Request finished HTTP/1.1 POST http://localhost:5088/sessions/d40382e5-f43a-42ca-8fcb-d501135e5d68/messages - 202 null application/json; charset=utf-8 58.0715ms
2025-09-04 17:26:44.496 +02:00 [INF] Executed DbCommand (0ms) [Parameters=[@__agentId_0='?' (DbType = Guid)], CommandType='"Text"', CommandTimeout='30']
SELECT "a"."Id", "a"."AgentId", "a"."ConfigJson", "a"."Enabled", "a"."ToolId", "t"."Id", "t"."Description", "t"."Enabled", "t"."InputSchemaJson", "t"."McpServerId", "t"."Name", "t"."Scope", "m"."Id", "m"."AuthType", "m"."BaseUrl", "m"."LastSeenUtc", "m"."MetadataJson", "m"."Name", "m"."Status"
FROM "AgentToolBindings" AS "a"
INNER JOIN "Tools" AS "t" ON "a"."ToolId" = "t"."Id"
INNER JOIN "McpServers" AS "m" ON "t"."McpServerId" = "m"."Id"
WHERE "a"."AgentId" = @__agentId_0 AND "a"."Enabled"
2025-09-04 17:26:44.507 +02:00 [INF] Executed DbCommand (0ms) [Parameters=[@__agentId_0='?' (DbType = Guid)], CommandType='"Text"', CommandTimeout='30']
SELECT "a"."Id", "a"."AgentId", "a"."ConfigJson", "a"."Enabled", "a"."ToolId", "t"."Id", "t"."Description", "t"."Enabled", "t"."InputSchemaJson", "t"."McpServerId", "t"."Name", "t"."Scope", "m"."Id", "m"."AuthType", "m"."BaseUrl", "m"."LastSeenUtc", "m"."MetadataJson", "m"."Name", "m"."Status"
FROM "AgentToolBindings" AS "a"
INNER JOIN "Tools" AS "t" ON "a"."ToolId" = "t"."Id"
INNER JOIN "McpServers" AS "m" ON "t"."McpServerId" = "m"."Id"
WHERE "a"."AgentId" = @__agentId_0 AND "a"."Enabled"
2025-09-04 17:26:44.521 +02:00 [INF] Executed DbCommand (1ms) [Parameters=[@__sessionId_0='?' (DbType = Guid), @__kind_1='?' (Size = 11), @__p_2='?' (DbType = Int32)], CommandType='"Text"', CommandTimeout='30']
SELECT "m"."Id", "m"."Content", "m"."CreatedUtc", "m"."Kind", "m"."Role", "m"."SessionId", "m"."TokenUsageJson"
FROM "Messages" AS "m"
WHERE "m"."SessionId" = @__sessionId_0 AND "m"."Kind" = @__kind_1
ORDER BY "m"."CreatedUtc" DESC
LIMIT @__p_2
2025-09-04 17:26:44.532 +02:00 [INF] Executed DbCommand (0ms) [Parameters=[@__sessionId_0='?' (DbType = Guid), @__p_1='?' (DbType = Int32)], CommandType='"Text"', CommandTimeout='30']
SELECT "m"."Id", "m"."Content", "m"."CreatedUtc", "m"."Kind", "m"."Role", "m"."SessionId", "m"."TokenUsageJson"
FROM "Messages" AS "m"
WHERE "m"."SessionId" = @__sessionId_0
ORDER BY "m"."CreatedUtc" DESC
LIMIT @__p_1
2025-09-04 17:26:44.541 +02:00 [INF] Executed DbCommand (0ms) [Parameters=[@__agentId_0='?' (DbType = Guid)], CommandType='"Text"', CommandTimeout='30']
SELECT "a"."Id", "a"."AgentId", "a"."ConfigJson", "a"."Enabled", "a"."ToolId", "t"."Id", "t"."Description", "t"."Enabled", "t"."InputSchemaJson", "t"."McpServerId", "t"."Name", "t"."Scope", "m"."Id", "m"."AuthType", "m"."BaseUrl", "m"."LastSeenUtc", "m"."MetadataJson", "m"."Name", "m"."Status"
FROM "AgentToolBindings" AS "a"
INNER JOIN "Tools" AS "t" ON "a"."ToolId" = "t"."Id"
INNER JOIN "McpServers" AS "m" ON "t"."McpServerId" = "m"."Id"
WHERE "a"."AgentId" = @__agentId_0 AND "a"."Enabled"
2025-09-04 17:26:44.549 +02:00 [INF] Executed DbCommand (0ms) [Parameters=[@__agentId_0='?' (DbType = Guid)], CommandType='"Text"', CommandTimeout='30']
SELECT "a"."Id", "a"."AgentId", "a"."ConfigJson", "a"."Enabled", "a"."ToolId", "t"."Id", "t"."Description", "t"."Enabled", "t"."InputSchemaJson", "t"."McpServerId", "t"."Name", "t"."Scope", "m"."Id", "m"."AuthType", "m"."BaseUrl", "m"."LastSeenUtc", "m"."MetadataJson", "m"."Name", "m"."Status"
FROM "AgentToolBindings" AS "a"
INNER JOIN "Tools" AS "t" ON "a"."ToolId" = "t"."Id"
INNER JOIN "McpServers" AS "m" ON "t"."McpServerId" = "m"."Id"
WHERE "a"."AgentId" = @__agentId_0 AND "a"."Enabled"
2025-09-04 17:26:45.534 +02:00 [INF] Executed DbCommand (0ms) [Parameters=[@__sessionId_0='?' (DbType = Guid), @__p_1='?' (DbType = Int32)], CommandType='"Text"', CommandTimeout='30']
SELECT "m"."Id", "m"."Content", "m"."CreatedUtc", "m"."Kind", "m"."Role", "m"."SessionId", "m"."TokenUsageJson"
FROM "Messages" AS "m"
WHERE "m"."SessionId" = @__sessionId_0
ORDER BY "m"."CreatedUtc" DESC
LIMIT @__p_1
2025-09-04 17:26:47.153 +02:00 [INF] Executed DbCommand (3ms) [Parameters=[@p0='?' (DbType = Guid), @p1='?' (Size = 701), @p2='?' (DbType = DateTime), @p3='?', @p4='?' (Size = 9), @p5='?' (DbType = Guid), @p6='?'], CommandType='"Text"', CommandTimeout='30']
INSERT INTO "Messages" ("Id", "Content", "CreatedUtc", "Kind", "Role", "SessionId", "TokenUsageJson")
VALUES (@p0, @p1, @p2, @p3, @p4, @p5, @p6);
2025-09-04 17:26:47.169 +02:00 [INF] Executed DbCommand (3ms) [Parameters=[@p0='?' (DbType = Guid), @p1='?' (Size = 701), @p2='?' (DbType = DateTime), @p3='?', @p4='?' (Size = 9), @p5='?' (DbType = Guid), @p6='?'], CommandType='"Text"', CommandTimeout='30']
INSERT INTO "Messages" ("Id", "Content", "CreatedUtc", "Kind", "Role", "SessionId", "TokenUsageJson")
VALUES (@p0, @p1, @p2, @p3, @p4, @p5, @p6);
2025-09-04 17:26:55.004 +02:00 [INF] Request starting HTTP/1.1 OPTIONS http://localhost:5088/hubs/trace/negotiate?negotiateVersion=1 - null null
2025-09-04 17:26:55.006 +02:00 [INF] Executed endpoint '/hubs/trace'
2025-09-04 17:26:55.010 +02:00 [INF] CORS policy execution successful.
2025-09-04 17:26:55.015 +02:00 [INF] Request finished HTTP/1.1 GET http://localhost:5088/hubs/trace?id=9bbCRS1iAcSWZkRGkL-lxg - 101 null null 17883.6299ms
2025-09-04 17:26:55.020 +02:00 [INF] Request finished HTTP/1.1 OPTIONS http://localhost:5088/hubs/trace/negotiate?negotiateVersion=1 - 204 null null 15.6433ms
2025-09-04 17:26:55.022 +02:00 [INF] Request starting HTTP/1.1 POST http://localhost:5088/hubs/trace/negotiate?negotiateVersion=1 - null 0
2025-09-04 17:26:55.034 +02:00 [INF] CORS policy execution successful.
2025-09-04 17:26:55.040 +02:00 [INF] ApiKey was not authenticated. Failure message: Missing API key
2025-09-04 17:26:55.045 +02:00 [INF] Executing endpoint '/hubs/trace/negotiate'
2025-09-04 17:26:55.049 +02:00 [INF] Executed endpoint '/hubs/trace/negotiate'
2025-09-04 17:26:55.056 +02:00 [INF] Request finished HTTP/1.1 POST http://localhost:5088/hubs/trace/negotiate?negotiateVersion=1 - 200 316 application/json 33.5745ms
2025-09-04 17:26:55.057 +02:00 [INF] Request starting HTTP/1.1 GET http://localhost:5088/hubs/trace?id=r536FSpn_adHd7Y_kvlAew - null null
2025-09-04 17:26:55.067 +02:00 [INF] CORS policy execution successful.
2025-09-04 17:26:55.073 +02:00 [INF] ApiKey was not authenticated. Failure message: Missing API key
2025-09-04 17:26:55.079 +02:00 [INF] Executing endpoint '/hubs/trace'
2025-09-04 17:32:15.198 +02:00 [INF] Executed endpoint '/hubs/trace'
2025-09-04 17:32:15.206 +02:00 [INF] Request finished HTTP/1.1 GET http://localhost:5088/hubs/trace?id=r536FSpn_adHd7Y_kvlAew - 101 null null 320149.0173ms
2025-09-04 17:32:15.738 +02:00 [INF] Request starting HTTP/1.1 OPTIONS http://localhost:5088/agents/1e3a6b41-b07b-4cde-8612-9188689c9609 - null null
2025-09-04 17:32:15.742 +02:00 [INF] Request starting HTTP/1.1 OPTIONS http://localhost:5088/agents/1e3a6b41-b07b-4cde-8612-9188689c9609/bindings - null null
2025-09-04 17:32:15.745 +02:00 [INF] CORS policy execution successful.
2025-09-04 17:32:15.753 +02:00 [INF] CORS policy execution successful.
2025-09-04 17:32:15.760 +02:00 [INF] Request finished HTTP/1.1 OPTIONS http://localhost:5088/agents/1e3a6b41-b07b-4cde-8612-9188689c9609 - 204 null null 22.4512ms
2025-09-04 17:32:15.765 +02:00 [INF] Request finished HTTP/1.1 OPTIONS http://localhost:5088/agents/1e3a6b41-b07b-4cde-8612-9188689c9609/bindings - 204 null null 23.2858ms
2025-09-04 17:32:15.773 +02:00 [INF] Request starting HTTP/1.1 GET http://localhost:5088/agents/1e3a6b41-b07b-4cde-8612-9188689c9609 - application/json null
2025-09-04 17:32:15.779 +02:00 [INF] Request starting HTTP/1.1 GET http://localhost:5088/agents/1e3a6b41-b07b-4cde-8612-9188689c9609/bindings - application/json null
2025-09-04 17:32:15.788 +02:00 [INF] CORS policy execution successful.
2025-09-04 17:32:15.795 +02:00 [INF] CORS policy execution successful.
2025-09-04 17:32:15.800 +02:00 [INF] Executing endpoint 'HTTP: GET /agents/{id:guid}'
2025-09-04 17:32:15.806 +02:00 [INF] Executing endpoint 'HTTP: GET /agents/{id:guid}/bindings'
2025-09-04 17:32:15.820 +02:00 [INF] Executed DbCommand (3ms) [Parameters=[@__p_0='?' (DbType = Guid)], CommandType='"Text"', CommandTimeout='30']
SELECT "a"."Id", "a"."AllowUnknownTools", "a"."AllowedToolsCsv", "a"."Autonomy", "a"."BlockedToolsCsv", "a"."CreatedUtc", "a"."GuardrailsJson", "a"."Name", "a"."ParamsJson", "a"."PlannerMaxSteps", "a"."PlannerMaxTokens", "a"."PlannerStop", "a"."PlannerTemperature", "a"."PlannerTopP", "a"."Provider", "a"."SystemPrompt", "a"."Temperature", "a"."TemplateRef", "a"."TokenBudget", "a"."ToolBudget", "a"."TopP", "a"."UpdatedUtc"
FROM "Agents" AS "a"
WHERE "a"."Id" = @__p_0
LIMIT 1
2025-09-04 17:32:15.823 +02:00 [INF] Executed DbCommand (1ms) [Parameters=[@__agentId_0='?' (DbType = Guid)], CommandType='"Text"', CommandTimeout='30']
SELECT "a"."Id", "a"."AgentId", "a"."ConfigJson", "a"."Enabled", "a"."ToolId"
FROM "AgentToolBindings" AS "a"
WHERE "a"."AgentId" = @__agentId_0
2025-09-04 17:32:15.830 +02:00 [INF] Setting HTTP status code 200.
2025-09-04 17:32:15.837 +02:00 [INF] Setting HTTP status code 200.
2025-09-04 17:32:15.843 +02:00 [INF] Writing value of type 'AgentResponse' as Json.
2025-09-04 17:32:15.850 +02:00 [INF] Writing value of type 'List`1' as Json.
2025-09-04 17:32:15.857 +02:00 [INF] Executed endpoint 'HTTP: GET /agents/{id:guid}'
2025-09-04 17:32:15.870 +02:00 [INF] Executed endpoint 'HTTP: GET /agents/{id:guid}/bindings'
2025-09-04 17:32:15.876 +02:00 [INF] Request finished HTTP/1.1 GET http://localhost:5088/agents/1e3a6b41-b07b-4cde-8612-9188689c9609 - 200 null application/json; charset=utf-8 102.8771ms
2025-09-04 17:32:15.882 +02:00 [INF] Request finished HTTP/1.1 GET http://localhost:5088/agents/1e3a6b41-b07b-4cde-8612-9188689c9609/bindings - 200 null application/json; charset=utf-8 103.2451ms
2025-09-04 17:32:17.001 +02:00 [INF] Request starting HTTP/1.1 OPTIONS http://localhost:5088/sessions - null null
2025-09-04 17:32:17.010 +02:00 [INF] CORS policy execution successful.
2025-09-04 17:32:17.015 +02:00 [INF] Request finished HTTP/1.1 OPTIONS http://localhost:5088/sessions - 204 null null 13.788ms
2025-09-04 17:32:17.021 +02:00 [INF] Request starting HTTP/1.1 POST http://localhost:5088/sessions - application/json 50
2025-09-04 17:32:17.029 +02:00 [INF] CORS policy execution successful.
2025-09-04 17:32:17.034 +02:00 [INF] Executing endpoint 'HTTP: POST /sessions/'
2025-09-04 17:32:17.043 +02:00 [INF] Executed DbCommand (0ms) [Parameters=[@__p_0='?' (DbType = Guid)], CommandType='"Text"', CommandTimeout='30']
SELECT "a"."Id", "a"."AllowUnknownTools", "a"."AllowedToolsCsv", "a"."Autonomy", "a"."BlockedToolsCsv", "a"."CreatedUtc", "a"."GuardrailsJson", "a"."Name", "a"."ParamsJson", "a"."PlannerMaxSteps", "a"."PlannerMaxTokens", "a"."PlannerStop", "a"."PlannerTemperature", "a"."PlannerTopP", "a"."Provider", "a"."SystemPrompt", "a"."Temperature", "a"."TemplateRef", "a"."TokenBudget", "a"."ToolBudget", "a"."TopP", "a"."UpdatedUtc"
FROM "Agents" AS "a"
WHERE "a"."Id" = @__p_0
LIMIT 1
2025-09-04 17:32:17.064 +02:00 [INF] Executed DbCommand (15ms) [Parameters=[@p0='?' (DbType = Guid), @p1='?' (DbType = Guid), @p2='?' (DbType = DateTime), @p3='?' (DbType = Int32), @p4='?' (DbType = DateTime), @p5='?' (Size = 7), @p6='?'], CommandType='"Text"', CommandTimeout='30']
INSERT INTO "Sessions" ("Id", "AgentId", "EndedUtc", "LastEventIdx", "StartedUtc", "Status", "UserId")
VALUES (@p0, @p1, @p2, @p3, @p4, @p5, @p6);
2025-09-04 17:32:17.073 +02:00 [INF] Setting HTTP status code 201.
2025-09-04 17:32:17.077 +02:00 [INF] Writing value of type 'SessionCreatedResponse' as Json.
2025-09-04 17:32:17.081 +02:00 [INF] Executed endpoint 'HTTP: POST /sessions/'
2025-09-04 17:32:17.088 +02:00 [INF] Request finished HTTP/1.1 POST http://localhost:5088/sessions - 201 null application/json; charset=utf-8 66.8391ms
2025-09-04 17:32:17.112 +02:00 [INF] Request starting HTTP/1.1 OPTIONS http://localhost:5088/hubs/trace/negotiate?negotiateVersion=1 - null null
2025-09-04 17:32:17.119 +02:00 [INF] CORS policy execution successful.
2025-09-04 17:32:17.126 +02:00 [INF] Request finished HTTP/1.1 OPTIONS http://localhost:5088/hubs/trace/negotiate?negotiateVersion=1 - 204 null null 14.4942ms
2025-09-04 17:32:17.131 +02:00 [INF] Request starting HTTP/1.1 POST http://localhost:5088/hubs/trace/negotiate?negotiateVersion=1 - null 0
2025-09-04 17:32:17.141 +02:00 [INF] CORS policy execution successful.
2025-09-04 17:32:17.147 +02:00 [INF] ApiKey was not authenticated. Failure message: Missing API key
2025-09-04 17:32:17.152 +02:00 [INF] Executing endpoint '/hubs/trace/negotiate'
2025-09-04 17:32:17.158 +02:00 [INF] Executed endpoint '/hubs/trace/negotiate'
2025-09-04 17:32:17.164 +02:00 [INF] Request finished HTTP/1.1 POST http://localhost:5088/hubs/trace/negotiate?negotiateVersion=1 - 200 316 application/json 33.6704ms
2025-09-04 17:32:17.167 +02:00 [INF] Request starting HTTP/1.1 GET http://localhost:5088/hubs/trace?id=KuAfkiwBJ8Wc8Q792yrqcA - null null
2025-09-04 17:32:17.178 +02:00 [INF] CORS policy execution successful.
2025-09-04 17:32:17.183 +02:00 [INF] ApiKey was not authenticated. Failure message: Missing API key
2025-09-04 17:32:17.190 +02:00 [INF] Executing endpoint '/hubs/trace'
2025-09-04 17:32:19.537 +02:00 [INF] Request starting HTTP/1.1 OPTIONS http://localhost:5088/sessions/4b94ab6b-83b3-4ce7-bbfb-6cf39a5717cc/messages - null null
2025-09-04 17:32:19.546 +02:00 [INF] CORS policy execution successful.
2025-09-04 17:32:19.550 +02:00 [INF] Request finished HTTP/1.1 OPTIONS http://localhost:5088/sessions/4b94ab6b-83b3-4ce7-bbfb-6cf39a5717cc/messages - 204 null null 13.257ms
2025-09-04 17:32:19.557 +02:00 [INF] Request starting HTTP/1.1 POST http://localhost:5088/sessions/4b94ab6b-83b3-4ce7-bbfb-6cf39a5717cc/messages - application/json 49
2025-09-04 17:32:19.562 +02:00 [INF] CORS policy execution successful.
2025-09-04 17:32:19.566 +02:00 [INF] Executing endpoint 'HTTP: POST /sessions/{id:guid}/messages'
2025-09-04 17:32:19.574 +02:00 [INF] Executed DbCommand (0ms) [Parameters=[@__p_0='?' (DbType = Guid)], CommandType='"Text"', CommandTimeout='30']
SELECT "s"."Id", "s"."AgentId", "s"."EndedUtc", "s"."LastEventIdx", "s"."StartedUtc", "s"."Status", "s"."UserId"
FROM "Sessions" AS "s"
WHERE "s"."Id" = @__p_0
LIMIT 1
2025-09-04 17:32:19.584 +02:00 [INF] Executed DbCommand (3ms) [Parameters=[@p0='?' (DbType = Guid), @p1='?' (Size = 33), @p2='?' (DbType = DateTime), @p3='?', @p4='?' (Size = 4), @p5='?' (DbType = Guid), @p6='?'], CommandType='"Text"', CommandTimeout='30']
INSERT INTO "Messages" ("Id", "Content", "CreatedUtc", "Kind", "Role", "SessionId", "TokenUsageJson")
VALUES (@p0, @p1, @p2, @p3, @p4, @p5, @p6);
2025-09-04 17:32:19.593 +02:00 [INF] Setting HTTP status code 202.
2025-09-04 17:32:19.595 +02:00 [INF] Executed DbCommand (0ms) [Parameters=[@__p_0='?' (DbType = Guid)], CommandType='"Text"', CommandTimeout='30']
SELECT "a"."Id", "a"."AllowUnknownTools", "a"."AllowedToolsCsv", "a"."Autonomy", "a"."BlockedToolsCsv", "a"."CreatedUtc", "a"."GuardrailsJson", "a"."Name", "a"."ParamsJson", "a"."PlannerMaxSteps", "a"."PlannerMaxTokens", "a"."PlannerStop", "a"."PlannerTemperature", "a"."PlannerTopP", "a"."Provider", "a"."SystemPrompt", "a"."Temperature", "a"."TemplateRef", "a"."TokenBudget", "a"."ToolBudget", "a"."TopP", "a"."UpdatedUtc"
FROM "Agents" AS "a"
WHERE "a"."Id" = @__p_0
LIMIT 1
2025-09-04 17:32:19.598 +02:00 [INF] Writing value of type 'AcceptedResponse' as Json.
2025-09-04 17:32:19.610 +02:00 [INF] Executed endpoint 'HTTP: POST /sessions/{id:guid}/messages'
2025-09-04 17:32:19.612 +02:00 [INF] Executed DbCommand (3ms) [Parameters=[@p0='?' (DbType = Guid), @p1='?' (Size = 33), @p2='?' (DbType = DateTime), @p3='?', @p4='?' (Size = 4), @p5='?' (DbType = Guid), @p6='?'], CommandType='"Text"', CommandTimeout='30']
INSERT INTO "Messages" ("Id", "Content", "CreatedUtc", "Kind", "Role", "SessionId", "TokenUsageJson")
VALUES (@p0, @p1, @p2, @p3, @p4, @p5, @p6);
2025-09-04 17:32:19.617 +02:00 [INF] Request finished HTTP/1.1 POST http://localhost:5088/sessions/4b94ab6b-83b3-4ce7-bbfb-6cf39a5717cc/messages - 202 null application/json; charset=utf-8 59.7467ms
2025-09-04 17:32:19.627 +02:00 [INF] Executed DbCommand (0ms) [Parameters=[@__agentId_0='?' (DbType = Guid)], CommandType='"Text"', CommandTimeout='30']
SELECT "a"."Id", "a"."AgentId", "a"."ConfigJson", "a"."Enabled", "a"."ToolId", "t"."Id", "t"."Description", "t"."Enabled", "t"."InputSchemaJson", "t"."McpServerId", "t"."Name", "t"."Scope", "m"."Id", "m"."AuthType", "m"."BaseUrl", "m"."LastSeenUtc", "m"."MetadataJson", "m"."Name", "m"."Status"
FROM "AgentToolBindings" AS "a"
INNER JOIN "Tools" AS "t" ON "a"."ToolId" = "t"."Id"
INNER JOIN "McpServers" AS "m" ON "t"."McpServerId" = "m"."Id"
WHERE "a"."AgentId" = @__agentId_0 AND "a"."Enabled"
2025-09-04 17:32:19.638 +02:00 [INF] Executed DbCommand (0ms) [Parameters=[@__agentId_0='?' (DbType = Guid)], CommandType='"Text"', CommandTimeout='30']
SELECT "a"."Id", "a"."AgentId", "a"."ConfigJson", "a"."Enabled", "a"."ToolId", "t"."Id", "t"."Description", "t"."Enabled", "t"."InputSchemaJson", "t"."McpServerId", "t"."Name", "t"."Scope", "m"."Id", "m"."AuthType", "m"."BaseUrl", "m"."LastSeenUtc", "m"."MetadataJson", "m"."Name", "m"."Status"
FROM "AgentToolBindings" AS "a"
INNER JOIN "Tools" AS "t" ON "a"."ToolId" = "t"."Id"
INNER JOIN "McpServers" AS "m" ON "t"."McpServerId" = "m"."Id"
WHERE "a"."AgentId" = @__agentId_0 AND "a"."Enabled"
2025-09-04 17:32:19.648 +02:00 [INF] Executed DbCommand (0ms) [Parameters=[@__sessionId_0='?' (DbType = Guid), @__kind_1='?' (Size = 11), @__p_2='?' (DbType = Int32)], CommandType='"Text"', CommandTimeout='30']
SELECT "m"."Id", "m"."Content", "m"."CreatedUtc", "m"."Kind", "m"."Role", "m"."SessionId", "m"."TokenUsageJson"
FROM "Messages" AS "m"
WHERE "m"."SessionId" = @__sessionId_0 AND "m"."Kind" = @__kind_1
ORDER BY "m"."CreatedUtc" DESC
LIMIT @__p_2
2025-09-04 17:32:19.659 +02:00 [INF] Executed DbCommand (0ms) [Parameters=[@__sessionId_0='?' (DbType = Guid), @__p_1='?' (DbType = Int32)], CommandType='"Text"', CommandTimeout='30']
SELECT "m"."Id", "m"."Content", "m"."CreatedUtc", "m"."Kind", "m"."Role", "m"."SessionId", "m"."TokenUsageJson"
FROM "Messages" AS "m"
WHERE "m"."SessionId" = @__sessionId_0
ORDER BY "m"."CreatedUtc" DESC
LIMIT @__p_1
2025-09-04 17:32:19.669 +02:00 [INF] Executed DbCommand (0ms) [Parameters=[@__agentId_0='?' (DbType = Guid)], CommandType='"Text"', CommandTimeout='30']
SELECT "a"."Id", "a"."AgentId", "a"."ConfigJson", "a"."Enabled", "a"."ToolId", "t"."Id", "t"."Description", "t"."Enabled", "t"."InputSchemaJson", "t"."McpServerId", "t"."Name", "t"."Scope", "m"."Id", "m"."AuthType", "m"."BaseUrl", "m"."LastSeenUtc", "m"."MetadataJson", "m"."Name", "m"."Status"
FROM "AgentToolBindings" AS "a"
INNER JOIN "Tools" AS "t" ON "a"."ToolId" = "t"."Id"
INNER JOIN "McpServers" AS "m" ON "t"."McpServerId" = "m"."Id"
WHERE "a"."AgentId" = @__agentId_0 AND "a"."Enabled"
2025-09-04 17:32:19.679 +02:00 [INF] Executed DbCommand (0ms) [Parameters=[@__agentId_0='?' (DbType = Guid)], CommandType='"Text"', CommandTimeout='30']
SELECT "a"."Id", "a"."AgentId", "a"."ConfigJson", "a"."Enabled", "a"."ToolId", "t"."Id", "t"."Description", "t"."Enabled", "t"."InputSchemaJson", "t"."McpServerId", "t"."Name", "t"."Scope", "m"."Id", "m"."AuthType", "m"."BaseUrl", "m"."LastSeenUtc", "m"."MetadataJson", "m"."Name", "m"."Status"
FROM "AgentToolBindings" AS "a"
INNER JOIN "Tools" AS "t" ON "a"."ToolId" = "t"."Id"
INNER JOIN "McpServers" AS "m" ON "t"."McpServerId" = "m"."Id"
WHERE "a"."AgentId" = @__agentId_0 AND "a"."Enabled"
2025-09-04 17:32:21.088 +02:00 [INF] Executed DbCommand (0ms) [Parameters=[@__sessionId_0='?' (DbType = Guid), @__p_1='?' (DbType = Int32)], CommandType='"Text"', CommandTimeout='30']
SELECT "m"."Id", "m"."Content", "m"."CreatedUtc", "m"."Kind", "m"."Role", "m"."SessionId", "m"."TokenUsageJson"
FROM "Messages" AS "m"
WHERE "m"."SessionId" = @__sessionId_0
ORDER BY "m"."CreatedUtc" DESC
LIMIT @__p_1
2025-09-04 17:32:22.247 +02:00 [INF] Executed DbCommand (3ms) [Parameters=[@p0='?' (DbType = Guid), @p1='?' (Size = 436), @p2='?' (DbType = DateTime), @p3='?', @p4='?' (Size = 9), @p5='?' (DbType = Guid), @p6='?'], CommandType='"Text"', CommandTimeout='30']
INSERT INTO "Messages" ("Id", "Content", "CreatedUtc", "Kind", "Role", "SessionId", "TokenUsageJson")
VALUES (@p0, @p1, @p2, @p3, @p4, @p5, @p6);
2025-09-04 17:32:22.258 +02:00 [INF] Executed DbCommand (3ms) [Parameters=[@p0='?' (DbType = Guid), @p1='?' (Size = 436), @p2='?' (DbType = DateTime), @p3='?', @p4='?' (Size = 9), @p5='?' (DbType = Guid), @p6='?'], CommandType='"Text"', CommandTimeout='30']
INSERT INTO "Messages" ("Id", "Content", "CreatedUtc", "Kind", "Role", "SessionId", "TokenUsageJson")
VALUES (@p0, @p1, @p2, @p3, @p4, @p5, @p6);
2025-09-04 17:38:47.292 +02:00 [INF] Executed endpoint '/hubs/trace'
2025-09-04 17:38:47.299 +02:00 [INF] Request finished HTTP/1.1 GET http://localhost:5088/hubs/trace?id=KuAfkiwBJ8Wc8Q792yrqcA - 101 null null 390132.5444ms
2025-09-04 17:38:50.334 +02:00 [INF] Request starting HTTP/1.1 OPTIONS http://localhost:5088/agents/1e3a6b41-b07b-4cde-8612-9188689c9609 - null null
2025-09-04 17:38:50.334 +02:00 [INF] Request starting HTTP/1.1 OPTIONS http://localhost:5088/agents/1e3a6b41-b07b-4cde-8612-9188689c9609/bindings - null null
2025-09-04 17:38:50.343 +02:00 [INF] CORS policy execution successful.
2025-09-04 17:38:50.351 +02:00 [INF] CORS policy execution successful.
2025-09-04 17:38:50.357 +02:00 [INF] Request finished HTTP/1.1 OPTIONS http://localhost:5088/agents/1e3a6b41-b07b-4cde-8612-9188689c9609 - 204 null null 23.8671ms
2025-09-04 17:38:50.364 +02:00 [INF] Request finished HTTP/1.1 OPTIONS http://localhost:5088/agents/1e3a6b41-b07b-4cde-8612-9188689c9609/bindings - 204 null null 30.7072ms
2025-09-04 17:38:50.372 +02:00 [INF] Request starting HTTP/1.1 GET http://localhost:5088/agents/1e3a6b41-b07b-4cde-8612-9188689c9609 - application/json null
2025-09-04 17:38:50.382 +02:00 [INF] Request starting HTTP/1.1 GET http://localhost:5088/agents/1e3a6b41-b07b-4cde-8612-9188689c9609/bindings - application/json null
2025-09-04 17:38:50.388 +02:00 [INF] CORS policy execution successful.
2025-09-04 17:38:50.398 +02:00 [INF] CORS policy execution successful.
2025-09-04 17:38:50.403 +02:00 [INF] Executing endpoint 'HTTP: GET /agents/{id:guid}'
2025-09-04 17:38:50.411 +02:00 [INF] Executing endpoint 'HTTP: GET /agents/{id:guid}/bindings'
2025-09-04 17:38:50.422 +02:00 [INF] Executed DbCommand (1ms) [Parameters=[@__p_0='?' (DbType = Guid)], CommandType='"Text"', CommandTimeout='30']
SELECT "a"."Id", "a"."AllowUnknownTools", "a"."AllowedToolsCsv", "a"."Autonomy", "a"."BlockedToolsCsv", "a"."CreatedUtc", "a"."GuardrailsJson", "a"."Name", "a"."ParamsJson", "a"."PlannerMaxSteps", "a"."PlannerMaxTokens", "a"."PlannerStop", "a"."PlannerTemperature", "a"."PlannerTopP", "a"."Provider", "a"."SystemPrompt", "a"."Temperature", "a"."TemplateRef", "a"."TokenBudget", "a"."ToolBudget", "a"."TopP", "a"."UpdatedUtc"
FROM "Agents" AS "a"
WHERE "a"."Id" = @__p_0
LIMIT 1
2025-09-04 17:38:50.426 +02:00 [INF] Executed DbCommand (0ms) [Parameters=[@__agentId_0='?' (DbType = Guid)], CommandType='"Text"', CommandTimeout='30']
SELECT "a"."Id", "a"."AgentId", "a"."ConfigJson", "a"."Enabled", "a"."ToolId"
FROM "AgentToolBindings" AS "a"
WHERE "a"."AgentId" = @__agentId_0
2025-09-04 17:38:50.432 +02:00 [INF] Setting HTTP status code 200.
2025-09-04 17:38:50.444 +02:00 [INF] Setting HTTP status code 200.
2025-09-04 17:38:50.449 +02:00 [INF] Writing value of type 'AgentResponse' as Json.
2025-09-04 17:38:50.463 +02:00 [INF] Writing value of type 'List`1' as Json.
2025-09-04 17:38:50.471 +02:00 [INF] Executed endpoint 'HTTP: GET /agents/{id:guid}'
2025-09-04 17:38:50.489 +02:00 [INF] Executed endpoint 'HTTP: GET /agents/{id:guid}/bindings'
2025-09-04 17:38:50.491 +02:00 [INF] Request finished HTTP/1.1 GET http://localhost:5088/agents/1e3a6b41-b07b-4cde-8612-9188689c9609 - 200 null application/json; charset=utf-8 118.8034ms
2025-09-04 17:38:50.506 +02:00 [INF] Request finished HTTP/1.1 GET http://localhost:5088/agents/1e3a6b41-b07b-4cde-8612-9188689c9609/bindings - 200 null application/json; charset=utf-8 123.9614ms
2025-09-04 17:39:13.394 +02:00 [INF] Request starting HTTP/1.1 OPTIONS http://localhost:5088/agents/1e3a6b41-b07b-4cde-8612-9188689c9609 - null null
2025-09-04 17:39:13.394 +02:00 [INF] Request starting HTTP/1.1 OPTIONS http://localhost:5088/agents/1e3a6b41-b07b-4cde-8612-9188689c9609/bindings - null null
2025-09-04 17:39:13.402 +02:00 [INF] CORS policy execution successful.
2025-09-04 17:39:13.408 +02:00 [INF] CORS policy execution successful.
2025-09-04 17:39:13.413 +02:00 [INF] Request finished HTTP/1.1 OPTIONS http://localhost:5088/agents/1e3a6b41-b07b-4cde-8612-9188689c9609 - 204 null null 19.9011ms
2025-09-04 17:39:13.419 +02:00 [INF] Request finished HTTP/1.1 OPTIONS http://localhost:5088/agents/1e3a6b41-b07b-4cde-8612-9188689c9609/bindings - 204 null null 24.5821ms
2025-09-04 17:39:13.427 +02:00 [INF] Request starting HTTP/1.1 GET http://localhost:5088/agents/1e3a6b41-b07b-4cde-8612-9188689c9609 - application/json null
2025-09-04 17:39:13.433 +02:00 [INF] Request starting HTTP/1.1 GET http://localhost:5088/agents/1e3a6b41-b07b-4cde-8612-9188689c9609/bindings - application/json null
2025-09-04 17:39:13.440 +02:00 [INF] CORS policy execution successful.
2025-09-04 17:39:13.446 +02:00 [INF] CORS policy execution successful.
2025-09-04 17:39:13.453 +02:00 [INF] Executing endpoint 'HTTP: GET /agents/{id:guid}'
2025-09-04 17:39:13.458 +02:00 [INF] Executing endpoint 'HTTP: GET /agents/{id:guid}/bindings'
2025-09-04 17:39:13.466 +02:00 [INF] Executed DbCommand (0ms) [Parameters=[@__p_0='?' (DbType = Guid)], CommandType='"Text"', CommandTimeout='30']
SELECT "a"."Id", "a"."AllowUnknownTools", "a"."AllowedToolsCsv", "a"."Autonomy", "a"."BlockedToolsCsv", "a"."CreatedUtc", "a"."GuardrailsJson", "a"."Name", "a"."ParamsJson", "a"."PlannerMaxSteps", "a"."PlannerMaxTokens", "a"."PlannerStop", "a"."PlannerTemperature", "a"."PlannerTopP", "a"."Provider", "a"."SystemPrompt", "a"."Temperature", "a"."TemplateRef", "a"."TokenBudget", "a"."ToolBudget", "a"."TopP", "a"."UpdatedUtc"
FROM "Agents" AS "a"
WHERE "a"."Id" = @__p_0
LIMIT 1
2025-09-04 17:39:13.471 +02:00 [INF] Executed DbCommand (0ms) [Parameters=[@__agentId_0='?' (DbType = Guid)], CommandType='"Text"', CommandTimeout='30']
SELECT "a"."Id", "a"."AgentId", "a"."ConfigJson", "a"."Enabled", "a"."ToolId"
FROM "AgentToolBindings" AS "a"
WHERE "a"."AgentId" = @__agentId_0
2025-09-04 17:39:13.478 +02:00 [INF] Setting HTTP status code 200.
2025-09-04 17:39:13.485 +02:00 [INF] Setting HTTP status code 200.
2025-09-04 17:39:13.492 +02:00 [INF] Writing value of type 'AgentResponse' as Json.
2025-09-04 17:39:13.497 +02:00 [INF] Writing value of type 'List`1' as Json.
2025-09-04 17:39:13.503 +02:00 [INF] Executed endpoint 'HTTP: GET /agents/{id:guid}'
2025-09-04 17:39:13.509 +02:00 [INF] Executed endpoint 'HTTP: GET /agents/{id:guid}/bindings'
2025-09-04 17:39:13.514 +02:00 [INF] Request finished HTTP/1.1 GET http://localhost:5088/agents/1e3a6b41-b07b-4cde-8612-9188689c9609 - 200 null application/json; charset=utf-8 86.7371ms
2025-09-04 17:39:13.520 +02:00 [INF] Request finished HTTP/1.1 GET http://localhost:5088/agents/1e3a6b41-b07b-4cde-8612-9188689c9609/bindings - 200 null application/json; charset=utf-8 87.112ms
2025-09-04 17:39:14.284 +02:00 [INF] Request starting HTTP/1.1 OPTIONS http://localhost:5088/sessions - null null
2025-09-04 17:39:14.293 +02:00 [INF] CORS policy execution successful.
2025-09-04 17:39:14.300 +02:00 [INF] Request finished HTTP/1.1 OPTIONS http://localhost:5088/sessions - 204 null null 15.5859ms
2025-09-04 17:39:14.308 +02:00 [INF] Request starting HTTP/1.1 POST http://localhost:5088/sessions - application/json 50
2025-09-04 17:39:14.314 +02:00 [INF] CORS policy execution successful.
2025-09-04 17:39:14.323 +02:00 [INF] Executing endpoint 'HTTP: POST /sessions/'
2025-09-04 17:39:14.332 +02:00 [INF] Executed DbCommand (0ms) [Parameters=[@__p_0='?' (DbType = Guid)], CommandType='"Text"', CommandTimeout='30']
SELECT "a"."Id", "a"."AllowUnknownTools", "a"."AllowedToolsCsv", "a"."Autonomy", "a"."BlockedToolsCsv", "a"."CreatedUtc", "a"."GuardrailsJson", "a"."Name", "a"."ParamsJson", "a"."PlannerMaxSteps", "a"."PlannerMaxTokens", "a"."PlannerStop", "a"."PlannerTemperature", "a"."PlannerTopP", "a"."Provider", "a"."SystemPrompt", "a"."Temperature", "a"."TemplateRef", "a"."TokenBudget", "a"."ToolBudget", "a"."TopP", "a"."UpdatedUtc"
FROM "Agents" AS "a"
WHERE "a"."Id" = @__p_0
LIMIT 1
2025-09-04 17:39:14.357 +02:00 [INF] Executed DbCommand (12ms) [Parameters=[@p0='?' (DbType = Guid), @p1='?' (DbType = Guid), @p2='?' (DbType = DateTime), @p3='?' (DbType = Int32), @p4='?' (DbType = DateTime), @p5='?' (Size = 7), @p6='?'], CommandType='"Text"', CommandTimeout='30']
INSERT INTO "Sessions" ("Id", "AgentId", "EndedUtc", "LastEventIdx", "StartedUtc", "Status", "UserId")
VALUES (@p0, @p1, @p2, @p3, @p4, @p5, @p6);
2025-09-04 17:39:14.365 +02:00 [INF] Setting HTTP status code 201.
2025-09-04 17:39:14.373 +02:00 [INF] Writing value of type 'SessionCreatedResponse' as Json.
2025-09-04 17:39:14.380 +02:00 [INF] Executed endpoint 'HTTP: POST /sessions/'
2025-09-04 17:39:14.392 +02:00 [INF] Request finished HTTP/1.1 POST http://localhost:5088/sessions - 201 null application/json; charset=utf-8 83.728ms
2025-09-04 17:39:14.423 +02:00 [INF] Request starting HTTP/1.1 OPTIONS http://localhost:5088/hubs/trace/negotiate?negotiateVersion=1 - null null
2025-09-04 17:39:14.430 +02:00 [INF] CORS policy execution successful.
2025-09-04 17:39:14.436 +02:00 [INF] Request finished HTTP/1.1 OPTIONS http://localhost:5088/hubs/trace/negotiate?negotiateVersion=1 - 204 null null 13.6462ms
2025-09-04 17:39:14.442 +02:00 [INF] Request starting HTTP/1.1 POST http://localhost:5088/hubs/trace/negotiate?negotiateVersion=1 - null 0
2025-09-04 17:39:14.455 +02:00 [INF] CORS policy execution successful.
2025-09-04 17:39:14.461 +02:00 [INF] ApiKey was not authenticated. Failure message: Missing API key
2025-09-04 17:39:14.467 +02:00 [INF] Executing endpoint '/hubs/trace/negotiate'
2025-09-04 17:39:14.478 +02:00 [INF] Executed endpoint '/hubs/trace/negotiate'
2025-09-04 17:39:14.487 +02:00 [INF] Request finished HTTP/1.1 POST http://localhost:5088/hubs/trace/negotiate?negotiateVersion=1 - 200 316 application/json 44.8974ms
2025-09-04 17:39:14.496 +02:00 [INF] Request starting HTTP/1.1 GET http://localhost:5088/hubs/trace?id=yB-WPFvTKWW63oPujalvZg - null null
2025-09-04 17:39:14.503 +02:00 [INF] CORS policy execution successful.
2025-09-04 17:39:14.510 +02:00 [INF] ApiKey was not authenticated. Failure message: Missing API key
2025-09-04 17:39:14.517 +02:00 [INF] Executing endpoint '/hubs/trace'
2025-09-04 17:39:19.767 +02:00 [INF] Request starting HTTP/1.1 OPTIONS http://localhost:5088/sessions/99dabf2f-e056-4292-b68e-5b73090fe037/messages - null null
2025-09-04 17:39:19.777 +02:00 [INF] CORS policy execution successful.
2025-09-04 17:39:19.783 +02:00 [INF] Request finished HTTP/1.1 OPTIONS http://localhost:5088/sessions/99dabf2f-e056-4292-b68e-5b73090fe037/messages - 204 null null 15.8369ms
2025-09-04 17:39:19.792 +02:00 [INF] Request starting HTTP/1.1 POST http://localhost:5088/sessions/99dabf2f-e056-4292-b68e-5b73090fe037/messages - application/json 49
2025-09-04 17:39:19.799 +02:00 [INF] CORS policy execution successful.
2025-09-04 17:39:19.806 +02:00 [INF] Executing endpoint 'HTTP: POST /sessions/{id:guid}/messages'
2025-09-04 17:39:19.816 +02:00 [INF] Executed DbCommand (1ms) [Parameters=[@__p_0='?' (DbType = Guid)], CommandType='"Text"', CommandTimeout='30']
SELECT "s"."Id", "s"."AgentId", "s"."EndedUtc", "s"."LastEventIdx", "s"."StartedUtc", "s"."Status", "s"."UserId"
FROM "Sessions" AS "s"
WHERE "s"."Id" = @__p_0
LIMIT 1
2025-09-04 17:39:19.842 +02:00 [INF] Executed DbCommand (12ms) [Parameters=[@p0='?' (DbType = Guid), @p1='?' (Size = 33), @p2='?' (DbType = DateTime), @p3='?', @p4='?' (Size = 4), @p5='?' (DbType = Guid), @p6='?'], CommandType='"Text"', CommandTimeout='30']
INSERT INTO "Messages" ("Id", "Content", "CreatedUtc", "Kind", "Role", "SessionId", "TokenUsageJson")
VALUES (@p0, @p1, @p2, @p3, @p4, @p5, @p6);
2025-09-04 17:39:19.859 +02:00 [INF] Setting HTTP status code 202.
2025-09-04 17:39:19.862 +02:00 [INF] Executed DbCommand (2ms) [Parameters=[@__p_0='?' (DbType = Guid)], CommandType='"Text"', CommandTimeout='30']
SELECT "a"."Id", "a"."AllowUnknownTools", "a"."AllowedToolsCsv", "a"."Autonomy", "a"."BlockedToolsCsv", "a"."CreatedUtc", "a"."GuardrailsJson", "a"."Name", "a"."ParamsJson", "a"."PlannerMaxSteps", "a"."PlannerMaxTokens", "a"."PlannerStop", "a"."PlannerTemperature", "a"."PlannerTopP", "a"."Provider", "a"."SystemPrompt", "a"."Temperature", "a"."TemplateRef", "a"."TokenBudget", "a"."ToolBudget", "a"."TopP", "a"."UpdatedUtc"
FROM "Agents" AS "a"
WHERE "a"."Id" = @__p_0
LIMIT 1
2025-09-04 17:39:19.880 +02:00 [INF] Writing value of type 'AcceptedResponse' as Json.
2025-09-04 17:39:19.896 +02:00 [INF] Executed endpoint 'HTTP: POST /sessions/{id:guid}/messages'
2025-09-04 17:39:19.900 +02:00 [INF] Executed DbCommand (4ms) [Parameters=[@p0='?' (DbType = Guid), @p1='?' (Size = 33), @p2='?' (DbType = DateTime), @p3='?', @p4='?' (Size = 4), @p5='?' (DbType = Guid), @p6='?'], CommandType='"Text"', CommandTimeout='30']
INSERT INTO "Messages" ("Id", "Content", "CreatedUtc", "Kind", "Role", "SessionId", "TokenUsageJson")
VALUES (@p0, @p1, @p2, @p3, @p4, @p5, @p6);
2025-09-04 17:39:19.903 +02:00 [INF] Request finished HTTP/1.1 POST http://localhost:5088/sessions/99dabf2f-e056-4292-b68e-5b73090fe037/messages - 202 null application/json; charset=utf-8 111.5455ms
2025-09-04 17:39:19.917 +02:00 [INF] Executed DbCommand (0ms) [Parameters=[@__agentId_0='?' (DbType = Guid)], CommandType='"Text"', CommandTimeout='30']
SELECT "a"."Id", "a"."AgentId", "a"."ConfigJson", "a"."Enabled", "a"."ToolId", "t"."Id", "t"."Description", "t"."Enabled", "t"."InputSchemaJson", "t"."McpServerId", "t"."Name", "t"."Scope", "m"."Id", "m"."AuthType", "m"."BaseUrl", "m"."LastSeenUtc", "m"."MetadataJson", "m"."Name", "m"."Status"
FROM "AgentToolBindings" AS "a"
INNER JOIN "Tools" AS "t" ON "a"."ToolId" = "t"."Id"
INNER JOIN "McpServers" AS "m" ON "t"."McpServerId" = "m"."Id"
WHERE "a"."AgentId" = @__agentId_0 AND "a"."Enabled"
2025-09-04 17:39:19.938 +02:00 [INF] Executed DbCommand (0ms) [Parameters=[@__agentId_0='?' (DbType = Guid)], CommandType='"Text"', CommandTimeout='30']
SELECT "a"."Id", "a"."AgentId", "a"."ConfigJson", "a"."Enabled", "a"."ToolId", "t"."Id", "t"."Description", "t"."Enabled", "t"."InputSchemaJson", "t"."McpServerId", "t"."Name", "t"."Scope", "m"."Id", "m"."AuthType", "m"."BaseUrl", "m"."LastSeenUtc", "m"."MetadataJson", "m"."Name", "m"."Status"
FROM "AgentToolBindings" AS "a"
INNER JOIN "Tools" AS "t" ON "a"."ToolId" = "t"."Id"
INNER JOIN "McpServers" AS "m" ON "t"."McpServerId" = "m"."Id"
WHERE "a"."AgentId" = @__agentId_0 AND "a"."Enabled"
2025-09-04 17:39:19.950 +02:00 [INF] Executed DbCommand (0ms) [Parameters=[@__sessionId_0='?' (DbType = Guid), @__kind_1='?' (Size = 11), @__p_2='?' (DbType = Int32)], CommandType='"Text"', CommandTimeout='30']
SELECT "m"."Id", "m"."Content", "m"."CreatedUtc", "m"."Kind", "m"."Role", "m"."SessionId", "m"."TokenUsageJson"
FROM "Messages" AS "m"
WHERE "m"."SessionId" = @__sessionId_0 AND "m"."Kind" = @__kind_1
ORDER BY "m"."CreatedUtc" DESC
LIMIT @__p_2
2025-09-04 17:39:19.961 +02:00 [INF] Executed DbCommand (0ms) [Parameters=[@__sessionId_0='?' (DbType = Guid), @__p_1='?' (DbType = Int32)], CommandType='"Text"', CommandTimeout='30']
SELECT "m"."Id", "m"."Content", "m"."CreatedUtc", "m"."Kind", "m"."Role", "m"."SessionId", "m"."TokenUsageJson"
FROM "Messages" AS "m"
WHERE "m"."SessionId" = @__sessionId_0
ORDER BY "m"."CreatedUtc" DESC
LIMIT @__p_1
2025-09-04 17:39:19.972 +02:00 [INF] Executed DbCommand (0ms) [Parameters=[@__agentId_0='?' (DbType = Guid)], CommandType='"Text"', CommandTimeout='30']
SELECT "a"."Id", "a"."AgentId", "a"."ConfigJson", "a"."Enabled", "a"."ToolId", "t"."Id", "t"."Description", "t"."Enabled", "t"."InputSchemaJson", "t"."McpServerId", "t"."Name", "t"."Scope", "m"."Id", "m"."AuthType", "m"."BaseUrl", "m"."LastSeenUtc", "m"."MetadataJson", "m"."Name", "m"."Status"
FROM "AgentToolBindings" AS "a"
INNER JOIN "Tools" AS "t" ON "a"."ToolId" = "t"."Id"
INNER JOIN "McpServers" AS "m" ON "t"."McpServerId" = "m"."Id"
WHERE "a"."AgentId" = @__agentId_0 AND "a"."Enabled"
2025-09-04 17:39:19.985 +02:00 [INF] Executed DbCommand (1ms) [Parameters=[@__agentId_0='?' (DbType = Guid)], CommandType='"Text"', CommandTimeout='30']
SELECT "a"."Id", "a"."AgentId", "a"."ConfigJson", "a"."Enabled", "a"."ToolId", "t"."Id", "t"."Description", "t"."Enabled", "t"."InputSchemaJson", "t"."McpServerId", "t"."Name", "t"."Scope", "m"."Id", "m"."AuthType", "m"."BaseUrl", "m"."LastSeenUtc", "m"."MetadataJson", "m"."Name", "m"."Status"
FROM "AgentToolBindings" AS "a"
INNER JOIN "Tools" AS "t" ON "a"."ToolId" = "t"."Id"
INNER JOIN "McpServers" AS "m" ON "t"."McpServerId" = "m"."Id"
WHERE "a"."AgentId" = @__agentId_0 AND "a"."Enabled"
2025-09-04 17:39:21.143 +02:00 [INF] Executed DbCommand (0ms) [Parameters=[@__sessionId_0='?' (DbType = Guid), @__p_1='?' (DbType = Int32)], CommandType='"Text"', CommandTimeout='30']
SELECT "m"."Id", "m"."Content", "m"."CreatedUtc", "m"."Kind", "m"."Role", "m"."SessionId", "m"."TokenUsageJson"
FROM "Messages" AS "m"
WHERE "m"."SessionId" = @__sessionId_0
ORDER BY "m"."CreatedUtc" DESC
LIMIT @__p_1
2025-09-04 17:39:23.433 +02:00 [INF] Executed DbCommand (11ms) [Parameters=[@p0='?' (DbType = Guid), @p1='?' (Size = 794), @p2='?' (DbType = DateTime), @p3='?', @p4='?' (Size = 9), @p5='?' (DbType = Guid), @p6='?'], CommandType='"Text"', CommandTimeout='30']
INSERT INTO "Messages" ("Id", "Content", "CreatedUtc", "Kind", "Role", "SessionId", "TokenUsageJson")
VALUES (@p0, @p1, @p2, @p3, @p4, @p5, @p6);
2025-09-04 17:39:23.445 +02:00 [INF] Executed DbCommand (2ms) [Parameters=[@p0='?' (DbType = Guid), @p1='?' (Size = 794), @p2='?' (DbType = DateTime), @p3='?', @p4='?' (Size = 9), @p5='?' (DbType = Guid), @p6='?'], CommandType='"Text"', CommandTimeout='30']
INSERT INTO "Messages" ("Id", "Content", "CreatedUtc", "Kind", "Role", "SessionId", "TokenUsageJson")
VALUES (@p0, @p1, @p2, @p3, @p4, @p5, @p6);
2025-09-04 17:39:52.268 +02:00 [INF] Request starting HTTP/1.1 OPTIONS http://localhost:5088/hubs/trace/negotiate?negotiateVersion=1 - null null
2025-09-04 17:39:52.270 +02:00 [INF] Executed endpoint '/hubs/trace'
2025-09-04 17:39:52.276 +02:00 [INF] CORS policy execution successful.
2025-09-04 17:39:52.281 +02:00 [INF] Request finished HTTP/1.1 GET http://localhost:5088/hubs/trace?id=yB-WPFvTKWW63oPujalvZg - 101 null null 37785.1894ms
2025-09-04 17:39:52.285 +02:00 [INF] Request finished HTTP/1.1 OPTIONS http://localhost:5088/hubs/trace/negotiate?negotiateVersion=1 - 204 null null 17.3785ms
2025-09-04 17:39:52.288 +02:00 [INF] Request starting HTTP/1.1 POST http://localhost:5088/hubs/trace/negotiate?negotiateVersion=1 - null 0
2025-09-04 17:39:52.302 +02:00 [INF] CORS policy execution successful.
2025-09-04 17:39:52.309 +02:00 [INF] ApiKey was not authenticated. Failure message: Missing API key
2025-09-04 17:39:52.316 +02:00 [INF] Executing endpoint '/hubs/trace/negotiate'
2025-09-04 17:39:52.324 +02:00 [INF] Executed endpoint '/hubs/trace/negotiate'
2025-09-04 17:39:52.333 +02:00 [INF] Request finished HTTP/1.1 POST http://localhost:5088/hubs/trace/negotiate?negotiateVersion=1 - 200 316 application/json 45.3184ms
2025-09-04 17:39:52.344 +02:00 [INF] Request starting HTTP/1.1 GET http://localhost:5088/hubs/trace?id=3hy3V5iK4FUznwyG_1hSAw - null null
2025-09-04 17:39:52.352 +02:00 [INF] CORS policy execution successful.
2025-09-04 17:39:52.359 +02:00 [INF] ApiKey was not authenticated. Failure message: Missing API key
2025-09-04 17:39:52.379 +02:00 [INF] Executing endpoint '/hubs/trace'
2025-09-04 17:40:51.309 +02:00 [INF] Request starting HTTP/1.1 OPTIONS http://localhost:5088/hubs/trace/negotiate?negotiateVersion=1 - null null
2025-09-04 17:40:51.311 +02:00 [INF] Executed endpoint '/hubs/trace'
2025-09-04 17:40:51.320 +02:00 [INF] CORS policy execution successful.
2025-09-04 17:40:51.326 +02:00 [INF] Request finished HTTP/1.1 GET http://localhost:5088/hubs/trace?id=3hy3V5iK4FUznwyG_1hSAw - 101 null null 58982.2836ms
2025-09-04 17:40:51.334 +02:00 [INF] Request finished HTTP/1.1 OPTIONS http://localhost:5088/hubs/trace/negotiate?negotiateVersion=1 - 204 null null 24.6656ms
2025-09-04 17:40:51.337 +02:00 [INF] Request starting HTTP/1.1 POST http://localhost:5088/hubs/trace/negotiate?negotiateVersion=1 - null 0
2025-09-04 17:40:51.365 +02:00 [INF] CORS policy execution successful.
2025-09-04 17:40:51.373 +02:00 [INF] ApiKey was not authenticated. Failure message: Missing API key
2025-09-04 17:40:51.381 +02:00 [INF] Executing endpoint '/hubs/trace/negotiate'
2025-09-04 17:40:51.390 +02:00 [INF] Executed endpoint '/hubs/trace/negotiate'
2025-09-04 17:40:51.400 +02:00 [INF] Request finished HTTP/1.1 POST http://localhost:5088/hubs/trace/negotiate?negotiateVersion=1 - 200 316 application/json 62.9349ms
2025-09-04 17:40:51.403 +02:00 [INF] Request starting HTTP/1.1 GET http://localhost:5088/hubs/trace?id=Dyax-SjVLoi6oCBRY480Nw - null null
2025-09-04 17:40:51.421 +02:00 [INF] CORS policy execution successful.
2025-09-04 17:40:51.430 +02:00 [INF] ApiKey was not authenticated. Failure message: Missing API key
2025-09-04 17:40:51.438 +02:00 [INF] Executing endpoint '/hubs/trace'
2025-09-04 17:41:18.399 +02:00 [INF] Executed endpoint '/hubs/trace'
2025-09-04 17:41:18.409 +02:00 [INF] Request finished HTTP/1.1 GET http://localhost:5088/hubs/trace?id=Dyax-SjVLoi6oCBRY480Nw - 101 null null 27005.9208ms
2025-09-04 17:41:19.466 +02:00 [INF] Request starting HTTP/1.1 OPTIONS http://localhost:5088/agents/1e3a6b41-b07b-4cde-8612-9188689c9609 - null null
2025-09-04 17:41:19.480 +02:00 [INF] Request starting HTTP/1.1 OPTIONS http://localhost:5088/agents/1e3a6b41-b07b-4cde-8612-9188689c9609/bindings - null null
2025-09-04 17:41:19.498 +02:00 [INF] CORS policy execution successful.
2025-09-04 17:41:19.505 +02:00 [INF] CORS policy execution successful.
2025-09-04 17:41:19.512 +02:00 [INF] Request finished HTTP/1.1 OPTIONS http://localhost:5088/agents/1e3a6b41-b07b-4cde-8612-9188689c9609 - 204 null null 46.0522ms
2025-09-04 17:41:19.517 +02:00 [INF] Request finished HTTP/1.1 OPTIONS http://localhost:5088/agents/1e3a6b41-b07b-4cde-8612-9188689c9609/bindings - 204 null null 38.2893ms
2025-09-04 17:41:19.531 +02:00 [INF] Request starting HTTP/1.1 GET http://localhost:5088/agents/1e3a6b41-b07b-4cde-8612-9188689c9609 - application/json null
2025-09-04 17:41:19.545 +02:00 [INF] Request starting HTTP/1.1 GET http://localhost:5088/agents/1e3a6b41-b07b-4cde-8612-9188689c9609/bindings - application/json null
2025-09-04 17:41:19.557 +02:00 [INF] CORS policy execution successful.
2025-09-04 17:41:19.589 +02:00 [INF] CORS policy execution successful.
2025-09-04 17:41:19.608 +02:00 [INF] Executing endpoint 'HTTP: GET /agents/{id:guid}/bindings'
2025-09-04 17:41:19.595 +02:00 [INF] Executing endpoint 'HTTP: GET /agents/{id:guid}'
2025-09-04 17:41:19.625 +02:00 [INF] Executed DbCommand (0ms) [Parameters=[@__agentId_0='?' (DbType = Guid)], CommandType='"Text"', CommandTimeout='30']
SELECT "a"."Id", "a"."AgentId", "a"."ConfigJson", "a"."Enabled", "a"."ToolId"
FROM "AgentToolBindings" AS "a"
WHERE "a"."AgentId" = @__agentId_0
2025-09-04 17:41:19.634 +02:00 [INF] Executed DbCommand (1ms) [Parameters=[@__p_0='?' (DbType = Guid)], CommandType='"Text"', CommandTimeout='30']
SELECT "a"."Id", "a"."AllowUnknownTools", "a"."AllowedToolsCsv", "a"."Autonomy", "a"."BlockedToolsCsv", "a"."CreatedUtc", "a"."GuardrailsJson", "a"."Name", "a"."ParamsJson", "a"."PlannerMaxSteps", "a"."PlannerMaxTokens", "a"."PlannerStop", "a"."PlannerTemperature", "a"."PlannerTopP", "a"."Provider", "a"."SystemPrompt", "a"."Temperature", "a"."TemplateRef", "a"."TokenBudget", "a"."ToolBudget", "a"."TopP", "a"."UpdatedUtc"
FROM "Agents" AS "a"
WHERE "a"."Id" = @__p_0
LIMIT 1
2025-09-04 17:41:19.642 +02:00 [INF] Setting HTTP status code 200.
2025-09-04 17:41:19.652 +02:00 [INF] Setting HTTP status code 200.
2025-09-04 17:41:19.659 +02:00 [INF] Writing value of type 'List`1' as Json.
2025-09-04 17:41:19.665 +02:00 [INF] Writing value of type 'AgentResponse' as Json.
2025-09-04 17:41:19.673 +02:00 [INF] Executed endpoint 'HTTP: GET /agents/{id:guid}/bindings'
2025-09-04 17:41:19.682 +02:00 [INF] Executed endpoint 'HTTP: GET /agents/{id:guid}'
2025-09-04 17:41:19.723 +02:00 [INF] Request finished HTTP/1.1 GET http://localhost:5088/agents/1e3a6b41-b07b-4cde-8612-9188689c9609/bindings - 200 null application/json; charset=utf-8 177.7547ms
2025-09-04 17:41:19.766 +02:00 [INF] Request finished HTTP/1.1 GET http://localhost:5088/agents/1e3a6b41-b07b-4cde-8612-9188689c9609 - 200 null application/json; charset=utf-8 234.3546ms
2025-09-04 17:41:21.140 +02:00 [INF] Request starting HTTP/1.1 OPTIONS http://localhost:5088/sessions - null null
2025-09-04 17:41:21.147 +02:00 [INF] CORS policy execution successful.
2025-09-04 17:41:21.155 +02:00 [INF] Request finished HTTP/1.1 OPTIONS http://localhost:5088/sessions - 204 null null 14.7018ms
2025-09-04 17:41:21.169 +02:00 [INF] Request starting HTTP/1.1 POST http://localhost:5088/sessions - application/json 50
2025-09-04 17:41:21.179 +02:00 [INF] CORS policy execution successful.
2025-09-04 17:41:21.184 +02:00 [INF] Executing endpoint 'HTTP: POST /sessions/'
2025-09-04 17:41:21.194 +02:00 [INF] Executed DbCommand (0ms) [Parameters=[@__p_0='?' (DbType = Guid)], CommandType='"Text"', CommandTimeout='30']
SELECT "a"."Id", "a"."AllowUnknownTools", "a"."AllowedToolsCsv", "a"."Autonomy", "a"."BlockedToolsCsv", "a"."CreatedUtc", "a"."GuardrailsJson", "a"."Name", "a"."ParamsJson", "a"."PlannerMaxSteps", "a"."PlannerMaxTokens", "a"."PlannerStop", "a"."PlannerTemperature", "a"."PlannerTopP", "a"."Provider", "a"."SystemPrompt", "a"."Temperature", "a"."TemplateRef", "a"."TokenBudget", "a"."ToolBudget", "a"."TopP", "a"."UpdatedUtc"
FROM "Agents" AS "a"
WHERE "a"."Id" = @__p_0
LIMIT 1
2025-09-04 17:41:21.216 +02:00 [INF] Executed DbCommand (13ms) [Parameters=[@p0='?' (DbType = Guid), @p1='?' (DbType = Guid), @p2='?' (DbType = DateTime), @p3='?' (DbType = Int32), @p4='?' (DbType = DateTime), @p5='?' (Size = 7), @p6='?'], CommandType='"Text"', CommandTimeout='30']
INSERT INTO "Sessions" ("Id", "AgentId", "EndedUtc", "LastEventIdx", "StartedUtc", "Status", "UserId")
VALUES (@p0, @p1, @p2, @p3, @p4, @p5, @p6);
2025-09-04 17:41:21.230 +02:00 [INF] Setting HTTP status code 201.
2025-09-04 17:41:21.235 +02:00 [INF] Writing value of type 'SessionCreatedResponse' as Json.
2025-09-04 17:41:21.245 +02:00 [INF] Executed endpoint 'HTTP: POST /sessions/'
2025-09-04 17:41:21.256 +02:00 [INF] Request finished HTTP/1.1 POST http://localhost:5088/sessions - 201 null application/json; charset=utf-8 85.9553ms
2025-09-04 17:41:21.301 +02:00 [INF] Request starting HTTP/1.1 OPTIONS http://localhost:5088/hubs/trace/negotiate?negotiateVersion=1 - null null
2025-09-04 17:41:21.314 +02:00 [INF] CORS policy execution successful.
2025-09-04 17:41:21.321 +02:00 [INF] Request finished HTTP/1.1 OPTIONS http://localhost:5088/hubs/trace/negotiate?negotiateVersion=1 - 204 null null 19.9868ms
2025-09-04 17:41:21.326 +02:00 [INF] Request starting HTTP/1.1 POST http://localhost:5088/hubs/trace/negotiate?negotiateVersion=1 - null 0
2025-09-04 17:41:21.342 +02:00 [INF] CORS policy execution successful.
2025-09-04 17:41:21.350 +02:00 [INF] ApiKey was not authenticated. Failure message: Missing API key
2025-09-04 17:41:21.357 +02:00 [INF] Executing endpoint '/hubs/trace/negotiate'
2025-09-04 17:41:21.364 +02:00 [INF] Executed endpoint '/hubs/trace/negotiate'
2025-09-04 17:41:21.370 +02:00 [INF] Request finished HTTP/1.1 POST http://localhost:5088/hubs/trace/negotiate?negotiateVersion=1 - 200 316 application/json 43.6832ms
2025-09-04 17:41:21.378 +02:00 [INF] Request starting HTTP/1.1 GET http://localhost:5088/hubs/trace?id=4pRP1kmNm9VB3Mt-Fps1iQ - null null
2025-09-04 17:41:21.386 +02:00 [INF] CORS policy execution successful.
2025-09-04 17:41:21.392 +02:00 [INF] ApiKey was not authenticated. Failure message: Missing API key
2025-09-04 17:41:21.399 +02:00 [INF] Executing endpoint '/hubs/trace'
2025-09-04 17:41:23.045 +02:00 [INF] Request starting HTTP/1.1 OPTIONS http://localhost:5088/sessions/fa71b41d-ece4-43a5-97fc-154cf7ba1841/messages - null null
2025-09-04 17:41:23.053 +02:00 [INF] CORS policy execution successful.
2025-09-04 17:41:23.059 +02:00 [INF] Request finished HTTP/1.1 OPTIONS http://localhost:5088/sessions/fa71b41d-ece4-43a5-97fc-154cf7ba1841/messages - 204 null null 14.7225ms
2025-09-04 17:41:23.067 +02:00 [INF] Request starting HTTP/1.1 POST http://localhost:5088/sessions/fa71b41d-ece4-43a5-97fc-154cf7ba1841/messages - application/json 49
2025-09-04 17:41:23.074 +02:00 [INF] CORS policy execution successful.
2025-09-04 17:41:23.080 +02:00 [INF] Executing endpoint 'HTTP: POST /sessions/{id:guid}/messages'
2025-09-04 17:41:23.089 +02:00 [INF] Executed DbCommand (0ms) [Parameters=[@__p_0='?' (DbType = Guid)], CommandType='"Text"', CommandTimeout='30']
SELECT "s"."Id", "s"."AgentId", "s"."EndedUtc", "s"."LastEventIdx", "s"."StartedUtc", "s"."Status", "s"."UserId"
FROM "Sessions" AS "s"
WHERE "s"."Id" = @__p_0
LIMIT 1
2025-09-04 17:41:23.112 +02:00 [INF] Executed DbCommand (12ms) [Parameters=[@p0='?' (DbType = Guid), @p1='?' (Size = 33), @p2='?' (DbType = DateTime), @p3='?', @p4='?' (Size = 4), @p5='?' (DbType = Guid), @p6='?'], CommandType='"Text"', CommandTimeout='30']
INSERT INTO "Messages" ("Id", "Content", "CreatedUtc", "Kind", "Role", "SessionId", "TokenUsageJson")
VALUES (@p0, @p1, @p2, @p3, @p4, @p5, @p6);
2025-09-04 17:41:23.121 +02:00 [INF] Setting HTTP status code 202.
2025-09-04 17:41:23.122 +02:00 [INF] Executed DbCommand (0ms) [Parameters=[@__p_0='?' (DbType = Guid)], CommandType='"Text"', CommandTimeout='30']
SELECT "a"."Id", "a"."AllowUnknownTools", "a"."AllowedToolsCsv", "a"."Autonomy", "a"."BlockedToolsCsv", "a"."CreatedUtc", "a"."GuardrailsJson", "a"."Name", "a"."ParamsJson", "a"."PlannerMaxSteps", "a"."PlannerMaxTokens", "a"."PlannerStop", "a"."PlannerTemperature", "a"."PlannerTopP", "a"."Provider", "a"."SystemPrompt", "a"."Temperature", "a"."TemplateRef", "a"."TokenBudget", "a"."ToolBudget", "a"."TopP", "a"."UpdatedUtc"
FROM "Agents" AS "a"
WHERE "a"."Id" = @__p_0
LIMIT 1
2025-09-04 17:41:23.129 +02:00 [INF] Writing value of type 'AcceptedResponse' as Json.
2025-09-04 17:41:23.141 +02:00 [INF] Executed endpoint 'HTTP: POST /sessions/{id:guid}/messages'
2025-09-04 17:41:23.142 +02:00 [INF] Executed DbCommand (3ms) [Parameters=[@p0='?' (DbType = Guid), @p1='?' (Size = 33), @p2='?' (DbType = DateTime), @p3='?', @p4='?' (Size = 4), @p5='?' (DbType = Guid), @p6='?'], CommandType='"Text"', CommandTimeout='30']
INSERT INTO "Messages" ("Id", "Content", "CreatedUtc", "Kind", "Role", "SessionId", "TokenUsageJson")
VALUES (@p0, @p1, @p2, @p3, @p4, @p5, @p6);
2025-09-04 17:41:23.147 +02:00 [INF] Request finished HTTP/1.1 POST http://localhost:5088/sessions/fa71b41d-ece4-43a5-97fc-154cf7ba1841/messages - 202 null application/json; charset=utf-8 80.4773ms
2025-09-04 17:41:23.157 +02:00 [INF] Executed DbCommand (1ms) [Parameters=[@__agentId_0='?' (DbType = Guid)], CommandType='"Text"', CommandTimeout='30']
SELECT "a"."Id", "a"."AgentId", "a"."ConfigJson", "a"."Enabled", "a"."ToolId", "t"."Id", "t"."Description", "t"."Enabled", "t"."InputSchemaJson", "t"."McpServerId", "t"."Name", "t"."Scope", "m"."Id", "m"."AuthType", "m"."BaseUrl", "m"."LastSeenUtc", "m"."MetadataJson", "m"."Name", "m"."Status"
FROM "AgentToolBindings" AS "a"
INNER JOIN "Tools" AS "t" ON "a"."ToolId" = "t"."Id"
INNER JOIN "McpServers" AS "m" ON "t"."McpServerId" = "m"."Id"
WHERE "a"."AgentId" = @__agentId_0 AND "a"."Enabled"
2025-09-04 17:41:23.171 +02:00 [INF] Executed DbCommand (0ms) [Parameters=[@__agentId_0='?' (DbType = Guid)], CommandType='"Text"', CommandTimeout='30']
SELECT "a"."Id", "a"."AgentId", "a"."ConfigJson", "a"."Enabled", "a"."ToolId", "t"."Id", "t"."Description", "t"."Enabled", "t"."InputSchemaJson", "t"."McpServerId", "t"."Name", "t"."Scope", "m"."Id", "m"."AuthType", "m"."BaseUrl", "m"."LastSeenUtc", "m"."MetadataJson", "m"."Name", "m"."Status"
FROM "AgentToolBindings" AS "a"
INNER JOIN "Tools" AS "t" ON "a"."ToolId" = "t"."Id"
INNER JOIN "McpServers" AS "m" ON "t"."McpServerId" = "m"."Id"
WHERE "a"."AgentId" = @__agentId_0 AND "a"."Enabled"
2025-09-04 17:41:23.182 +02:00 [INF] Executed DbCommand (1ms) [Parameters=[@__sessionId_0='?' (DbType = Guid), @__kind_1='?' (Size = 11), @__p_2='?' (DbType = Int32)], CommandType='"Text"', CommandTimeout='30']
SELECT "m"."Id", "m"."Content", "m"."CreatedUtc", "m"."Kind", "m"."Role", "m"."SessionId", "m"."TokenUsageJson"
FROM "Messages" AS "m"
WHERE "m"."SessionId" = @__sessionId_0 AND "m"."Kind" = @__kind_1
ORDER BY "m"."CreatedUtc" DESC
LIMIT @__p_2
2025-09-04 17:41:23.192 +02:00 [INF] Executed DbCommand (0ms) [Parameters=[@__sessionId_0='?' (DbType = Guid), @__p_1='?' (DbType = Int32)], CommandType='"Text"', CommandTimeout='30']
SELECT "m"."Id", "m"."Content", "m"."CreatedUtc", "m"."Kind", "m"."Role", "m"."SessionId", "m"."TokenUsageJson"
FROM "Messages" AS "m"
WHERE "m"."SessionId" = @__sessionId_0
ORDER BY "m"."CreatedUtc" DESC
LIMIT @__p_1
2025-09-04 17:41:23.201 +02:00 [INF] Executed DbCommand (0ms) [Parameters=[@__agentId_0='?' (DbType = Guid)], CommandType='"Text"', CommandTimeout='30']
SELECT "a"."Id", "a"."AgentId", "a"."ConfigJson", "a"."Enabled", "a"."ToolId", "t"."Id", "t"."Description", "t"."Enabled", "t"."InputSchemaJson", "t"."McpServerId", "t"."Name", "t"."Scope", "m"."Id", "m"."AuthType", "m"."BaseUrl", "m"."LastSeenUtc", "m"."MetadataJson", "m"."Name", "m"."Status"
FROM "AgentToolBindings" AS "a"
INNER JOIN "Tools" AS "t" ON "a"."ToolId" = "t"."Id"
INNER JOIN "McpServers" AS "m" ON "t"."McpServerId" = "m"."Id"
WHERE "a"."AgentId" = @__agentId_0 AND "a"."Enabled"
2025-09-04 17:41:23.211 +02:00 [INF] Executed DbCommand (0ms) [Parameters=[@__agentId_0='?' (DbType = Guid)], CommandType='"Text"', CommandTimeout='30']
SELECT "a"."Id", "a"."AgentId", "a"."ConfigJson", "a"."Enabled", "a"."ToolId", "t"."Id", "t"."Description", "t"."Enabled", "t"."InputSchemaJson", "t"."McpServerId", "t"."Name", "t"."Scope", "m"."Id", "m"."AuthType", "m"."BaseUrl", "m"."LastSeenUtc", "m"."MetadataJson", "m"."Name", "m"."Status"
FROM "AgentToolBindings" AS "a"
INNER JOIN "Tools" AS "t" ON "a"."ToolId" = "t"."Id"
INNER JOIN "McpServers" AS "m" ON "t"."McpServerId" = "m"."Id"
WHERE "a"."AgentId" = @__agentId_0 AND "a"."Enabled"
2025-09-04 17:41:25.663 +02:00 [INF] Executed DbCommand (0ms) [Parameters=[@__sessionId_0='?' (DbType = Guid), @__p_1='?' (DbType = Int32)], CommandType='"Text"', CommandTimeout='30']
SELECT "m"."Id", "m"."Content", "m"."CreatedUtc", "m"."Kind", "m"."Role", "m"."SessionId", "m"."TokenUsageJson"
FROM "Messages" AS "m"
WHERE "m"."SessionId" = @__sessionId_0
ORDER BY "m"."CreatedUtc" DESC
LIMIT @__p_1
2025-09-04 17:41:26.686 +02:00 [INF] Executed DbCommand (11ms) [Parameters=[@p0='?' (DbType = Guid), @p1='?' (Size = 367), @p2='?' (DbType = DateTime), @p3='?', @p4='?' (Size = 9), @p5='?' (DbType = Guid), @p6='?'], CommandType='"Text"', CommandTimeout='30']
INSERT INTO "Messages" ("Id", "Content", "CreatedUtc", "Kind", "Role", "SessionId", "TokenUsageJson")
VALUES (@p0, @p1, @p2, @p3, @p4, @p5, @p6);
2025-09-04 17:41:26.698 +02:00 [INF] Executed DbCommand (3ms) [Parameters=[@p0='?' (DbType = Guid), @p1='?' (Size = 367), @p2='?' (DbType = DateTime), @p3='?', @p4='?' (Size = 9), @p5='?' (DbType = Guid), @p6='?'], CommandType='"Text"', CommandTimeout='30']
INSERT INTO "Messages" ("Id", "Content", "CreatedUtc", "Kind", "Role", "SessionId", "TokenUsageJson")
VALUES (@p0, @p1, @p2, @p3, @p4, @p5, @p6);
2025-09-04 17:42:34.252 +02:00 [INF] Executed endpoint '/hubs/trace'
2025-09-04 17:42:34.261 +02:00 [INF] Request finished HTTP/1.1 GET http://localhost:5088/hubs/trace?id=4pRP1kmNm9VB3Mt-Fps1iQ - 101 null null 72883.2953ms
2025-09-04 17:42:35.242 +02:00 [INF] Request starting HTTP/1.1 OPTIONS http://localhost:5088/agents/1e3a6b41-b07b-4cde-8612-9188689c9609 - null null
2025-09-04 17:42:35.248 +02:00 [INF] Request starting HTTP/1.1 OPTIONS http://localhost:5088/agents/1e3a6b41-b07b-4cde-8612-9188689c9609/bindings - null null
2025-09-04 17:42:35.258 +02:00 [INF] CORS policy execution successful.
2025-09-04 17:42:35.265 +02:00 [INF] CORS policy execution successful.
2025-09-04 17:42:35.270 +02:00 [INF] Request finished HTTP/1.1 OPTIONS http://localhost:5088/agents/1e3a6b41-b07b-4cde-8612-9188689c9609 - 204 null null 27.7904ms
2025-09-04 17:42:35.274 +02:00 [INF] Request finished HTTP/1.1 OPTIONS http://localhost:5088/agents/1e3a6b41-b07b-4cde-8612-9188689c9609/bindings - 204 null null 27.163ms
2025-09-04 17:42:35.280 +02:00 [INF] Request starting HTTP/1.1 GET http://localhost:5088/agents/1e3a6b41-b07b-4cde-8612-9188689c9609 - application/json null
2025-09-04 17:42:35.287 +02:00 [INF] Request starting HTTP/1.1 GET http://localhost:5088/agents/1e3a6b41-b07b-4cde-8612-9188689c9609/bindings - application/json null
2025-09-04 17:42:35.293 +02:00 [INF] CORS policy execution successful.
2025-09-04 17:42:35.320 +02:00 [INF] CORS policy execution successful.
2025-09-04 17:42:35.325 +02:00 [INF] Executing endpoint 'HTTP: GET /agents/{id:guid}'
2025-09-04 17:42:35.330 +02:00 [INF] Executing endpoint 'HTTP: GET /agents/{id:guid}/bindings'
2025-09-04 17:42:35.338 +02:00 [INF] Executed DbCommand (0ms) [Parameters=[@__p_0='?' (DbType = Guid)], CommandType='"Text"', CommandTimeout='30']
SELECT "a"."Id", "a"."AllowUnknownTools", "a"."AllowedToolsCsv", "a"."Autonomy", "a"."BlockedToolsCsv", "a"."CreatedUtc", "a"."GuardrailsJson", "a"."Name", "a"."ParamsJson", "a"."PlannerMaxSteps", "a"."PlannerMaxTokens", "a"."PlannerStop", "a"."PlannerTemperature", "a"."PlannerTopP", "a"."Provider", "a"."SystemPrompt", "a"."Temperature", "a"."TemplateRef", "a"."TokenBudget", "a"."ToolBudget", "a"."TopP", "a"."UpdatedUtc"
FROM "Agents" AS "a"
WHERE "a"."Id" = @__p_0
LIMIT 1
2025-09-04 17:42:35.341 +02:00 [INF] Executed DbCommand (0ms) [Parameters=[@__agentId_0='?' (DbType = Guid)], CommandType='"Text"', CommandTimeout='30']
SELECT "a"."Id", "a"."AgentId", "a"."ConfigJson", "a"."Enabled", "a"."ToolId"
FROM "AgentToolBindings" AS "a"
WHERE "a"."AgentId" = @__agentId_0
2025-09-04 17:42:35.346 +02:00 [INF] Setting HTTP status code 200.
2025-09-04 17:42:35.352 +02:00 [INF] Setting HTTP status code 200.
2025-09-04 17:42:35.358 +02:00 [INF] Writing value of type 'AgentResponse' as Json.
2025-09-04 17:42:35.375 +02:00 [INF] Writing value of type 'List`1' as Json.
2025-09-04 17:42:35.381 +02:00 [INF] Executed endpoint 'HTTP: GET /agents/{id:guid}'
2025-09-04 17:42:35.386 +02:00 [INF] Executed endpoint 'HTTP: GET /agents/{id:guid}/bindings'
2025-09-04 17:42:35.390 +02:00 [INF] Request finished HTTP/1.1 GET http://localhost:5088/agents/1e3a6b41-b07b-4cde-8612-9188689c9609 - 200 null application/json; charset=utf-8 109.9589ms
2025-09-04 17:42:35.395 +02:00 [INF] Request finished HTTP/1.1 GET http://localhost:5088/agents/1e3a6b41-b07b-4cde-8612-9188689c9609/bindings - 200 null application/json; charset=utf-8 108.5396ms
2025-09-04 17:42:44.468 +02:00 [INF] Request starting HTTP/1.1 OPTIONS http://localhost:5088/sessions - null null
2025-09-04 17:42:44.476 +02:00 [INF] CORS policy execution successful.
2025-09-04 17:42:44.482 +02:00 [INF] Request finished HTTP/1.1 OPTIONS http://localhost:5088/sessions - 204 null null 14.2857ms
2025-09-04 17:42:44.487 +02:00 [INF] Request starting HTTP/1.1 POST http://localhost:5088/sessions - application/json 50
2025-09-04 17:42:44.494 +02:00 [INF] CORS policy execution successful.
2025-09-04 17:42:44.499 +02:00 [INF] Executing endpoint 'HTTP: POST /sessions/'
2025-09-04 17:42:44.507 +02:00 [INF] Executed DbCommand (0ms) [Parameters=[@__p_0='?' (DbType = Guid)], CommandType='"Text"', CommandTimeout='30']
SELECT "a"."Id", "a"."AllowUnknownTools", "a"."AllowedToolsCsv", "a"."Autonomy", "a"."BlockedToolsCsv", "a"."CreatedUtc", "a"."GuardrailsJson", "a"."Name", "a"."ParamsJson", "a"."PlannerMaxSteps", "a"."PlannerMaxTokens", "a"."PlannerStop", "a"."PlannerTemperature", "a"."PlannerTopP", "a"."Provider", "a"."SystemPrompt", "a"."Temperature", "a"."TemplateRef", "a"."TokenBudget", "a"."ToolBudget", "a"."TopP", "a"."UpdatedUtc"
FROM "Agents" AS "a"
WHERE "a"."Id" = @__p_0
LIMIT 1
2025-09-04 17:42:44.529 +02:00 [INF] Executed DbCommand (12ms) [Parameters=[@p0='?' (DbType = Guid), @p1='?' (DbType = Guid), @p2='?' (DbType = DateTime), @p3='?' (DbType = Int32), @p4='?' (DbType = DateTime), @p5='?' (Size = 7), @p6='?'], CommandType='"Text"', CommandTimeout='30']
INSERT INTO "Sessions" ("Id", "AgentId", "EndedUtc", "LastEventIdx", "StartedUtc", "Status", "UserId")
VALUES (@p0, @p1, @p2, @p3, @p4, @p5, @p6);
2025-09-04 17:42:44.536 +02:00 [INF] Setting HTTP status code 201.
2025-09-04 17:42:44.541 +02:00 [INF] Writing value of type 'SessionCreatedResponse' as Json.
2025-09-04 17:42:44.546 +02:00 [INF] Executed endpoint 'HTTP: POST /sessions/'
2025-09-04 17:42:44.551 +02:00 [INF] Request finished HTTP/1.1 POST http://localhost:5088/sessions - 201 null application/json; charset=utf-8 64.2253ms
2025-09-04 17:42:44.568 +02:00 [INF] Request starting HTTP/1.1 OPTIONS http://localhost:5088/hubs/trace/negotiate?negotiateVersion=1 - null null
2025-09-04 17:42:44.575 +02:00 [INF] CORS policy execution successful.
2025-09-04 17:42:44.580 +02:00 [INF] Request finished HTTP/1.1 OPTIONS http://localhost:5088/hubs/trace/negotiate?negotiateVersion=1 - 204 null null 12.2602ms
2025-09-04 17:42:44.583 +02:00 [INF] Request starting HTTP/1.1 POST http://localhost:5088/hubs/trace/negotiate?negotiateVersion=1 - null 0
2025-09-04 17:42:44.601 +02:00 [INF] CORS policy execution successful.
2025-09-04 17:42:44.608 +02:00 [INF] ApiKey was not authenticated. Failure message: Missing API key
2025-09-04 17:42:44.616 +02:00 [INF] Executing endpoint '/hubs/trace/negotiate'
2025-09-04 17:42:44.622 +02:00 [INF] Executed endpoint '/hubs/trace/negotiate'
2025-09-04 17:42:44.628 +02:00 [INF] Request finished HTTP/1.1 POST http://localhost:5088/hubs/trace/negotiate?negotiateVersion=1 - 200 316 application/json 45.1662ms
2025-09-04 17:42:44.633 +02:00 [INF] Request starting HTTP/1.1 GET http://localhost:5088/hubs/trace?id=r7fvpkYvB8O9QqTy3i0rQA - null null
2025-09-04 17:42:44.641 +02:00 [INF] CORS policy execution successful.
2025-09-04 17:42:44.648 +02:00 [INF] ApiKey was not authenticated. Failure message: Missing API key
2025-09-04 17:42:44.653 +02:00 [INF] Executing endpoint '/hubs/trace'
2025-09-04 17:42:48.412 +02:00 [INF] Request starting HTTP/1.1 OPTIONS http://localhost:5088/sessions/db95e470-4d3c-4603-aebc-5ff790de534c/messages - null null
2025-09-04 17:42:48.421 +02:00 [INF] CORS policy execution successful.
2025-09-04 17:42:48.425 +02:00 [INF] Request finished HTTP/1.1 OPTIONS http://localhost:5088/sessions/db95e470-4d3c-4603-aebc-5ff790de534c/messages - 204 null null 13.486ms
2025-09-04 17:42:48.432 +02:00 [INF] Request starting HTTP/1.1 POST http://localhost:5088/sessions/db95e470-4d3c-4603-aebc-5ff790de534c/messages - application/json 49
2025-09-04 17:42:48.439 +02:00 [INF] CORS policy execution successful.
2025-09-04 17:42:48.444 +02:00 [INF] Executing endpoint 'HTTP: POST /sessions/{id:guid}/messages'
2025-09-04 17:42:48.451 +02:00 [INF] Executed DbCommand (0ms) [Parameters=[@__p_0='?' (DbType = Guid)], CommandType='"Text"', CommandTimeout='30']
SELECT "s"."Id", "s"."AgentId", "s"."EndedUtc", "s"."LastEventIdx", "s"."StartedUtc", "s"."Status", "s"."UserId"
FROM "Sessions" AS "s"
WHERE "s"."Id" = @__p_0
LIMIT 1
2025-09-04 17:42:48.470 +02:00 [INF] Executed DbCommand (11ms) [Parameters=[@p0='?' (DbType = Guid), @p1='?' (Size = 33), @p2='?' (DbType = DateTime), @p3='?', @p4='?' (Size = 4), @p5='?' (DbType = Guid), @p6='?'], CommandType='"Text"', CommandTimeout='30']
INSERT INTO "Messages" ("Id", "Content", "CreatedUtc", "Kind", "Role", "SessionId", "TokenUsageJson")
VALUES (@p0, @p1, @p2, @p3, @p4, @p5, @p6);
2025-09-04 17:42:48.477 +02:00 [INF] Setting HTTP status code 202.
2025-09-04 17:42:48.479 +02:00 [INF] Executed DbCommand (0ms) [Parameters=[@__p_0='?' (DbType = Guid)], CommandType='"Text"', CommandTimeout='30']
SELECT "a"."Id", "a"."AllowUnknownTools", "a"."AllowedToolsCsv", "a"."Autonomy", "a"."BlockedToolsCsv", "a"."CreatedUtc", "a"."GuardrailsJson", "a"."Name", "a"."ParamsJson", "a"."PlannerMaxSteps", "a"."PlannerMaxTokens", "a"."PlannerStop", "a"."PlannerTemperature", "a"."PlannerTopP", "a"."Provider", "a"."SystemPrompt", "a"."Temperature", "a"."TemplateRef", "a"."TokenBudget", "a"."ToolBudget", "a"."TopP", "a"."UpdatedUtc"
FROM "Agents" AS "a"
WHERE "a"."Id" = @__p_0
LIMIT 1
2025-09-04 17:42:48.483 +02:00 [INF] Writing value of type 'AcceptedResponse' as Json.
2025-09-04 17:42:48.496 +02:00 [INF] Executed endpoint 'HTTP: POST /sessions/{id:guid}/messages'
2025-09-04 17:42:48.497 +02:00 [INF] Executed DbCommand (4ms) [Parameters=[@p0='?' (DbType = Guid), @p1='?' (Size = 33), @p2='?' (DbType = DateTime), @p3='?', @p4='?' (Size = 4), @p5='?' (DbType = Guid), @p6='?'], CommandType='"Text"', CommandTimeout='30']
INSERT INTO "Messages" ("Id", "Content", "CreatedUtc", "Kind", "Role", "SessionId", "TokenUsageJson")
VALUES (@p0, @p1, @p2, @p3, @p4, @p5, @p6);
2025-09-04 17:42:48.503 +02:00 [INF] Request finished HTTP/1.1 POST http://localhost:5088/sessions/db95e470-4d3c-4603-aebc-5ff790de534c/messages - 202 null application/json; charset=utf-8 70.1507ms
2025-09-04 17:42:48.512 +02:00 [INF] Executed DbCommand (1ms) [Parameters=[@__agentId_0='?' (DbType = Guid)], CommandType='"Text"', CommandTimeout='30']
SELECT "a"."Id", "a"."AgentId", "a"."ConfigJson", "a"."Enabled", "a"."ToolId", "t"."Id", "t"."Description", "t"."Enabled", "t"."InputSchemaJson", "t"."McpServerId", "t"."Name", "t"."Scope", "m"."Id", "m"."AuthType", "m"."BaseUrl", "m"."LastSeenUtc", "m"."MetadataJson", "m"."Name", "m"."Status"
FROM "AgentToolBindings" AS "a"
INNER JOIN "Tools" AS "t" ON "a"."ToolId" = "t"."Id"
INNER JOIN "McpServers" AS "m" ON "t"."McpServerId" = "m"."Id"
WHERE "a"."AgentId" = @__agentId_0 AND "a"."Enabled"
2025-09-04 17:42:48.525 +02:00 [INF] Executed DbCommand (0ms) [Parameters=[@__agentId_0='?' (DbType = Guid)], CommandType='"Text"', CommandTimeout='30']
SELECT "a"."Id", "a"."AgentId", "a"."ConfigJson", "a"."Enabled", "a"."ToolId", "t"."Id", "t"."Description", "t"."Enabled", "t"."InputSchemaJson", "t"."McpServerId", "t"."Name", "t"."Scope", "m"."Id", "m"."AuthType", "m"."BaseUrl", "m"."LastSeenUtc", "m"."MetadataJson", "m"."Name", "m"."Status"
FROM "AgentToolBindings" AS "a"
INNER JOIN "Tools" AS "t" ON "a"."ToolId" = "t"."Id"
INNER JOIN "McpServers" AS "m" ON "t"."McpServerId" = "m"."Id"
WHERE "a"."AgentId" = @__agentId_0 AND "a"."Enabled"
2025-09-04 17:42:48.538 +02:00 [INF] Executed DbCommand (1ms) [Parameters=[@__sessionId_0='?' (DbType = Guid), @__kind_1='?' (Size = 11), @__p_2='?' (DbType = Int32)], CommandType='"Text"', CommandTimeout='30']
SELECT "m"."Id", "m"."Content", "m"."CreatedUtc", "m"."Kind", "m"."Role", "m"."SessionId", "m"."TokenUsageJson"
FROM "Messages" AS "m"
WHERE "m"."SessionId" = @__sessionId_0 AND "m"."Kind" = @__kind_1
ORDER BY "m"."CreatedUtc" DESC
LIMIT @__p_2
2025-09-04 17:42:48.549 +02:00 [INF] Executed DbCommand (0ms) [Parameters=[@__sessionId_0='?' (DbType = Guid), @__p_1='?' (DbType = Int32)], CommandType='"Text"', CommandTimeout='30']
SELECT "m"."Id", "m"."Content", "m"."CreatedUtc", "m"."Kind", "m"."Role", "m"."SessionId", "m"."TokenUsageJson"
FROM "Messages" AS "m"
WHERE "m"."SessionId" = @__sessionId_0
ORDER BY "m"."CreatedUtc" DESC
LIMIT @__p_1
2025-09-04 17:42:48.558 +02:00 [INF] Executed DbCommand (0ms) [Parameters=[@__agentId_0='?' (DbType = Guid)], CommandType='"Text"', CommandTimeout='30']
SELECT "a"."Id", "a"."AgentId", "a"."ConfigJson", "a"."Enabled", "a"."ToolId", "t"."Id", "t"."Description", "t"."Enabled", "t"."InputSchemaJson", "t"."McpServerId", "t"."Name", "t"."Scope", "m"."Id", "m"."AuthType", "m"."BaseUrl", "m"."LastSeenUtc", "m"."MetadataJson", "m"."Name", "m"."Status"
FROM "AgentToolBindings" AS "a"
INNER JOIN "Tools" AS "t" ON "a"."ToolId" = "t"."Id"
INNER JOIN "McpServers" AS "m" ON "t"."McpServerId" = "m"."Id"
WHERE "a"."AgentId" = @__agentId_0 AND "a"."Enabled"
2025-09-04 17:42:48.567 +02:00 [INF] Executed DbCommand (0ms) [Parameters=[@__agentId_0='?' (DbType = Guid)], CommandType='"Text"', CommandTimeout='30']
SELECT "a"."Id", "a"."AgentId", "a"."ConfigJson", "a"."Enabled", "a"."ToolId", "t"."Id", "t"."Description", "t"."Enabled", "t"."InputSchemaJson", "t"."McpServerId", "t"."Name", "t"."Scope", "m"."Id", "m"."AuthType", "m"."BaseUrl", "m"."LastSeenUtc", "m"."MetadataJson", "m"."Name", "m"."Status"
FROM "AgentToolBindings" AS "a"
INNER JOIN "Tools" AS "t" ON "a"."ToolId" = "t"."Id"
INNER JOIN "McpServers" AS "m" ON "t"."McpServerId" = "m"."Id"
WHERE "a"."AgentId" = @__agentId_0 AND "a"."Enabled"
2025-09-04 17:42:49.686 +02:00 [INF] Executed DbCommand (0ms) [Parameters=[@__sessionId_0='?' (DbType = Guid), @__p_1='?' (DbType = Int32)], CommandType='"Text"', CommandTimeout='30']
SELECT "m"."Id", "m"."Content", "m"."CreatedUtc", "m"."Kind", "m"."Role", "m"."SessionId", "m"."TokenUsageJson"
FROM "Messages" AS "m"
WHERE "m"."SessionId" = @__sessionId_0
ORDER BY "m"."CreatedUtc" DESC
LIMIT @__p_1
2025-09-04 17:42:51.322 +02:00 [INF] Executed DbCommand (12ms) [Parameters=[@p0='?' (DbType = Guid), @p1='?' (Size = 703), @p2='?' (DbType = DateTime), @p3='?', @p4='?' (Size = 9), @p5='?' (DbType = Guid), @p6='?'], CommandType='"Text"', CommandTimeout='30']
INSERT INTO "Messages" ("Id", "Content", "CreatedUtc", "Kind", "Role", "SessionId", "TokenUsageJson")
VALUES (@p0, @p1, @p2, @p3, @p4, @p5, @p6);
2025-09-04 17:42:51.332 +02:00 [INF] Executed DbCommand (3ms) [Parameters=[@p0='?' (DbType = Guid), @p1='?' (Size = 703), @p2='?' (DbType = DateTime), @p3='?', @p4='?' (Size = 9), @p5='?' (DbType = Guid), @p6='?'], CommandType='"Text"', CommandTimeout='30']
INSERT INTO "Messages" ("Id", "Content", "CreatedUtc", "Kind", "Role", "SessionId", "TokenUsageJson")
VALUES (@p0, @p1, @p2, @p3, @p4, @p5, @p6);
2025-09-04 18:20:29.576 +02:00 [INF] Executed endpoint '/hubs/trace'
2025-09-04 18:20:29.587 +02:00 [INF] Request finished HTTP/1.1 GET http://localhost:5088/hubs/trace?id=r7fvpkYvB8O9QqTy3i0rQA - 101 null null 2266444.8263ms
2025-09-04 18:20:30.668 +02:00 [INF] Request starting HTTP/1.1 OPTIONS http://localhost:5088/agents/1e3a6b41-b07b-4cde-8612-9188689c9609 - null null
2025-09-04 18:20:30.668 +02:00 [INF] Request starting HTTP/1.1 OPTIONS http://localhost:5088/agents/1e3a6b41-b07b-4cde-8612-9188689c9609/bindings - null null
2025-09-04 18:20:30.677 +02:00 [INF] CORS policy execution successful.
2025-09-04 18:20:30.684 +02:00 [INF] CORS policy execution successful.
2025-09-04 18:20:30.690 +02:00 [INF] Request finished HTTP/1.1 OPTIONS http://localhost:5088/agents/1e3a6b41-b07b-4cde-8612-9188689c9609 - 204 null null 23.0294ms
2025-09-04 18:20:30.696 +02:00 [INF] Request finished HTTP/1.1 OPTIONS http://localhost:5088/agents/1e3a6b41-b07b-4cde-8612-9188689c9609/bindings - 204 null null 28.586ms
2025-09-04 18:20:30.706 +02:00 [INF] Request starting HTTP/1.1 GET http://localhost:5088/agents/1e3a6b41-b07b-4cde-8612-9188689c9609 - application/json null
2025-09-04 18:20:30.713 +02:00 [INF] Request starting HTTP/1.1 GET http://localhost:5088/agents/1e3a6b41-b07b-4cde-8612-9188689c9609/bindings - application/json null
2025-09-04 18:20:30.720 +02:00 [INF] CORS policy execution successful.
2025-09-04 18:20:30.726 +02:00 [INF] CORS policy execution successful.
2025-09-04 18:20:30.731 +02:00 [INF] Executing endpoint 'HTTP: GET /agents/{id:guid}'
2025-09-04 18:20:30.736 +02:00 [INF] Executing endpoint 'HTTP: GET /agents/{id:guid}/bindings'
2025-09-04 18:20:30.745 +02:00 [INF] Executed DbCommand (2ms) [Parameters=[@__p_0='?' (DbType = Guid)], CommandType='"Text"', CommandTimeout='30']
SELECT "a"."Id", "a"."AllowUnknownTools", "a"."AllowedToolsCsv", "a"."Autonomy", "a"."BlockedToolsCsv", "a"."CreatedUtc", "a"."GuardrailsJson", "a"."Name", "a"."ParamsJson", "a"."PlannerMaxSteps", "a"."PlannerMaxTokens", "a"."PlannerStop", "a"."PlannerTemperature", "a"."PlannerTopP", "a"."Provider", "a"."SystemPrompt", "a"."Temperature", "a"."TemplateRef", "a"."TokenBudget", "a"."ToolBudget", "a"."TopP", "a"."UpdatedUtc"
FROM "Agents" AS "a"
WHERE "a"."Id" = @__p_0
LIMIT 1
2025-09-04 18:20:30.749 +02:00 [INF] Executed DbCommand (1ms) [Parameters=[@__agentId_0='?' (DbType = Guid)], CommandType='"Text"', CommandTimeout='30']
SELECT "a"."Id", "a"."AgentId", "a"."ConfigJson", "a"."Enabled", "a"."ToolId"
FROM "AgentToolBindings" AS "a"
WHERE "a"."AgentId" = @__agentId_0
2025-09-04 18:20:30.753 +02:00 [INF] Setting HTTP status code 200.
2025-09-04 18:20:30.758 +02:00 [INF] Setting HTTP status code 200.
2025-09-04 18:20:30.763 +02:00 [INF] Writing value of type 'AgentResponse' as Json.
2025-09-04 18:20:30.768 +02:00 [INF] Writing value of type 'List`1' as Json.
2025-09-04 18:20:30.773 +02:00 [INF] Executed endpoint 'HTTP: GET /agents/{id:guid}'
2025-09-04 18:20:30.779 +02:00 [INF] Executed endpoint 'HTTP: GET /agents/{id:guid}/bindings'
2025-09-04 18:20:30.786 +02:00 [INF] Request finished HTTP/1.1 GET http://localhost:5088/agents/1e3a6b41-b07b-4cde-8612-9188689c9609 - 200 null application/json; charset=utf-8 80.0561ms
2025-09-04 18:20:30.792 +02:00 [INF] Request finished HTTP/1.1 GET http://localhost:5088/agents/1e3a6b41-b07b-4cde-8612-9188689c9609/bindings - 200 null application/json; charset=utf-8 78.6131ms
2025-09-04 18:21:21.879 +02:00 [INF] Request starting HTTP/1.1 OPTIONS http://localhost:5088/sessions - null null
2025-09-04 18:21:21.887 +02:00 [INF] CORS policy execution successful.
2025-09-04 18:21:21.892 +02:00 [INF] Request finished HTTP/1.1 OPTIONS http://localhost:5088/sessions - 204 null null 13.2074ms
2025-09-04 18:21:21.899 +02:00 [INF] Request starting HTTP/1.1 POST http://localhost:5088/sessions - application/json 50
2025-09-04 18:21:21.905 +02:00 [INF] CORS policy execution successful.
2025-09-04 18:21:21.912 +02:00 [INF] Executing endpoint 'HTTP: POST /sessions/'
2025-09-04 18:21:21.921 +02:00 [INF] Executed DbCommand (0ms) [Parameters=[@__p_0='?' (DbType = Guid)], CommandType='"Text"', CommandTimeout='30']
SELECT "a"."Id", "a"."AllowUnknownTools", "a"."AllowedToolsCsv", "a"."Autonomy", "a"."BlockedToolsCsv", "a"."CreatedUtc", "a"."GuardrailsJson", "a"."Name", "a"."ParamsJson", "a"."PlannerMaxSteps", "a"."PlannerMaxTokens", "a"."PlannerStop", "a"."PlannerTemperature", "a"."PlannerTopP", "a"."Provider", "a"."SystemPrompt", "a"."Temperature", "a"."TemplateRef", "a"."TokenBudget", "a"."ToolBudget", "a"."TopP", "a"."UpdatedUtc"
FROM "Agents" AS "a"
WHERE "a"."Id" = @__p_0
LIMIT 1
2025-09-04 18:21:21.952 +02:00 [INF] Executed DbCommand (19ms) [Parameters=[@p0='?' (DbType = Guid), @p1='?' (DbType = Guid), @p2='?' (DbType = DateTime), @p3='?' (DbType = Int32), @p4='?' (DbType = DateTime), @p5='?' (Size = 7), @p6='?'], CommandType='"Text"', CommandTimeout='30']
INSERT INTO "Sessions" ("Id", "AgentId", "EndedUtc", "LastEventIdx", "StartedUtc", "Status", "UserId")
VALUES (@p0, @p1, @p2, @p3, @p4, @p5, @p6);
2025-09-04 18:21:21.966 +02:00 [INF] Setting HTTP status code 201.
2025-09-04 18:21:21.972 +02:00 [INF] Writing value of type 'SessionCreatedResponse' as Json.
2025-09-04 18:21:21.979 +02:00 [INF] Executed endpoint 'HTTP: POST /sessions/'
2025-09-04 18:21:21.986 +02:00 [INF] Request finished HTTP/1.1 POST http://localhost:5088/sessions - 201 null application/json; charset=utf-8 87.1397ms
2025-09-04 18:21:22.025 +02:00 [INF] Request starting HTTP/1.1 OPTIONS http://localhost:5088/hubs/trace/negotiate?negotiateVersion=1 - null null
2025-09-04 18:21:22.033 +02:00 [INF] CORS policy execution successful.
2025-09-04 18:21:22.041 +02:00 [INF] Request finished HTTP/1.1 OPTIONS http://localhost:5088/hubs/trace/negotiate?negotiateVersion=1 - 204 null null 16.8393ms
2025-09-04 18:21:22.047 +02:00 [INF] Request starting HTTP/1.1 POST http://localhost:5088/hubs/trace/negotiate?negotiateVersion=1 - null 0
2025-09-04 18:21:22.057 +02:00 [INF] CORS policy execution successful.
2025-09-04 18:21:22.063 +02:00 [INF] ApiKey was not authenticated. Failure message: Missing API key
2025-09-04 18:21:22.069 +02:00 [INF] Executing endpoint '/hubs/trace/negotiate'
2025-09-04 18:21:22.074 +02:00 [INF] Executed endpoint '/hubs/trace/negotiate'
2025-09-04 18:21:22.081 +02:00 [INF] Request finished HTTP/1.1 POST http://localhost:5088/hubs/trace/negotiate?negotiateVersion=1 - 200 316 application/json 34.2958ms
2025-09-04 18:21:22.088 +02:00 [INF] Request starting HTTP/1.1 GET http://localhost:5088/hubs/trace?id=zxsd43tnRHe8HzdYVJ6KLg - null null
2025-09-04 18:21:22.095 +02:00 [INF] CORS policy execution successful.
2025-09-04 18:21:22.101 +02:00 [INF] ApiKey was not authenticated. Failure message: Missing API key
2025-09-04 18:21:22.106 +02:00 [INF] Executing endpoint '/hubs/trace'
2025-09-04 18:21:25.178 +02:00 [INF] Request starting HTTP/1.1 OPTIONS http://localhost:5088/sessions/9a13540f-6b18-4b95-a401-8d4a19e3c44d/messages - null null
2025-09-04 18:21:25.188 +02:00 [INF] CORS policy execution successful.
2025-09-04 18:21:25.194 +02:00 [INF] Request finished HTTP/1.1 OPTIONS http://localhost:5088/sessions/9a13540f-6b18-4b95-a401-8d4a19e3c44d/messages - 204 null null 16.7989ms
2025-09-04 18:21:25.208 +02:00 [INF] Request starting HTTP/1.1 POST http://localhost:5088/sessions/9a13540f-6b18-4b95-a401-8d4a19e3c44d/messages - application/json 49
2025-09-04 18:21:25.215 +02:00 [INF] CORS policy execution successful.
2025-09-04 18:21:25.220 +02:00 [INF] Executing endpoint 'HTTP: POST /sessions/{id:guid}/messages'
2025-09-04 18:21:25.225 +02:00 [INF] Executed DbCommand (0ms) [Parameters=[@__p_0='?' (DbType = Guid)], CommandType='"Text"', CommandTimeout='30']
SELECT "s"."Id", "s"."AgentId", "s"."EndedUtc", "s"."LastEventIdx", "s"."StartedUtc", "s"."Status", "s"."UserId"
FROM "Sessions" AS "s"
WHERE "s"."Id" = @__p_0
LIMIT 1
2025-09-04 18:21:25.237 +02:00 [INF] Executed DbCommand (3ms) [Parameters=[@p0='?' (DbType = Guid), @p1='?' (Size = 33), @p2='?' (DbType = DateTime), @p3='?', @p4='?' (Size = 4), @p5='?' (DbType = Guid), @p6='?'], CommandType='"Text"', CommandTimeout='30']
INSERT INTO "Messages" ("Id", "Content", "CreatedUtc", "Kind", "Role", "SessionId", "TokenUsageJson")
VALUES (@p0, @p1, @p2, @p3, @p4, @p5, @p6);
2025-09-04 18:21:25.244 +02:00 [INF] Setting HTTP status code 202.
2025-09-04 18:21:25.247 +02:00 [INF] Executed DbCommand (0ms) [Parameters=[@__p_0='?' (DbType = Guid)], CommandType='"Text"', CommandTimeout='30']
SELECT "a"."Id", "a"."AllowUnknownTools", "a"."AllowedToolsCsv", "a"."Autonomy", "a"."BlockedToolsCsv", "a"."CreatedUtc", "a"."GuardrailsJson", "a"."Name", "a"."ParamsJson", "a"."PlannerMaxSteps", "a"."PlannerMaxTokens", "a"."PlannerStop", "a"."PlannerTemperature", "a"."PlannerTopP", "a"."Provider", "a"."SystemPrompt", "a"."Temperature", "a"."TemplateRef", "a"."TokenBudget", "a"."ToolBudget", "a"."TopP", "a"."UpdatedUtc"
FROM "Agents" AS "a"
WHERE "a"."Id" = @__p_0
LIMIT 1
2025-09-04 18:21:25.250 +02:00 [INF] Writing value of type 'AcceptedResponse' as Json.
2025-09-04 18:21:25.263 +02:00 [INF] Executed endpoint 'HTTP: POST /sessions/{id:guid}/messages'
2025-09-04 18:21:25.265 +02:00 [INF] Executed DbCommand (4ms) [Parameters=[@p0='?' (DbType = Guid), @p1='?' (Size = 33), @p2='?' (DbType = DateTime), @p3='?', @p4='?' (Size = 4), @p5='?' (DbType = Guid), @p6='?'], CommandType='"Text"', CommandTimeout='30']
INSERT INTO "Messages" ("Id", "Content", "CreatedUtc", "Kind", "Role", "SessionId", "TokenUsageJson")
VALUES (@p0, @p1, @p2, @p3, @p4, @p5, @p6);
2025-09-04 18:21:25.270 +02:00 [INF] Request finished HTTP/1.1 POST http://localhost:5088/sessions/9a13540f-6b18-4b95-a401-8d4a19e3c44d/messages - 202 null application/json; charset=utf-8 61.5413ms
2025-09-04 18:21:25.279 +02:00 [INF] Executed DbCommand (1ms) [Parameters=[@__agentId_0='?' (DbType = Guid)], CommandType='"Text"', CommandTimeout='30']
SELECT "a"."Id", "a"."AgentId", "a"."ConfigJson", "a"."Enabled", "a"."ToolId", "t"."Id", "t"."Description", "t"."Enabled", "t"."InputSchemaJson", "t"."McpServerId", "t"."Name", "t"."Scope", "m"."Id", "m"."AuthType", "m"."BaseUrl", "m"."LastSeenUtc", "m"."MetadataJson", "m"."Name", "m"."Status"
FROM "AgentToolBindings" AS "a"
INNER JOIN "Tools" AS "t" ON "a"."ToolId" = "t"."Id"
INNER JOIN "McpServers" AS "m" ON "t"."McpServerId" = "m"."Id"
WHERE "a"."AgentId" = @__agentId_0 AND "a"."Enabled"
2025-09-04 18:21:25.294 +02:00 [INF] Executed DbCommand (1ms) [Parameters=[@__agentId_0='?' (DbType = Guid)], CommandType='"Text"', CommandTimeout='30']
SELECT "a"."Id", "a"."AgentId", "a"."ConfigJson", "a"."Enabled", "a"."ToolId", "t"."Id", "t"."Description", "t"."Enabled", "t"."InputSchemaJson", "t"."McpServerId", "t"."Name", "t"."Scope", "m"."Id", "m"."AuthType", "m"."BaseUrl", "m"."LastSeenUtc", "m"."MetadataJson", "m"."Name", "m"."Status"
FROM "AgentToolBindings" AS "a"
INNER JOIN "Tools" AS "t" ON "a"."ToolId" = "t"."Id"
INNER JOIN "McpServers" AS "m" ON "t"."McpServerId" = "m"."Id"
WHERE "a"."AgentId" = @__agentId_0 AND "a"."Enabled"
2025-09-04 18:21:25.305 +02:00 [INF] Executed DbCommand (1ms) [Parameters=[@__sessionId_0='?' (DbType = Guid), @__kind_1='?' (Size = 11), @__p_2='?' (DbType = Int32)], CommandType='"Text"', CommandTimeout='30']
SELECT "m"."Id", "m"."Content", "m"."CreatedUtc", "m"."Kind", "m"."Role", "m"."SessionId", "m"."TokenUsageJson"
FROM "Messages" AS "m"
WHERE "m"."SessionId" = @__sessionId_0 AND "m"."Kind" = @__kind_1
ORDER BY "m"."CreatedUtc" DESC
LIMIT @__p_2
2025-09-04 18:21:25.317 +02:00 [INF] Executed DbCommand (0ms) [Parameters=[@__sessionId_0='?' (DbType = Guid), @__p_1='?' (DbType = Int32)], CommandType='"Text"', CommandTimeout='30']
SELECT "m"."Id", "m"."Content", "m"."CreatedUtc", "m"."Kind", "m"."Role", "m"."SessionId", "m"."TokenUsageJson"
FROM "Messages" AS "m"
WHERE "m"."SessionId" = @__sessionId_0
ORDER BY "m"."CreatedUtc" DESC
LIMIT @__p_1
2025-09-04 18:21:25.326 +02:00 [INF] Executed DbCommand (0ms) [Parameters=[@__agentId_0='?' (DbType = Guid)], CommandType='"Text"', CommandTimeout='30']
SELECT "a"."Id", "a"."AgentId", "a"."ConfigJson", "a"."Enabled", "a"."ToolId", "t"."Id", "t"."Description", "t"."Enabled", "t"."InputSchemaJson", "t"."McpServerId", "t"."Name", "t"."Scope", "m"."Id", "m"."AuthType", "m"."BaseUrl", "m"."LastSeenUtc", "m"."MetadataJson", "m"."Name", "m"."Status"
FROM "AgentToolBindings" AS "a"
INNER JOIN "Tools" AS "t" ON "a"."ToolId" = "t"."Id"
INNER JOIN "McpServers" AS "m" ON "t"."McpServerId" = "m"."Id"
WHERE "a"."AgentId" = @__agentId_0 AND "a"."Enabled"
2025-09-04 18:21:25.335 +02:00 [INF] Executed DbCommand (0ms) [Parameters=[@__agentId_0='?' (DbType = Guid)], CommandType='"Text"', CommandTimeout='30']
SELECT "a"."Id", "a"."AgentId", "a"."ConfigJson", "a"."Enabled", "a"."ToolId", "t"."Id", "t"."Description", "t"."Enabled", "t"."InputSchemaJson", "t"."McpServerId", "t"."Name", "t"."Scope", "m"."Id", "m"."AuthType", "m"."BaseUrl", "m"."LastSeenUtc", "m"."MetadataJson", "m"."Name", "m"."Status"
FROM "AgentToolBindings" AS "a"
INNER JOIN "Tools" AS "t" ON "a"."ToolId" = "t"."Id"
INNER JOIN "McpServers" AS "m" ON "t"."McpServerId" = "m"."Id"
WHERE "a"."AgentId" = @__agentId_0 AND "a"."Enabled"
2025-09-04 18:21:26.772 +02:00 [INF] Executed DbCommand (0ms) [Parameters=[@__sessionId_0='?' (DbType = Guid), @__p_1='?' (DbType = Int32)], CommandType='"Text"', CommandTimeout='30']
SELECT "m"."Id", "m"."Content", "m"."CreatedUtc", "m"."Kind", "m"."Role", "m"."SessionId", "m"."TokenUsageJson"
FROM "Messages" AS "m"
WHERE "m"."SessionId" = @__sessionId_0
ORDER BY "m"."CreatedUtc" DESC
LIMIT @__p_1
2025-09-04 18:21:28.049 +02:00 [INF] Executed DbCommand (3ms) [Parameters=[@p0='?' (DbType = Guid), @p1='?' (Size = 460), @p2='?' (DbType = DateTime), @p3='?', @p4='?' (Size = 9), @p5='?' (DbType = Guid), @p6='?'], CommandType='"Text"', CommandTimeout='30']
INSERT INTO "Messages" ("Id", "Content", "CreatedUtc", "Kind", "Role", "SessionId", "TokenUsageJson")
VALUES (@p0, @p1, @p2, @p3, @p4, @p5, @p6);
2025-09-04 18:21:28.057 +02:00 [INF] Executed DbCommand (2ms) [Parameters=[@p0='?' (DbType = Guid), @p1='?' (Size = 460), @p2='?' (DbType = DateTime), @p3='?', @p4='?' (Size = 9), @p5='?' (DbType = Guid), @p6='?'], CommandType='"Text"', CommandTimeout='30']
INSERT INTO "Messages" ("Id", "Content", "CreatedUtc", "Kind", "Role", "SessionId", "TokenUsageJson")
VALUES (@p0, @p1, @p2, @p3, @p4, @p5, @p6);
2025-09-04 18:21:58.821 +02:00 [INF] Request starting HTTP/1.1 OPTIONS http://localhost:5088/hubs/trace/negotiate?negotiateVersion=1 - null null
2025-09-04 18:21:58.823 +02:00 [INF] Executed endpoint '/hubs/trace'
2025-09-04 18:21:58.830 +02:00 [INF] CORS policy execution successful.
2025-09-04 18:21:58.835 +02:00 [INF] Request finished HTTP/1.1 GET http://localhost:5088/hubs/trace?id=zxsd43tnRHe8HzdYVJ6KLg - 101 null null 36747.5142ms
2025-09-04 18:21:58.841 +02:00 [INF] Request finished HTTP/1.1 OPTIONS http://localhost:5088/hubs/trace/negotiate?negotiateVersion=1 - 204 null null 19.8334ms
2025-09-04 18:21:58.846 +02:00 [INF] Request starting HTTP/1.1 POST http://localhost:5088/hubs/trace/negotiate?negotiateVersion=1 - null 0
2025-09-04 18:21:58.862 +02:00 [INF] CORS policy execution successful.
2025-09-04 18:21:58.869 +02:00 [INF] ApiKey was not authenticated. Failure message: Missing API key
2025-09-04 18:21:58.875 +02:00 [INF] Executing endpoint '/hubs/trace/negotiate'
2025-09-04 18:21:58.882 +02:00 [INF] Executed endpoint '/hubs/trace/negotiate'
2025-09-04 18:21:58.892 +02:00 [INF] Request finished HTTP/1.1 POST http://localhost:5088/hubs/trace/negotiate?negotiateVersion=1 - 200 316 application/json 46.348ms
2025-09-04 18:21:58.898 +02:00 [INF] Request starting HTTP/1.1 GET http://localhost:5088/hubs/trace?id=Ix1qppyYtWrnB3qBt9TWtA - null null
2025-09-04 18:21:58.907 +02:00 [INF] CORS policy execution successful.
2025-09-04 18:21:58.914 +02:00 [INF] ApiKey was not authenticated. Failure message: Missing API key
2025-09-04 18:21:58.920 +02:00 [INF] Executing endpoint '/hubs/trace'
2025-09-04 18:22:46.808 +02:00 [INF] Executed endpoint '/hubs/trace'
2025-09-04 18:22:46.812 +02:00 [INF] Request starting HTTP/1.1 OPTIONS http://localhost:5088/hubs/trace/negotiate?negotiateVersion=1 - null null
2025-09-04 18:22:46.816 +02:00 [INF] Request finished HTTP/1.1 GET http://localhost:5088/hubs/trace?id=Ix1qppyYtWrnB3qBt9TWtA - 101 null null 47918.3966ms
2025-09-04 18:22:46.823 +02:00 [INF] CORS policy execution successful.
2025-09-04 18:22:46.839 +02:00 [INF] Request finished HTTP/1.1 OPTIONS http://localhost:5088/hubs/trace/negotiate?negotiateVersion=1 - 204 null null 26.5082ms
2025-09-04 18:22:46.842 +02:00 [INF] Request starting HTTP/1.1 POST http://localhost:5088/hubs/trace/negotiate?negotiateVersion=1 - null 0
2025-09-04 18:22:46.895 +02:00 [INF] CORS policy execution successful.
2025-09-04 18:22:46.917 +02:00 [INF] ApiKey was not authenticated. Failure message: Missing API key
2025-09-04 18:22:46.925 +02:00 [INF] Executing endpoint '/hubs/trace/negotiate'
2025-09-04 18:22:47.020 +02:00 [INF] Executed endpoint '/hubs/trace/negotiate'
2025-09-04 18:22:47.085 +02:00 [INF] Request starting HTTP/1.1 GET http://localhost:5088/hubs/trace?id=9aAOCkros3dJYv5QmnjafQ - null null
2025-09-04 18:22:47.125 +02:00 [INF] CORS policy execution successful.
2025-09-04 18:22:47.126 +02:00 [INF] Request finished HTTP/1.1 POST http://localhost:5088/hubs/trace/negotiate?negotiateVersion=1 - 200 316 application/json 283.9074ms
2025-09-04 18:22:47.133 +02:00 [INF] ApiKey was not authenticated. Failure message: Missing API key
2025-09-04 18:22:47.169 +02:00 [INF] Executing endpoint '/hubs/trace'
2025-09-04 18:22:55.262 +02:00 [INF] Executed endpoint '/hubs/trace'
2025-09-04 18:22:55.270 +02:00 [INF] Request finished HTTP/1.1 GET http://localhost:5088/hubs/trace?id=9aAOCkros3dJYv5QmnjafQ - 101 null null 8185.2947ms
2025-09-04 18:22:55.779 +02:00 [INF] Request starting HTTP/1.1 OPTIONS http://localhost:5088/agents/1e3a6b41-b07b-4cde-8612-9188689c9609 - null null
2025-09-04 18:22:55.782 +02:00 [INF] Request starting HTTP/1.1 OPTIONS http://localhost:5088/agents/1e3a6b41-b07b-4cde-8612-9188689c9609/bindings - null null
2025-09-04 18:22:55.785 +02:00 [INF] CORS policy execution successful.
2025-09-04 18:22:55.791 +02:00 [INF] CORS policy execution successful.
2025-09-04 18:22:55.795 +02:00 [INF] Request finished HTTP/1.1 OPTIONS http://localhost:5088/agents/1e3a6b41-b07b-4cde-8612-9188689c9609 - 204 null null 16.7931ms
2025-09-04 18:22:55.799 +02:00 [INF] Request finished HTTP/1.1 OPTIONS http://localhost:5088/agents/1e3a6b41-b07b-4cde-8612-9188689c9609/bindings - 204 null null 17.6716ms
2025-09-04 18:22:55.805 +02:00 [INF] Request starting HTTP/1.1 GET http://localhost:5088/agents/1e3a6b41-b07b-4cde-8612-9188689c9609 - application/json null
2025-09-04 18:22:55.810 +02:00 [INF] Request starting HTTP/1.1 GET http://localhost:5088/agents/1e3a6b41-b07b-4cde-8612-9188689c9609/bindings - application/json null
2025-09-04 18:22:55.814 +02:00 [INF] CORS policy execution successful.
2025-09-04 18:22:55.820 +02:00 [INF] CORS policy execution successful.
2025-09-04 18:22:55.825 +02:00 [INF] Executing endpoint 'HTTP: GET /agents/{id:guid}'
2025-09-04 18:22:55.830 +02:00 [INF] Executing endpoint 'HTTP: GET /agents/{id:guid}/bindings'
2025-09-04 18:22:55.835 +02:00 [INF] Executed DbCommand (0ms) [Parameters=[@__p_0='?' (DbType = Guid)], CommandType='"Text"', CommandTimeout='30']
SELECT "a"."Id", "a"."AllowUnknownTools", "a"."AllowedToolsCsv", "a"."Autonomy", "a"."BlockedToolsCsv", "a"."CreatedUtc", "a"."GuardrailsJson", "a"."Name", "a"."ParamsJson", "a"."PlannerMaxSteps", "a"."PlannerMaxTokens", "a"."PlannerStop", "a"."PlannerTemperature", "a"."PlannerTopP", "a"."Provider", "a"."SystemPrompt", "a"."Temperature", "a"."TemplateRef", "a"."TokenBudget", "a"."ToolBudget", "a"."TopP", "a"."UpdatedUtc"
FROM "Agents" AS "a"
WHERE "a"."Id" = @__p_0
LIMIT 1
2025-09-04 18:22:55.840 +02:00 [INF] Executed DbCommand (0ms) [Parameters=[@__agentId_0='?' (DbType = Guid)], CommandType='"Text"', CommandTimeout='30']
SELECT "a"."Id", "a"."AgentId", "a"."ConfigJson", "a"."Enabled", "a"."ToolId"
FROM "AgentToolBindings" AS "a"
WHERE "a"."AgentId" = @__agentId_0
2025-09-04 18:22:55.844 +02:00 [INF] Setting HTTP status code 200.
2025-09-04 18:22:55.849 +02:00 [INF] Setting HTTP status code 200.
2025-09-04 18:22:55.856 +02:00 [INF] Writing value of type 'AgentResponse' as Json.
2025-09-04 18:22:55.861 +02:00 [INF] Writing value of type 'List`1' as Json.
2025-09-04 18:22:55.865 +02:00 [INF] Executed endpoint 'HTTP: GET /agents/{id:guid}'
2025-09-04 18:22:55.870 +02:00 [INF] Executed endpoint 'HTTP: GET /agents/{id:guid}/bindings'
2025-09-04 18:22:55.875 +02:00 [INF] Request finished HTTP/1.1 GET http://localhost:5088/agents/1e3a6b41-b07b-4cde-8612-9188689c9609 - 200 null application/json; charset=utf-8 70.4122ms
2025-09-04 18:22:55.880 +02:00 [INF] Request finished HTTP/1.1 GET http://localhost:5088/agents/1e3a6b41-b07b-4cde-8612-9188689c9609/bindings - 200 null application/json; charset=utf-8 69.9024ms
2025-09-04 18:22:57.170 +02:00 [INF] Request starting HTTP/1.1 OPTIONS http://localhost:5088/sessions - null null
2025-09-04 18:22:57.177 +02:00 [INF] CORS policy execution successful.
2025-09-04 18:22:57.182 +02:00 [INF] Request finished HTTP/1.1 OPTIONS http://localhost:5088/sessions - 204 null null 11.9093ms
2025-09-04 18:22:57.188 +02:00 [INF] Request starting HTTP/1.1 POST http://localhost:5088/sessions - application/json 50
2025-09-04 18:22:57.194 +02:00 [INF] CORS policy execution successful.
2025-09-04 18:22:57.199 +02:00 [INF] Executing endpoint 'HTTP: POST /sessions/'
2025-09-04 18:22:57.205 +02:00 [INF] Executed DbCommand (0ms) [Parameters=[@__p_0='?' (DbType = Guid)], CommandType='"Text"', CommandTimeout='30']
SELECT "a"."Id", "a"."AllowUnknownTools", "a"."AllowedToolsCsv", "a"."Autonomy", "a"."BlockedToolsCsv", "a"."CreatedUtc", "a"."GuardrailsJson", "a"."Name", "a"."ParamsJson", "a"."PlannerMaxSteps", "a"."PlannerMaxTokens", "a"."PlannerStop", "a"."PlannerTemperature", "a"."PlannerTopP", "a"."Provider", "a"."SystemPrompt", "a"."Temperature", "a"."TemplateRef", "a"."TokenBudget", "a"."ToolBudget", "a"."TopP", "a"."UpdatedUtc"
FROM "Agents" AS "a"
WHERE "a"."Id" = @__p_0
LIMIT 1
2025-09-04 18:22:57.224 +02:00 [INF] Executed DbCommand (11ms) [Parameters=[@p0='?' (DbType = Guid), @p1='?' (DbType = Guid), @p2='?' (DbType = DateTime), @p3='?' (DbType = Int32), @p4='?' (DbType = DateTime), @p5='?' (Size = 7), @p6='?'], CommandType='"Text"', CommandTimeout='30']
INSERT INTO "Sessions" ("Id", "AgentId", "EndedUtc", "LastEventIdx", "StartedUtc", "Status", "UserId")
VALUES (@p0, @p1, @p2, @p3, @p4, @p5, @p6);
2025-09-04 18:22:57.231 +02:00 [INF] Setting HTTP status code 201.
2025-09-04 18:22:57.235 +02:00 [INF] Writing value of type 'SessionCreatedResponse' as Json.
2025-09-04 18:22:57.241 +02:00 [INF] Executed endpoint 'HTTP: POST /sessions/'
2025-09-04 18:22:57.247 +02:00 [INF] Request finished HTTP/1.1 POST http://localhost:5088/sessions - 201 null application/json; charset=utf-8 58.2367ms
2025-09-04 18:22:57.268 +02:00 [INF] Request starting HTTP/1.1 OPTIONS http://localhost:5088/hubs/trace/negotiate?negotiateVersion=1 - null null
2025-09-04 18:22:57.275 +02:00 [INF] CORS policy execution successful.
2025-09-04 18:22:57.282 +02:00 [INF] Request finished HTTP/1.1 OPTIONS http://localhost:5088/hubs/trace/negotiate?negotiateVersion=1 - 204 null null 14.3803ms
2025-09-04 18:22:57.284 +02:00 [INF] Request starting HTTP/1.1 POST http://localhost:5088/hubs/trace/negotiate?negotiateVersion=1 - null 0
2025-09-04 18:22:57.296 +02:00 [INF] CORS policy execution successful.
2025-09-04 18:22:57.301 +02:00 [INF] ApiKey was not authenticated. Failure message: Missing API key
2025-09-04 18:22:57.308 +02:00 [INF] Executing endpoint '/hubs/trace/negotiate'
2025-09-04 18:22:57.314 +02:00 [INF] Executed endpoint '/hubs/trace/negotiate'
2025-09-04 18:22:57.320 +02:00 [INF] Request finished HTTP/1.1 POST http://localhost:5088/hubs/trace/negotiate?negotiateVersion=1 - 200 316 application/json 35.7359ms
2025-09-04 18:22:57.325 +02:00 [INF] Request starting HTTP/1.1 GET http://localhost:5088/hubs/trace?id=j1-Lo5zhiH_pZc_qcA9Auw - null null
2025-09-04 18:22:57.334 +02:00 [INF] CORS policy execution successful.
2025-09-04 18:22:57.340 +02:00 [INF] ApiKey was not authenticated. Failure message: Missing API key
2025-09-04 18:22:57.346 +02:00 [INF] Executing endpoint '/hubs/trace'
2025-09-04 18:22:59.228 +02:00 [INF] Request starting HTTP/1.1 OPTIONS http://localhost:5088/sessions/87b5349b-61a6-4317-9c7b-6a4fd3129cd5/messages - null null
2025-09-04 18:22:59.236 +02:00 [INF] CORS policy execution successful.
2025-09-04 18:22:59.241 +02:00 [INF] Request finished HTTP/1.1 OPTIONS http://localhost:5088/sessions/87b5349b-61a6-4317-9c7b-6a4fd3129cd5/messages - 204 null null 13.0491ms
2025-09-04 18:22:59.248 +02:00 [INF] Request starting HTTP/1.1 POST http://localhost:5088/sessions/87b5349b-61a6-4317-9c7b-6a4fd3129cd5/messages - application/json 49
2025-09-04 18:22:59.253 +02:00 [INF] CORS policy execution successful.
2025-09-04 18:22:59.259 +02:00 [INF] Executing endpoint 'HTTP: POST /sessions/{id:guid}/messages'
2025-09-04 18:22:59.267 +02:00 [INF] Executed DbCommand (0ms) [Parameters=[@__p_0='?' (DbType = Guid)], CommandType='"Text"', CommandTimeout='30']
SELECT "s"."Id", "s"."AgentId", "s"."EndedUtc", "s"."LastEventIdx", "s"."StartedUtc", "s"."Status", "s"."UserId"
FROM "Sessions" AS "s"
WHERE "s"."Id" = @__p_0
LIMIT 1
2025-09-04 18:22:59.287 +02:00 [INF] Executed DbCommand (12ms) [Parameters=[@p0='?' (DbType = Guid), @p1='?' (Size = 33), @p2='?' (DbType = DateTime), @p3='?', @p4='?' (Size = 4), @p5='?' (DbType = Guid), @p6='?'], CommandType='"Text"', CommandTimeout='30']
INSERT INTO "Messages" ("Id", "Content", "CreatedUtc", "Kind", "Role", "SessionId", "TokenUsageJson")
VALUES (@p0, @p1, @p2, @p3, @p4, @p5, @p6);
2025-09-04 18:22:59.294 +02:00 [INF] Setting HTTP status code 202.
2025-09-04 18:22:59.295 +02:00 [INF] Executed DbCommand (0ms) [Parameters=[@__p_0='?' (DbType = Guid)], CommandType='"Text"', CommandTimeout='30']
SELECT "a"."Id", "a"."AllowUnknownTools", "a"."AllowedToolsCsv", "a"."Autonomy", "a"."BlockedToolsCsv", "a"."CreatedUtc", "a"."GuardrailsJson", "a"."Name", "a"."ParamsJson", "a"."PlannerMaxSteps", "a"."PlannerMaxTokens", "a"."PlannerStop", "a"."PlannerTemperature", "a"."PlannerTopP", "a"."Provider", "a"."SystemPrompt", "a"."Temperature", "a"."TemplateRef", "a"."TokenBudget", "a"."ToolBudget", "a"."TopP", "a"."UpdatedUtc"
FROM "Agents" AS "a"
WHERE "a"."Id" = @__p_0
LIMIT 1
2025-09-04 18:22:59.299 +02:00 [INF] Writing value of type 'AcceptedResponse' as Json.
2025-09-04 18:22:59.311 +02:00 [INF] Executed endpoint 'HTTP: POST /sessions/{id:guid}/messages'
2025-09-04 18:22:59.311 +02:00 [INF] Executed DbCommand (3ms) [Parameters=[@p0='?' (DbType = Guid), @p1='?' (Size = 33), @p2='?' (DbType = DateTime), @p3='?', @p4='?' (Size = 4), @p5='?' (DbType = Guid), @p6='?'], CommandType='"Text"', CommandTimeout='30']
INSERT INTO "Messages" ("Id", "Content", "CreatedUtc", "Kind", "Role", "SessionId", "TokenUsageJson")
VALUES (@p0, @p1, @p2, @p3, @p4, @p5, @p6);
2025-09-04 18:22:59.317 +02:00 [INF] Request finished HTTP/1.1 POST http://localhost:5088/sessions/87b5349b-61a6-4317-9c7b-6a4fd3129cd5/messages - 202 null application/json; charset=utf-8 69.0708ms
2025-09-04 18:22:59.328 +02:00 [INF] Executed DbCommand (0ms) [Parameters=[@__agentId_0='?' (DbType = Guid)], CommandType='"Text"', CommandTimeout='30']
SELECT "a"."Id", "a"."AgentId", "a"."ConfigJson", "a"."Enabled", "a"."ToolId", "t"."Id", "t"."Description", "t"."Enabled", "t"."InputSchemaJson", "t"."McpServerId", "t"."Name", "t"."Scope", "m"."Id", "m"."AuthType", "m"."BaseUrl", "m"."LastSeenUtc", "m"."MetadataJson", "m"."Name", "m"."Status"
FROM "AgentToolBindings" AS "a"
INNER JOIN "Tools" AS "t" ON "a"."ToolId" = "t"."Id"
INNER JOIN "McpServers" AS "m" ON "t"."McpServerId" = "m"."Id"
WHERE "a"."AgentId" = @__agentId_0 AND "a"."Enabled"
2025-09-04 18:22:59.343 +02:00 [INF] Executed DbCommand (0ms) [Parameters=[@__agentId_0='?' (DbType = Guid)], CommandType='"Text"', CommandTimeout='30']
SELECT "a"."Id", "a"."AgentId", "a"."ConfigJson", "a"."Enabled", "a"."ToolId", "t"."Id", "t"."Description", "t"."Enabled", "t"."InputSchemaJson", "t"."McpServerId", "t"."Name", "t"."Scope", "m"."Id", "m"."AuthType", "m"."BaseUrl", "m"."LastSeenUtc", "m"."MetadataJson", "m"."Name", "m"."Status"
FROM "AgentToolBindings" AS "a"
INNER JOIN "Tools" AS "t" ON "a"."ToolId" = "t"."Id"
INNER JOIN "McpServers" AS "m" ON "t"."McpServerId" = "m"."Id"
WHERE "a"."AgentId" = @__agentId_0 AND "a"."Enabled"
2025-09-04 18:22:59.354 +02:00 [INF] Executed DbCommand (0ms) [Parameters=[@__sessionId_0='?' (DbType = Guid), @__kind_1='?' (Size = 11), @__p_2='?' (DbType = Int32)], CommandType='"Text"', CommandTimeout='30']
SELECT "m"."Id", "m"."Content", "m"."CreatedUtc", "m"."Kind", "m"."Role", "m"."SessionId", "m"."TokenUsageJson"
FROM "Messages" AS "m"
WHERE "m"."SessionId" = @__sessionId_0 AND "m"."Kind" = @__kind_1
ORDER BY "m"."CreatedUtc" DESC
LIMIT @__p_2
2025-09-04 18:22:59.363 +02:00 [INF] Executed DbCommand (0ms) [Parameters=[@__sessionId_0='?' (DbType = Guid), @__p_1='?' (DbType = Int32)], CommandType='"Text"', CommandTimeout='30']
SELECT "m"."Id", "m"."Content", "m"."CreatedUtc", "m"."Kind", "m"."Role", "m"."SessionId", "m"."TokenUsageJson"
FROM "Messages" AS "m"
WHERE "m"."SessionId" = @__sessionId_0
ORDER BY "m"."CreatedUtc" DESC
LIMIT @__p_1
2025-09-04 18:22:59.373 +02:00 [INF] Executed DbCommand (1ms) [Parameters=[@__agentId_0='?' (DbType = Guid)], CommandType='"Text"', CommandTimeout='30']
SELECT "a"."Id", "a"."AgentId", "a"."ConfigJson", "a"."Enabled", "a"."ToolId", "t"."Id", "t"."Description", "t"."Enabled", "t"."InputSchemaJson", "t"."McpServerId", "t"."Name", "t"."Scope", "m"."Id", "m"."AuthType", "m"."BaseUrl", "m"."LastSeenUtc", "m"."MetadataJson", "m"."Name", "m"."Status"
FROM "AgentToolBindings" AS "a"
INNER JOIN "Tools" AS "t" ON "a"."ToolId" = "t"."Id"
INNER JOIN "McpServers" AS "m" ON "t"."McpServerId" = "m"."Id"
WHERE "a"."AgentId" = @__agentId_0 AND "a"."Enabled"
2025-09-04 18:22:59.382 +02:00 [INF] Executed DbCommand (0ms) [Parameters=[@__agentId_0='?' (DbType = Guid)], CommandType='"Text"', CommandTimeout='30']
SELECT "a"."Id", "a"."AgentId", "a"."ConfigJson", "a"."Enabled", "a"."ToolId", "t"."Id", "t"."Description", "t"."Enabled", "t"."InputSchemaJson", "t"."McpServerId", "t"."Name", "t"."Scope", "m"."Id", "m"."AuthType", "m"."BaseUrl", "m"."LastSeenUtc", "m"."MetadataJson", "m"."Name", "m"."Status"
FROM "AgentToolBindings" AS "a"
INNER JOIN "Tools" AS "t" ON "a"."ToolId" = "t"."Id"
INNER JOIN "McpServers" AS "m" ON "t"."McpServerId" = "m"."Id"
WHERE "a"."AgentId" = @__agentId_0 AND "a"."Enabled"
2025-09-04 18:23:00.530 +02:00 [INF] Executed DbCommand (0ms) [Parameters=[@__sessionId_0='?' (DbType = Guid), @__p_1='?' (DbType = Int32)], CommandType='"Text"', CommandTimeout='30']
SELECT "m"."Id", "m"."Content", "m"."CreatedUtc", "m"."Kind", "m"."Role", "m"."SessionId", "m"."TokenUsageJson"
FROM "Messages" AS "m"
WHERE "m"."SessionId" = @__sessionId_0
ORDER BY "m"."CreatedUtc" DESC
LIMIT @__p_1
2025-09-04 18:23:02.503 +02:00 [INF] Executed DbCommand (12ms) [Parameters=[@p0='?' (DbType = Guid), @p1='?' (Size = 752), @p2='?' (DbType = DateTime), @p3='?', @p4='?' (Size = 9), @p5='?' (DbType = Guid), @p6='?'], CommandType='"Text"', CommandTimeout='30']
INSERT INTO "Messages" ("Id", "Content", "CreatedUtc", "Kind", "Role", "SessionId", "TokenUsageJson")
VALUES (@p0, @p1, @p2, @p3, @p4, @p5, @p6);
2025-09-04 18:23:02.515 +02:00 [INF] Executed DbCommand (3ms) [Parameters=[@p0='?' (DbType = Guid), @p1='?' (Size = 752), @p2='?' (DbType = DateTime), @p3='?', @p4='?' (Size = 9), @p5='?' (DbType = Guid), @p6='?'], CommandType='"Text"', CommandTimeout='30']
INSERT INTO "Messages" ("Id", "Content", "CreatedUtc", "Kind", "Role", "SessionId", "TokenUsageJson")
VALUES (@p0, @p1, @p2, @p3, @p4, @p5, @p6);
2025-09-04 18:24:02.801 +02:00 [INF] Request starting HTTP/1.1 OPTIONS http://localhost:5088/hubs/trace/negotiate?negotiateVersion=1 - null null
2025-09-04 18:24:02.801 +02:00 [INF] Executed endpoint '/hubs/trace'
2025-09-04 18:24:02.809 +02:00 [INF] CORS policy execution successful.
2025-09-04 18:24:02.815 +02:00 [INF] Request finished HTTP/1.1 GET http://localhost:5088/hubs/trace?id=j1-Lo5zhiH_pZc_qcA9Auw - 101 null null 65490.4805ms
2025-09-04 18:24:02.823 +02:00 [INF] Request finished HTTP/1.1 OPTIONS http://localhost:5088/hubs/trace/negotiate?negotiateVersion=1 - 204 null null 22.5787ms
2025-09-04 18:24:02.831 +02:00 [INF] Request starting HTTP/1.1 POST http://localhost:5088/hubs/trace/negotiate?negotiateVersion=1 - null 0
2025-09-04 18:24:02.883 +02:00 [INF] CORS policy execution successful.
2025-09-04 18:24:02.892 +02:00 [INF] ApiKey was not authenticated. Failure message: Missing API key
2025-09-04 18:24:02.904 +02:00 [INF] Executing endpoint '/hubs/trace/negotiate'
2025-09-04 18:24:02.912 +02:00 [INF] Executed endpoint '/hubs/trace/negotiate'
2025-09-04 18:24:02.921 +02:00 [INF] Request finished HTTP/1.1 POST http://localhost:5088/hubs/trace/negotiate?negotiateVersion=1 - 200 316 application/json 91.5575ms
2025-09-04 18:24:02.928 +02:00 [INF] Request starting HTTP/1.1 GET http://localhost:5088/hubs/trace?id=DUJOgRR10pPLNxHSoM4NzA - null null
2025-09-04 18:24:02.939 +02:00 [INF] CORS policy execution successful.
2025-09-04 18:24:02.948 +02:00 [INF] ApiKey was not authenticated. Failure message: Missing API key
2025-09-04 18:24:02.955 +02:00 [INF] Executing endpoint '/hubs/trace'
2025-09-04 18:24:07.789 +02:00 [INF] Request starting HTTP/1.1 OPTIONS http://localhost:5088/hubs/trace/negotiate?negotiateVersion=1 - null null
2025-09-04 18:24:07.790 +02:00 [INF] Executed endpoint '/hubs/trace'
2025-09-04 18:24:07.794 +02:00 [INF] CORS policy execution successful.
2025-09-04 18:24:07.799 +02:00 [INF] Request finished HTTP/1.1 GET http://localhost:5088/hubs/trace?id=DUJOgRR10pPLNxHSoM4NzA - 101 null null 4871.0728ms
2025-09-04 18:24:07.804 +02:00 [INF] Request finished HTTP/1.1 OPTIONS http://localhost:5088/hubs/trace/negotiate?negotiateVersion=1 - 204 null null 15.0964ms
2025-09-04 18:24:07.807 +02:00 [INF] Request starting HTTP/1.1 POST http://localhost:5088/hubs/trace/negotiate?negotiateVersion=1 - null 0
2025-09-04 18:24:07.820 +02:00 [INF] CORS policy execution successful.
2025-09-04 18:24:07.825 +02:00 [INF] ApiKey was not authenticated. Failure message: Missing API key
2025-09-04 18:24:07.830 +02:00 [INF] Executing endpoint '/hubs/trace/negotiate'
2025-09-04 18:24:07.835 +02:00 [INF] Executed endpoint '/hubs/trace/negotiate'
2025-09-04 18:24:07.840 +02:00 [INF] Request finished HTTP/1.1 POST http://localhost:5088/hubs/trace/negotiate?negotiateVersion=1 - 200 316 application/json 32.9263ms
2025-09-04 18:24:07.842 +02:00 [INF] Request starting HTTP/1.1 GET http://localhost:5088/hubs/trace?id=jNgNGeDt5Z-8O69wuTWWtA - null null
2025-09-04 18:24:07.851 +02:00 [INF] CORS policy execution successful.
2025-09-04 18:24:07.857 +02:00 [INF] ApiKey was not authenticated. Failure message: Missing API key
2025-09-04 18:24:07.862 +02:00 [INF] Executing endpoint '/hubs/trace'
2025-09-04 18:24:39.819 +02:00 [INF] Request starting HTTP/1.1 OPTIONS http://localhost:5088/hubs/trace/negotiate?negotiateVersion=1 - null null
2025-09-04 18:24:39.820 +02:00 [INF] Executed endpoint '/hubs/trace'
2025-09-04 18:24:39.825 +02:00 [INF] CORS policy execution successful.
2025-09-04 18:24:39.830 +02:00 [INF] Request finished HTTP/1.1 GET http://localhost:5088/hubs/trace?id=jNgNGeDt5Z-8O69wuTWWtA - 101 null null 31987.7947ms
2025-09-04 18:24:39.834 +02:00 [INF] Request finished HTTP/1.1 OPTIONS http://localhost:5088/hubs/trace/negotiate?negotiateVersion=1 - 204 null null 15.657ms
2025-09-04 18:24:39.837 +02:00 [INF] Request starting HTTP/1.1 POST http://localhost:5088/hubs/trace/negotiate?negotiateVersion=1 - null 0
2025-09-04 18:24:39.850 +02:00 [INF] CORS policy execution successful.
2025-09-04 18:24:39.857 +02:00 [INF] ApiKey was not authenticated. Failure message: Missing API key
2025-09-04 18:24:39.862 +02:00 [INF] Executing endpoint '/hubs/trace/negotiate'
2025-09-04 18:24:39.867 +02:00 [INF] Executed endpoint '/hubs/trace/negotiate'
2025-09-04 18:24:39.873 +02:00 [INF] Request finished HTTP/1.1 POST http://localhost:5088/hubs/trace/negotiate?negotiateVersion=1 - 200 316 application/json 36.0316ms
2025-09-04 18:24:39.880 +02:00 [INF] Request starting HTTP/1.1 GET http://localhost:5088/hubs/trace?id=AUBjjkRpD4mKyXG8b3T98A - null null
2025-09-04 18:24:39.886 +02:00 [INF] CORS policy execution successful.
2025-09-04 18:24:39.892 +02:00 [INF] ApiKey was not authenticated. Failure message: Missing API key
2025-09-04 18:24:39.897 +02:00 [INF] Executing endpoint '/hubs/trace'
2025-09-04 20:48:37.707 +02:00 [INF] Application is shutting down...
2025-09-04 20:48:37.710 +02:00 [INF] Executed endpoint '/hubs/trace'
2025-09-04 20:48:37.715 +02:00 [INF] Request finished HTTP/1.1 GET http://localhost:5088/hubs/trace?id=AUBjjkRpD4mKyXG8b3T98A - 101 null null 8637834.9877ms
2025-09-04 20:51:25.711 +02:00 [INF] User profile is available. Using 'C:\Users\Usuario\AppData\Local\ASP.NET\DataProtection-Keys' as key repository and Windows DPAPI to encrypt keys at rest.
2025-09-04 20:51:26.064 +02:00 [INF] Now listening on: http://localhost:5088
2025-09-04 20:51:26.071 +02:00 [INF] Application started. Press Ctrl+C to shut down.
2025-09-04 20:51:26.072 +02:00 [INF] Hosting environment: Development
2025-09-04 20:51:26.074 +02:00 [INF] Content root path: D:\BearDevelopment\AutoAgent\autoagent_back\src\AutoAgentes.Api
2025-09-04 20:51:31.769 +02:00 [INF] Request starting HTTP/1.1 POST http://localhost:5088/agents - application/json 238
2025-09-04 20:51:31.925 +02:00 [INF] Executing endpoint 'HTTP: POST /agents/'
2025-09-04 20:51:33.183 +02:00 [INF] Executed DbCommand (31ms) [Parameters=[@p0='?' (DbType = Guid), @p1='?' (DbType = Boolean), @p2='?', @p3='?' (Size = 10), @p4='?', @p5='?' (DbType = DateTime), @p6='?', @p7='?' (Size = 23), @p8='?' (Size = 55), @p9='?' (DbType = Int32), @p10='?' (DbType = Int32), @p11='?', @p12='?' (DbType = Double), @p13='?' (DbType = Double), @p14='?' (Size = 6), @p15='?', @p16='?' (DbType = Double), @p17='?', @p18='?' (DbType = Int32), @p19='?' (DbType = Int32), @p20='?' (DbType = Double), @p21='?' (DbType = DateTime)], CommandType='"Text"', CommandTimeout='30']
INSERT INTO "Agents" ("Id", "AllowUnknownTools", "AllowedToolsCsv", "Autonomy", "BlockedToolsCsv", "CreatedUtc", "GuardrailsJson", "Name", "ParamsJson", "PlannerMaxSteps", "PlannerMaxTokens", "PlannerStop", "PlannerTemperature", "PlannerTopP", "Provider", "SystemPrompt", "Temperature", "TemplateRef", "TokenBudget", "ToolBudget", "TopP", "UpdatedUtc")
VALUES (@p0, @p1, @p2, @p3, @p4, @p5, @p6, @p7, @p8, @p9, @p10, @p11, @p12, @p13, @p14, @p15, @p16, @p17, @p18, @p19, @p20, @p21);
2025-09-04 20:51:33.220 +02:00 [INF] Setting HTTP status code 201.
2025-09-04 20:51:33.235 +02:00 [INF] Writing value of type 'AgentResponse' as Json.
2025-09-04 20:51:33.260 +02:00 [INF] Executed endpoint 'HTTP: POST /agents/'
2025-09-04 20:51:33.278 +02:00 [INF] Request finished HTTP/1.1 POST http://localhost:5088/agents - 201 null application/json; charset=utf-8 1531.4892ms
2025-09-04 20:55:16.482 +02:00 [INF] Request starting HTTP/1.1 POST http://localhost:5088/agents - application/json 238
2025-09-04 20:55:16.495 +02:00 [INF] Executing endpoint 'HTTP: POST /agents/'
2025-09-04 20:55:16.553 +02:00 [ERR] Failed executing DbCommand (4ms) [Parameters=[@p0='?' (DbType = Guid), @p1='?' (DbType = Boolean), @p2='?', @p3='?' (Size = 10), @p4='?', @p5='?' (DbType = DateTime), @p6='?', @p7='?' (Size = 23), @p8='?' (Size = 55), @p9='?' (DbType = Int32), @p10='?' (DbType = Int32), @p11='?', @p12='?' (DbType = Double), @p13='?' (DbType = Double), @p14='?' (Size = 6), @p15='?', @p16='?' (DbType = Double), @p17='?', @p18='?' (DbType = Int32), @p19='?' (DbType = Int32), @p20='?' (DbType = Double), @p21='?' (DbType = DateTime)], CommandType='"Text"', CommandTimeout='30']
INSERT INTO "Agents" ("Id", "AllowUnknownTools", "AllowedToolsCsv", "Autonomy", "BlockedToolsCsv", "CreatedUtc", "GuardrailsJson", "Name", "ParamsJson", "PlannerMaxSteps", "PlannerMaxTokens", "PlannerStop", "PlannerTemperature", "PlannerTopP", "Provider", "SystemPrompt", "Temperature", "TemplateRef", "TokenBudget", "ToolBudget", "TopP", "UpdatedUtc")
VALUES (@p0, @p1, @p2, @p3, @p4, @p5, @p6, @p7, @p8, @p9, @p10, @p11, @p12, @p13, @p14, @p15, @p16, @p17, @p18, @p19, @p20, @p21);
2025-09-04 20:55:16.582 +02:00 [ERR] An exception occurred in the database while saving changes for context type 'AutoAgentes.Infrastructure.AppDbContext'.
Microsoft.EntityFrameworkCore.DbUpdateException: An error occurred while saving the entity changes. See the inner exception for details.
 ---> Microsoft.Data.Sqlite.SqliteException (0x80004005): SQLite Error 19: 'UNIQUE constraint failed: Agents.Name'.
   at Microsoft.Data.Sqlite.SqliteException.ThrowExceptionForRC(Int32 rc, sqlite3 db)
   at Microsoft.Data.Sqlite.SqliteDataReader.NextResult()
   at Microsoft.Data.Sqlite.SqliteCommand.ExecuteReader(CommandBehavior behavior)
   at Microsoft.Data.Sqlite.SqliteCommand.ExecuteReaderAsync(CommandBehavior behavior, CancellationToken cancellationToken)
   at Microsoft.Data.Sqlite.SqliteCommand.ExecuteDbDataReaderAsync(CommandBehavior behavior, CancellationToken cancellationToken)
   at Microsoft.EntityFrameworkCore.Storage.RelationalCommand.ExecuteReaderAsync(RelationalCommandParameterObject parameterObject, CancellationToken cancellationToken)
   at Microsoft.EntityFrameworkCore.Storage.RelationalCommand.ExecuteReaderAsync(RelationalCommandParameterObject parameterObject, CancellationToken cancellationToken)
   at Microsoft.EntityFrameworkCore.Update.ReaderModificationCommandBatch.ExecuteAsync(IRelationalConnection connection, CancellationToken cancellationToken)
   --- End of inner exception stack trace ---
   at Microsoft.EntityFrameworkCore.Update.ReaderModificationCommandBatch.ExecuteAsync(IRelationalConnection connection, CancellationToken cancellationToken)
   at Microsoft.EntityFrameworkCore.Update.Internal.BatchExecutor.ExecuteAsync(IEnumerable`1 commandBatches, IRelationalConnection connection, CancellationToken cancellationToken)
   at Microsoft.EntityFrameworkCore.Update.Internal.BatchExecutor.ExecuteAsync(IEnumerable`1 commandBatches, IRelationalConnection connection, CancellationToken cancellationToken)
   at Microsoft.EntityFrameworkCore.Update.Internal.BatchExecutor.ExecuteAsync(IEnumerable`1 commandBatches, IRelationalConnection connection, CancellationToken cancellationToken)
   at Microsoft.EntityFrameworkCore.Storage.RelationalDatabase.SaveChangesAsync(IList`1 entries, CancellationToken cancellationToken)
   at Microsoft.EntityFrameworkCore.ChangeTracking.Internal.StateManager.SaveChangesAsync(IList`1 entriesToSave, CancellationToken cancellationToken)
   at Microsoft.EntityFrameworkCore.ChangeTracking.Internal.StateManager.SaveChangesAsync(StateManager stateManager, Boolean acceptAllChangesOnSuccess, CancellationToken cancellationToken)
   at Microsoft.EntityFrameworkCore.DbContext.SaveChangesAsync(Boolean acceptAllChangesOnSuccess, CancellationToken cancellationToken)
Microsoft.EntityFrameworkCore.DbUpdateException: An error occurred while saving the entity changes. See the inner exception for details.
 ---> Microsoft.Data.Sqlite.SqliteException (0x80004005): SQLite Error 19: 'UNIQUE constraint failed: Agents.Name'.
   at Microsoft.Data.Sqlite.SqliteException.ThrowExceptionForRC(Int32 rc, sqlite3 db)
   at Microsoft.Data.Sqlite.SqliteDataReader.NextResult()
   at Microsoft.Data.Sqlite.SqliteCommand.ExecuteReader(CommandBehavior behavior)
   at Microsoft.Data.Sqlite.SqliteCommand.ExecuteReaderAsync(CommandBehavior behavior, CancellationToken cancellationToken)
   at Microsoft.Data.Sqlite.SqliteCommand.ExecuteDbDataReaderAsync(CommandBehavior behavior, CancellationToken cancellationToken)
   at Microsoft.EntityFrameworkCore.Storage.RelationalCommand.ExecuteReaderAsync(RelationalCommandParameterObject parameterObject, CancellationToken cancellationToken)
   at Microsoft.EntityFrameworkCore.Storage.RelationalCommand.ExecuteReaderAsync(RelationalCommandParameterObject parameterObject, CancellationToken cancellationToken)
   at Microsoft.EntityFrameworkCore.Update.ReaderModificationCommandBatch.ExecuteAsync(IRelationalConnection connection, CancellationToken cancellationToken)
   --- End of inner exception stack trace ---
   at Microsoft.EntityFrameworkCore.Update.ReaderModificationCommandBatch.ExecuteAsync(IRelationalConnection connection, CancellationToken cancellationToken)
   at Microsoft.EntityFrameworkCore.Update.Internal.BatchExecutor.ExecuteAsync(IEnumerable`1 commandBatches, IRelationalConnection connection, CancellationToken cancellationToken)
   at Microsoft.EntityFrameworkCore.Update.Internal.BatchExecutor.ExecuteAsync(IEnumerable`1 commandBatches, IRelationalConnection connection, CancellationToken cancellationToken)
   at Microsoft.EntityFrameworkCore.Update.Internal.BatchExecutor.ExecuteAsync(IEnumerable`1 commandBatches, IRelationalConnection connection, CancellationToken cancellationToken)
   at Microsoft.EntityFrameworkCore.Storage.RelationalDatabase.SaveChangesAsync(IList`1 entries, CancellationToken cancellationToken)
   at Microsoft.EntityFrameworkCore.ChangeTracking.Internal.StateManager.SaveChangesAsync(IList`1 entriesToSave, CancellationToken cancellationToken)
   at Microsoft.EntityFrameworkCore.ChangeTracking.Internal.StateManager.SaveChangesAsync(StateManager stateManager, Boolean acceptAllChangesOnSuccess, CancellationToken cancellationToken)
   at Microsoft.EntityFrameworkCore.DbContext.SaveChangesAsync(Boolean acceptAllChangesOnSuccess, CancellationToken cancellationToken)
2025-09-04 20:55:16.598 +02:00 [INF] Executed endpoint 'HTTP: POST /agents/'
2025-09-04 20:55:16.613 +02:00 [ERR] An unhandled exception has occurred while executing the request.
Microsoft.EntityFrameworkCore.DbUpdateException: An error occurred while saving the entity changes. See the inner exception for details.
 ---> Microsoft.Data.Sqlite.SqliteException (0x80004005): SQLite Error 19: 'UNIQUE constraint failed: Agents.Name'.
   at Microsoft.Data.Sqlite.SqliteException.ThrowExceptionForRC(Int32 rc, sqlite3 db)
   at Microsoft.Data.Sqlite.SqliteDataReader.NextResult()
   at Microsoft.Data.Sqlite.SqliteCommand.ExecuteReader(CommandBehavior behavior)
   at Microsoft.Data.Sqlite.SqliteCommand.ExecuteReaderAsync(CommandBehavior behavior, CancellationToken cancellationToken)
   at Microsoft.Data.Sqlite.SqliteCommand.ExecuteDbDataReaderAsync(CommandBehavior behavior, CancellationToken cancellationToken)
   at Microsoft.EntityFrameworkCore.Storage.RelationalCommand.ExecuteReaderAsync(RelationalCommandParameterObject parameterObject, CancellationToken cancellationToken)
   at Microsoft.EntityFrameworkCore.Storage.RelationalCommand.ExecuteReaderAsync(RelationalCommandParameterObject parameterObject, CancellationToken cancellationToken)
   at Microsoft.EntityFrameworkCore.Update.ReaderModificationCommandBatch.ExecuteAsync(IRelationalConnection connection, CancellationToken cancellationToken)
   --- End of inner exception stack trace ---
   at Microsoft.EntityFrameworkCore.Update.ReaderModificationCommandBatch.ExecuteAsync(IRelationalConnection connection, CancellationToken cancellationToken)
   at Microsoft.EntityFrameworkCore.Update.Internal.BatchExecutor.ExecuteAsync(IEnumerable`1 commandBatches, IRelationalConnection connection, CancellationToken cancellationToken)
   at Microsoft.EntityFrameworkCore.Update.Internal.BatchExecutor.ExecuteAsync(IEnumerable`1 commandBatches, IRelationalConnection connection, CancellationToken cancellationToken)
   at Microsoft.EntityFrameworkCore.Update.Internal.BatchExecutor.ExecuteAsync(IEnumerable`1 commandBatches, IRelationalConnection connection, CancellationToken cancellationToken)
   at Microsoft.EntityFrameworkCore.Storage.RelationalDatabase.SaveChangesAsync(IList`1 entries, CancellationToken cancellationToken)
   at Microsoft.EntityFrameworkCore.ChangeTracking.Internal.StateManager.SaveChangesAsync(IList`1 entriesToSave, CancellationToken cancellationToken)
   at Microsoft.EntityFrameworkCore.ChangeTracking.Internal.StateManager.SaveChangesAsync(StateManager stateManager, Boolean acceptAllChangesOnSuccess, CancellationToken cancellationToken)
   at Microsoft.EntityFrameworkCore.DbContext.SaveChangesAsync(Boolean acceptAllChangesOnSuccess, CancellationToken cancellationToken)
   at Microsoft.EntityFrameworkCore.DbContext.SaveChangesAsync(Boolean acceptAllChangesOnSuccess, CancellationToken cancellationToken)
   at AutoAgentes.Infrastructure.Services.AgentsService.CreateAgentAsync(CreateAgentRequest request) in D:\BearDevelopment\AutoAgent\autoagent_back\src\AutoAgentes.Infrastructure\Services\AgentsService.cs:line 41
   at AutoAgentes.Api.Endpoints.<>c.<<MapApi>b__0_6>d.MoveNext() in D:\BearDevelopment\AutoAgent\autoagent_back\src\AutoAgentes.Api\Endpoints.cs:line 75
--- End of stack trace from previous location ---
   at Microsoft.AspNetCore.Http.RequestDelegateFactory.ExecuteTaskResult[T](Task`1 task, HttpContext httpContext)
   at Microsoft.AspNetCore.Http.RequestDelegateFactory.<>c__DisplayClass102_2.<<HandleRequestBodyAndCompileRequestDelegateForJson>b__2>d.MoveNext()
--- End of stack trace from previous location ---
   at Microsoft.AspNetCore.Routing.EndpointMiddleware.<Invoke>g__AwaitRequestTask|7_0(Endpoint endpoint, Task requestTask, ILogger logger)
   at Microsoft.AspNetCore.Authentication.AuthenticationMiddleware.Invoke(HttpContext context)
   at Microsoft.AspNetCore.RateLimiting.RateLimitingMiddleware.InvokeInternal(HttpContext context, EnableRateLimitingAttribute enableRateLimitingAttribute)
   at Swashbuckle.AspNetCore.SwaggerUI.SwaggerUIMiddleware.Invoke(HttpContext httpContext)
   at Swashbuckle.AspNetCore.Swagger.SwaggerMiddleware.Invoke(HttpContext httpContext, ISwaggerProvider swaggerProvider)
   at Microsoft.AspNetCore.Authorization.AuthorizationMiddleware.Invoke(HttpContext context)
   at Microsoft.AspNetCore.Diagnostics.DeveloperExceptionPageMiddlewareImpl.Invoke(HttpContext context)
2025-09-04 20:55:16.653 +02:00 [INF] Request finished HTTP/1.1 POST http://localhost:5088/agents - 500 null text/plain; charset=utf-8 171.272ms
2025-09-04 20:55:26.695 +02:00 [INF] Request starting HTTP/1.1 POST http://localhost:5088/agents - application/json 240
2025-09-04 20:55:26.705 +02:00 [INF] Executing endpoint 'HTTP: POST /agents/'
2025-09-04 20:55:26.734 +02:00 [INF] Executed DbCommand (12ms) [Parameters=[@p0='?' (DbType = Guid), @p1='?' (DbType = Boolean), @p2='?', @p3='?' (Size = 10), @p4='?', @p5='?' (DbType = DateTime), @p6='?', @p7='?' (Size = 25), @p8='?' (Size = 55), @p9='?' (DbType = Int32), @p10='?' (DbType = Int32), @p11='?', @p12='?' (DbType = Double), @p13='?' (DbType = Double), @p14='?' (Size = 6), @p15='?', @p16='?' (DbType = Double), @p17='?', @p18='?' (DbType = Int32), @p19='?' (DbType = Int32), @p20='?' (DbType = Double), @p21='?' (DbType = DateTime)], CommandType='"Text"', CommandTimeout='30']
INSERT INTO "Agents" ("Id", "AllowUnknownTools", "AllowedToolsCsv", "Autonomy", "BlockedToolsCsv", "CreatedUtc", "GuardrailsJson", "Name", "ParamsJson", "PlannerMaxSteps", "PlannerMaxTokens", "PlannerStop", "PlannerTemperature", "PlannerTopP", "Provider", "SystemPrompt", "Temperature", "TemplateRef", "TokenBudget", "ToolBudget", "TopP", "UpdatedUtc")
VALUES (@p0, @p1, @p2, @p3, @p4, @p5, @p6, @p7, @p8, @p9, @p10, @p11, @p12, @p13, @p14, @p15, @p16, @p17, @p18, @p19, @p20, @p21);
2025-09-04 20:55:26.744 +02:00 [INF] Setting HTTP status code 201.
2025-09-04 20:55:26.749 +02:00 [INF] Writing value of type 'AgentResponse' as Json.
2025-09-04 20:55:26.756 +02:00 [INF] Executed endpoint 'HTTP: POST /agents/'
2025-09-04 20:55:26.763 +02:00 [INF] Request finished HTTP/1.1 POST http://localhost:5088/agents - 201 null application/json; charset=utf-8 68.0987ms
2025-09-04 20:55:31.468 +02:00 [INF] Request starting HTTP/1.1 OPTIONS http://localhost:5088/agents - null null
2025-09-04 20:55:31.480 +02:00 [INF] CORS policy execution successful.
2025-09-04 20:55:31.490 +02:00 [INF] Request finished HTTP/1.1 OPTIONS http://localhost:5088/agents - 204 null null 22.005ms
2025-09-04 20:55:31.498 +02:00 [INF] Request starting HTTP/1.1 GET http://localhost:5088/agents - application/json null
2025-09-04 20:55:31.513 +02:00 [INF] CORS policy execution successful.
2025-09-04 20:55:31.519 +02:00 [INF] Executing endpoint 'HTTP: GET /agents/'
2025-09-04 20:55:32.051 +02:00 [INF] Executed DbCommand (1ms) [Parameters=[], CommandType='"Text"', CommandTimeout='30']
SELECT "a"."Id", "a"."AllowUnknownTools", "a"."AllowedToolsCsv", "a"."Autonomy", "a"."BlockedToolsCsv", "a"."CreatedUtc", "a"."GuardrailsJson", "a"."Name", "a"."ParamsJson", "a"."PlannerMaxSteps", "a"."PlannerMaxTokens", "a"."PlannerStop", "a"."PlannerTemperature", "a"."PlannerTopP", "a"."Provider", "a"."SystemPrompt", "a"."Temperature", "a"."TemplateRef", "a"."TokenBudget", "a"."ToolBudget", "a"."TopP", "a"."UpdatedUtc"
FROM "Agents" AS "a"
ORDER BY "a"."CreatedUtc"
2025-09-04 20:55:32.073 +02:00 [INF] Setting HTTP status code 200.
2025-09-04 20:55:32.090 +02:00 [INF] Writing value of type 'List`1' as Json.
2025-09-04 20:55:32.106 +02:00 [INF] Executed endpoint 'HTTP: GET /agents/'
2025-09-04 20:55:32.112 +02:00 [INF] Request finished HTTP/1.1 GET http://localhost:5088/agents - 200 null application/json; charset=utf-8 613.9402ms
2025-09-04 20:55:34.179 +02:00 [INF] Request starting HTTP/1.1 OPTIONS http://localhost:5088/agents/64643286-f073-42b2-88c9-25d982555756 - null null
2025-09-04 20:55:34.180 +02:00 [INF] Request starting HTTP/1.1 OPTIONS http://localhost:5088/agents/64643286-f073-42b2-88c9-25d982555756/bindings - null null
2025-09-04 20:55:34.189 +02:00 [INF] CORS policy execution successful.
2025-09-04 20:55:34.195 +02:00 [INF] CORS policy execution successful.
2025-09-04 20:55:34.205 +02:00 [INF] Request finished HTTP/1.1 OPTIONS http://localhost:5088/agents/64643286-f073-42b2-88c9-25d982555756 - 204 null null 26.099ms
2025-09-04 20:55:34.205 +02:00 [INF] Request finished HTTP/1.1 OPTIONS http://localhost:5088/agents/64643286-f073-42b2-88c9-25d982555756/bindings - 204 null null 25.3471ms
2025-09-04 20:55:34.211 +02:00 [INF] Request starting HTTP/1.1 GET http://localhost:5088/agents/64643286-f073-42b2-88c9-25d982555756/bindings - application/json null
2025-09-04 20:55:34.217 +02:00 [INF] Request starting HTTP/1.1 GET http://localhost:5088/agents/64643286-f073-42b2-88c9-25d982555756 - application/json null
2025-09-04 20:55:34.222 +02:00 [INF] CORS policy execution successful.
2025-09-04 20:55:34.227 +02:00 [INF] CORS policy execution successful.
2025-09-04 20:55:34.231 +02:00 [INF] Executing endpoint 'HTTP: GET /agents/{id:guid}/bindings'
2025-09-04 20:55:34.235 +02:00 [INF] Executing endpoint 'HTTP: GET /agents/{id:guid}'
2025-09-04 20:55:34.265 +02:00 [INF] Executed DbCommand (0ms) [Parameters=[@__agentId_0='?' (DbType = Guid)], CommandType='"Text"', CommandTimeout='30']
SELECT "a"."Id", "a"."AgentId", "a"."ConfigJson", "a"."Enabled", "a"."ToolId"
FROM "AgentToolBindings" AS "a"
WHERE "a"."AgentId" = @__agentId_0
2025-09-04 20:55:34.272 +02:00 [INF] Setting HTTP status code 200.
2025-09-04 20:55:34.273 +02:00 [INF] Executed DbCommand (0ms) [Parameters=[@__p_0='?' (DbType = Guid)], CommandType='"Text"', CommandTimeout='30']
SELECT "a"."Id", "a"."AllowUnknownTools", "a"."AllowedToolsCsv", "a"."Autonomy", "a"."BlockedToolsCsv", "a"."CreatedUtc", "a"."GuardrailsJson", "a"."Name", "a"."ParamsJson", "a"."PlannerMaxSteps", "a"."PlannerMaxTokens", "a"."PlannerStop", "a"."PlannerTemperature", "a"."PlannerTopP", "a"."Provider", "a"."SystemPrompt", "a"."Temperature", "a"."TemplateRef", "a"."TokenBudget", "a"."ToolBudget", "a"."TopP", "a"."UpdatedUtc"
FROM "Agents" AS "a"
WHERE "a"."Id" = @__p_0
LIMIT 1
2025-09-04 20:55:34.279 +02:00 [INF] Writing value of type 'List`1' as Json.
2025-09-04 20:55:34.283 +02:00 [INF] Setting HTTP status code 200.
2025-09-04 20:55:34.287 +02:00 [INF] Executed endpoint 'HTTP: GET /agents/{id:guid}/bindings'
2025-09-04 20:55:34.291 +02:00 [INF] Writing value of type 'AgentResponse' as Json.
2025-09-04 20:55:34.296 +02:00 [INF] Request finished HTTP/1.1 GET http://localhost:5088/agents/64643286-f073-42b2-88c9-25d982555756/bindings - 200 null application/json; charset=utf-8 84.7039ms
2025-09-04 20:55:34.301 +02:00 [INF] Executed endpoint 'HTTP: GET /agents/{id:guid}'
2025-09-04 20:55:34.312 +02:00 [INF] Request finished HTTP/1.1 GET http://localhost:5088/agents/64643286-f073-42b2-88c9-25d982555756 - 200 null application/json; charset=utf-8 95.5982ms
2025-09-04 20:55:36.191 +02:00 [INF] Request starting HTTP/1.1 OPTIONS http://localhost:5088/sessions - null null
2025-09-04 20:55:36.197 +02:00 [INF] CORS policy execution successful.
2025-09-04 20:55:36.202 +02:00 [INF] Request finished HTTP/1.1 OPTIONS http://localhost:5088/sessions - 204 null null 11.0168ms
2025-09-04 20:55:36.210 +02:00 [INF] Request starting HTTP/1.1 POST http://localhost:5088/sessions - application/json 50
2025-09-04 20:55:36.216 +02:00 [INF] CORS policy execution successful.
2025-09-04 20:55:36.220 +02:00 [INF] Executing endpoint 'HTTP: POST /sessions/'
2025-09-04 20:55:36.234 +02:00 [INF] Executed DbCommand (0ms) [Parameters=[@__p_0='?' (DbType = Guid)], CommandType='"Text"', CommandTimeout='30']
SELECT "a"."Id", "a"."AllowUnknownTools", "a"."AllowedToolsCsv", "a"."Autonomy", "a"."BlockedToolsCsv", "a"."CreatedUtc", "a"."GuardrailsJson", "a"."Name", "a"."ParamsJson", "a"."PlannerMaxSteps", "a"."PlannerMaxTokens", "a"."PlannerStop", "a"."PlannerTemperature", "a"."PlannerTopP", "a"."Provider", "a"."SystemPrompt", "a"."Temperature", "a"."TemplateRef", "a"."TokenBudget", "a"."ToolBudget", "a"."TopP", "a"."UpdatedUtc"
FROM "Agents" AS "a"
WHERE "a"."Id" = @__p_0
LIMIT 1
2025-09-04 20:55:36.291 +02:00 [INF] Executed DbCommand (12ms) [Parameters=[@p0='?' (DbType = Guid), @p1='?' (DbType = Guid), @p2='?' (DbType = DateTime), @p3='?' (DbType = Int32), @p4='?' (DbType = DateTime), @p5='?' (Size = 7), @p6='?'], CommandType='"Text"', CommandTimeout='30']
INSERT INTO "Sessions" ("Id", "AgentId", "EndedUtc", "LastEventIdx", "StartedUtc", "Status", "UserId")
VALUES (@p0, @p1, @p2, @p3, @p4, @p5, @p6);
2025-09-04 20:55:36.304 +02:00 [INF] Setting HTTP status code 201.
2025-09-04 20:55:36.312 +02:00 [INF] Writing value of type 'SessionCreatedResponse' as Json.
2025-09-04 20:55:36.321 +02:00 [INF] Executed endpoint 'HTTP: POST /sessions/'
2025-09-04 20:55:36.329 +02:00 [INF] Request finished HTTP/1.1 POST http://localhost:5088/sessions - 201 null application/json; charset=utf-8 118.6473ms
2025-09-04 20:55:36.347 +02:00 [INF] Request starting HTTP/1.1 OPTIONS http://localhost:5088/hubs/trace/negotiate?negotiateVersion=1 - null null
2025-09-04 20:55:36.358 +02:00 [INF] CORS policy execution successful.
2025-09-04 20:55:36.364 +02:00 [INF] Request finished HTTP/1.1 OPTIONS http://localhost:5088/hubs/trace/negotiate?negotiateVersion=1 - 204 null null 17.6649ms
2025-09-04 20:55:36.369 +02:00 [INF] Request starting HTTP/1.1 POST http://localhost:5088/hubs/trace/negotiate?negotiateVersion=1 - null 0
2025-09-04 20:55:36.380 +02:00 [INF] CORS policy execution successful.
2025-09-04 20:55:36.393 +02:00 [INF] ApiKey was not authenticated. Failure message: Missing API key
2025-09-04 20:55:36.399 +02:00 [INF] Executing endpoint '/hubs/trace/negotiate'
2025-09-04 20:55:36.419 +02:00 [INF] Executed endpoint '/hubs/trace/negotiate'
2025-09-04 20:55:36.426 +02:00 [INF] Request finished HTTP/1.1 POST http://localhost:5088/hubs/trace/negotiate?negotiateVersion=1 - 200 316 application/json 57.5867ms
2025-09-04 20:55:36.435 +02:00 [INF] Request starting HTTP/1.1 GET http://localhost:5088/hubs/trace?id=9bnp_GIzErm_c9g0_VReDA - null null
2025-09-04 20:55:36.444 +02:00 [INF] CORS policy execution successful.
2025-09-04 20:55:36.451 +02:00 [INF] ApiKey was not authenticated. Failure message: Missing API key
2025-09-04 20:55:36.458 +02:00 [INF] Executing endpoint '/hubs/trace'
2025-09-04 20:55:44.451 +02:00 [INF] Request starting HTTP/1.1 OPTIONS http://localhost:5088/sessions/c294f1b1-2507-4bda-9dd6-06f162a1526b/messages - null null
2025-09-04 20:55:44.459 +02:00 [INF] CORS policy execution successful.
2025-09-04 20:55:44.463 +02:00 [INF] Request finished HTTP/1.1 OPTIONS http://localhost:5088/sessions/c294f1b1-2507-4bda-9dd6-06f162a1526b/messages - 204 null null 12.6467ms
2025-09-04 20:55:44.469 +02:00 [INF] Request starting HTTP/1.1 POST http://localhost:5088/sessions/c294f1b1-2507-4bda-9dd6-06f162a1526b/messages - application/json 44
2025-09-04 20:55:44.475 +02:00 [INF] CORS policy execution successful.
2025-09-04 20:55:44.479 +02:00 [INF] Executing endpoint 'HTTP: POST /sessions/{id:guid}/messages'
2025-09-04 20:55:44.494 +02:00 [INF] Executed DbCommand (0ms) [Parameters=[@__p_0='?' (DbType = Guid)], CommandType='"Text"', CommandTimeout='30']
SELECT "s"."Id", "s"."AgentId", "s"."EndedUtc", "s"."LastEventIdx", "s"."StartedUtc", "s"."Status", "s"."UserId"
FROM "Sessions" AS "s"
WHERE "s"."Id" = @__p_0
LIMIT 1
2025-09-04 20:55:44.531 +02:00 [INF] Executed DbCommand (13ms) [Parameters=[@p0='?' (DbType = Guid), @p1='?' (Size = 30), @p2='?' (DbType = DateTime), @p3='?', @p4='?' (Size = 4), @p5='?' (DbType = Guid), @p6='?'], CommandType='"Text"', CommandTimeout='30']
INSERT INTO "Messages" ("Id", "Content", "CreatedUtc", "Kind", "Role", "SessionId", "TokenUsageJson")
VALUES (@p0, @p1, @p2, @p3, @p4, @p5, @p6);
2025-09-04 20:55:44.547 +02:00 [INF] Setting HTTP status code 202.
2025-09-04 20:55:44.552 +02:00 [INF] Executed DbCommand (0ms) [Parameters=[@__p_0='?' (DbType = Guid)], CommandType='"Text"', CommandTimeout='30']
SELECT "a"."Id", "a"."AllowUnknownTools", "a"."AllowedToolsCsv", "a"."Autonomy", "a"."BlockedToolsCsv", "a"."CreatedUtc", "a"."GuardrailsJson", "a"."Name", "a"."ParamsJson", "a"."PlannerMaxSteps", "a"."PlannerMaxTokens", "a"."PlannerStop", "a"."PlannerTemperature", "a"."PlannerTopP", "a"."Provider", "a"."SystemPrompt", "a"."Temperature", "a"."TemplateRef", "a"."TokenBudget", "a"."ToolBudget", "a"."TopP", "a"."UpdatedUtc"
FROM "Agents" AS "a"
WHERE "a"."Id" = @__p_0
LIMIT 1
2025-09-04 20:55:44.558 +02:00 [INF] Writing value of type 'AcceptedResponse' as Json.
2025-09-04 20:55:44.568 +02:00 [INF] Executed endpoint 'HTTP: POST /sessions/{id:guid}/messages'
2025-09-04 20:55:44.574 +02:00 [INF] Request finished HTTP/1.1 POST http://localhost:5088/sessions/c294f1b1-2507-4bda-9dd6-06f162a1526b/messages - 202 null application/json; charset=utf-8 105.2777ms
2025-09-04 20:55:44.578 +02:00 [INF] Executed DbCommand (3ms) [Parameters=[@p0='?' (DbType = Guid), @p1='?' (Size = 30), @p2='?' (DbType = DateTime), @p3='?', @p4='?' (Size = 4), @p5='?' (DbType = Guid), @p6='?'], CommandType='"Text"', CommandTimeout='30']
INSERT INTO "Messages" ("Id", "Content", "CreatedUtc", "Kind", "Role", "SessionId", "TokenUsageJson")
VALUES (@p0, @p1, @p2, @p3, @p4, @p5, @p6);
2025-09-04 20:55:44.643 +02:00 [INF] Executed DbCommand (0ms) [Parameters=[@__agentId_0='?' (DbType = Guid)], CommandType='"Text"', CommandTimeout='30']
SELECT "a"."Id", "a"."AgentId", "a"."ConfigJson", "a"."Enabled", "a"."ToolId", "t"."Id", "t"."Description", "t"."Enabled", "t"."InputSchemaJson", "t"."McpServerId", "t"."Name", "t"."Scope", "m"."Id", "m"."AuthType", "m"."BaseUrl", "m"."LastSeenUtc", "m"."MetadataJson", "m"."Name", "m"."Status"
FROM "AgentToolBindings" AS "a"
INNER JOIN "Tools" AS "t" ON "a"."ToolId" = "t"."Id"
INNER JOIN "McpServers" AS "m" ON "t"."McpServerId" = "m"."Id"
WHERE "a"."AgentId" = @__agentId_0 AND "a"."Enabled"
2025-09-04 20:55:44.677 +02:00 [INF] Executed DbCommand (0ms) [Parameters=[@__agentId_0='?' (DbType = Guid)], CommandType='"Text"', CommandTimeout='30']
SELECT "a"."Id", "a"."AgentId", "a"."ConfigJson", "a"."Enabled", "a"."ToolId", "t"."Id", "t"."Description", "t"."Enabled", "t"."InputSchemaJson", "t"."McpServerId", "t"."Name", "t"."Scope", "m"."Id", "m"."AuthType", "m"."BaseUrl", "m"."LastSeenUtc", "m"."MetadataJson", "m"."Name", "m"."Status"
FROM "AgentToolBindings" AS "a"
INNER JOIN "Tools" AS "t" ON "a"."ToolId" = "t"."Id"
INNER JOIN "McpServers" AS "m" ON "t"."McpServerId" = "m"."Id"
WHERE "a"."AgentId" = @__agentId_0 AND "a"."Enabled"
2025-09-04 20:55:44.711 +02:00 [INF] Executed DbCommand (0ms) [Parameters=[@__sessionId_0='?' (DbType = Guid), @__kind_1='?' (Size = 11), @__p_2='?' (DbType = Int32)], CommandType='"Text"', CommandTimeout='30']
SELECT "m"."Id", "m"."Content", "m"."CreatedUtc", "m"."Kind", "m"."Role", "m"."SessionId", "m"."TokenUsageJson"
FROM "Messages" AS "m"
WHERE "m"."SessionId" = @__sessionId_0 AND "m"."Kind" = @__kind_1
ORDER BY "m"."CreatedUtc" DESC
LIMIT @__p_2
2025-09-04 20:55:44.731 +02:00 [INF] Executed DbCommand (0ms) [Parameters=[@__sessionId_0='?' (DbType = Guid), @__p_1='?' (DbType = Int32)], CommandType='"Text"', CommandTimeout='30']
SELECT "m"."Id", "m"."Content", "m"."CreatedUtc", "m"."Kind", "m"."Role", "m"."SessionId", "m"."TokenUsageJson"
FROM "Messages" AS "m"
WHERE "m"."SessionId" = @__sessionId_0
ORDER BY "m"."CreatedUtc" DESC
LIMIT @__p_1
2025-09-04 20:55:44.837 +02:00 [INF] Executed DbCommand (0ms) [Parameters=[@__agentId_0='?' (DbType = Guid)], CommandType='"Text"', CommandTimeout='30']
SELECT "a"."Id", "a"."AgentId", "a"."ConfigJson", "a"."Enabled", "a"."ToolId", "t"."Id", "t"."Description", "t"."Enabled", "t"."InputSchemaJson", "t"."McpServerId", "t"."Name", "t"."Scope", "m"."Id", "m"."AuthType", "m"."BaseUrl", "m"."LastSeenUtc", "m"."MetadataJson", "m"."Name", "m"."Status"
FROM "AgentToolBindings" AS "a"
INNER JOIN "Tools" AS "t" ON "a"."ToolId" = "t"."Id"
INNER JOIN "McpServers" AS "m" ON "t"."McpServerId" = "m"."Id"
WHERE "a"."AgentId" = @__agentId_0 AND "a"."Enabled"
2025-09-04 20:55:44.854 +02:00 [INF] Executed DbCommand (1ms) [Parameters=[@__agentId_0='?' (DbType = Guid)], CommandType='"Text"', CommandTimeout='30']
SELECT "a"."Id", "a"."AgentId", "a"."ConfigJson", "a"."Enabled", "a"."ToolId", "t"."Id", "t"."Description", "t"."Enabled", "t"."InputSchemaJson", "t"."McpServerId", "t"."Name", "t"."Scope", "m"."Id", "m"."AuthType", "m"."BaseUrl", "m"."LastSeenUtc", "m"."MetadataJson", "m"."Name", "m"."Status"
FROM "AgentToolBindings" AS "a"
INNER JOIN "Tools" AS "t" ON "a"."ToolId" = "t"."Id"
INNER JOIN "McpServers" AS "m" ON "t"."McpServerId" = "m"."Id"
WHERE "a"."AgentId" = @__agentId_0 AND "a"."Enabled"
2025-09-04 20:57:23.658 +02:00 [INF] Application is shutting down...
2025-09-04 20:57:23.665 +02:00 [INF] Executed endpoint '/hubs/trace'
2025-09-04 20:57:23.673 +02:00 [INF] Request finished HTTP/1.1 GET http://localhost:5088/hubs/trace?id=9bnp_GIzErm_c9g0_VReDA - 101 null null 107239.6119ms
2025-09-04 20:57:29.431 +02:00 [INF] User profile is available. Using 'C:\Users\Usuario\AppData\Local\ASP.NET\DataProtection-Keys' as key repository and Windows DPAPI to encrypt keys at rest.
2025-09-04 20:57:29.924 +02:00 [INF] Now listening on: http://localhost:5088
2025-09-04 20:57:29.929 +02:00 [INF] Application started. Press Ctrl+C to shut down.
2025-09-04 20:57:29.931 +02:00 [INF] Hosting environment: Development
2025-09-04 20:57:29.933 +02:00 [INF] Content root path: D:\BearDevelopment\AutoAgent\autoagent_back\src\AutoAgentes.Api
2025-09-04 20:57:30.180 +02:00 [INF] Request starting HTTP/1.1 OPTIONS http://localhost:5088/hubs/trace/negotiate?negotiateVersion=1 - null null
2025-09-04 20:57:30.342 +02:00 [INF] CORS policy execution successful.
2025-09-04 20:57:30.358 +02:00 [INF] Request finished HTTP/1.1 OPTIONS http://localhost:5088/hubs/trace/negotiate?negotiateVersion=1 - 204 null null 194.0028ms
2025-09-04 20:57:30.370 +02:00 [INF] Request starting HTTP/1.1 POST http://localhost:5088/hubs/trace/negotiate?negotiateVersion=1 - null 0
2025-09-04 20:57:30.384 +02:00 [INF] CORS policy execution successful.
2025-09-04 20:57:30.416 +02:00 [INF] ApiKey was not authenticated. Failure message: Missing API key
2025-09-04 20:57:30.427 +02:00 [INF] Executing endpoint '/hubs/trace/negotiate'
2025-09-04 20:57:30.448 +02:00 [INF] Executed endpoint '/hubs/trace/negotiate'
2025-09-04 20:57:30.455 +02:00 [INF] Request finished HTTP/1.1 POST http://localhost:5088/hubs/trace/negotiate?negotiateVersion=1 - 200 316 application/json 87.4988ms
2025-09-04 20:57:30.458 +02:00 [INF] Request starting HTTP/1.1 GET http://localhost:5088/hubs/trace?id=lIkjVCeDP-dwFBrFmYsO3Q - null null
2025-09-04 20:57:30.474 +02:00 [INF] CORS policy execution successful.
2025-09-04 20:57:30.483 +02:00 [INF] ApiKey was not authenticated. Failure message: Missing API key
2025-09-04 20:57:30.489 +02:00 [INF] Executing endpoint '/hubs/trace'
2025-09-04 20:57:33.464 +02:00 [INF] Request starting HTTP/1.1 POST http://localhost:5088/agents - application/json 240
2025-09-04 20:57:33.479 +02:00 [INF] Executing endpoint 'HTTP: POST /agents/'
2025-09-04 20:57:34.183 +02:00 [INF] Executed DbCommand (20ms) [Parameters=[@p0='?' (DbType = Guid), @p1='?' (DbType = Boolean), @p2='?', @p3='?' (Size = 10), @p4='?', @p5='?' (DbType = DateTime), @p6='?', @p7='?' (Size = 25), @p8='?' (Size = 55), @p9='?' (DbType = Int32), @p10='?' (DbType = Int32), @p11='?', @p12='?' (DbType = Double), @p13='?' (DbType = Double), @p14='?' (Size = 11), @p15='?', @p16='?' (DbType = Double), @p17='?', @p18='?' (DbType = Int32), @p19='?' (DbType = Int32), @p20='?' (DbType = Double), @p21='?' (DbType = DateTime)], CommandType='"Text"', CommandTimeout='30']
INSERT INTO "Agents" ("Id", "AllowUnknownTools", "AllowedToolsCsv", "Autonomy", "BlockedToolsCsv", "CreatedUtc", "GuardrailsJson", "Name", "ParamsJson", "PlannerMaxSteps", "PlannerMaxTokens", "PlannerStop", "PlannerTemperature", "PlannerTopP", "Provider", "SystemPrompt", "Temperature", "TemplateRef", "TokenBudget", "ToolBudget", "TopP", "UpdatedUtc")
VALUES (@p0, @p1, @p2, @p3, @p4, @p5, @p6, @p7, @p8, @p9, @p10, @p11, @p12, @p13, @p14, @p15, @p16, @p17, @p18, @p19, @p20, @p21);
2025-09-04 20:57:34.205 +02:00 [INF] Setting HTTP status code 201.
2025-09-04 20:57:34.218 +02:00 [INF] Writing value of type 'AgentResponse' as Json.
2025-09-04 20:57:34.234 +02:00 [INF] Executed endpoint 'HTTP: POST /agents/'
2025-09-04 20:57:34.248 +02:00 [INF] Request finished HTTP/1.1 POST http://localhost:5088/agents - 201 null application/json; charset=utf-8 784.1551ms
2025-09-04 20:57:41.853 +02:00 [INF] Executed endpoint '/hubs/trace'
2025-09-04 20:57:41.864 +02:00 [INF] Request finished HTTP/1.1 GET http://localhost:5088/hubs/trace?id=lIkjVCeDP-dwFBrFmYsO3Q - 101 null null 11407.342ms
2025-09-04 20:57:41.870 +02:00 [INF] Request starting HTTP/1.1 OPTIONS http://localhost:5088/agents - null null
2025-09-04 20:57:41.890 +02:00 [INF] CORS policy execution successful.
2025-09-04 20:57:41.897 +02:00 [INF] Request finished HTTP/1.1 OPTIONS http://localhost:5088/agents - 204 null null 26.9142ms
2025-09-04 20:57:41.908 +02:00 [INF] Request starting HTTP/1.1 GET http://localhost:5088/agents - application/json null
2025-09-04 20:57:41.917 +02:00 [INF] CORS policy execution successful.
2025-09-04 20:57:41.926 +02:00 [INF] Executing endpoint 'HTTP: GET /agents/'
2025-09-04 20:57:42.185 +02:00 [INF] Executed DbCommand (0ms) [Parameters=[], CommandType='"Text"', CommandTimeout='30']
SELECT "a"."Id", "a"."AllowUnknownTools", "a"."AllowedToolsCsv", "a"."Autonomy", "a"."BlockedToolsCsv", "a"."CreatedUtc", "a"."GuardrailsJson", "a"."Name", "a"."ParamsJson", "a"."PlannerMaxSteps", "a"."PlannerMaxTokens", "a"."PlannerStop", "a"."PlannerTemperature", "a"."PlannerTopP", "a"."Provider", "a"."SystemPrompt", "a"."Temperature", "a"."TemplateRef", "a"."TokenBudget", "a"."ToolBudget", "a"."TopP", "a"."UpdatedUtc"
FROM "Agents" AS "a"
ORDER BY "a"."CreatedUtc"
2025-09-04 20:57:42.196 +02:00 [INF] Setting HTTP status code 200.
2025-09-04 20:57:42.207 +02:00 [INF] Writing value of type 'List`1' as Json.
2025-09-04 20:57:42.217 +02:00 [INF] Executed endpoint 'HTTP: GET /agents/'
2025-09-04 20:57:42.223 +02:00 [INF] Request finished HTTP/1.1 GET http://localhost:5088/agents - 200 null application/json; charset=utf-8 315.9542ms
2025-09-04 20:57:45.332 +02:00 [INF] Request starting HTTP/1.1 OPTIONS http://localhost:5088/agents/a92488b5-39e8-4ceb-bace-f500972ba659 - null null
2025-09-04 20:57:45.332 +02:00 [INF] Request starting HTTP/1.1 OPTIONS http://localhost:5088/agents/a92488b5-39e8-4ceb-bace-f500972ba659/bindings - null null
2025-09-04 20:57:45.341 +02:00 [INF] CORS policy execution successful.
2025-09-04 20:57:45.345 +02:00 [INF] CORS policy execution successful.
2025-09-04 20:57:45.350 +02:00 [INF] Request finished HTTP/1.1 OPTIONS http://localhost:5088/agents/a92488b5-39e8-4ceb-bace-f500972ba659 - 204 null null 18.0769ms
2025-09-04 20:57:45.354 +02:00 [INF] Request finished HTTP/1.1 OPTIONS http://localhost:5088/agents/a92488b5-39e8-4ceb-bace-f500972ba659/bindings - 204 null null 22.0988ms
2025-09-04 20:57:45.359 +02:00 [INF] Request starting HTTP/1.1 GET http://localhost:5088/agents/a92488b5-39e8-4ceb-bace-f500972ba659 - application/json null
2025-09-04 20:57:45.364 +02:00 [INF] Request starting HTTP/1.1 GET http://localhost:5088/agents/a92488b5-39e8-4ceb-bace-f500972ba659/bindings - application/json null
2025-09-04 20:57:45.370 +02:00 [INF] CORS policy execution successful.
2025-09-04 20:57:45.374 +02:00 [INF] CORS policy execution successful.
2025-09-04 20:57:45.378 +02:00 [INF] Executing endpoint 'HTTP: GET /agents/{id:guid}'
2025-09-04 20:57:45.381 +02:00 [INF] Executing endpoint 'HTTP: GET /agents/{id:guid}/bindings'
2025-09-04 20:57:45.420 +02:00 [INF] Executed DbCommand (0ms) [Parameters=[@__agentId_0='?' (DbType = Guid)], CommandType='"Text"', CommandTimeout='30']
SELECT "a"."Id", "a"."AgentId", "a"."ConfigJson", "a"."Enabled", "a"."ToolId"
FROM "AgentToolBindings" AS "a"
WHERE "a"."AgentId" = @__agentId_0
2025-09-04 20:57:45.425 +02:00 [INF] Executed DbCommand (1ms) [Parameters=[@__p_0='?' (DbType = Guid)], CommandType='"Text"', CommandTimeout='30']
SELECT "a"."Id", "a"."AllowUnknownTools", "a"."AllowedToolsCsv", "a"."Autonomy", "a"."BlockedToolsCsv", "a"."CreatedUtc", "a"."GuardrailsJson", "a"."Name", "a"."ParamsJson", "a"."PlannerMaxSteps", "a"."PlannerMaxTokens", "a"."PlannerStop", "a"."PlannerTemperature", "a"."PlannerTopP", "a"."Provider", "a"."SystemPrompt", "a"."Temperature", "a"."TemplateRef", "a"."TokenBudget", "a"."ToolBudget", "a"."TopP", "a"."UpdatedUtc"
FROM "Agents" AS "a"
WHERE "a"."Id" = @__p_0
LIMIT 1
2025-09-04 20:57:45.428 +02:00 [INF] Setting HTTP status code 200.
2025-09-04 20:57:45.434 +02:00 [INF] Setting HTTP status code 200.
2025-09-04 20:57:45.437 +02:00 [INF] Writing value of type 'List`1' as Json.
2025-09-04 20:57:45.440 +02:00 [INF] Writing value of type 'AgentResponse' as Json.
2025-09-04 20:57:45.445 +02:00 [INF] Executed endpoint 'HTTP: GET /agents/{id:guid}/bindings'
2025-09-04 20:57:45.448 +02:00 [INF] Executed endpoint 'HTTP: GET /agents/{id:guid}'
2025-09-04 20:57:45.452 +02:00 [INF] Request finished HTTP/1.1 GET http://localhost:5088/agents/a92488b5-39e8-4ceb-bace-f500972ba659/bindings - 200 null application/json; charset=utf-8 87.9702ms
2025-09-04 20:57:45.457 +02:00 [INF] Request finished HTTP/1.1 GET http://localhost:5088/agents/a92488b5-39e8-4ceb-bace-f500972ba659 - 200 null application/json; charset=utf-8 98.2123ms
2025-09-04 20:57:46.762 +02:00 [INF] Request starting HTTP/1.1 OPTIONS http://localhost:5088/sessions - null null
2025-09-04 20:57:46.768 +02:00 [INF] CORS policy execution successful.
2025-09-04 20:57:46.773 +02:00 [INF] Request finished HTTP/1.1 OPTIONS http://localhost:5088/sessions - 204 null null 11.1672ms
2025-09-04 20:57:46.780 +02:00 [INF] Request starting HTTP/1.1 POST http://localhost:5088/sessions - application/json 50
2025-09-04 20:57:46.784 +02:00 [INF] CORS policy execution successful.
2025-09-04 20:57:46.791 +02:00 [INF] Executing endpoint 'HTTP: POST /sessions/'
2025-09-04 20:57:46.809 +02:00 [INF] Executed DbCommand (0ms) [Parameters=[@__p_0='?' (DbType = Guid)], CommandType='"Text"', CommandTimeout='30']
SELECT "a"."Id", "a"."AllowUnknownTools", "a"."AllowedToolsCsv", "a"."Autonomy", "a"."BlockedToolsCsv", "a"."CreatedUtc", "a"."GuardrailsJson", "a"."Name", "a"."ParamsJson", "a"."PlannerMaxSteps", "a"."PlannerMaxTokens", "a"."PlannerStop", "a"."PlannerTemperature", "a"."PlannerTopP", "a"."Provider", "a"."SystemPrompt", "a"."Temperature", "a"."TemplateRef", "a"."TokenBudget", "a"."ToolBudget", "a"."TopP", "a"."UpdatedUtc"
FROM "Agents" AS "a"
WHERE "a"."Id" = @__p_0
LIMIT 1
2025-09-04 20:57:46.859 +02:00 [INF] Executed DbCommand (12ms) [Parameters=[@p0='?' (DbType = Guid), @p1='?' (DbType = Guid), @p2='?' (DbType = DateTime), @p3='?' (DbType = Int32), @p4='?' (DbType = DateTime), @p5='?' (Size = 7), @p6='?'], CommandType='"Text"', CommandTimeout='30']
INSERT INTO "Sessions" ("Id", "AgentId", "EndedUtc", "LastEventIdx", "StartedUtc", "Status", "UserId")
VALUES (@p0, @p1, @p2, @p3, @p4, @p5, @p6);
2025-09-04 20:57:46.867 +02:00 [INF] Setting HTTP status code 201.
2025-09-04 20:57:46.874 +02:00 [INF] Writing value of type 'SessionCreatedResponse' as Json.
2025-09-04 20:57:46.880 +02:00 [INF] Executed endpoint 'HTTP: POST /sessions/'
2025-09-04 20:57:46.884 +02:00 [INF] Request finished HTTP/1.1 POST http://localhost:5088/sessions - 201 null application/json; charset=utf-8 104.1168ms
2025-09-04 20:57:46.896 +02:00 [INF] Request starting HTTP/1.1 OPTIONS http://localhost:5088/hubs/trace/negotiate?negotiateVersion=1 - null null
2025-09-04 20:57:46.902 +02:00 [INF] CORS policy execution successful.
2025-09-04 20:57:46.907 +02:00 [INF] Request finished HTTP/1.1 OPTIONS http://localhost:5088/hubs/trace/negotiate?negotiateVersion=1 - 204 null null 11.4946ms
2025-09-04 20:57:46.910 +02:00 [INF] Request starting HTTP/1.1 POST http://localhost:5088/hubs/trace/negotiate?negotiateVersion=1 - null 0
2025-09-04 20:57:46.918 +02:00 [INF] CORS policy execution successful.
2025-09-04 20:57:46.923 +02:00 [INF] ApiKey was not authenticated. Failure message: Missing API key
2025-09-04 20:57:46.929 +02:00 [INF] Executing endpoint '/hubs/trace/negotiate'
2025-09-04 20:57:46.933 +02:00 [INF] Executed endpoint '/hubs/trace/negotiate'
2025-09-04 20:57:46.938 +02:00 [INF] Request finished HTTP/1.1 POST http://localhost:5088/hubs/trace/negotiate?negotiateVersion=1 - 200 316 application/json 28.298ms
2025-09-04 20:57:46.941 +02:00 [INF] Request starting HTTP/1.1 GET http://localhost:5088/hubs/trace?id=pSjf3sOVDtxK0QwttBV3YQ - null null
2025-09-04 20:57:46.949 +02:00 [INF] CORS policy execution successful.
2025-09-04 20:57:46.954 +02:00 [INF] ApiKey was not authenticated. Failure message: Missing API key
2025-09-04 20:57:46.959 +02:00 [INF] Executing endpoint '/hubs/trace'
2025-09-04 20:57:54.238 +02:00 [INF] Request starting HTTP/1.1 OPTIONS http://localhost:5088/sessions/ebf10ef4-ed4e-4c0f-8337-a6d7071a6d68/messages - null null
2025-09-04 20:57:54.247 +02:00 [INF] CORS policy execution successful.
2025-09-04 20:57:54.254 +02:00 [INF] Request finished HTTP/1.1 OPTIONS http://localhost:5088/sessions/ebf10ef4-ed4e-4c0f-8337-a6d7071a6d68/messages - 204 null null 15.6587ms
2025-09-04 20:57:54.262 +02:00 [INF] Request starting HTTP/1.1 POST http://localhost:5088/sessions/ebf10ef4-ed4e-4c0f-8337-a6d7071a6d68/messages - application/json 49
2025-09-04 20:57:54.268 +02:00 [INF] CORS policy execution successful.
2025-09-04 20:57:54.273 +02:00 [INF] Executing endpoint 'HTTP: POST /sessions/{id:guid}/messages'
2025-09-04 20:57:54.292 +02:00 [INF] Executed DbCommand (0ms) [Parameters=[@__p_0='?' (DbType = Guid)], CommandType='"Text"', CommandTimeout='30']
SELECT "s"."Id", "s"."AgentId", "s"."EndedUtc", "s"."LastEventIdx", "s"."StartedUtc", "s"."Status", "s"."UserId"
FROM "Sessions" AS "s"
WHERE "s"."Id" = @__p_0
LIMIT 1
2025-09-04 20:57:54.330 +02:00 [INF] Executed DbCommand (12ms) [Parameters=[@p0='?' (DbType = Guid), @p1='?' (Size = 33), @p2='?' (DbType = DateTime), @p3='?', @p4='?' (Size = 4), @p5='?' (DbType = Guid), @p6='?'], CommandType='"Text"', CommandTimeout='30']
INSERT INTO "Messages" ("Id", "Content", "CreatedUtc", "Kind", "Role", "SessionId", "TokenUsageJson")
VALUES (@p0, @p1, @p2, @p3, @p4, @p5, @p6);
2025-09-04 20:57:54.349 +02:00 [INF] Setting HTTP status code 202.
2025-09-04 20:57:54.353 +02:00 [INF] Executed DbCommand (0ms) [Parameters=[@__p_0='?' (DbType = Guid)], CommandType='"Text"', CommandTimeout='30']
SELECT "a"."Id", "a"."AllowUnknownTools", "a"."AllowedToolsCsv", "a"."Autonomy", "a"."BlockedToolsCsv", "a"."CreatedUtc", "a"."GuardrailsJson", "a"."Name", "a"."ParamsJson", "a"."PlannerMaxSteps", "a"."PlannerMaxTokens", "a"."PlannerStop", "a"."PlannerTemperature", "a"."PlannerTopP", "a"."Provider", "a"."SystemPrompt", "a"."Temperature", "a"."TemplateRef", "a"."TokenBudget", "a"."ToolBudget", "a"."TopP", "a"."UpdatedUtc"
FROM "Agents" AS "a"
WHERE "a"."Id" = @__p_0
LIMIT 1
2025-09-04 20:57:54.358 +02:00 [INF] Writing value of type 'AcceptedResponse' as Json.
2025-09-04 20:57:54.369 +02:00 [INF] Executed endpoint 'HTTP: POST /sessions/{id:guid}/messages'
2025-09-04 20:57:54.376 +02:00 [INF] Request finished HTTP/1.1 POST http://localhost:5088/sessions/ebf10ef4-ed4e-4c0f-8337-a6d7071a6d68/messages - 202 null application/json; charset=utf-8 113.9484ms
2025-09-04 20:57:54.390 +02:00 [INF] Executed DbCommand (3ms) [Parameters=[@p0='?' (DbType = Guid), @p1='?' (Size = 33), @p2='?' (DbType = DateTime), @p3='?', @p4='?' (Size = 4), @p5='?' (DbType = Guid), @p6='?'], CommandType='"Text"', CommandTimeout='30']
INSERT INTO "Messages" ("Id", "Content", "CreatedUtc", "Kind", "Role", "SessionId", "TokenUsageJson")
VALUES (@p0, @p1, @p2, @p3, @p4, @p5, @p6);
2025-09-04 20:57:54.517 +02:00 [INF] Executed DbCommand (0ms) [Parameters=[@__agentId_0='?' (DbType = Guid)], CommandType='"Text"', CommandTimeout='30']
SELECT "a"."Id", "a"."AgentId", "a"."ConfigJson", "a"."Enabled", "a"."ToolId", "t"."Id", "t"."Description", "t"."Enabled", "t"."InputSchemaJson", "t"."McpServerId", "t"."Name", "t"."Scope", "m"."Id", "m"."AuthType", "m"."BaseUrl", "m"."LastSeenUtc", "m"."MetadataJson", "m"."Name", "m"."Status"
FROM "AgentToolBindings" AS "a"
INNER JOIN "Tools" AS "t" ON "a"."ToolId" = "t"."Id"
INNER JOIN "McpServers" AS "m" ON "t"."McpServerId" = "m"."Id"
WHERE "a"."AgentId" = @__agentId_0 AND "a"."Enabled"
2025-09-04 20:57:54.593 +02:00 [INF] Executed DbCommand (1ms) [Parameters=[@__agentId_0='?' (DbType = Guid)], CommandType='"Text"', CommandTimeout='30']
SELECT "a"."Id", "a"."AgentId", "a"."ConfigJson", "a"."Enabled", "a"."ToolId", "t"."Id", "t"."Description", "t"."Enabled", "t"."InputSchemaJson", "t"."McpServerId", "t"."Name", "t"."Scope", "m"."Id", "m"."AuthType", "m"."BaseUrl", "m"."LastSeenUtc", "m"."MetadataJson", "m"."Name", "m"."Status"
FROM "AgentToolBindings" AS "a"
INNER JOIN "Tools" AS "t" ON "a"."ToolId" = "t"."Id"
INNER JOIN "McpServers" AS "m" ON "t"."McpServerId" = "m"."Id"
WHERE "a"."AgentId" = @__agentId_0 AND "a"."Enabled"
2025-09-04 20:57:54.674 +02:00 [INF] Executed DbCommand (1ms) [Parameters=[@__sessionId_0='?' (DbType = Guid), @__kind_1='?' (Size = 11), @__p_2='?' (DbType = Int32)], CommandType='"Text"', CommandTimeout='30']
SELECT "m"."Id", "m"."Content", "m"."CreatedUtc", "m"."Kind", "m"."Role", "m"."SessionId", "m"."TokenUsageJson"
FROM "Messages" AS "m"
WHERE "m"."SessionId" = @__sessionId_0 AND "m"."Kind" = @__kind_1
ORDER BY "m"."CreatedUtc" DESC
LIMIT @__p_2
2025-09-04 20:57:54.756 +02:00 [INF] Executed DbCommand (0ms) [Parameters=[@__sessionId_0='?' (DbType = Guid), @__p_1='?' (DbType = Int32)], CommandType='"Text"', CommandTimeout='30']
SELECT "m"."Id", "m"."Content", "m"."CreatedUtc", "m"."Kind", "m"."Role", "m"."SessionId", "m"."TokenUsageJson"
FROM "Messages" AS "m"
WHERE "m"."SessionId" = @__sessionId_0
ORDER BY "m"."CreatedUtc" DESC
LIMIT @__p_1
2025-09-04 20:57:54.961 +02:00 [INF] Executed DbCommand (0ms) [Parameters=[@__agentId_0='?' (DbType = Guid)], CommandType='"Text"', CommandTimeout='30']
SELECT "a"."Id", "a"."AgentId", "a"."ConfigJson", "a"."Enabled", "a"."ToolId", "t"."Id", "t"."Description", "t"."Enabled", "t"."InputSchemaJson", "t"."McpServerId", "t"."Name", "t"."Scope", "m"."Id", "m"."AuthType", "m"."BaseUrl", "m"."LastSeenUtc", "m"."MetadataJson", "m"."Name", "m"."Status"
FROM "AgentToolBindings" AS "a"
INNER JOIN "Tools" AS "t" ON "a"."ToolId" = "t"."Id"
INNER JOIN "McpServers" AS "m" ON "t"."McpServerId" = "m"."Id"
WHERE "a"."AgentId" = @__agentId_0 AND "a"."Enabled"
2025-09-04 20:57:54.974 +02:00 [INF] Executed DbCommand (0ms) [Parameters=[@__agentId_0='?' (DbType = Guid)], CommandType='"Text"', CommandTimeout='30']
SELECT "a"."Id", "a"."AgentId", "a"."ConfigJson", "a"."Enabled", "a"."ToolId", "t"."Id", "t"."Description", "t"."Enabled", "t"."InputSchemaJson", "t"."McpServerId", "t"."Name", "t"."Scope", "m"."Id", "m"."AuthType", "m"."BaseUrl", "m"."LastSeenUtc", "m"."MetadataJson", "m"."Name", "m"."Status"
FROM "AgentToolBindings" AS "a"
INNER JOIN "Tools" AS "t" ON "a"."ToolId" = "t"."Id"
INNER JOIN "McpServers" AS "m" ON "t"."McpServerId" = "m"."Id"
WHERE "a"."AgentId" = @__agentId_0 AND "a"."Enabled"
2025-09-04 20:58:49.366 +02:00 [INF] Executed endpoint '/hubs/trace'
2025-09-04 20:58:49.376 +02:00 [INF] Request finished HTTP/1.1 GET http://localhost:5088/hubs/trace?id=pSjf3sOVDtxK0QwttBV3YQ - 101 null null 62434.6799ms
2025-09-04 20:59:54.749 +02:00 [INF] Request starting HTTP/1.1 OPTIONS http://localhost:5088/agents/a92488b5-39e8-4ceb-bace-f500972ba659 - null null
2025-09-04 20:59:54.750 +02:00 [INF] Request starting HTTP/1.1 OPTIONS http://localhost:5088/agents/a92488b5-39e8-4ceb-bace-f500972ba659/bindings - null null
2025-09-04 20:59:54.757 +02:00 [INF] CORS policy execution successful.
2025-09-04 20:59:54.764 +02:00 [INF] CORS policy execution successful.
2025-09-04 20:59:54.770 +02:00 [INF] Request finished HTTP/1.1 OPTIONS http://localhost:5088/agents/a92488b5-39e8-4ceb-bace-f500972ba659 - 204 null null 21.3786ms
2025-09-04 20:59:54.777 +02:00 [INF] Request finished HTTP/1.1 OPTIONS http://localhost:5088/agents/a92488b5-39e8-4ceb-bace-f500972ba659/bindings - 204 null null 27.6101ms
2025-09-04 20:59:54.787 +02:00 [INF] Request starting HTTP/1.1 GET http://localhost:5088/agents/a92488b5-39e8-4ceb-bace-f500972ba659 - application/json null
2025-09-04 20:59:54.796 +02:00 [INF] Request starting HTTP/1.1 GET http://localhost:5088/agents/a92488b5-39e8-4ceb-bace-f500972ba659/bindings - application/json null
2025-09-04 20:59:54.801 +02:00 [INF] CORS policy execution successful.
2025-09-04 20:59:54.806 +02:00 [INF] CORS policy execution successful.
2025-09-04 20:59:54.813 +02:00 [INF] Executing endpoint 'HTTP: GET /agents/{id:guid}'
2025-09-04 20:59:54.817 +02:00 [INF] Executing endpoint 'HTTP: GET /agents/{id:guid}/bindings'
2025-09-04 20:59:54.831 +02:00 [INF] Executed DbCommand (0ms) [Parameters=[@__p_0='?' (DbType = Guid)], CommandType='"Text"', CommandTimeout='30']
SELECT "a"."Id", "a"."AllowUnknownTools", "a"."AllowedToolsCsv", "a"."Autonomy", "a"."BlockedToolsCsv", "a"."CreatedUtc", "a"."GuardrailsJson", "a"."Name", "a"."ParamsJson", "a"."PlannerMaxSteps", "a"."PlannerMaxTokens", "a"."PlannerStop", "a"."PlannerTemperature", "a"."PlannerTopP", "a"."Provider", "a"."SystemPrompt", "a"."Temperature", "a"."TemplateRef", "a"."TokenBudget", "a"."ToolBudget", "a"."TopP", "a"."UpdatedUtc"
FROM "Agents" AS "a"
WHERE "a"."Id" = @__p_0
LIMIT 1
2025-09-04 20:59:54.833 +02:00 [INF] Executed DbCommand (0ms) [Parameters=[@__agentId_0='?' (DbType = Guid)], CommandType='"Text"', CommandTimeout='30']
SELECT "a"."Id", "a"."AgentId", "a"."ConfigJson", "a"."Enabled", "a"."ToolId"
FROM "AgentToolBindings" AS "a"
WHERE "a"."AgentId" = @__agentId_0
2025-09-04 20:59:54.838 +02:00 [INF] Setting HTTP status code 200.
2025-09-04 20:59:54.843 +02:00 [INF] Setting HTTP status code 200.
2025-09-04 20:59:54.848 +02:00 [INF] Writing value of type 'AgentResponse' as Json.
2025-09-04 20:59:54.853 +02:00 [INF] Writing value of type 'List`1' as Json.
2025-09-04 20:59:54.858 +02:00 [INF] Executed endpoint 'HTTP: GET /agents/{id:guid}'
2025-09-04 20:59:54.863 +02:00 [INF] Executed endpoint 'HTTP: GET /agents/{id:guid}/bindings'
2025-09-04 20:59:54.867 +02:00 [INF] Request finished HTTP/1.1 GET http://localhost:5088/agents/a92488b5-39e8-4ceb-bace-f500972ba659 - 200 null application/json; charset=utf-8 80.9576ms
2025-09-04 20:59:54.872 +02:00 [INF] Request finished HTTP/1.1 GET http://localhost:5088/agents/a92488b5-39e8-4ceb-bace-f500972ba659/bindings - 200 null application/json; charset=utf-8 75.515ms
2025-09-04 20:59:59.420 +02:00 [INF] Request starting HTTP/1.1 OPTIONS http://localhost:5088/sessions - null null
2025-09-04 20:59:59.427 +02:00 [INF] CORS policy execution successful.
2025-09-04 20:59:59.433 +02:00 [INF] Request finished HTTP/1.1 OPTIONS http://localhost:5088/sessions - 204 null null 13.7334ms
2025-09-04 20:59:59.439 +02:00 [INF] Request starting HTTP/1.1 POST http://localhost:5088/sessions - application/json 50
2025-09-04 20:59:59.447 +02:00 [INF] CORS policy execution successful.
2025-09-04 20:59:59.453 +02:00 [INF] Executing endpoint 'HTTP: POST /sessions/'
2025-09-04 20:59:59.464 +02:00 [INF] Executed DbCommand (0ms) [Parameters=[@__p_0='?' (DbType = Guid)], CommandType='"Text"', CommandTimeout='30']
SELECT "a"."Id", "a"."AllowUnknownTools", "a"."AllowedToolsCsv", "a"."Autonomy", "a"."BlockedToolsCsv", "a"."CreatedUtc", "a"."GuardrailsJson", "a"."Name", "a"."ParamsJson", "a"."PlannerMaxSteps", "a"."PlannerMaxTokens", "a"."PlannerStop", "a"."PlannerTemperature", "a"."PlannerTopP", "a"."Provider", "a"."SystemPrompt", "a"."Temperature", "a"."TemplateRef", "a"."TokenBudget", "a"."ToolBudget", "a"."TopP", "a"."UpdatedUtc"
FROM "Agents" AS "a"
WHERE "a"."Id" = @__p_0
LIMIT 1
2025-09-04 20:59:59.485 +02:00 [INF] Executed DbCommand (12ms) [Parameters=[@p0='?' (DbType = Guid), @p1='?' (DbType = Guid), @p2='?' (DbType = DateTime), @p3='?' (DbType = Int32), @p4='?' (DbType = DateTime), @p5='?' (Size = 7), @p6='?'], CommandType='"Text"', CommandTimeout='30']
INSERT INTO "Sessions" ("Id", "AgentId", "EndedUtc", "LastEventIdx", "StartedUtc", "Status", "UserId")
VALUES (@p0, @p1, @p2, @p3, @p4, @p5, @p6);
2025-09-04 20:59:59.491 +02:00 [INF] Setting HTTP status code 201.
2025-09-04 20:59:59.497 +02:00 [INF] Writing value of type 'SessionCreatedResponse' as Json.
2025-09-04 20:59:59.503 +02:00 [INF] Executed endpoint 'HTTP: POST /sessions/'
2025-09-04 20:59:59.508 +02:00 [INF] Request finished HTTP/1.1 POST http://localhost:5088/sessions - 201 null application/json; charset=utf-8 68.9958ms
2025-09-04 20:59:59.525 +02:00 [INF] Request starting HTTP/1.1 OPTIONS http://localhost:5088/hubs/trace/negotiate?negotiateVersion=1 - null null
2025-09-04 20:59:59.533 +02:00 [INF] CORS policy execution successful.
2025-09-04 20:59:59.539 +02:00 [INF] Request finished HTTP/1.1 OPTIONS http://localhost:5088/hubs/trace/negotiate?negotiateVersion=1 - 204 null null 13.6064ms
2025-09-04 20:59:59.544 +02:00 [INF] Request starting HTTP/1.1 POST http://localhost:5088/hubs/trace/negotiate?negotiateVersion=1 - null 0
2025-09-04 20:59:59.553 +02:00 [INF] CORS policy execution successful.
2025-09-04 20:59:59.558 +02:00 [INF] ApiKey was not authenticated. Failure message: Missing API key
2025-09-04 20:59:59.564 +02:00 [INF] Executing endpoint '/hubs/trace/negotiate'
2025-09-04 20:59:59.571 +02:00 [INF] Executed endpoint '/hubs/trace/negotiate'
2025-09-04 20:59:59.577 +02:00 [INF] Request finished HTTP/1.1 POST http://localhost:5088/hubs/trace/negotiate?negotiateVersion=1 - 200 316 application/json 32.8084ms
2025-09-04 20:59:59.581 +02:00 [INF] Request starting HTTP/1.1 GET http://localhost:5088/hubs/trace?id=kICuvHggtsZvWspyAdG-zA - null null
2025-09-04 20:59:59.590 +02:00 [INF] CORS policy execution successful.
2025-09-04 20:59:59.595 +02:00 [INF] ApiKey was not authenticated. Failure message: Missing API key
2025-09-04 20:59:59.604 +02:00 [INF] Executing endpoint '/hubs/trace'
2025-09-04 21:00:02.208 +02:00 [INF] Request starting HTTP/1.1 OPTIONS http://localhost:5088/sessions/c1eeecc7-d59b-4b87-916e-0eccc0263e8d/messages - null null
2025-09-04 21:00:02.217 +02:00 [INF] CORS policy execution successful.
2025-09-04 21:00:02.223 +02:00 [INF] Request finished HTTP/1.1 OPTIONS http://localhost:5088/sessions/c1eeecc7-d59b-4b87-916e-0eccc0263e8d/messages - 204 null null 14.5628ms
2025-09-04 21:00:02.231 +02:00 [INF] Request starting HTTP/1.1 POST http://localhost:5088/sessions/c1eeecc7-d59b-4b87-916e-0eccc0263e8d/messages - application/json 18
2025-09-04 21:00:02.240 +02:00 [INF] CORS policy execution successful.
2025-09-04 21:00:02.246 +02:00 [INF] Executing endpoint 'HTTP: POST /sessions/{id:guid}/messages'
2025-09-04 21:00:02.256 +02:00 [INF] Executed DbCommand (0ms) [Parameters=[@__p_0='?' (DbType = Guid)], CommandType='"Text"', CommandTimeout='30']
SELECT "s"."Id", "s"."AgentId", "s"."EndedUtc", "s"."LastEventIdx", "s"."StartedUtc", "s"."Status", "s"."UserId"
FROM "Sessions" AS "s"
WHERE "s"."Id" = @__p_0
LIMIT 1
2025-09-04 21:00:02.279 +02:00 [INF] Executed DbCommand (13ms) [Parameters=[@p0='?' (DbType = Guid), @p1='?' (Size = 4), @p2='?' (DbType = DateTime), @p3='?', @p4='?' (Size = 4), @p5='?' (DbType = Guid), @p6='?'], CommandType='"Text"', CommandTimeout='30']
INSERT INTO "Messages" ("Id", "Content", "CreatedUtc", "Kind", "Role", "SessionId", "TokenUsageJson")
VALUES (@p0, @p1, @p2, @p3, @p4, @p5, @p6);
2025-09-04 21:00:02.287 +02:00 [INF] Setting HTTP status code 202.
2025-09-04 21:00:02.288 +02:00 [INF] Executed DbCommand (0ms) [Parameters=[@__p_0='?' (DbType = Guid)], CommandType='"Text"', CommandTimeout='30']
SELECT "a"."Id", "a"."AllowUnknownTools", "a"."AllowedToolsCsv", "a"."Autonomy", "a"."BlockedToolsCsv", "a"."CreatedUtc", "a"."GuardrailsJson", "a"."Name", "a"."ParamsJson", "a"."PlannerMaxSteps", "a"."PlannerMaxTokens", "a"."PlannerStop", "a"."PlannerTemperature", "a"."PlannerTopP", "a"."Provider", "a"."SystemPrompt", "a"."Temperature", "a"."TemplateRef", "a"."TokenBudget", "a"."ToolBudget", "a"."TopP", "a"."UpdatedUtc"
FROM "Agents" AS "a"
WHERE "a"."Id" = @__p_0
LIMIT 1
2025-09-04 21:00:02.292 +02:00 [INF] Writing value of type 'AcceptedResponse' as Json.
2025-09-04 21:00:02.303 +02:00 [INF] Executed endpoint 'HTTP: POST /sessions/{id:guid}/messages'
2025-09-04 21:00:02.310 +02:00 [INF] Request finished HTTP/1.1 POST http://localhost:5088/sessions/c1eeecc7-d59b-4b87-916e-0eccc0263e8d/messages - 202 null application/json; charset=utf-8 78.8269ms
2025-09-04 21:00:02.310 +02:00 [INF] Executed DbCommand (3ms) [Parameters=[@p0='?' (DbType = Guid), @p1='?' (Size = 4), @p2='?' (DbType = DateTime), @p3='?', @p4='?' (Size = 4), @p5='?' (DbType = Guid), @p6='?'], CommandType='"Text"', CommandTimeout='30']
INSERT INTO "Messages" ("Id", "Content", "CreatedUtc", "Kind", "Role", "SessionId", "TokenUsageJson")
VALUES (@p0, @p1, @p2, @p3, @p4, @p5, @p6);
2025-09-04 21:00:02.328 +02:00 [INF] Executed DbCommand (1ms) [Parameters=[@__agentId_0='?' (DbType = Guid)], CommandType='"Text"', CommandTimeout='30']
SELECT "a"."Id", "a"."AgentId", "a"."ConfigJson", "a"."Enabled", "a"."ToolId", "t"."Id", "t"."Description", "t"."Enabled", "t"."InputSchemaJson", "t"."McpServerId", "t"."Name", "t"."Scope", "m"."Id", "m"."AuthType", "m"."BaseUrl", "m"."LastSeenUtc", "m"."MetadataJson", "m"."Name", "m"."Status"
FROM "AgentToolBindings" AS "a"
INNER JOIN "Tools" AS "t" ON "a"."ToolId" = "t"."Id"
INNER JOIN "McpServers" AS "m" ON "t"."McpServerId" = "m"."Id"
WHERE "a"."AgentId" = @__agentId_0 AND "a"."Enabled"
2025-09-04 21:00:02.344 +02:00 [INF] Executed DbCommand (1ms) [Parameters=[@__agentId_0='?' (DbType = Guid)], CommandType='"Text"', CommandTimeout='30']
SELECT "a"."Id", "a"."AgentId", "a"."ConfigJson", "a"."Enabled", "a"."ToolId", "t"."Id", "t"."Description", "t"."Enabled", "t"."InputSchemaJson", "t"."McpServerId", "t"."Name", "t"."Scope", "m"."Id", "m"."AuthType", "m"."BaseUrl", "m"."LastSeenUtc", "m"."MetadataJson", "m"."Name", "m"."Status"
FROM "AgentToolBindings" AS "a"
INNER JOIN "Tools" AS "t" ON "a"."ToolId" = "t"."Id"
INNER JOIN "McpServers" AS "m" ON "t"."McpServerId" = "m"."Id"
WHERE "a"."AgentId" = @__agentId_0 AND "a"."Enabled"
2025-09-04 21:00:02.360 +02:00 [INF] Executed DbCommand (0ms) [Parameters=[@__sessionId_0='?' (DbType = Guid), @__kind_1='?' (Size = 11), @__p_2='?' (DbType = Int32)], CommandType='"Text"', CommandTimeout='30']
SELECT "m"."Id", "m"."Content", "m"."CreatedUtc", "m"."Kind", "m"."Role", "m"."SessionId", "m"."TokenUsageJson"
FROM "Messages" AS "m"
WHERE "m"."SessionId" = @__sessionId_0 AND "m"."Kind" = @__kind_1
ORDER BY "m"."CreatedUtc" DESC
LIMIT @__p_2
2025-09-04 21:00:02.373 +02:00 [INF] Executed DbCommand (0ms) [Parameters=[@__sessionId_0='?' (DbType = Guid), @__p_1='?' (DbType = Int32)], CommandType='"Text"', CommandTimeout='30']
SELECT "m"."Id", "m"."Content", "m"."CreatedUtc", "m"."Kind", "m"."Role", "m"."SessionId", "m"."TokenUsageJson"
FROM "Messages" AS "m"
WHERE "m"."SessionId" = @__sessionId_0
ORDER BY "m"."CreatedUtc" DESC
LIMIT @__p_1
2025-09-04 21:00:02.388 +02:00 [INF] Executed DbCommand (1ms) [Parameters=[@__agentId_0='?' (DbType = Guid)], CommandType='"Text"', CommandTimeout='30']
SELECT "a"."Id", "a"."AgentId", "a"."ConfigJson", "a"."Enabled", "a"."ToolId", "t"."Id", "t"."Description", "t"."Enabled", "t"."InputSchemaJson", "t"."McpServerId", "t"."Name", "t"."Scope", "m"."Id", "m"."AuthType", "m"."BaseUrl", "m"."LastSeenUtc", "m"."MetadataJson", "m"."Name", "m"."Status"
FROM "AgentToolBindings" AS "a"
INNER JOIN "Tools" AS "t" ON "a"."ToolId" = "t"."Id"
INNER JOIN "McpServers" AS "m" ON "t"."McpServerId" = "m"."Id"
WHERE "a"."AgentId" = @__agentId_0 AND "a"."Enabled"
2025-09-04 21:00:02.404 +02:00 [INF] Executed DbCommand (0ms) [Parameters=[@__agentId_0='?' (DbType = Guid)], CommandType='"Text"', CommandTimeout='30']
SELECT "a"."Id", "a"."AgentId", "a"."ConfigJson", "a"."Enabled", "a"."ToolId", "t"."Id", "t"."Description", "t"."Enabled", "t"."InputSchemaJson", "t"."McpServerId", "t"."Name", "t"."Scope", "m"."Id", "m"."AuthType", "m"."BaseUrl", "m"."LastSeenUtc", "m"."MetadataJson", "m"."Name", "m"."Status"
FROM "AgentToolBindings" AS "a"
INNER JOIN "Tools" AS "t" ON "a"."ToolId" = "t"."Id"
INNER JOIN "McpServers" AS "m" ON "t"."McpServerId" = "m"."Id"
WHERE "a"."AgentId" = @__agentId_0 AND "a"."Enabled"
2025-09-04 21:01:17.738 +02:00 [INF] Application is shutting down...
2025-09-04 21:01:17.743 +02:00 [INF] Executed endpoint '/hubs/trace'
2025-09-04 21:01:17.748 +02:00 [INF] Request finished HTTP/1.1 GET http://localhost:5088/hubs/trace?id=kICuvHggtsZvWspyAdG-zA - 101 null null 78167.7573ms
2025-09-04 21:02:06.424 +02:00 [INF] User profile is available. Using 'C:\Users\Usuario\AppData\Local\ASP.NET\DataProtection-Keys' as key repository and Windows DPAPI to encrypt keys at rest.
2025-09-04 21:02:06.949 +02:00 [INF] Now listening on: http://localhost:5088
2025-09-04 21:02:06.957 +02:00 [INF] Application started. Press Ctrl+C to shut down.
2025-09-04 21:02:06.960 +02:00 [INF] Hosting environment: Development
2025-09-04 21:02:06.963 +02:00 [INF] Content root path: D:\BearDevelopment\AutoAgent\autoagent_back\src\AutoAgentes.Api
2025-09-04 21:02:07.181 +02:00 [INF] Request starting HTTP/1.1 OPTIONS http://localhost:5088/hubs/trace/negotiate?negotiateVersion=1 - null null
2025-09-04 21:02:07.282 +02:00 [INF] CORS policy execution successful.
2025-09-04 21:02:07.293 +02:00 [INF] Request finished HTTP/1.1 OPTIONS http://localhost:5088/hubs/trace/negotiate?negotiateVersion=1 - 204 null null 128.3959ms
2025-09-04 21:02:07.296 +02:00 [INF] Request starting HTTP/1.1 POST http://localhost:5088/hubs/trace/negotiate?negotiateVersion=1 - null 0
2025-09-04 21:02:07.305 +02:00 [INF] CORS policy execution successful.
2025-09-04 21:02:07.322 +02:00 [INF] ApiKey was not authenticated. Failure message: Missing API key
2025-09-04 21:02:07.328 +02:00 [INF] Executing endpoint '/hubs/trace/negotiate'
2025-09-04 21:02:07.342 +02:00 [INF] Executed endpoint '/hubs/trace/negotiate'
2025-09-04 21:02:07.348 +02:00 [INF] Request starting HTTP/1.1 GET http://localhost:5088/hubs/trace?id=J61960Qf_k9LtBK_vTOgpw - null null
2025-09-04 21:02:07.348 +02:00 [INF] Request finished HTTP/1.1 POST http://localhost:5088/hubs/trace/negotiate?negotiateVersion=1 - 200 316 application/json 51.9648ms
2025-09-04 21:02:07.358 +02:00 [INF] CORS policy execution successful.
2025-09-04 21:02:07.365 +02:00 [INF] ApiKey was not authenticated. Failure message: Missing API key
2025-09-04 21:02:07.371 +02:00 [INF] Executing endpoint '/hubs/trace'
2025-09-04 21:02:11.001 +02:00 [INF] Executed endpoint '/hubs/trace'
2025-09-04 21:02:11.011 +02:00 [INF] Request finished HTTP/1.1 GET http://localhost:5088/hubs/trace?id=J61960Qf_k9LtBK_vTOgpw - 101 null null 3662.859ms
2025-09-04 21:02:11.746 +02:00 [INF] Request starting HTTP/1.1 OPTIONS http://localhost:5088/agents/a92488b5-39e8-4ceb-bace-f500972ba659 - null null
2025-09-04 21:02:11.750 +02:00 [INF] Request starting HTTP/1.1 OPTIONS http://localhost:5088/agents/a92488b5-39e8-4ceb-bace-f500972ba659/bindings - null null
2025-09-04 21:02:11.760 +02:00 [INF] CORS policy execution successful.
2025-09-04 21:02:11.767 +02:00 [INF] CORS policy execution successful.
2025-09-04 21:02:11.773 +02:00 [INF] Request finished HTTP/1.1 OPTIONS http://localhost:5088/agents/a92488b5-39e8-4ceb-bace-f500972ba659 - 204 null null 27.6901ms
2025-09-04 21:02:11.782 +02:00 [INF] Request finished HTTP/1.1 OPTIONS http://localhost:5088/agents/a92488b5-39e8-4ceb-bace-f500972ba659/bindings - 204 null null 33.4752ms
2025-09-04 21:02:11.790 +02:00 [INF] Request starting HTTP/1.1 GET http://localhost:5088/agents/a92488b5-39e8-4ceb-bace-f500972ba659 - application/json null
2025-09-04 21:02:11.798 +02:00 [INF] Request starting HTTP/1.1 GET http://localhost:5088/agents/a92488b5-39e8-4ceb-bace-f500972ba659/bindings - application/json null
2025-09-04 21:02:11.808 +02:00 [INF] CORS policy execution successful.
2025-09-04 21:02:11.813 +02:00 [INF] CORS policy execution successful.
2025-09-04 21:02:11.830 +02:00 [INF] Executing endpoint 'HTTP: GET /agents/{id:guid}/bindings'
2025-09-04 21:02:11.830 +02:00 [INF] Executing endpoint 'HTTP: GET /agents/{id:guid}'
2025-09-04 21:02:12.939 +02:00 [INF] Executed DbCommand (8ms) [Parameters=[@__p_0='?' (DbType = Guid)], CommandType='"Text"', CommandTimeout='30']
SELECT "a"."Id", "a"."AllowUnknownTools", "a"."AllowedToolsCsv", "a"."Autonomy", "a"."BlockedToolsCsv", "a"."CreatedUtc", "a"."GuardrailsJson", "a"."Name", "a"."ParamsJson", "a"."PlannerMaxSteps", "a"."PlannerMaxTokens", "a"."PlannerStop", "a"."PlannerTemperature", "a"."PlannerTopP", "a"."Provider", "a"."SystemPrompt", "a"."Temperature", "a"."TemplateRef", "a"."TokenBudget", "a"."ToolBudget", "a"."TopP", "a"."UpdatedUtc"
FROM "Agents" AS "a"
WHERE "a"."Id" = @__p_0
LIMIT 1
2025-09-04 21:02:12.943 +02:00 [INF] Executed DbCommand (18ms) [Parameters=[@__agentId_0='?' (DbType = Guid)], CommandType='"Text"', CommandTimeout='30']
SELECT "a"."Id", "a"."AgentId", "a"."ConfigJson", "a"."Enabled", "a"."ToolId"
FROM "AgentToolBindings" AS "a"
WHERE "a"."AgentId" = @__agentId_0
2025-09-04 21:02:12.962 +02:00 [INF] Setting HTTP status code 200.
2025-09-04 21:02:12.976 +02:00 [INF] Writing value of type 'List`1' as Json.
2025-09-04 21:02:12.996 +02:00 [INF] Executed endpoint 'HTTP: GET /agents/{id:guid}/bindings'
2025-09-04 21:02:13.011 +02:00 [INF] Request finished HTTP/1.1 GET http://localhost:5088/agents/a92488b5-39e8-4ceb-bace-f500972ba659/bindings - 200 null application/json; charset=utf-8 1213.0902ms
2025-09-04 21:02:13.032 +02:00 [INF] Setting HTTP status code 200.
2025-09-04 21:02:13.042 +02:00 [INF] Writing value of type 'AgentResponse' as Json.
2025-09-04 21:02:13.052 +02:00 [INF] Executed endpoint 'HTTP: GET /agents/{id:guid}'
2025-09-04 21:02:13.058 +02:00 [INF] Request finished HTTP/1.1 GET http://localhost:5088/agents/a92488b5-39e8-4ceb-bace-f500972ba659 - 200 null application/json; charset=utf-8 1267.976ms
2025-09-04 21:02:14.293 +02:00 [INF] Request starting HTTP/1.1 OPTIONS http://localhost:5088/sessions - null null
2025-09-04 21:02:14.299 +02:00 [INF] CORS policy execution successful.
2025-09-04 21:02:14.308 +02:00 [INF] Request finished HTTP/1.1 OPTIONS http://localhost:5088/sessions - 204 null null 15.1376ms
2025-09-04 21:02:14.318 +02:00 [INF] Request starting HTTP/1.1 POST http://localhost:5088/sessions - application/json 50
2025-09-04 21:02:14.328 +02:00 [INF] CORS policy execution successful.
2025-09-04 21:02:14.338 +02:00 [INF] Executing endpoint 'HTTP: POST /sessions/'
2025-09-04 21:02:14.414 +02:00 [INF] Executed DbCommand (0ms) [Parameters=[@__p_0='?' (DbType = Guid)], CommandType='"Text"', CommandTimeout='30']
SELECT "a"."Id", "a"."AllowUnknownTools", "a"."AllowedToolsCsv", "a"."Autonomy", "a"."BlockedToolsCsv", "a"."CreatedUtc", "a"."GuardrailsJson", "a"."Name", "a"."ParamsJson", "a"."PlannerMaxSteps", "a"."PlannerMaxTokens", "a"."PlannerStop", "a"."PlannerTemperature", "a"."PlannerTopP", "a"."Provider", "a"."SystemPrompt", "a"."Temperature", "a"."TemplateRef", "a"."TokenBudget", "a"."ToolBudget", "a"."TopP", "a"."UpdatedUtc"
FROM "Agents" AS "a"
WHERE "a"."Id" = @__p_0
LIMIT 1
2025-09-04 21:02:14.544 +02:00 [INF] Executed DbCommand (9ms) [Parameters=[@p0='?' (DbType = Guid), @p1='?' (DbType = Guid), @p2='?' (DbType = DateTime), @p3='?' (DbType = Int32), @p4='?' (DbType = DateTime), @p5='?' (Size = 7), @p6='?'], CommandType='"Text"', CommandTimeout='30']
INSERT INTO "Sessions" ("Id", "AgentId", "EndedUtc", "LastEventIdx", "StartedUtc", "Status", "UserId")
VALUES (@p0, @p1, @p2, @p3, @p4, @p5, @p6);
2025-09-04 21:02:14.556 +02:00 [INF] Setting HTTP status code 201.
2025-09-04 21:02:14.563 +02:00 [INF] Writing value of type 'SessionCreatedResponse' as Json.
2025-09-04 21:02:14.569 +02:00 [INF] Executed endpoint 'HTTP: POST /sessions/'
2025-09-04 21:02:14.575 +02:00 [INF] Request finished HTTP/1.1 POST http://localhost:5088/sessions - 201 null application/json; charset=utf-8 256.2789ms
2025-09-04 21:02:14.597 +02:00 [INF] Request starting HTTP/1.1 OPTIONS http://localhost:5088/hubs/trace/negotiate?negotiateVersion=1 - null null
2025-09-04 21:02:14.603 +02:00 [INF] CORS policy execution successful.
2025-09-04 21:02:14.609 +02:00 [INF] Request finished HTTP/1.1 OPTIONS http://localhost:5088/hubs/trace/negotiate?negotiateVersion=1 - 204 null null 12.8172ms
2025-09-04 21:02:14.612 +02:00 [INF] Request starting HTTP/1.1 POST http://localhost:5088/hubs/trace/negotiate?negotiateVersion=1 - null 0
2025-09-04 21:02:14.622 +02:00 [INF] CORS policy execution successful.
2025-09-04 21:02:14.627 +02:00 [INF] ApiKey was not authenticated. Failure message: Missing API key
2025-09-04 21:02:14.633 +02:00 [INF] Executing endpoint '/hubs/trace/negotiate'
2025-09-04 21:02:14.637 +02:00 [INF] Executed endpoint '/hubs/trace/negotiate'
2025-09-04 21:02:14.643 +02:00 [INF] Request finished HTTP/1.1 POST http://localhost:5088/hubs/trace/negotiate?negotiateVersion=1 - 200 316 application/json 31.1629ms
2025-09-04 21:02:14.646 +02:00 [INF] Request starting HTTP/1.1 GET http://localhost:5088/hubs/trace?id=FogD3OEALNBPGRVHJZ-f8w - null null
2025-09-04 21:02:14.655 +02:00 [INF] CORS policy execution successful.
2025-09-04 21:02:14.661 +02:00 [INF] ApiKey was not authenticated. Failure message: Missing API key
2025-09-04 21:02:14.666 +02:00 [INF] Executing endpoint '/hubs/trace'
2025-09-04 21:02:16.924 +02:00 [INF] Request starting HTTP/1.1 OPTIONS http://localhost:5088/sessions/4d98e350-ff5d-437f-b119-f232b6d1f1d3/messages - null null
2025-09-04 21:02:16.936 +02:00 [INF] CORS policy execution successful.
2025-09-04 21:02:16.945 +02:00 [INF] Request finished HTTP/1.1 OPTIONS http://localhost:5088/sessions/4d98e350-ff5d-437f-b119-f232b6d1f1d3/messages - 204 null null 21.4382ms
2025-09-04 21:02:16.953 +02:00 [INF] Request starting HTTP/1.1 POST http://localhost:5088/sessions/4d98e350-ff5d-437f-b119-f232b6d1f1d3/messages - application/json 18
2025-09-04 21:02:16.963 +02:00 [INF] CORS policy execution successful.
2025-09-04 21:02:16.969 +02:00 [INF] Executing endpoint 'HTTP: POST /sessions/{id:guid}/messages'
2025-09-04 21:02:17.002 +02:00 [INF] Executed DbCommand (0ms) [Parameters=[@__p_0='?' (DbType = Guid)], CommandType='"Text"', CommandTimeout='30']
SELECT "s"."Id", "s"."AgentId", "s"."EndedUtc", "s"."LastEventIdx", "s"."StartedUtc", "s"."Status", "s"."UserId"
FROM "Sessions" AS "s"
WHERE "s"."Id" = @__p_0
LIMIT 1
2025-09-04 21:02:17.041 +02:00 [INF] Executed DbCommand (4ms) [Parameters=[@p0='?' (DbType = Guid), @p1='?' (Size = 4), @p2='?' (DbType = DateTime), @p3='?', @p4='?' (Size = 4), @p5='?' (DbType = Guid), @p6='?'], CommandType='"Text"', CommandTimeout='30']
INSERT INTO "Messages" ("Id", "Content", "CreatedUtc", "Kind", "Role", "SessionId", "TokenUsageJson")
VALUES (@p0, @p1, @p2, @p3, @p4, @p5, @p6);
2025-09-04 21:02:17.067 +02:00 [INF] Setting HTTP status code 202.
2025-09-04 21:02:17.073 +02:00 [INF] Executed DbCommand (0ms) [Parameters=[@__p_0='?' (DbType = Guid)], CommandType='"Text"', CommandTimeout='30']
SELECT "a"."Id", "a"."AllowUnknownTools", "a"."AllowedToolsCsv", "a"."Autonomy", "a"."BlockedToolsCsv", "a"."CreatedUtc", "a"."GuardrailsJson", "a"."Name", "a"."ParamsJson", "a"."PlannerMaxSteps", "a"."PlannerMaxTokens", "a"."PlannerStop", "a"."PlannerTemperature", "a"."PlannerTopP", "a"."Provider", "a"."SystemPrompt", "a"."Temperature", "a"."TemplateRef", "a"."TokenBudget", "a"."ToolBudget", "a"."TopP", "a"."UpdatedUtc"
FROM "Agents" AS "a"
WHERE "a"."Id" = @__p_0
LIMIT 1
2025-09-04 21:02:17.076 +02:00 [INF] Writing value of type 'AcceptedResponse' as Json.
2025-09-04 21:02:17.088 +02:00 [INF] Executed endpoint 'HTTP: POST /sessions/{id:guid}/messages'
2025-09-04 21:02:17.098 +02:00 [INF] Request finished HTTP/1.1 POST http://localhost:5088/sessions/4d98e350-ff5d-437f-b119-f232b6d1f1d3/messages - 202 null application/json; charset=utf-8 145.0095ms
2025-09-04 21:02:17.113 +02:00 [INF] Executed DbCommand (4ms) [Parameters=[@p0='?' (DbType = Guid), @p1='?' (Size = 4), @p2='?' (DbType = DateTime), @p3='?', @p4='?' (Size = 4), @p5='?' (DbType = Guid), @p6='?'], CommandType='"Text"', CommandTimeout='30']
INSERT INTO "Messages" ("Id", "Content", "CreatedUtc", "Kind", "Role", "SessionId", "TokenUsageJson")
VALUES (@p0, @p1, @p2, @p3, @p4, @p5, @p6);
2025-09-04 21:02:17.202 +02:00 [INF] Executed DbCommand (0ms) [Parameters=[@__agentId_0='?' (DbType = Guid)], CommandType='"Text"', CommandTimeout='30']
SELECT "a"."Id", "a"."AgentId", "a"."ConfigJson", "a"."Enabled", "a"."ToolId", "t"."Id", "t"."Description", "t"."Enabled", "t"."InputSchemaJson", "t"."McpServerId", "t"."Name", "t"."Scope", "m"."Id", "m"."AuthType", "m"."BaseUrl", "m"."LastSeenUtc", "m"."MetadataJson", "m"."Name", "m"."Status"
FROM "AgentToolBindings" AS "a"
INNER JOIN "Tools" AS "t" ON "a"."ToolId" = "t"."Id"
INNER JOIN "McpServers" AS "m" ON "t"."McpServerId" = "m"."Id"
WHERE "a"."AgentId" = @__agentId_0 AND "a"."Enabled"
2025-09-04 21:02:17.240 +02:00 [INF] Executed DbCommand (0ms) [Parameters=[@__agentId_0='?' (DbType = Guid)], CommandType='"Text"', CommandTimeout='30']
SELECT "a"."Id", "a"."AgentId", "a"."ConfigJson", "a"."Enabled", "a"."ToolId", "t"."Id", "t"."Description", "t"."Enabled", "t"."InputSchemaJson", "t"."McpServerId", "t"."Name", "t"."Scope", "m"."Id", "m"."AuthType", "m"."BaseUrl", "m"."LastSeenUtc", "m"."MetadataJson", "m"."Name", "m"."Status"
FROM "AgentToolBindings" AS "a"
INNER JOIN "Tools" AS "t" ON "a"."ToolId" = "t"."Id"
INNER JOIN "McpServers" AS "m" ON "t"."McpServerId" = "m"."Id"
WHERE "a"."AgentId" = @__agentId_0 AND "a"."Enabled"
2025-09-04 21:02:17.290 +02:00 [INF] Executed DbCommand (1ms) [Parameters=[@__sessionId_0='?' (DbType = Guid), @__kind_1='?' (Size = 11), @__p_2='?' (DbType = Int32)], CommandType='"Text"', CommandTimeout='30']
SELECT "m"."Id", "m"."Content", "m"."CreatedUtc", "m"."Kind", "m"."Role", "m"."SessionId", "m"."TokenUsageJson"
FROM "Messages" AS "m"
WHERE "m"."SessionId" = @__sessionId_0 AND "m"."Kind" = @__kind_1
ORDER BY "m"."CreatedUtc" DESC
LIMIT @__p_2
2025-09-04 21:02:17.318 +02:00 [INF] Executed DbCommand (0ms) [Parameters=[@__sessionId_0='?' (DbType = Guid), @__p_1='?' (DbType = Int32)], CommandType='"Text"', CommandTimeout='30']
SELECT "m"."Id", "m"."Content", "m"."CreatedUtc", "m"."Kind", "m"."Role", "m"."SessionId", "m"."TokenUsageJson"
FROM "Messages" AS "m"
WHERE "m"."SessionId" = @__sessionId_0
ORDER BY "m"."CreatedUtc" DESC
LIMIT @__p_1
2025-09-04 21:02:17.408 +02:00 [INF] Executed DbCommand (0ms) [Parameters=[@__agentId_0='?' (DbType = Guid)], CommandType='"Text"', CommandTimeout='30']
SELECT "a"."Id", "a"."AgentId", "a"."ConfigJson", "a"."Enabled", "a"."ToolId", "t"."Id", "t"."Description", "t"."Enabled", "t"."InputSchemaJson", "t"."McpServerId", "t"."Name", "t"."Scope", "m"."Id", "m"."AuthType", "m"."BaseUrl", "m"."LastSeenUtc", "m"."MetadataJson", "m"."Name", "m"."Status"
FROM "AgentToolBindings" AS "a"
INNER JOIN "Tools" AS "t" ON "a"."ToolId" = "t"."Id"
INNER JOIN "McpServers" AS "m" ON "t"."McpServerId" = "m"."Id"
WHERE "a"."AgentId" = @__agentId_0 AND "a"."Enabled"
2025-09-04 21:02:17.419 +02:00 [INF] Executed DbCommand (0ms) [Parameters=[@__agentId_0='?' (DbType = Guid)], CommandType='"Text"', CommandTimeout='30']
SELECT "a"."Id", "a"."AgentId", "a"."ConfigJson", "a"."Enabled", "a"."ToolId", "t"."Id", "t"."Description", "t"."Enabled", "t"."InputSchemaJson", "t"."McpServerId", "t"."Name", "t"."Scope", "m"."Id", "m"."AuthType", "m"."BaseUrl", "m"."LastSeenUtc", "m"."MetadataJson", "m"."Name", "m"."Status"
FROM "AgentToolBindings" AS "a"
INNER JOIN "Tools" AS "t" ON "a"."ToolId" = "t"."Id"
INNER JOIN "McpServers" AS "m" ON "t"."McpServerId" = "m"."Id"
WHERE "a"."AgentId" = @__agentId_0 AND "a"."Enabled"
2025-09-04 21:05:51.260 +02:00 [INF] Application is shutting down...
2025-09-04 21:05:51.266 +02:00 [INF] Executed endpoint '/hubs/trace'
2025-09-04 21:05:51.273 +02:00 [INF] Request finished HTTP/1.1 GET http://localhost:5088/hubs/trace?id=FogD3OEALNBPGRVHJZ-f8w - 101 null null 216627.7979ms
2025-09-04 21:06:29.150 +02:00 [INF] User profile is available. Using 'C:\Users\Usuario\AppData\Local\ASP.NET\DataProtection-Keys' as key repository and Windows DPAPI to encrypt keys at rest.
2025-09-04 21:06:29.716 +02:00 [INF] Now listening on: http://localhost:5088
2025-09-04 21:06:29.724 +02:00 [INF] Application started. Press Ctrl+C to shut down.
2025-09-04 21:06:29.726 +02:00 [INF] Hosting environment: Development
2025-09-04 21:06:29.728 +02:00 [INF] Content root path: D:\BearDevelopment\AutoAgent\autoagent_back\src\AutoAgentes.Api
2025-09-04 21:06:32.103 +02:00 [INF] Request starting HTTP/1.1 OPTIONS http://localhost:5088/agents/a92488b5-39e8-4ceb-bace-f500972ba659 - null null
2025-09-04 21:06:32.103 +02:00 [INF] Request starting HTTP/1.1 OPTIONS http://localhost:5088/agents/a92488b5-39e8-4ceb-bace-f500972ba659/bindings - null null
2025-09-04 21:06:32.219 +02:00 [INF] CORS policy execution successful.
2025-09-04 21:06:32.219 +02:00 [INF] CORS policy execution successful.
2025-09-04 21:06:32.233 +02:00 [INF] Request finished HTTP/1.1 OPTIONS http://localhost:5088/agents/a92488b5-39e8-4ceb-bace-f500972ba659/bindings - 204 null null 146.1996ms
2025-09-04 21:06:32.233 +02:00 [INF] Request finished HTTP/1.1 OPTIONS http://localhost:5088/agents/a92488b5-39e8-4ceb-bace-f500972ba659 - 204 null null 146.0063ms
2025-09-04 21:06:32.265 +02:00 [INF] Request starting HTTP/1.1 GET http://localhost:5088/agents/a92488b5-39e8-4ceb-bace-f500972ba659 - application/json null
2025-09-04 21:06:32.265 +02:00 [INF] Request starting HTTP/1.1 GET http://localhost:5088/agents/a92488b5-39e8-4ceb-bace-f500972ba659/bindings - application/json null
2025-09-04 21:06:32.291 +02:00 [INF] CORS policy execution successful.
2025-09-04 21:06:32.291 +02:00 [INF] CORS policy execution successful.
2025-09-04 21:06:32.332 +02:00 [INF] Executing endpoint 'HTTP: GET /agents/{id:guid}'
2025-09-04 21:06:32.332 +02:00 [INF] Executing endpoint 'HTTP: GET /agents/{id:guid}/bindings'
2025-09-04 21:06:33.255 +02:00 [INF] Executed DbCommand (13ms) [Parameters=[@__p_0='?' (DbType = Guid)], CommandType='"Text"', CommandTimeout='30']
SELECT "a"."Id", "a"."AllowUnknownTools", "a"."AllowedToolsCsv", "a"."Autonomy", "a"."BlockedToolsCsv", "a"."CreatedUtc", "a"."GuardrailsJson", "a"."Name", "a"."ParamsJson", "a"."PlannerMaxSteps", "a"."PlannerMaxTokens", "a"."PlannerStop", "a"."PlannerTemperature", "a"."PlannerTopP", "a"."Provider", "a"."SystemPrompt", "a"."Temperature", "a"."TemplateRef", "a"."TokenBudget", "a"."ToolBudget", "a"."TopP", "a"."UpdatedUtc"
FROM "Agents" AS "a"
WHERE "a"."Id" = @__p_0
LIMIT 1
2025-09-04 21:06:33.255 +02:00 [INF] Executed DbCommand (11ms) [Parameters=[@__agentId_0='?' (DbType = Guid)], CommandType='"Text"', CommandTimeout='30']
SELECT "a"."Id", "a"."AgentId", "a"."ConfigJson", "a"."Enabled", "a"."ToolId"
FROM "AgentToolBindings" AS "a"
WHERE "a"."AgentId" = @__agentId_0
2025-09-04 21:06:33.288 +02:00 [INF] Setting HTTP status code 200.
2025-09-04 21:06:33.305 +02:00 [INF] Writing value of type 'List`1' as Json.
2025-09-04 21:06:33.327 +02:00 [INF] Executed endpoint 'HTTP: GET /agents/{id:guid}/bindings'
2025-09-04 21:06:33.343 +02:00 [INF] Request finished HTTP/1.1 GET http://localhost:5088/agents/a92488b5-39e8-4ceb-bace-f500972ba659/bindings - 200 null application/json; charset=utf-8 1078.6803ms
2025-09-04 21:06:33.381 +02:00 [INF] Setting HTTP status code 200.
2025-09-04 21:06:33.393 +02:00 [INF] Writing value of type 'AgentResponse' as Json.
2025-09-04 21:06:33.407 +02:00 [INF] Executed endpoint 'HTTP: GET /agents/{id:guid}'
2025-09-04 21:06:33.414 +02:00 [INF] Request finished HTTP/1.1 GET http://localhost:5088/agents/a92488b5-39e8-4ceb-bace-f500972ba659 - 200 null application/json; charset=utf-8 1150.2199ms
2025-09-04 21:06:34.995 +02:00 [INF] Request starting HTTP/1.1 OPTIONS http://localhost:5088/sessions - null null
2025-09-04 21:06:35.004 +02:00 [INF] CORS policy execution successful.
2025-09-04 21:06:35.010 +02:00 [INF] Request finished HTTP/1.1 OPTIONS http://localhost:5088/sessions - 204 null null 15.4536ms
2025-09-04 21:06:35.017 +02:00 [INF] Request starting HTTP/1.1 POST http://localhost:5088/sessions - application/json 50
2025-09-04 21:06:35.024 +02:00 [INF] CORS policy execution successful.
2025-09-04 21:06:35.034 +02:00 [INF] Executing endpoint 'HTTP: POST /sessions/'
2025-09-04 21:06:35.110 +02:00 [INF] Executed DbCommand (0ms) [Parameters=[@__p_0='?' (DbType = Guid)], CommandType='"Text"', CommandTimeout='30']
SELECT "a"."Id", "a"."AllowUnknownTools", "a"."AllowedToolsCsv", "a"."Autonomy", "a"."BlockedToolsCsv", "a"."CreatedUtc", "a"."GuardrailsJson", "a"."Name", "a"."ParamsJson", "a"."PlannerMaxSteps", "a"."PlannerMaxTokens", "a"."PlannerStop", "a"."PlannerTemperature", "a"."PlannerTopP", "a"."Provider", "a"."SystemPrompt", "a"."Temperature", "a"."TemplateRef", "a"."TokenBudget", "a"."ToolBudget", "a"."TopP", "a"."UpdatedUtc"
FROM "Agents" AS "a"
WHERE "a"."Id" = @__p_0
LIMIT 1
2025-09-04 21:06:35.266 +02:00 [INF] Executed DbCommand (17ms) [Parameters=[@p0='?' (DbType = Guid), @p1='?' (DbType = Guid), @p2='?' (DbType = DateTime), @p3='?' (DbType = Int32), @p4='?' (DbType = DateTime), @p5='?' (Size = 7), @p6='?'], CommandType='"Text"', CommandTimeout='30']
INSERT INTO "Sessions" ("Id", "AgentId", "EndedUtc", "LastEventIdx", "StartedUtc", "Status", "UserId")
VALUES (@p0, @p1, @p2, @p3, @p4, @p5, @p6);
2025-09-04 21:06:35.281 +02:00 [INF] Setting HTTP status code 201.
2025-09-04 21:06:35.288 +02:00 [INF] Writing value of type 'SessionCreatedResponse' as Json.
2025-09-04 21:06:35.295 +02:00 [INF] Executed endpoint 'HTTP: POST /sessions/'
2025-09-04 21:06:35.301 +02:00 [INF] Request finished HTTP/1.1 POST http://localhost:5088/sessions - 201 null application/json; charset=utf-8 283.748ms
2025-09-04 21:06:35.323 +02:00 [INF] Request starting HTTP/1.1 OPTIONS http://localhost:5088/hubs/trace/negotiate?negotiateVersion=1 - null null
2025-09-04 21:06:35.331 +02:00 [INF] CORS policy execution successful.
2025-09-04 21:06:35.336 +02:00 [INF] Request finished HTTP/1.1 OPTIONS http://localhost:5088/hubs/trace/negotiate?negotiateVersion=1 - 204 null null 13.8073ms
2025-09-04 21:06:35.340 +02:00 [INF] Request starting HTTP/1.1 POST http://localhost:5088/hubs/trace/negotiate?negotiateVersion=1 - null 0
2025-09-04 21:06:35.350 +02:00 [INF] CORS policy execution successful.
2025-09-04 21:06:35.361 +02:00 [INF] ApiKey was not authenticated. Failure message: Missing API key
2025-09-04 21:06:35.367 +02:00 [INF] Executing endpoint '/hubs/trace/negotiate'
2025-09-04 21:06:35.383 +02:00 [INF] Executed endpoint '/hubs/trace/negotiate'
2025-09-04 21:06:35.390 +02:00 [INF] Request finished HTTP/1.1 POST http://localhost:5088/hubs/trace/negotiate?negotiateVersion=1 - 200 316 application/json 49.4812ms
2025-09-04 21:06:35.394 +02:00 [INF] Request starting HTTP/1.1 GET http://localhost:5088/hubs/trace?id=BRlmF8Y4eoa0cU4XKgpdLQ - null null
2025-09-04 21:06:35.403 +02:00 [INF] CORS policy execution successful.
2025-09-04 21:06:35.409 +02:00 [INF] ApiKey was not authenticated. Failure message: Missing API key
2025-09-04 21:06:35.416 +02:00 [INF] Executing endpoint '/hubs/trace'
2025-09-04 21:06:37.501 +02:00 [INF] Request starting HTTP/1.1 OPTIONS http://localhost:5088/sessions/6053a2d1-9df0-473e-ad0a-d77489ce19e0/messages - null null
2025-09-04 21:06:37.507 +02:00 [INF] CORS policy execution successful.
2025-09-04 21:06:37.513 +02:00 [INF] Request finished HTTP/1.1 OPTIONS http://localhost:5088/sessions/6053a2d1-9df0-473e-ad0a-d77489ce19e0/messages - 204 null null 12.3942ms
2025-09-04 21:06:37.520 +02:00 [INF] Request starting HTTP/1.1 POST http://localhost:5088/sessions/6053a2d1-9df0-473e-ad0a-d77489ce19e0/messages - application/json 18
2025-09-04 21:06:37.530 +02:00 [INF] CORS policy execution successful.
2025-09-04 21:06:37.537 +02:00 [INF] Executing endpoint 'HTTP: POST /sessions/{id:guid}/messages'
2025-09-04 21:06:37.559 +02:00 [INF] Executed DbCommand (0ms) [Parameters=[@__p_0='?' (DbType = Guid)], CommandType='"Text"', CommandTimeout='30']
SELECT "s"."Id", "s"."AgentId", "s"."EndedUtc", "s"."LastEventIdx", "s"."StartedUtc", "s"."Status", "s"."UserId"
FROM "Sessions" AS "s"
WHERE "s"."Id" = @__p_0
LIMIT 1
2025-09-04 21:06:37.598 +02:00 [INF] Executed DbCommand (12ms) [Parameters=[@p0='?' (DbType = Guid), @p1='?' (Size = 4), @p2='?' (DbType = DateTime), @p3='?', @p4='?' (Size = 4), @p5='?' (DbType = Guid), @p6='?'], CommandType='"Text"', CommandTimeout='30']
INSERT INTO "Messages" ("Id", "Content", "CreatedUtc", "Kind", "Role", "SessionId", "TokenUsageJson")
VALUES (@p0, @p1, @p2, @p3, @p4, @p5, @p6);
2025-09-04 21:06:37.615 +02:00 [INF] Setting HTTP status code 202.
2025-09-04 21:06:37.619 +02:00 [INF] Executed DbCommand (0ms) [Parameters=[@__p_0='?' (DbType = Guid)], CommandType='"Text"', CommandTimeout='30']
SELECT "a"."Id", "a"."AllowUnknownTools", "a"."AllowedToolsCsv", "a"."Autonomy", "a"."BlockedToolsCsv", "a"."CreatedUtc", "a"."GuardrailsJson", "a"."Name", "a"."ParamsJson", "a"."PlannerMaxSteps", "a"."PlannerMaxTokens", "a"."PlannerStop", "a"."PlannerTemperature", "a"."PlannerTopP", "a"."Provider", "a"."SystemPrompt", "a"."Temperature", "a"."TemplateRef", "a"."TokenBudget", "a"."ToolBudget", "a"."TopP", "a"."UpdatedUtc"
FROM "Agents" AS "a"
WHERE "a"."Id" = @__p_0
LIMIT 1
2025-09-04 21:06:37.622 +02:00 [INF] Writing value of type 'AcceptedResponse' as Json.
2025-09-04 21:06:37.633 +02:00 [INF] Executed endpoint 'HTTP: POST /sessions/{id:guid}/messages'
2025-09-04 21:06:37.638 +02:00 [INF] Request finished HTTP/1.1 POST http://localhost:5088/sessions/6053a2d1-9df0-473e-ad0a-d77489ce19e0/messages - 202 null application/json; charset=utf-8 118.0607ms
2025-09-04 21:06:37.646 +02:00 [INF] Executed DbCommand (3ms) [Parameters=[@p0='?' (DbType = Guid), @p1='?' (Size = 4), @p2='?' (DbType = DateTime), @p3='?', @p4='?' (Size = 4), @p5='?' (DbType = Guid), @p6='?'], CommandType='"Text"', CommandTimeout='30']
INSERT INTO "Messages" ("Id", "Content", "CreatedUtc", "Kind", "Role", "SessionId", "TokenUsageJson")
VALUES (@p0, @p1, @p2, @p3, @p4, @p5, @p6);
2025-09-04 21:06:37.720 +02:00 [INF] Executed DbCommand (0ms) [Parameters=[@__agentId_0='?' (DbType = Guid)], CommandType='"Text"', CommandTimeout='30']
SELECT "a"."Id", "a"."AgentId", "a"."ConfigJson", "a"."Enabled", "a"."ToolId", "t"."Id", "t"."Description", "t"."Enabled", "t"."InputSchemaJson", "t"."McpServerId", "t"."Name", "t"."Scope", "m"."Id", "m"."AuthType", "m"."BaseUrl", "m"."LastSeenUtc", "m"."MetadataJson", "m"."Name", "m"."Status"
FROM "AgentToolBindings" AS "a"
INNER JOIN "Tools" AS "t" ON "a"."ToolId" = "t"."Id"
INNER JOIN "McpServers" AS "m" ON "t"."McpServerId" = "m"."Id"
WHERE "a"."AgentId" = @__agentId_0 AND "a"."Enabled"
2025-09-04 21:06:37.789 +02:00 [INF] Executed DbCommand (0ms) [Parameters=[@__agentId_0='?' (DbType = Guid)], CommandType='"Text"', CommandTimeout='30']
SELECT "a"."Id", "a"."AgentId", "a"."ConfigJson", "a"."Enabled", "a"."ToolId", "t"."Id", "t"."Description", "t"."Enabled", "t"."InputSchemaJson", "t"."McpServerId", "t"."Name", "t"."Scope", "m"."Id", "m"."AuthType", "m"."BaseUrl", "m"."LastSeenUtc", "m"."MetadataJson", "m"."Name", "m"."Status"
FROM "AgentToolBindings" AS "a"
INNER JOIN "Tools" AS "t" ON "a"."ToolId" = "t"."Id"
INNER JOIN "McpServers" AS "m" ON "t"."McpServerId" = "m"."Id"
WHERE "a"."AgentId" = @__agentId_0 AND "a"."Enabled"
2025-09-04 21:06:37.835 +02:00 [INF] Executed DbCommand (1ms) [Parameters=[@__sessionId_0='?' (DbType = Guid), @__kind_1='?' (Size = 11), @__p_2='?' (DbType = Int32)], CommandType='"Text"', CommandTimeout='30']
SELECT "m"."Id", "m"."Content", "m"."CreatedUtc", "m"."Kind", "m"."Role", "m"."SessionId", "m"."TokenUsageJson"
FROM "Messages" AS "m"
WHERE "m"."SessionId" = @__sessionId_0 AND "m"."Kind" = @__kind_1
ORDER BY "m"."CreatedUtc" DESC
LIMIT @__p_2
2025-09-04 21:06:37.860 +02:00 [INF] Executed DbCommand (0ms) [Parameters=[@__sessionId_0='?' (DbType = Guid), @__p_1='?' (DbType = Int32)], CommandType='"Text"', CommandTimeout='30']
SELECT "m"."Id", "m"."Content", "m"."CreatedUtc", "m"."Kind", "m"."Role", "m"."SessionId", "m"."TokenUsageJson"
FROM "Messages" AS "m"
WHERE "m"."SessionId" = @__sessionId_0
ORDER BY "m"."CreatedUtc" DESC
LIMIT @__p_1
2025-09-04 21:06:37.948 +02:00 [INF] Executed DbCommand (0ms) [Parameters=[@__agentId_0='?' (DbType = Guid)], CommandType='"Text"', CommandTimeout='30']
SELECT "a"."Id", "a"."AgentId", "a"."ConfigJson", "a"."Enabled", "a"."ToolId", "t"."Id", "t"."Description", "t"."Enabled", "t"."InputSchemaJson", "t"."McpServerId", "t"."Name", "t"."Scope", "m"."Id", "m"."AuthType", "m"."BaseUrl", "m"."LastSeenUtc", "m"."MetadataJson", "m"."Name", "m"."Status"
FROM "AgentToolBindings" AS "a"
INNER JOIN "Tools" AS "t" ON "a"."ToolId" = "t"."Id"
INNER JOIN "McpServers" AS "m" ON "t"."McpServerId" = "m"."Id"
WHERE "a"."AgentId" = @__agentId_0 AND "a"."Enabled"
2025-09-04 21:06:37.958 +02:00 [INF] Executed DbCommand (0ms) [Parameters=[@__agentId_0='?' (DbType = Guid)], CommandType='"Text"', CommandTimeout='30']
SELECT "a"."Id", "a"."AgentId", "a"."ConfigJson", "a"."Enabled", "a"."ToolId", "t"."Id", "t"."Description", "t"."Enabled", "t"."InputSchemaJson", "t"."McpServerId", "t"."Name", "t"."Scope", "m"."Id", "m"."AuthType", "m"."BaseUrl", "m"."LastSeenUtc", "m"."MetadataJson", "m"."Name", "m"."Status"
FROM "AgentToolBindings" AS "a"
INNER JOIN "Tools" AS "t" ON "a"."ToolId" = "t"."Id"
INNER JOIN "McpServers" AS "m" ON "t"."McpServerId" = "m"."Id"
WHERE "a"."AgentId" = @__agentId_0 AND "a"."Enabled"
2025-09-04 21:11:07.626 +02:00 [INF] Application is shutting down...
2025-09-04 21:11:07.635 +02:00 [INF] Executed endpoint '/hubs/trace'
2025-09-04 21:11:07.643 +02:00 [INF] Request finished HTTP/1.1 GET http://localhost:5088/hubs/trace?id=BRlmF8Y4eoa0cU4XKgpdLQ - 101 null null 272250.0195ms
2025-09-04 21:11:14.747 +02:00 [INF] User profile is available. Using 'C:\Users\Usuario\AppData\Local\ASP.NET\DataProtection-Keys' as key repository and Windows DPAPI to encrypt keys at rest.
2025-09-04 21:11:15.228 +02:00 [INF] Now listening on: http://localhost:5088
2025-09-04 21:11:15.234 +02:00 [INF] Application started. Press Ctrl+C to shut down.
2025-09-04 21:11:15.237 +02:00 [INF] Hosting environment: Development
2025-09-04 21:11:15.239 +02:00 [INF] Content root path: D:\BearDevelopment\AutoAgent\autoagent_back\src\AutoAgentes.Api
2025-09-04 21:11:25.795 +02:00 [INF] Request starting HTTP/1.1 OPTIONS http://localhost:5088/hubs/trace/negotiate?negotiateVersion=1 - null null
2025-09-04 21:11:25.901 +02:00 [INF] CORS policy execution successful.
2025-09-04 21:11:25.912 +02:00 [INF] Request finished HTTP/1.1 OPTIONS http://localhost:5088/hubs/trace/negotiate?negotiateVersion=1 - 204 null null 138.4111ms
2025-09-04 21:11:25.918 +02:00 [INF] Request starting HTTP/1.1 POST http://localhost:5088/hubs/trace/negotiate?negotiateVersion=1 - null 0
2025-09-04 21:11:25.929 +02:00 [INF] CORS policy execution successful.
2025-09-04 21:11:25.947 +02:00 [INF] ApiKey was not authenticated. Failure message: Missing API key
2025-09-04 21:11:25.956 +02:00 [INF] Executing endpoint '/hubs/trace/negotiate'
2025-09-04 21:11:25.973 +02:00 [INF] Executed endpoint '/hubs/trace/negotiate'
2025-09-04 21:11:25.981 +02:00 [INF] Request finished HTTP/1.1 POST http://localhost:5088/hubs/trace/negotiate?negotiateVersion=1 - 200 316 application/json 63.743ms
2025-09-04 21:11:25.983 +02:00 [INF] Request starting HTTP/1.1 GET http://localhost:5088/hubs/trace?id=aJwI9BGLOEhxz1d_0FHckA - null null
2025-09-04 21:11:25.999 +02:00 [INF] CORS policy execution successful.
2025-09-04 21:11:26.009 +02:00 [INF] ApiKey was not authenticated. Failure message: Missing API key
2025-09-04 21:11:26.017 +02:00 [INF] Executing endpoint '/hubs/trace'
2025-09-04 21:15:33.294 +02:00 [INF] Executed endpoint '/hubs/trace'
2025-09-04 21:15:33.305 +02:00 [INF] Request finished HTTP/1.1 GET http://localhost:5088/hubs/trace?id=aJwI9BGLOEhxz1d_0FHckA - 101 null null 247322.3833ms
2025-09-04 21:15:33.937 +02:00 [INF] Request starting HTTP/1.1 OPTIONS http://localhost:5088/agents/a92488b5-39e8-4ceb-bace-f500972ba659/bindings - null null
2025-09-04 21:15:33.937 +02:00 [INF] Request starting HTTP/1.1 OPTIONS http://localhost:5088/agents/a92488b5-39e8-4ceb-bace-f500972ba659 - null null
2025-09-04 21:15:33.946 +02:00 [INF] CORS policy execution successful.
2025-09-04 21:15:33.951 +02:00 [INF] CORS policy execution successful.
2025-09-04 21:15:33.958 +02:00 [INF] Request finished HTTP/1.1 OPTIONS http://localhost:5088/agents/a92488b5-39e8-4ceb-bace-f500972ba659/bindings - 204 null null 21.7815ms
2025-09-04 21:15:33.962 +02:00 [INF] Request finished HTTP/1.1 OPTIONS http://localhost:5088/agents/a92488b5-39e8-4ceb-bace-f500972ba659 - 204 null null 25.5048ms
2025-09-04 21:15:33.971 +02:00 [INF] Request starting HTTP/1.1 GET http://localhost:5088/agents/a92488b5-39e8-4ceb-bace-f500972ba659/bindings - application/json null
2025-09-04 21:15:33.976 +02:00 [INF] Request starting HTTP/1.1 GET http://localhost:5088/agents/a92488b5-39e8-4ceb-bace-f500972ba659 - application/json null
2025-09-04 21:15:33.984 +02:00 [INF] CORS policy execution successful.
2025-09-04 21:15:33.989 +02:00 [INF] CORS policy execution successful.
2025-09-04 21:15:34.006 +02:00 [INF] Executing endpoint 'HTTP: GET /agents/{id:guid}'
2025-09-04 21:15:34.006 +02:00 [INF] Executing endpoint 'HTTP: GET /agents/{id:guid}/bindings'
2025-09-04 21:15:35.021 +02:00 [INF] Executed DbCommand (8ms) [Parameters=[@__agentId_0='?' (DbType = Guid)], CommandType='"Text"', CommandTimeout='30']
SELECT "a"."Id", "a"."AgentId", "a"."ConfigJson", "a"."Enabled", "a"."ToolId"
FROM "AgentToolBindings" AS "a"
WHERE "a"."AgentId" = @__agentId_0
2025-09-04 21:15:35.021 +02:00 [INF] Executed DbCommand (11ms) [Parameters=[@__p_0='?' (DbType = Guid)], CommandType='"Text"', CommandTimeout='30']
SELECT "a"."Id", "a"."AllowUnknownTools", "a"."AllowedToolsCsv", "a"."Autonomy", "a"."BlockedToolsCsv", "a"."CreatedUtc", "a"."GuardrailsJson", "a"."Name", "a"."ParamsJson", "a"."PlannerMaxSteps", "a"."PlannerMaxTokens", "a"."PlannerStop", "a"."PlannerTemperature", "a"."PlannerTopP", "a"."Provider", "a"."SystemPrompt", "a"."Temperature", "a"."TemplateRef", "a"."TokenBudget", "a"."ToolBudget", "a"."TopP", "a"."UpdatedUtc"
FROM "Agents" AS "a"
WHERE "a"."Id" = @__p_0
LIMIT 1
2025-09-04 21:15:35.040 +02:00 [INF] Setting HTTP status code 200.
2025-09-04 21:15:35.051 +02:00 [INF] Writing value of type 'List`1' as Json.
2025-09-04 21:15:35.066 +02:00 [INF] Executed endpoint 'HTTP: GET /agents/{id:guid}/bindings'
2025-09-04 21:15:35.079 +02:00 [INF] Request finished HTTP/1.1 GET http://localhost:5088/agents/a92488b5-39e8-4ceb-bace-f500972ba659/bindings - 200 null application/json; charset=utf-8 1108.708ms
2025-09-04 21:15:35.114 +02:00 [INF] Setting HTTP status code 200.
2025-09-04 21:15:35.131 +02:00 [INF] Writing value of type 'AgentResponse' as Json.
2025-09-04 21:15:35.140 +02:00 [INF] Executed endpoint 'HTTP: GET /agents/{id:guid}'
2025-09-04 21:15:35.147 +02:00 [INF] Request finished HTTP/1.1 GET http://localhost:5088/agents/a92488b5-39e8-4ceb-bace-f500972ba659 - 200 null application/json; charset=utf-8 1170.7474ms
2025-09-04 21:15:36.897 +02:00 [INF] Request starting HTTP/1.1 OPTIONS http://localhost:5088/sessions - null null
2025-09-04 21:15:36.905 +02:00 [INF] CORS policy execution successful.
2025-09-04 21:15:36.913 +02:00 [INF] Request finished HTTP/1.1 OPTIONS http://localhost:5088/sessions - 204 null null 16.8557ms
2025-09-04 21:15:36.919 +02:00 [INF] Request starting HTTP/1.1 POST http://localhost:5088/sessions - application/json 50
2025-09-04 21:15:36.925 +02:00 [INF] CORS policy execution successful.
2025-09-04 21:15:36.931 +02:00 [INF] Executing endpoint 'HTTP: POST /sessions/'
2025-09-04 21:15:36.999 +02:00 [INF] Executed DbCommand (0ms) [Parameters=[@__p_0='?' (DbType = Guid)], CommandType='"Text"', CommandTimeout='30']
SELECT "a"."Id", "a"."AllowUnknownTools", "a"."AllowedToolsCsv", "a"."Autonomy", "a"."BlockedToolsCsv", "a"."CreatedUtc", "a"."GuardrailsJson", "a"."Name", "a"."ParamsJson", "a"."PlannerMaxSteps", "a"."PlannerMaxTokens", "a"."PlannerStop", "a"."PlannerTemperature", "a"."PlannerTopP", "a"."Provider", "a"."SystemPrompt", "a"."Temperature", "a"."TemplateRef", "a"."TokenBudget", "a"."ToolBudget", "a"."TopP", "a"."UpdatedUtc"
FROM "Agents" AS "a"
WHERE "a"."Id" = @__p_0
LIMIT 1
2025-09-04 21:15:37.202 +02:00 [INF] Executed DbCommand (20ms) [Parameters=[@p0='?' (DbType = Guid), @p1='?' (DbType = Guid), @p2='?' (DbType = DateTime), @p3='?' (DbType = Int32), @p4='?' (DbType = DateTime), @p5='?' (Size = 7), @p6='?'], CommandType='"Text"', CommandTimeout='30']
INSERT INTO "Sessions" ("Id", "AgentId", "EndedUtc", "LastEventIdx", "StartedUtc", "Status", "UserId")
VALUES (@p0, @p1, @p2, @p3, @p4, @p5, @p6);
2025-09-04 21:15:37.220 +02:00 [INF] Setting HTTP status code 201.
2025-09-04 21:15:37.229 +02:00 [INF] Writing value of type 'SessionCreatedResponse' as Json.
2025-09-04 21:15:37.238 +02:00 [INF] Executed endpoint 'HTTP: POST /sessions/'
2025-09-04 21:15:37.250 +02:00 [INF] Request finished HTTP/1.1 POST http://localhost:5088/sessions - 201 null application/json; charset=utf-8 331.3452ms
2025-09-04 21:15:37.285 +02:00 [INF] Request starting HTTP/1.1 OPTIONS http://localhost:5088/hubs/trace/negotiate?negotiateVersion=1 - null null
2025-09-04 21:15:37.294 +02:00 [INF] CORS policy execution successful.
2025-09-04 21:15:37.302 +02:00 [INF] Request finished HTTP/1.1 OPTIONS http://localhost:5088/hubs/trace/negotiate?negotiateVersion=1 - 204 null null 17.6915ms
2025-09-04 21:15:37.307 +02:00 [INF] Request starting HTTP/1.1 POST http://localhost:5088/hubs/trace/negotiate?negotiateVersion=1 - null 0
2025-09-04 21:15:37.318 +02:00 [INF] CORS policy execution successful.
2025-09-04 21:15:37.323 +02:00 [INF] ApiKey was not authenticated. Failure message: Missing API key
2025-09-04 21:15:37.329 +02:00 [INF] Executing endpoint '/hubs/trace/negotiate'
2025-09-04 21:15:37.338 +02:00 [INF] Executed endpoint '/hubs/trace/negotiate'
2025-09-04 21:15:37.345 +02:00 [INF] Request finished HTTP/1.1 POST http://localhost:5088/hubs/trace/negotiate?negotiateVersion=1 - 200 316 application/json 38.2606ms
2025-09-04 21:15:37.350 +02:00 [INF] Request starting HTTP/1.1 GET http://localhost:5088/hubs/trace?id=IiSKfatxGvnSn8IRRcbZgg - null null
2025-09-04 21:15:37.358 +02:00 [INF] CORS policy execution successful.
2025-09-04 21:15:37.364 +02:00 [INF] ApiKey was not authenticated. Failure message: Missing API key
2025-09-04 21:15:37.369 +02:00 [INF] Executing endpoint '/hubs/trace'
2025-09-04 21:15:39.655 +02:00 [INF] Request starting HTTP/1.1 OPTIONS http://localhost:5088/sessions/67e37bf7-d462-439b-94c5-c9cc9c9e88b1/messages - null null
2025-09-04 21:15:39.665 +02:00 [INF] CORS policy execution successful.
2025-09-04 21:15:39.670 +02:00 [INF] Request finished HTTP/1.1 OPTIONS http://localhost:5088/sessions/67e37bf7-d462-439b-94c5-c9cc9c9e88b1/messages - 204 null null 14.3866ms
2025-09-04 21:15:39.675 +02:00 [INF] Request starting HTTP/1.1 POST http://localhost:5088/sessions/67e37bf7-d462-439b-94c5-c9cc9c9e88b1/messages - application/json 18
2025-09-04 21:15:39.683 +02:00 [INF] CORS policy execution successful.
2025-09-04 21:15:39.688 +02:00 [INF] Executing endpoint 'HTTP: POST /sessions/{id:guid}/messages'
2025-09-04 21:15:39.706 +02:00 [INF] Executed DbCommand (0ms) [Parameters=[@__p_0='?' (DbType = Guid)], CommandType='"Text"', CommandTimeout='30']
SELECT "s"."Id", "s"."AgentId", "s"."EndedUtc", "s"."LastEventIdx", "s"."StartedUtc", "s"."Status", "s"."UserId"
FROM "Sessions" AS "s"
WHERE "s"."Id" = @__p_0
LIMIT 1
2025-09-04 21:15:39.743 +02:00 [INF] Executed DbCommand (12ms) [Parameters=[@p0='?' (DbType = Guid), @p1='?' (Size = 4), @p2='?' (DbType = DateTime), @p3='?', @p4='?' (Size = 4), @p5='?' (DbType = Guid), @p6='?'], CommandType='"Text"', CommandTimeout='30']
INSERT INTO "Messages" ("Id", "Content", "CreatedUtc", "Kind", "Role", "SessionId", "TokenUsageJson")
VALUES (@p0, @p1, @p2, @p3, @p4, @p5, @p6);
2025-09-04 21:15:39.761 +02:00 [INF] Setting HTTP status code 202.
2025-09-04 21:15:39.765 +02:00 [INF] Executed DbCommand (0ms) [Parameters=[@__p_0='?' (DbType = Guid)], CommandType='"Text"', CommandTimeout='30']
SELECT "a"."Id", "a"."AllowUnknownTools", "a"."AllowedToolsCsv", "a"."Autonomy", "a"."BlockedToolsCsv", "a"."CreatedUtc", "a"."GuardrailsJson", "a"."Name", "a"."ParamsJson", "a"."PlannerMaxSteps", "a"."PlannerMaxTokens", "a"."PlannerStop", "a"."PlannerTemperature", "a"."PlannerTopP", "a"."Provider", "a"."SystemPrompt", "a"."Temperature", "a"."TemplateRef", "a"."TokenBudget", "a"."ToolBudget", "a"."TopP", "a"."UpdatedUtc"
FROM "Agents" AS "a"
WHERE "a"."Id" = @__p_0
LIMIT 1
2025-09-04 21:15:39.770 +02:00 [INF] Writing value of type 'AcceptedResponse' as Json.
2025-09-04 21:15:39.780 +02:00 [INF] Executed endpoint 'HTTP: POST /sessions/{id:guid}/messages'
2025-09-04 21:15:39.788 +02:00 [INF] Request finished HTTP/1.1 POST http://localhost:5088/sessions/67e37bf7-d462-439b-94c5-c9cc9c9e88b1/messages - 202 null application/json; charset=utf-8 112.4034ms
2025-09-04 21:15:39.799 +02:00 [INF] Executed DbCommand (3ms) [Parameters=[@p0='?' (DbType = Guid), @p1='?' (Size = 4), @p2='?' (DbType = DateTime), @p3='?', @p4='?' (Size = 4), @p5='?' (DbType = Guid), @p6='?'], CommandType='"Text"', CommandTimeout='30']
INSERT INTO "Messages" ("Id", "Content", "CreatedUtc", "Kind", "Role", "SessionId", "TokenUsageJson")
VALUES (@p0, @p1, @p2, @p3, @p4, @p5, @p6);
2025-09-04 21:15:39.875 +02:00 [INF] Executed DbCommand (0ms) [Parameters=[@__agentId_0='?' (DbType = Guid)], CommandType='"Text"', CommandTimeout='30']
SELECT "a"."Id", "a"."AgentId", "a"."ConfigJson", "a"."Enabled", "a"."ToolId", "t"."Id", "t"."Description", "t"."Enabled", "t"."InputSchemaJson", "t"."McpServerId", "t"."Name", "t"."Scope", "m"."Id", "m"."AuthType", "m"."BaseUrl", "m"."LastSeenUtc", "m"."MetadataJson", "m"."Name", "m"."Status"
FROM "AgentToolBindings" AS "a"
INNER JOIN "Tools" AS "t" ON "a"."ToolId" = "t"."Id"
INNER JOIN "McpServers" AS "m" ON "t"."McpServerId" = "m"."Id"
WHERE "a"."AgentId" = @__agentId_0 AND "a"."Enabled"
2025-09-04 21:15:39.907 +02:00 [INF] Executed DbCommand (0ms) [Parameters=[@__agentId_0='?' (DbType = Guid)], CommandType='"Text"', CommandTimeout='30']
SELECT "a"."Id", "a"."AgentId", "a"."ConfigJson", "a"."Enabled", "a"."ToolId", "t"."Id", "t"."Description", "t"."Enabled", "t"."InputSchemaJson", "t"."McpServerId", "t"."Name", "t"."Scope", "m"."Id", "m"."AuthType", "m"."BaseUrl", "m"."LastSeenUtc", "m"."MetadataJson", "m"."Name", "m"."Status"
FROM "AgentToolBindings" AS "a"
INNER JOIN "Tools" AS "t" ON "a"."ToolId" = "t"."Id"
INNER JOIN "McpServers" AS "m" ON "t"."McpServerId" = "m"."Id"
WHERE "a"."AgentId" = @__agentId_0 AND "a"."Enabled"
2025-09-04 21:15:39.950 +02:00 [INF] Executed DbCommand (1ms) [Parameters=[@__sessionId_0='?' (DbType = Guid), @__kind_1='?' (Size = 11), @__p_2='?' (DbType = Int32)], CommandType='"Text"', CommandTimeout='30']
SELECT "m"."Id", "m"."Content", "m"."CreatedUtc", "m"."Kind", "m"."Role", "m"."SessionId", "m"."TokenUsageJson"
FROM "Messages" AS "m"
WHERE "m"."SessionId" = @__sessionId_0 AND "m"."Kind" = @__kind_1
ORDER BY "m"."CreatedUtc" DESC
LIMIT @__p_2
2025-09-04 21:15:39.980 +02:00 [INF] Executed DbCommand (0ms) [Parameters=[@__sessionId_0='?' (DbType = Guid), @__p_1='?' (DbType = Int32)], CommandType='"Text"', CommandTimeout='30']
SELECT "m"."Id", "m"."Content", "m"."CreatedUtc", "m"."Kind", "m"."Role", "m"."SessionId", "m"."TokenUsageJson"
FROM "Messages" AS "m"
WHERE "m"."SessionId" = @__sessionId_0
ORDER BY "m"."CreatedUtc" DESC
LIMIT @__p_1
2025-09-04 21:15:40.069 +02:00 [INF] Executed DbCommand (0ms) [Parameters=[@__agentId_0='?' (DbType = Guid)], CommandType='"Text"', CommandTimeout='30']
SELECT "a"."Id", "a"."AgentId", "a"."ConfigJson", "a"."Enabled", "a"."ToolId", "t"."Id", "t"."Description", "t"."Enabled", "t"."InputSchemaJson", "t"."McpServerId", "t"."Name", "t"."Scope", "m"."Id", "m"."AuthType", "m"."BaseUrl", "m"."LastSeenUtc", "m"."MetadataJson", "m"."Name", "m"."Status"
FROM "AgentToolBindings" AS "a"
INNER JOIN "Tools" AS "t" ON "a"."ToolId" = "t"."Id"
INNER JOIN "McpServers" AS "m" ON "t"."McpServerId" = "m"."Id"
WHERE "a"."AgentId" = @__agentId_0 AND "a"."Enabled"
2025-09-04 21:15:40.086 +02:00 [INF] Executed DbCommand (1ms) [Parameters=[@__agentId_0='?' (DbType = Guid)], CommandType='"Text"', CommandTimeout='30']
SELECT "a"."Id", "a"."AgentId", "a"."ConfigJson", "a"."Enabled", "a"."ToolId", "t"."Id", "t"."Description", "t"."Enabled", "t"."InputSchemaJson", "t"."McpServerId", "t"."Name", "t"."Scope", "m"."Id", "m"."AuthType", "m"."BaseUrl", "m"."LastSeenUtc", "m"."MetadataJson", "m"."Name", "m"."Status"
FROM "AgentToolBindings" AS "a"
INNER JOIN "Tools" AS "t" ON "a"."ToolId" = "t"."Id"
INNER JOIN "McpServers" AS "m" ON "t"."McpServerId" = "m"."Id"
WHERE "a"."AgentId" = @__agentId_0 AND "a"."Enabled"
2025-09-04 21:15:41.971 +02:00 [INF] Executed DbCommand (0ms) [Parameters=[@__sessionId_0='?' (DbType = Guid), @__p_1='?' (DbType = Int32)], CommandType='"Text"', CommandTimeout='30']
SELECT "m"."Id", "m"."Content", "m"."CreatedUtc", "m"."Kind", "m"."Role", "m"."SessionId", "m"."TokenUsageJson"
FROM "Messages" AS "m"
WHERE "m"."SessionId" = @__sessionId_0
ORDER BY "m"."CreatedUtc" DESC
LIMIT @__p_1
2025-09-04 21:15:42.301 +02:00 [INF] Executed DbCommand (12ms) [Parameters=[@p0='?' (DbType = Guid), @p1='?' (Size = 34), @p2='?' (DbType = DateTime), @p3='?', @p4='?' (Size = 9), @p5='?' (DbType = Guid), @p6='?'], CommandType='"Text"', CommandTimeout='30']
INSERT INTO "Messages" ("Id", "Content", "CreatedUtc", "Kind", "Role", "SessionId", "TokenUsageJson")
VALUES (@p0, @p1, @p2, @p3, @p4, @p5, @p6);
2025-09-04 21:15:42.318 +02:00 [INF] Executed DbCommand (3ms) [Parameters=[@p0='?' (DbType = Guid), @p1='?' (Size = 34), @p2='?' (DbType = DateTime), @p3='?', @p4='?' (Size = 9), @p5='?' (DbType = Guid), @p6='?'], CommandType='"Text"', CommandTimeout='30']
INSERT INTO "Messages" ("Id", "Content", "CreatedUtc", "Kind", "Role", "SessionId", "TokenUsageJson")
VALUES (@p0, @p1, @p2, @p3, @p4, @p5, @p6);
2025-09-04 21:15:53.097 +02:00 [INF] Request starting HTTP/1.1 OPTIONS http://localhost:5088/sessions/67e37bf7-d462-439b-94c5-c9cc9c9e88b1/messages - null null
2025-09-04 21:15:53.107 +02:00 [INF] CORS policy execution successful.
2025-09-04 21:15:53.115 +02:00 [INF] Request finished HTTP/1.1 OPTIONS http://localhost:5088/sessions/67e37bf7-d462-439b-94c5-c9cc9c9e88b1/messages - 204 null null 18.1816ms
2025-09-04 21:15:53.122 +02:00 [INF] Request starting HTTP/1.1 POST http://localhost:5088/sessions/67e37bf7-d462-439b-94c5-c9cc9c9e88b1/messages - application/json 44
2025-09-04 21:15:53.127 +02:00 [INF] CORS policy execution successful.
2025-09-04 21:15:53.132 +02:00 [INF] Executing endpoint 'HTTP: POST /sessions/{id:guid}/messages'
2025-09-04 21:15:53.145 +02:00 [INF] Executed DbCommand (0ms) [Parameters=[@__p_0='?' (DbType = Guid)], CommandType='"Text"', CommandTimeout='30']
SELECT "s"."Id", "s"."AgentId", "s"."EndedUtc", "s"."LastEventIdx", "s"."StartedUtc", "s"."Status", "s"."UserId"
FROM "Sessions" AS "s"
WHERE "s"."Id" = @__p_0
LIMIT 1
2025-09-04 21:15:53.166 +02:00 [INF] Executed DbCommand (13ms) [Parameters=[@p0='?' (DbType = Guid), @p1='?' (Size = 30), @p2='?' (DbType = DateTime), @p3='?', @p4='?' (Size = 4), @p5='?' (DbType = Guid), @p6='?'], CommandType='"Text"', CommandTimeout='30']
INSERT INTO "Messages" ("Id", "Content", "CreatedUtc", "Kind", "Role", "SessionId", "TokenUsageJson")
VALUES (@p0, @p1, @p2, @p3, @p4, @p5, @p6);
2025-09-04 21:15:53.173 +02:00 [INF] Setting HTTP status code 202.
2025-09-04 21:15:53.176 +02:00 [INF] Executed DbCommand (1ms) [Parameters=[@__p_0='?' (DbType = Guid)], CommandType='"Text"', CommandTimeout='30']
SELECT "a"."Id", "a"."AllowUnknownTools", "a"."AllowedToolsCsv", "a"."Autonomy", "a"."BlockedToolsCsv", "a"."CreatedUtc", "a"."GuardrailsJson", "a"."Name", "a"."ParamsJson", "a"."PlannerMaxSteps", "a"."PlannerMaxTokens", "a"."PlannerStop", "a"."PlannerTemperature", "a"."PlannerTopP", "a"."Provider", "a"."SystemPrompt", "a"."Temperature", "a"."TemplateRef", "a"."TokenBudget", "a"."ToolBudget", "a"."TopP", "a"."UpdatedUtc"
FROM "Agents" AS "a"
WHERE "a"."Id" = @__p_0
LIMIT 1
2025-09-04 21:15:53.181 +02:00 [INF] Writing value of type 'AcceptedResponse' as Json.
2025-09-04 21:15:53.196 +02:00 [INF] Executed endpoint 'HTTP: POST /sessions/{id:guid}/messages'
2025-09-04 21:15:53.202 +02:00 [INF] Executed DbCommand (3ms) [Parameters=[@p0='?' (DbType = Guid), @p1='?' (Size = 30), @p2='?' (DbType = DateTime), @p3='?', @p4='?' (Size = 4), @p5='?' (DbType = Guid), @p6='?'], CommandType='"Text"', CommandTimeout='30']
INSERT INTO "Messages" ("Id", "Content", "CreatedUtc", "Kind", "Role", "SessionId", "TokenUsageJson")
VALUES (@p0, @p1, @p2, @p3, @p4, @p5, @p6);
2025-09-04 21:15:53.204 +02:00 [INF] Request finished HTTP/1.1 POST http://localhost:5088/sessions/67e37bf7-d462-439b-94c5-c9cc9c9e88b1/messages - 202 null application/json; charset=utf-8 81.9954ms
2025-09-04 21:15:53.218 +02:00 [INF] Executed DbCommand (1ms) [Parameters=[@__agentId_0='?' (DbType = Guid)], CommandType='"Text"', CommandTimeout='30']
SELECT "a"."Id", "a"."AgentId", "a"."ConfigJson", "a"."Enabled", "a"."ToolId", "t"."Id", "t"."Description", "t"."Enabled", "t"."InputSchemaJson", "t"."McpServerId", "t"."Name", "t"."Scope", "m"."Id", "m"."AuthType", "m"."BaseUrl", "m"."LastSeenUtc", "m"."MetadataJson", "m"."Name", "m"."Status"
FROM "AgentToolBindings" AS "a"
INNER JOIN "Tools" AS "t" ON "a"."ToolId" = "t"."Id"
INNER JOIN "McpServers" AS "m" ON "t"."McpServerId" = "m"."Id"
WHERE "a"."AgentId" = @__agentId_0 AND "a"."Enabled"
2025-09-04 21:15:53.229 +02:00 [INF] Executed DbCommand (0ms) [Parameters=[@__agentId_0='?' (DbType = Guid)], CommandType='"Text"', CommandTimeout='30']
SELECT "a"."Id", "a"."AgentId", "a"."ConfigJson", "a"."Enabled", "a"."ToolId", "t"."Id", "t"."Description", "t"."Enabled", "t"."InputSchemaJson", "t"."McpServerId", "t"."Name", "t"."Scope", "m"."Id", "m"."AuthType", "m"."BaseUrl", "m"."LastSeenUtc", "m"."MetadataJson", "m"."Name", "m"."Status"
FROM "AgentToolBindings" AS "a"
INNER JOIN "Tools" AS "t" ON "a"."ToolId" = "t"."Id"
INNER JOIN "McpServers" AS "m" ON "t"."McpServerId" = "m"."Id"
WHERE "a"."AgentId" = @__agentId_0 AND "a"."Enabled"
2025-09-04 21:15:53.241 +02:00 [INF] Executed DbCommand (1ms) [Parameters=[@__sessionId_0='?' (DbType = Guid), @__kind_1='?' (Size = 11), @__p_2='?' (DbType = Int32)], CommandType='"Text"', CommandTimeout='30']
SELECT "m"."Id", "m"."Content", "m"."CreatedUtc", "m"."Kind", "m"."Role", "m"."SessionId", "m"."TokenUsageJson"
FROM "Messages" AS "m"
WHERE "m"."SessionId" = @__sessionId_0 AND "m"."Kind" = @__kind_1
ORDER BY "m"."CreatedUtc" DESC
LIMIT @__p_2
2025-09-04 21:15:53.253 +02:00 [INF] Executed DbCommand (0ms) [Parameters=[@__sessionId_0='?' (DbType = Guid), @__p_1='?' (DbType = Int32)], CommandType='"Text"', CommandTimeout='30']
SELECT "m"."Id", "m"."Content", "m"."CreatedUtc", "m"."Kind", "m"."Role", "m"."SessionId", "m"."TokenUsageJson"
FROM "Messages" AS "m"
WHERE "m"."SessionId" = @__sessionId_0
ORDER BY "m"."CreatedUtc" DESC
LIMIT @__p_1
2025-09-04 21:15:53.269 +02:00 [INF] Executed DbCommand (0ms) [Parameters=[@__agentId_0='?' (DbType = Guid)], CommandType='"Text"', CommandTimeout='30']
SELECT "a"."Id", "a"."AgentId", "a"."ConfigJson", "a"."Enabled", "a"."ToolId", "t"."Id", "t"."Description", "t"."Enabled", "t"."InputSchemaJson", "t"."McpServerId", "t"."Name", "t"."Scope", "m"."Id", "m"."AuthType", "m"."BaseUrl", "m"."LastSeenUtc", "m"."MetadataJson", "m"."Name", "m"."Status"
FROM "AgentToolBindings" AS "a"
INNER JOIN "Tools" AS "t" ON "a"."ToolId" = "t"."Id"
INNER JOIN "McpServers" AS "m" ON "t"."McpServerId" = "m"."Id"
WHERE "a"."AgentId" = @__agentId_0 AND "a"."Enabled"
2025-09-04 21:15:53.282 +02:00 [INF] Executed DbCommand (0ms) [Parameters=[@__agentId_0='?' (DbType = Guid)], CommandType='"Text"', CommandTimeout='30']
SELECT "a"."Id", "a"."AgentId", "a"."ConfigJson", "a"."Enabled", "a"."ToolId", "t"."Id", "t"."Description", "t"."Enabled", "t"."InputSchemaJson", "t"."McpServerId", "t"."Name", "t"."Scope", "m"."Id", "m"."AuthType", "m"."BaseUrl", "m"."LastSeenUtc", "m"."MetadataJson", "m"."Name", "m"."Status"
FROM "AgentToolBindings" AS "a"
INNER JOIN "Tools" AS "t" ON "a"."ToolId" = "t"."Id"
INNER JOIN "McpServers" AS "m" ON "t"."McpServerId" = "m"."Id"
WHERE "a"."AgentId" = @__agentId_0 AND "a"."Enabled"
2025-09-04 21:15:54.012 +02:00 [INF] Executed DbCommand (0ms) [Parameters=[@__sessionId_0='?' (DbType = Guid), @__p_1='?' (DbType = Int32)], CommandType='"Text"', CommandTimeout='30']
SELECT "m"."Id", "m"."Content", "m"."CreatedUtc", "m"."Kind", "m"."Role", "m"."SessionId", "m"."TokenUsageJson"
FROM "Messages" AS "m"
WHERE "m"."SessionId" = @__sessionId_0
ORDER BY "m"."CreatedUtc" DESC
LIMIT @__p_1
2025-09-04 21:15:55.437 +02:00 [INF] Executed DbCommand (13ms) [Parameters=[@p0='?' (DbType = Guid), @p1='?' (Size = 612), @p2='?' (DbType = DateTime), @p3='?', @p4='?' (Size = 9), @p5='?' (DbType = Guid), @p6='?'], CommandType='"Text"', CommandTimeout='30']
INSERT INTO "Messages" ("Id", "Content", "CreatedUtc", "Kind", "Role", "SessionId", "TokenUsageJson")
VALUES (@p0, @p1, @p2, @p3, @p4, @p5, @p6);
2025-09-04 21:15:55.449 +02:00 [INF] Executed DbCommand (2ms) [Parameters=[@p0='?' (DbType = Guid), @p1='?' (Size = 612), @p2='?' (DbType = DateTime), @p3='?', @p4='?' (Size = 9), @p5='?' (DbType = Guid), @p6='?'], CommandType='"Text"', CommandTimeout='30']
INSERT INTO "Messages" ("Id", "Content", "CreatedUtc", "Kind", "Role", "SessionId", "TokenUsageJson")
VALUES (@p0, @p1, @p2, @p3, @p4, @p5, @p6);
2025-09-04 21:20:50.097 +02:00 [INF] Application is shutting down...
2025-09-04 21:20:50.104 +02:00 [INF] Executed endpoint '/hubs/trace'
2025-09-04 21:20:50.109 +02:00 [INF] Request finished HTTP/1.1 GET http://localhost:5088/hubs/trace?id=IiSKfatxGvnSn8IRRcbZgg - 101 null null 312759.8432ms
